sample_id,method,metric,value
5,RU-NNLS,mae,0.017972784116864204
12,RU-NNLS,mae,0.019432535395026207
24,RU-NNLS,mae,0.01573094166815281
26,RU-NNLS,mae,0.016607314348220825
30,RU-NNLS,mae,0.0260100569576025
35,RU-NNLS,mae,0.019614288583397865
39,RU-NNLS,mae,0.02372451312839985
41,RU-NNLS,mae,0.01868477463722229
42,RU-NNLS,mae,0.01899656094610691
44,RU-NNLS,mae,0.016430700197815895
48,RU-NNLS,mae,0.013802047818899155
65,RU-NNLS,mae,0.015886886045336723
69,RU-NNLS,mae,0.030846228823065758
71,RU-NNLS,mae,0.018136050552129745
73,RU-NNLS,mae,0.018578046932816505
80,RU-NNLS,mae,0.02277275174856186
83,RU-NNLS,mae,0.018756216391921043
99,RU-NNLS,mae,0.029308011755347252
100,RU-NNLS,mae,0.02952001430094242
110,RU-NNLS,mae,0.024260394275188446
116,RU-NNLS,mae,0.02250024490058422
122,RU-NNLS,mae,0.011946802027523518
132,RU-NNLS,mae,0.015045453794300556
141,RU-NNLS,mae,0.017945347353816032
151,RU-NNLS,mae,0.02366495691239834
154,RU-NNLS,mae,0.02132503129541874
156,RU-NNLS,mae,0.029041321948170662
157,RU-NNLS,mae,0.01905256137251854
159,RU-NNLS,mae,0.02098921127617359
178,RU-NNLS,mae,0.017277557402849197
197,RU-NNLS,mae,0.010834495536983013
199,RU-NNLS,mae,0.012537602335214615
211,RU-NNLS,mae,0.019851548597216606
212,RU-NNLS,mae,0.02237684465944767
214,RU-NNLS,mae,0.018081236630678177
221,RU-NNLS,mae,0.019238948822021484
232,RU-NNLS,mae,0.016132820397615433
233,RU-NNLS,mae,0.014880192466080189
240,RU-NNLS,mae,0.022629760205745697
242,RU-NNLS,mae,0.03163304924964905
243,RU-NNLS,mae,0.016708314418792725
244,RU-NNLS,mae,0.01633240096271038
260,RU-NNLS,mae,0.007163502741605043
273,RU-NNLS,mae,0.024404039606451988
275,RU-NNLS,mae,0.025281401351094246
276,RU-NNLS,mae,0.02054271288216114
283,RU-NNLS,mae,0.027022650465369225
297,RU-NNLS,mae,0.02113375812768936
303,RU-NNLS,mae,0.017509112134575844
310,RU-NNLS,mae,0.013416391797363758
318,RU-NNLS,mae,0.02280326932668686
319,RU-NNLS,mae,0.01967826671898365
324,RU-NNLS,mae,0.014098954387009144
326,RU-NNLS,mae,0.011751950718462467
328,RU-NNLS,mae,0.00962945818901062
330,RU-NNLS,mae,0.017747072502970695
333,RU-NNLS,mae,0.014706455171108246
340,RU-NNLS,mae,0.025259457528591156
347,RU-NNLS,mae,0.02188996970653534
348,RU-NNLS,mae,0.019154036417603493
360,RU-NNLS,mae,0.01093551516532898
361,RU-NNLS,mae,0.025239549577236176
364,RU-NNLS,mae,0.023965036496520042
366,RU-NNLS,mae,0.012677238322794437
378,RU-NNLS,mae,0.01827794313430786
391,RU-NNLS,mae,0.018781393766403198
394,RU-NNLS,mae,0.017569391056895256
398,RU-NNLS,mae,0.023301273584365845
408,RU-NNLS,mae,0.01719447411596775
409,RU-NNLS,mae,0.02365230582654476
410,RU-NNLS,mae,0.03281452879309654
412,RU-NNLS,mae,0.013923436403274536
425,RU-NNLS,mae,0.027112556621432304
429,RU-NNLS,mae,0.017219839617609978
438,RU-NNLS,mae,0.017353281378746033
461,RU-NNLS,mae,0.030399682000279427
463,RU-NNLS,mae,0.022353967651724815
464,RU-NNLS,mae,0.019515303894877434
477,RU-NNLS,mae,0.023319927975535393
486,RU-NNLS,mae,0.01122301071882248
491,RU-NNLS,mae,0.01356529165059328
495,RU-NNLS,mae,0.026672638952732086
516,RU-NNLS,mae,0.021718868985772133
521,RU-NNLS,mae,0.022306522354483604
531,RU-NNLS,mae,0.017844466492533684
533,RU-NNLS,mae,0.024945810437202454
537,RU-NNLS,mae,0.017925066873431206
542,RU-NNLS,mae,0.0216956939548254
543,RU-NNLS,mae,0.017488079145550728
548,RU-NNLS,mae,0.016763918101787567
554,RU-NNLS,mae,0.020468661561608315
565,RU-NNLS,mae,0.012385220266878605
570,RU-NNLS,mae,0.012099980376660824
574,RU-NNLS,mae,0.028518402948975563
590,RU-NNLS,mae,0.01623816415667534
610,RU-NNLS,mae,0.023448443040251732
613,RU-NNLS,mae,0.012829131446778774
634,RU-NNLS,mae,0.01563350111246109
637,RU-NNLS,mae,0.012813002802431583
642,RU-NNLS,mae,0.022385776042938232
644,RU-NNLS,mae,0.021469170227646828
663,RU-NNLS,mae,0.015353922732174397
670,RU-NNLS,mae,0.030712803825736046
676,RU-NNLS,mae,0.017583344131708145
680,RU-NNLS,mae,0.016545338556170464
686,RU-NNLS,mae,0.018260862678289413
695,RU-NNLS,mae,0.016652734950184822
707,RU-NNLS,mae,0.014963802881538868
711,RU-NNLS,mae,0.01721215806901455
712,RU-NNLS,mae,0.019731691107153893
713,RU-NNLS,mae,0.021061250939965248
717,RU-NNLS,mae,0.01607661135494709
721,RU-NNLS,mae,0.013720095157623291
738,RU-NNLS,mae,0.02465861104428768
748,RU-NNLS,mae,0.010363876819610596
752,RU-NNLS,mae,0.018611561506986618
760,RU-NNLS,mae,0.017204992473125458
763,RU-NNLS,mae,0.013991567306220531
770,RU-NNLS,mae,0.02132168598473072
776,RU-NNLS,mae,0.027742525562644005
778,RU-NNLS,mae,0.01839189976453781
782,RU-NNLS,mae,0.019585847854614258
787,RU-NNLS,mae,0.021301567554473877
793,RU-NNLS,mae,0.01619635336101055
799,RU-NNLS,mae,0.020611600950360298
800,RU-NNLS,mae,0.026204077526926994
804,RU-NNLS,mae,0.02000439167022705
810,RU-NNLS,mae,0.02344353497028351
812,RU-NNLS,mae,0.017071979120373726
819,RU-NNLS,mae,0.014301401562988758
823,RU-NNLS,mae,0.014826826751232147
827,RU-NNLS,mae,0.02727930247783661
831,RU-NNLS,mae,0.01587396301329136
847,RU-NNLS,mae,0.03198820352554321
849,RU-NNLS,mae,0.01556325238198042
856,RU-NNLS,mae,0.022145846858620644
865,RU-NNLS,mae,0.020948311313986778
871,RU-NNLS,mae,0.012722448445856571
873,RU-NNLS,mae,0.019627010449767113
880,RU-NNLS,mae,0.013785411603748798
884,RU-NNLS,mae,0.02394373156130314
887,RU-NNLS,mae,0.020318513736128807
893,RU-NNLS,mae,0.025336844846606255
906,RU-NNLS,mae,0.022819528356194496
909,RU-NNLS,mae,0.02547381818294525
910,RU-NNLS,mae,0.024704977869987488
913,RU-NNLS,mae,0.0217529758810997
916,RU-NNLS,mae,0.016599303111433983
927,RU-NNLS,mae,0.012659567408263683
930,RU-NNLS,mae,0.018491730093955994
939,RU-NNLS,mae,0.01279207319021225
956,RU-NNLS,mae,0.020567476749420166
963,RU-NNLS,mae,0.031077446416020393
966,RU-NNLS,mae,0.010591677390038967
969,RU-NNLS,mae,0.03327310457825661
970,RU-NNLS,mae,0.019827289506793022
978,RU-NNLS,mae,0.0218658447265625
988,RU-NNLS,mae,0.021235032007098198
989,RU-NNLS,mae,0.013852705247700214
992,RU-NNLS,mae,0.018270956352353096
995,RU-NNLS,mae,0.02218502201139927
1004,RU-NNLS,mae,0.015209603123366833
1008,RU-NNLS,mae,0.029922442510724068
1011,RU-NNLS,mae,0.03596444055438042
1013,RU-NNLS,mae,0.020253490656614304
1018,RU-NNLS,mae,0.02320384420454502
1022,RU-NNLS,mae,0.012032479047775269
1045,RU-NNLS,mae,0.018188856542110443
1049,RU-NNLS,mae,0.014712896198034286
1051,RU-NNLS,mae,0.023562567308545113
1061,RU-NNLS,mae,0.020032022148370743
1063,RU-NNLS,mae,0.011099513620138168
1068,RU-NNLS,mae,0.010011023841798306
1076,RU-NNLS,mae,0.0076812622137367725
1079,RU-NNLS,mae,0.0217430517077446
1084,RU-NNLS,mae,0.018999166786670685
1089,RU-NNLS,mae,0.022711684927344322
1090,RU-NNLS,mae,0.01226113736629486
1099,RU-NNLS,mae,0.029921621084213257
1114,RU-NNLS,mae,0.010014944709837437
1120,RU-NNLS,mae,0.024075718596577644
1121,RU-NNLS,mae,0.025203391909599304
1134,RU-NNLS,mae,0.018501831218600273
1177,RU-NNLS,mae,0.011259215883910656
1178,RU-NNLS,mae,0.013717642985284328
1183,RU-NNLS,mae,0.016717644408345222
1193,RU-NNLS,mae,0.02496960014104843
1204,RU-NNLS,mae,0.01623978652060032
1208,RU-NNLS,mae,0.01592732034623623
1213,RU-NNLS,mae,0.01930048130452633
1231,RU-NNLS,mae,0.016217749565839767
1232,RU-NNLS,mae,0.02730308473110199
1233,RU-NNLS,mae,0.024605251848697662
1238,RU-NNLS,mae,0.018057415261864662
1240,RU-NNLS,mae,0.01500319316983223
1243,RU-NNLS,mae,0.01499477680772543
1260,RU-NNLS,mae,0.01216163206845522
1267,RU-NNLS,mae,0.02108149416744709
1268,RU-NNLS,mae,0.017699742689728737
1274,RU-NNLS,mae,0.021818101406097412
1281,RU-NNLS,mae,0.014884964562952518
1297,RU-NNLS,mae,0.011433395557105541
1307,RU-NNLS,mae,0.021133312955498695
1313,RU-NNLS,mae,0.01249868143349886
1330,RU-NNLS,mae,0.01713971607387066
1334,RU-NNLS,mae,0.01827712170779705
1346,RU-NNLS,mae,0.013140789233148098
1348,RU-NNLS,mae,0.0212171021848917
1355,RU-NNLS,mae,0.015955334529280663
1363,RU-NNLS,mae,0.01046075765043497
1366,RU-NNLS,mae,0.014298898167908192
1391,RU-NNLS,mae,0.025519192218780518
1400,RU-NNLS,mae,0.01395716518163681
1411,RU-NNLS,mae,0.021368855610489845
1413,RU-NNLS,mae,0.011236678808927536
1422,RU-NNLS,mae,0.01686343364417553
1425,RU-NNLS,mae,0.025749266147613525
1434,RU-NNLS,mae,0.01391696184873581
1441,RU-NNLS,mae,0.01588025689125061
1447,RU-NNLS,mae,0.011046069674193859
1458,RU-NNLS,mae,0.022197037935256958
1471,RU-NNLS,mae,0.026302924379706383
1481,RU-NNLS,mae,0.01784621924161911
1499,RU-NNLS,mae,0.02025226317346096
1506,RU-NNLS,mae,0.025614561513066292
1511,RU-NNLS,mae,0.024206729605793953
1512,RU-NNLS,mae,0.012572082690894604
1515,RU-NNLS,mae,0.011387472040951252
1522,RU-NNLS,mae,0.023028716444969177
1525,RU-NNLS,mae,0.026792213320732117
1536,RU-NNLS,mae,0.017655275762081146
1541,RU-NNLS,mae,0.02265334129333496
1543,RU-NNLS,mae,0.02147548645734787
1546,RU-NNLS,mae,0.017109591513872147
1551,RU-NNLS,mae,0.031024301424622536
1553,RU-NNLS,mae,0.02502399869263172
1559,RU-NNLS,mae,0.029995210468769073
1562,RU-NNLS,mae,0.027679046615958214
1563,RU-NNLS,mae,0.023814784362912178
1581,RU-NNLS,mae,0.019123725593090057
1613,RU-NNLS,mae,0.016473965719342232
1619,RU-NNLS,mae,0.015884460881352425
1622,RU-NNLS,mae,0.021620867773890495
1624,RU-NNLS,mae,0.015114334411919117
1634,RU-NNLS,mae,0.01215589139610529
1644,RU-NNLS,mae,0.0079600615426898
1645,RU-NNLS,mae,0.014130416326224804
1663,RU-NNLS,mae,0.01955394633114338
1673,RU-NNLS,mae,0.015964947640895844
1684,RU-NNLS,mae,0.020900046452879906
1685,RU-NNLS,mae,0.012880516238510609
1694,RU-NNLS,mae,0.018056483939290047
1697,RU-NNLS,mae,0.01792501099407673
1698,RU-NNLS,mae,0.01147677842527628
1700,RU-NNLS,mae,0.02346169762313366
1715,RU-NNLS,mae,0.019529690966010094
1721,RU-NNLS,mae,0.012412677519023418
1724,RU-NNLS,mae,0.018919209018349648
1727,RU-NNLS,mae,0.013444766402244568
1729,RU-NNLS,mae,0.02050916664302349
1741,RU-NNLS,mae,0.025142885744571686
1760,RU-NNLS,mae,0.015644855797290802
1761,RU-NNLS,mae,0.02647981606423855
1763,RU-NNLS,mae,0.017856763675808907
1765,RU-NNLS,mae,0.017525367438793182
1773,RU-NNLS,mae,0.015354320406913757
1782,RU-NNLS,mae,0.01262741070240736
1784,RU-NNLS,mae,0.014839328825473785
1791,RU-NNLS,mae,0.01707659848034382
1798,RU-NNLS,mae,0.018669599667191505
1804,RU-NNLS,mae,0.0280184056609869
1812,RU-NNLS,mae,0.01553640142083168
1814,RU-NNLS,mae,0.018316194415092468
1819,RU-NNLS,mae,0.0184409748762846
1824,RU-NNLS,mae,0.021019183099269867
1831,RU-NNLS,mae,0.017008839175105095
1833,RU-NNLS,mae,0.022902579978108406
1841,RU-NNLS,mae,0.02469366230070591
1843,RU-NNLS,mae,0.01387872826308012
1868,RU-NNLS,mae,0.0195023100823164
1871,RU-NNLS,mae,0.014255315065383911
1881,RU-NNLS,mae,0.01957022398710251
1882,RU-NNLS,mae,0.018009187653660774
1888,RU-NNLS,mae,0.010821949690580368
1911,RU-NNLS,mae,0.022604936733841896
1919,RU-NNLS,mae,0.013335656374692917
1935,RU-NNLS,mae,0.01891408860683441
1942,RU-NNLS,mae,0.016760844737291336
1943,RU-NNLS,mae,0.015327651984989643
1963,RU-NNLS,mae,0.026180222630500793
1968,RU-NNLS,mae,0.02910713665187359
1985,RU-NNLS,mae,0.02701689302921295
1999,RU-NNLS,mae,0.02781343273818493
2000,RU-NNLS,mae,0.02349933050572872
2002,RU-NNLS,mae,0.01484831515699625
2003,RU-NNLS,mae,0.012157030403614044
2015,RU-NNLS,mae,0.01902014948427677
2020,RU-NNLS,mae,0.020872540771961212
2021,RU-NNLS,mae,0.013883382081985474
2026,RU-NNLS,mae,0.01649731770157814
2028,RU-NNLS,mae,0.015992535278201103
2034,RU-NNLS,mae,0.019828295335173607
2038,RU-NNLS,mae,0.04040300473570824
2060,RU-NNLS,mae,0.015869861468672752
2075,RU-NNLS,mae,0.024009719491004944
2078,RU-NNLS,mae,0.022111644968390465
2081,RU-NNLS,mae,0.012032128870487213
2095,RU-NNLS,mae,0.021534839645028114
2096,RU-NNLS,mae,0.015485633164644241
2102,RU-NNLS,mae,0.026559488847851753
2107,RU-NNLS,mae,0.0190410315990448
2109,RU-NNLS,mae,0.018346257507801056
2111,RU-NNLS,mae,0.014140225946903229
2112,RU-NNLS,mae,0.0273089949041605
2118,RU-NNLS,mae,0.01700488291680813
2122,RU-NNLS,mae,0.02705811709165573
2123,RU-NNLS,mae,0.021164333447813988
2128,RU-NNLS,mae,0.023618126288056374
2140,RU-NNLS,mae,0.026615863665938377
2148,RU-NNLS,mae,0.017293637618422508
2149,RU-NNLS,mae,0.026283731684088707
2151,RU-NNLS,mae,0.016085026785731316
2152,RU-NNLS,mae,0.017048466950654984
2166,RU-NNLS,mae,0.029567556455731392
2168,RU-NNLS,mae,0.0190016720443964
2176,RU-NNLS,mae,0.017628023400902748
2178,RU-NNLS,mae,0.015080886892974377
2183,RU-NNLS,mae,0.019903771579265594
2195,RU-NNLS,mae,0.026871388778090477
2200,RU-NNLS,mae,0.01819111593067646
2204,RU-NNLS,mae,0.02265860140323639
2205,RU-NNLS,mae,0.019419299438595772
2206,RU-NNLS,mae,0.022166958078742027
2211,RU-NNLS,mae,0.01564972847700119
2218,RU-NNLS,mae,0.010522796772420406
2221,RU-NNLS,mae,0.012074671685695648
2224,RU-NNLS,mae,0.017355510964989662
2227,RU-NNLS,mae,0.013016685843467712
2231,RU-NNLS,mae,0.023286236450076103
2236,RU-NNLS,mae,0.02397039532661438
2238,RU-NNLS,mae,0.036056432873010635
2242,RU-NNLS,mae,0.030860697850584984
2246,RU-NNLS,mae,0.02316843532025814
2269,RU-NNLS,mae,0.016163406893610954
2278,RU-NNLS,mae,0.020420154556632042
2279,RU-NNLS,mae,0.026952967047691345
2305,RU-NNLS,mae,0.024619199335575104
2315,RU-NNLS,mae,0.020633874461054802
2316,RU-NNLS,mae,0.025930320844054222
2331,RU-NNLS,mae,0.015534392558038235
2332,RU-NNLS,mae,0.011556502431631088
2334,RU-NNLS,mae,0.01626564748585224
2336,RU-NNLS,mae,0.03021903894841671
2342,RU-NNLS,mae,0.025808969512581825
2344,RU-NNLS,mae,0.015411417931318283
2345,RU-NNLS,mae,0.017942309379577637
2350,RU-NNLS,mae,0.02364719845354557
2358,RU-NNLS,mae,0.03167678415775299
2378,RU-NNLS,mae,0.02031775377690792
2388,RU-NNLS,mae,0.016151510179042816
2390,RU-NNLS,mae,0.03014087863266468
2396,RU-NNLS,mae,0.011830258183181286
2415,RU-NNLS,mae,0.0198840219527483
2417,RU-NNLS,mae,0.016757311299443245
2427,RU-NNLS,mae,0.01994502544403076
2428,RU-NNLS,mae,0.012499332427978516
2442,RU-NNLS,mae,0.016932806000113487
2448,RU-NNLS,mae,0.018294628709554672
2459,RU-NNLS,mae,0.01325620710849762
2460,RU-NNLS,mae,0.025491265580058098
2482,RU-NNLS,mae,0.013344666920602322
2483,RU-NNLS,mae,0.010459481738507748
2501,RU-NNLS,mae,0.02733236365020275
2512,RU-NNLS,mae,0.011793910525739193
2514,RU-NNLS,mae,0.016454419121146202
2520,RU-NNLS,mae,0.03165195882320404
2536,RU-NNLS,mae,0.02707575261592865
2543,RU-NNLS,mae,0.0159549992531538
2554,RU-NNLS,mae,0.015109069645404816
2598,RU-NNLS,mae,0.019515519961714745
2602,RU-NNLS,mae,0.0271853506565094
2604,RU-NNLS,mae,0.020224178209900856
2609,RU-NNLS,mae,0.020473865792155266
2611,RU-NNLS,mae,0.024494169279932976
2616,RU-NNLS,mae,0.02503151260316372
2618,RU-NNLS,mae,0.01719428040087223
2630,RU-NNLS,mae,0.020434167236089706
2647,RU-NNLS,mae,0.026257215067744255
2652,RU-NNLS,mae,0.020398477092385292
2653,RU-NNLS,mae,0.024891702458262444
2660,RU-NNLS,mae,0.02282026968896389
2673,RU-NNLS,mae,0.015679897740483284
2682,RU-NNLS,mae,0.0215722918510437
2687,RU-NNLS,mae,0.01086203008890152
2700,RU-NNLS,mae,0.020456574857234955
2702,RU-NNLS,mae,0.03684354946017265
2711,RU-NNLS,mae,0.03308838978409767
2725,RU-NNLS,mae,0.02584671974182129
2726,RU-NNLS,mae,0.014202413149178028
2727,RU-NNLS,mae,0.029830560088157654
2732,RU-NNLS,mae,0.022183991968631744
2742,RU-NNLS,mae,0.027826054021716118
2744,RU-NNLS,mae,0.012607605196535587
2745,RU-NNLS,mae,0.015529096126556396
2751,RU-NNLS,mae,0.0267825648188591
2775,RU-NNLS,mae,0.008046380244195461
2782,RU-NNLS,mae,0.03066960908472538
2783,RU-NNLS,mae,0.02645965851843357
2787,RU-NNLS,mae,0.019072728231549263
2788,RU-NNLS,mae,0.018278619274497032
2792,RU-NNLS,mae,0.020125461742281914
2810,RU-NNLS,mae,0.02091257832944393
2813,RU-NNLS,mae,0.015819942578673363
2816,RU-NNLS,mae,0.020087523385882378
2817,RU-NNLS,mae,0.017114127054810524
2819,RU-NNLS,mae,0.010044983588159084
2841,RU-NNLS,mae,0.028402402997016907
2846,RU-NNLS,mae,0.024334579706192017
2851,RU-NNLS,mae,0.0183110274374485
2855,RU-NNLS,mae,0.023246796801686287
2864,RU-NNLS,mae,0.027664057910442352
2875,RU-NNLS,mae,0.02022170089185238
2886,RU-NNLS,mae,0.0250758845359087
2897,RU-NNLS,mae,0.020816359668970108
2911,RU-NNLS,mae,0.02120756171643734
2915,RU-NNLS,mae,0.016532612964510918
2929,RU-NNLS,mae,0.01621905528008938
2938,RU-NNLS,mae,0.019160397350788116
2945,RU-NNLS,mae,0.025520751252770424
2959,RU-NNLS,mae,0.030716726556420326
2966,RU-NNLS,mae,0.020802879706025124
2971,RU-NNLS,mae,0.015453197062015533
2973,RU-NNLS,mae,0.019560882821679115
2975,RU-NNLS,mae,0.021869676187634468
2976,RU-NNLS,mae,0.020192209631204605
2986,RU-NNLS,mae,0.016351833939552307
3010,RU-NNLS,mae,0.023445697501301765
3020,RU-NNLS,mae,0.02489767037332058
3027,RU-NNLS,mae,0.018160134553909302
3032,RU-NNLS,mae,0.022511696442961693
3039,RU-NNLS,mae,0.022785933688282967
3048,RU-NNLS,mae,0.021619046106934547
3049,RU-NNLS,mae,0.01943425089120865
3056,RU-NNLS,mae,0.022859975695610046
3062,RU-NNLS,mae,0.018231401219964027
3065,RU-NNLS,mae,0.016357198357582092
3068,RU-NNLS,mae,0.02003960870206356
3071,RU-NNLS,mae,0.021147018298506737
3072,RU-NNLS,mae,0.014826669357717037
3073,RU-NNLS,mae,0.024038275703787804
3074,RU-NNLS,mae,0.015677571296691895
3085,RU-NNLS,mae,0.016018571332097054
3086,RU-NNLS,mae,0.03318377211689949
3089,RU-NNLS,mae,0.017729192972183228
3095,RU-NNLS,mae,0.024846583604812622
3105,RU-NNLS,mae,0.019978657364845276
3107,RU-NNLS,mae,0.0174652561545372
3111,RU-NNLS,mae,0.024785107001662254
3118,RU-NNLS,mae,0.026611998677253723
3126,RU-NNLS,mae,0.020193427801132202
3132,RU-NNLS,mae,0.021376958116889
3134,RU-NNLS,mae,0.017634643241763115
3142,RU-NNLS,mae,0.010924096219241619
3149,RU-NNLS,mae,0.020452648401260376
3151,RU-NNLS,mae,0.02046794258058071
3152,RU-NNLS,mae,0.018361113965511322
3165,RU-NNLS,mae,0.018539972603321075
3167,RU-NNLS,mae,0.03134659305214882
3168,RU-NNLS,mae,0.017387550324201584
3178,RU-NNLS,mae,0.02151472121477127
3183,RU-NNLS,mae,0.01661483384668827
3185,RU-NNLS,mae,0.009058983065187931
3217,RU-NNLS,mae,0.02274128794670105
3219,RU-NNLS,mae,0.023163385689258575
3222,RU-NNLS,mae,0.02586430311203003
3225,RU-NNLS,mae,0.019441833719611168
3236,RU-NNLS,mae,0.022186772897839546
3240,RU-NNLS,mae,0.014397896826267242
3242,RU-NNLS,mae,0.01675114408135414
3243,RU-NNLS,mae,0.025374138727784157
3250,RU-NNLS,mae,0.011282500810921192
3253,RU-NNLS,mae,0.021566292271018028
3276,RU-NNLS,mae,0.018903976306319237
3280,RU-NNLS,mae,0.024607017636299133
3289,RU-NNLS,mae,0.016126491129398346
3297,RU-NNLS,mae,0.012039988301694393
3313,RU-NNLS,mae,0.019016580656170845
3317,RU-NNLS,mae,0.031034404411911964
3328,RU-NNLS,mae,0.026664653792977333
3333,RU-NNLS,mae,0.01580127142369747
3341,RU-NNLS,mae,0.021119555458426476
3342,RU-NNLS,mae,0.020910941064357758
3345,RU-NNLS,mae,0.019201582297682762
3363,RU-NNLS,mae,0.021178705617785454
3367,RU-NNLS,mae,0.012170826084911823
3381,RU-NNLS,mae,0.023711606860160828
3395,RU-NNLS,mae,0.018948135897517204
3397,RU-NNLS,mae,0.01721162162721157
3402,RU-NNLS,mae,0.0299761351197958
3403,RU-NNLS,mae,0.010915604420006275
3404,RU-NNLS,mae,0.02712615393102169
3427,RU-NNLS,mae,0.018172211945056915
3436,RU-NNLS,mae,0.02683434449136257
3443,RU-NNLS,mae,0.026492508128285408
3461,RU-NNLS,mae,0.016504503786563873
3462,RU-NNLS,mae,0.018453292548656464
3465,RU-NNLS,mae,0.021934233605861664
3487,RU-NNLS,mae,0.013814911246299744
3495,RU-NNLS,mae,0.013346594758331776
3509,RU-NNLS,mae,0.024009117856621742
3510,RU-NNLS,mae,0.022442063316702843
3511,RU-NNLS,mae,0.02833925001323223
3512,RU-NNLS,mae,0.020356062799692154
3516,RU-NNLS,mae,0.027495721355080605
3527,RU-NNLS,mae,0.026626788079738617
3543,RU-NNLS,mae,0.014485828578472137
3551,RU-NNLS,mae,0.011125821620225906
3554,RU-NNLS,mae,0.017790554091334343
3557,RU-NNLS,mae,0.011501580476760864
3559,RU-NNLS,mae,0.018562788143754005
3561,RU-NNLS,mae,0.019172005355358124
3567,RU-NNLS,mae,0.01925763301551342
3580,RU-NNLS,mae,0.021059520542621613
3592,RU-NNLS,mae,0.011677813716232777
3594,RU-NNLS,mae,0.01956886798143387
3597,RU-NNLS,mae,0.007950064726173878
3598,RU-NNLS,mae,0.01752099208533764
3610,RU-NNLS,mae,0.026575163006782532
3612,RU-NNLS,mae,0.02153518609702587
3625,RU-NNLS,mae,0.03459755703806877
3634,RU-NNLS,mae,0.010749590583145618
3636,RU-NNLS,mae,0.021537914872169495
3644,RU-NNLS,mae,0.024324342608451843
3646,RU-NNLS,mae,0.012228530831634998
3647,RU-NNLS,mae,0.02185494266450405
3668,RU-NNLS,mae,0.02547273226082325
3674,RU-NNLS,mae,0.02278495393693447
3676,RU-NNLS,mae,0.01688317209482193
3694,RU-NNLS,mae,0.018952805548906326
3701,RU-NNLS,mae,0.027627775445580482
3712,RU-NNLS,mae,0.024304380640387535
3714,RU-NNLS,mae,0.0229828879237175
3719,RU-NNLS,mae,0.020245468243956566
3721,RU-NNLS,mae,0.01962874084711075
3723,RU-NNLS,mae,0.028333762660622597
3725,RU-NNLS,mae,0.014257439412176609
3728,RU-NNLS,mae,0.011124433018267155
3730,RU-NNLS,mae,0.017441987991333008
3739,RU-NNLS,mae,0.013693142682313919
3741,RU-NNLS,mae,0.017762744799256325
3745,RU-NNLS,mae,0.01409484539180994
3746,RU-NNLS,mae,0.02280406653881073
3754,RU-NNLS,mae,0.019531648606061935
3758,RU-NNLS,mae,0.016006886959075928
3759,RU-NNLS,mae,0.015421473421156406
3779,RU-NNLS,mae,0.011579212732613087
3791,RU-NNLS,mae,0.02320847101509571
3792,RU-NNLS,mae,0.020570334047079086
3794,RU-NNLS,mae,0.014920582063496113
3803,RU-NNLS,mae,0.012941489927470684
3804,RU-NNLS,mae,0.021788427606225014
3807,RU-NNLS,mae,0.019522247835993767
3809,RU-NNLS,mae,0.018452955409884453
3812,RU-NNLS,mae,0.02809804677963257
3813,RU-NNLS,mae,0.020358353853225708
3815,RU-NNLS,mae,0.020388292148709297
3823,RU-NNLS,mae,0.023721307516098022
3824,RU-NNLS,mae,0.009116903878748417
3827,RU-NNLS,mae,0.018299700692296028
3830,RU-NNLS,mae,0.012521783821284771
3834,RU-NNLS,mae,0.02828620932996273
3838,RU-NNLS,mae,0.022945033386349678
3845,RU-NNLS,mae,0.01149249728769064
3846,RU-NNLS,mae,0.009277586825191975
3849,RU-NNLS,mae,0.019701316952705383
3850,RU-NNLS,mae,0.02239128388464451
3859,RU-NNLS,mae,0.01858575828373432
3883,RU-NNLS,mae,0.02064494974911213
3886,RU-NNLS,mae,0.02274135686457157
3887,RU-NNLS,mae,0.020753346383571625
3892,RU-NNLS,mae,0.02468692511320114
3894,RU-NNLS,mae,0.027784094214439392
3897,RU-NNLS,mae,0.01965540088713169
3917,RU-NNLS,mae,0.017389627173542976
3927,RU-NNLS,mae,0.01851007528603077
3928,RU-NNLS,mae,0.022692987695336342
3933,RU-NNLS,mae,0.023792846128344536
3937,RU-NNLS,mae,0.015189710073173046
3938,RU-NNLS,mae,0.017664017155766487
3951,RU-NNLS,mae,0.02916746772825718
3969,RU-NNLS,mae,0.02326737530529499
3972,RU-NNLS,mae,0.023385800421237946
3978,RU-NNLS,mae,0.014088164083659649
3982,RU-NNLS,mae,0.01939244568347931
4000,RU-NNLS,mae,0.025836437940597534
4001,RU-NNLS,mae,0.025028595700860023
4006,RU-NNLS,mae,0.01552119106054306
4010,RU-NNLS,mae,0.01717577688395977
4018,RU-NNLS,mae,0.012620841152966022
4020,RU-NNLS,mae,0.021378928795456886
4023,RU-NNLS,mae,0.012128900736570358
4028,RU-NNLS,mae,0.01772437058389187
4035,RU-NNLS,mae,0.02789791114628315
4038,RU-NNLS,mae,0.020548174157738686
4039,RU-NNLS,mae,0.021796168759465218
4047,RU-NNLS,mae,0.015936849638819695
4050,RU-NNLS,mae,0.01865198276937008
4052,RU-NNLS,mae,0.01611129194498062
4055,RU-NNLS,mae,0.019614817574620247
4069,RU-NNLS,mae,0.010306685231626034
4073,RU-NNLS,mae,0.01754363812506199
4078,RU-NNLS,mae,0.01871718280017376
4079,RU-NNLS,mae,0.02473674714565277
4080,RU-NNLS,mae,0.01748809777200222
4091,RU-NNLS,mae,0.023928338661789894
4096,RU-NNLS,mae,0.023528950288891792
4098,RU-NNLS,mae,0.01837398111820221
4121,RU-NNLS,mae,0.022585509344935417
4134,RU-NNLS,mae,0.023388909175992012
4135,RU-NNLS,mae,0.01779772900044918
4137,RU-NNLS,mae,0.016476362943649292
4145,RU-NNLS,mae,0.014052960090339184
4149,RU-NNLS,mae,0.014156296849250793
4153,RU-NNLS,mae,0.03050238825380802
4181,RU-NNLS,mae,0.025587350130081177
4188,RU-NNLS,mae,0.03184974193572998
4196,RU-NNLS,mae,0.024117976427078247
4204,RU-NNLS,mae,0.029391780495643616
4209,RU-NNLS,mae,0.023380368947982788
4211,RU-NNLS,mae,0.019954567775130272
4212,RU-NNLS,mae,0.02295742742717266
4218,RU-NNLS,mae,0.02956324815750122
4228,RU-NNLS,mae,0.017439497634768486
4229,RU-NNLS,mae,0.017029790207743645
4250,RU-NNLS,mae,0.019979039207100868
4254,RU-NNLS,mae,0.013436387293040752
4261,RU-NNLS,mae,0.01324087381362915
4264,RU-NNLS,mae,0.02051924727857113
4265,RU-NNLS,mae,0.018256479874253273
4284,RU-NNLS,mae,0.017331236973404884
4294,RU-NNLS,mae,0.015521794557571411
4296,RU-NNLS,mae,0.017921926453709602
4306,RU-NNLS,mae,0.019915739074349403
4321,RU-NNLS,mae,0.018761152401566505
4327,RU-NNLS,mae,0.017310138791799545
4331,RU-NNLS,mae,0.01707346923649311
4334,RU-NNLS,mae,0.026978349313139915
4339,RU-NNLS,mae,0.015241834335029125
4340,RU-NNLS,mae,0.023215537890791893
4344,RU-NNLS,mae,0.02585245668888092
4349,RU-NNLS,mae,0.025409871712327003
4361,RU-NNLS,mae,0.014933235011994839
4370,RU-NNLS,mae,0.017031868919730186
4371,RU-NNLS,mae,0.01298366766422987
4376,RU-NNLS,mae,0.013913321308791637
4390,RU-NNLS,mae,0.020128397271037102
4403,RU-NNLS,mae,0.017531124874949455
4408,RU-NNLS,mae,0.015148025006055832
4412,RU-NNLS,mae,0.013658498413860798
4419,RU-NNLS,mae,0.016354301944375038
4433,RU-NNLS,mae,0.02271902747452259
4437,RU-NNLS,mae,0.016323206946253777
4446,RU-NNLS,mae,0.023139549419283867
4450,RU-NNLS,mae,0.017574233934283257
4460,RU-NNLS,mae,0.012014460749924183
4464,RU-NNLS,mae,0.02236470766365528
4466,RU-NNLS,mae,0.013653880916535854
4474,RU-NNLS,mae,0.0243485476821661
4491,RU-NNLS,mae,0.018887264654040337
4499,RU-NNLS,mae,0.016269585117697716
4527,RU-NNLS,mae,0.01926187239587307
4535,RU-NNLS,mae,0.028548141941428185
4542,RU-NNLS,mae,0.025944547727704048
4544,RU-NNLS,mae,0.018453221768140793
4547,RU-NNLS,mae,0.009557767771184444
4554,RU-NNLS,mae,0.018406111747026443
4555,RU-NNLS,mae,0.011452282778918743
4561,RU-NNLS,mae,0.014857418835163116
4566,RU-NNLS,mae,0.013807311654090881
4568,RU-NNLS,mae,0.021158888936042786
4586,RU-NNLS,mae,0.01921396516263485
4589,RU-NNLS,mae,0.028318090364336967
4590,RU-NNLS,mae,0.02152850665152073
4597,RU-NNLS,mae,0.02727595530450344
4602,RU-NNLS,mae,0.019322620704770088
4613,RU-NNLS,mae,0.027733521535992622
4614,RU-NNLS,mae,0.013497146777808666
4619,RU-NNLS,mae,0.016948280856013298
4627,RU-NNLS,mae,0.02014891617000103
4629,RU-NNLS,mae,0.025133445858955383
4633,RU-NNLS,mae,0.016068456694483757
4635,RU-NNLS,mae,0.019416039809584618
4650,RU-NNLS,mae,0.019080637022852898
4656,RU-NNLS,mae,0.011031975038349628
4677,RU-NNLS,mae,0.014844268560409546
4682,RU-NNLS,mae,0.02122136391699314
4685,RU-NNLS,mae,0.021402472630143166
4691,RU-NNLS,mae,0.028883541002869606
4703,RU-NNLS,mae,0.017521465197205544
4712,RU-NNLS,mae,0.01867057941854
4716,RU-NNLS,mae,0.011685610748827457
4725,RU-NNLS,mae,0.01724184677004814
4727,RU-NNLS,mae,0.02835659496486187
4734,RU-NNLS,mae,0.022471806034445763
4750,RU-NNLS,mae,0.012882127426564693
4751,RU-NNLS,mae,0.01676878146827221
4752,RU-NNLS,mae,0.02696923352777958
4753,RU-NNLS,mae,0.01629689149558544
4760,RU-NNLS,mae,0.016462622210383415
4761,RU-NNLS,mae,0.026663554832339287
4770,RU-NNLS,mae,0.02038511447608471
4774,RU-NNLS,mae,0.014535229653120041
4777,RU-NNLS,mae,0.025329753756523132
4791,RU-NNLS,mae,0.014506650157272816
4793,RU-NNLS,mae,0.014560130424797535
4796,RU-NNLS,mae,0.02038663811981678
4801,RU-NNLS,mae,0.019467348232865334
4809,RU-NNLS,mae,0.016982635483145714
4811,RU-NNLS,mae,0.014383808709681034
4813,RU-NNLS,mae,0.014767435379326344
4821,RU-NNLS,mae,0.018293196335434914
4828,RU-NNLS,mae,0.02332472614943981
4839,RU-NNLS,mae,0.013558263890445232
4842,RU-NNLS,mae,0.03170621022582054
4851,RU-NNLS,mae,0.015566855669021606
4854,RU-NNLS,mae,0.02080892212688923
4859,RU-NNLS,mae,0.01754617504775524
4862,RU-NNLS,mae,0.021906360983848572
4866,RU-NNLS,mae,0.017887335270643234
4881,RU-NNLS,mae,0.02428942173719406
4901,RU-NNLS,mae,0.021678194403648376
4905,RU-NNLS,mae,0.02073013223707676
4907,RU-NNLS,mae,0.02489723265171051
4911,RU-NNLS,mae,0.01906788907945156
4923,RU-NNLS,mae,0.022814838215708733
4926,RU-NNLS,mae,0.020224174484610558
4936,RU-NNLS,mae,0.019668247550725937
4937,RU-NNLS,mae,0.01878676563501358
4939,RU-NNLS,mae,0.018340885639190674
4943,RU-NNLS,mae,0.024941034615039825
4973,RU-NNLS,mae,0.01243964210152626
4975,RU-NNLS,mae,0.01202880684286356
4980,RU-NNLS,mae,0.020735133439302444
4987,RU-NNLS,mae,0.023859189823269844
4995,RU-NNLS,mae,0.020115256309509277
4997,RU-NNLS,mae,0.026307785883545876
5010,RU-NNLS,mae,0.03243814781308174
5013,RU-NNLS,mae,0.013903606683015823
5017,RU-NNLS,mae,0.01020866259932518
5025,RU-NNLS,mae,0.019605623558163643
5028,RU-NNLS,mae,0.03009197860956192
5039,RU-NNLS,mae,0.01478854101151228
5041,RU-NNLS,mae,0.017105955630540848
5053,RU-NNLS,mae,0.018142415210604668
5058,RU-NNLS,mae,0.019074348732829094
5064,RU-NNLS,mae,0.012884390540421009
5069,RU-NNLS,mae,0.019922057166695595
5073,RU-NNLS,mae,0.019227860495448112
5084,RU-NNLS,mae,0.024058759212493896
5096,RU-NNLS,mae,0.020831258967518806
5099,RU-NNLS,mae,0.018816374242305756
5101,RU-NNLS,mae,0.024364108219742775
5103,RU-NNLS,mae,0.016212867572903633
5105,RU-NNLS,mae,0.023564182221889496
5106,RU-NNLS,mae,0.020042113959789276
5120,RU-NNLS,mae,0.015423511154949665
5125,RU-NNLS,mae,0.028858492150902748
5139,RU-NNLS,mae,0.013015210628509521
5151,RU-NNLS,mae,0.022229164838790894
5154,RU-NNLS,mae,0.027530133724212646
5160,RU-NNLS,mae,0.013873887248337269
5162,RU-NNLS,mae,0.01770443096756935
5182,RU-NNLS,mae,0.030360087752342224
5183,RU-NNLS,mae,0.014472541399300098
5190,RU-NNLS,mae,0.019112301990389824
5199,RU-NNLS,mae,0.028212249279022217
5216,RU-NNLS,mae,0.03175182268023491
5220,RU-NNLS,mae,0.020067846402525902
5221,RU-NNLS,mae,0.02010735310614109
5227,RU-NNLS,mae,0.019847186282277107
5234,RU-NNLS,mae,0.0099817905575037
5235,RU-NNLS,mae,0.02369116246700287
5250,RU-NNLS,mae,0.023087769746780396
5254,RU-NNLS,mae,0.0165107324719429
5259,RU-NNLS,mae,0.010720860213041306
5263,RU-NNLS,mae,0.015203773975372314
5265,RU-NNLS,mae,0.016435259953141212
5268,RU-NNLS,mae,0.0149761401116848
5275,RU-NNLS,mae,0.009953941218554974
5281,RU-NNLS,mae,0.027803122997283936
5290,RU-NNLS,mae,0.018838316202163696
5293,RU-NNLS,mae,0.021596962586045265
5302,RU-NNLS,mae,0.022527223452925682
5313,RU-NNLS,mae,0.017611205577850342
5336,RU-NNLS,mae,0.024647479876875877
5337,RU-NNLS,mae,0.014670376665890217
5347,RU-NNLS,mae,0.013473301194608212
5357,RU-NNLS,mae,0.014745975844562054
5360,RU-NNLS,mae,0.018659338355064392
5362,RU-NNLS,mae,0.015214580111205578
5370,RU-NNLS,mae,0.015202785842120647
5372,RU-NNLS,mae,0.025961125269532204
5378,RU-NNLS,mae,0.029591070488095284
5383,RU-NNLS,mae,0.014085943810641766
5400,RU-NNLS,mae,0.03168470039963722
5408,RU-NNLS,mae,0.016855252906680107
5413,RU-NNLS,mae,0.018670767545700073
5415,RU-NNLS,mae,0.020952895283699036
5417,RU-NNLS,mae,0.016139376908540726
5425,RU-NNLS,mae,0.02405705116689205
5435,RU-NNLS,mae,0.013843980617821217
5437,RU-NNLS,mae,0.02857268415391445
5443,RU-NNLS,mae,0.0171821266412735
5450,RU-NNLS,mae,0.019817115738987923
5452,RU-NNLS,mae,0.015731440857052803
5456,RU-NNLS,mae,0.01695306785404682
5459,RU-NNLS,mae,0.01568562537431717
5479,RU-NNLS,mae,0.01639670692384243
5485,RU-NNLS,mae,0.0227308701723814
5493,RU-NNLS,mae,0.010593630373477936
5496,RU-NNLS,mae,0.013056482188403606
5497,RU-NNLS,mae,0.029975086450576782
5519,RU-NNLS,mae,0.022389279678463936
5521,RU-NNLS,mae,0.015508686192333698
5522,RU-NNLS,mae,0.0212671160697937
5532,RU-NNLS,mae,0.02640817128121853
5544,RU-NNLS,mae,0.01686638779938221
5545,RU-NNLS,mae,0.019909454509615898
5551,RU-NNLS,mae,0.02203208953142166
5555,RU-NNLS,mae,0.020322168245911598
5556,RU-NNLS,mae,0.012615978717803955
5557,RU-NNLS,mae,0.015156298875808716
5560,RU-NNLS,mae,0.02425358258187771
5569,RU-NNLS,mae,0.018777143210172653
5572,RU-NNLS,mae,0.03198130801320076
5573,RU-NNLS,mae,0.017097853124141693
5578,RU-NNLS,mae,0.023327849805355072
5584,RU-NNLS,mae,0.011717639863491058
5585,RU-NNLS,mae,0.02159123681485653
5587,RU-NNLS,mae,0.026507461443543434
5589,RU-NNLS,mae,0.015445668250322342
5596,RU-NNLS,mae,0.017872385680675507
5603,RU-NNLS,mae,0.009182065725326538
5608,RU-NNLS,mae,0.008950978517532349
5610,RU-NNLS,mae,0.030742114409804344
5615,RU-NNLS,mae,0.01758742146193981
5618,RU-NNLS,mae,0.020985549315810204
5623,RU-NNLS,mae,0.012422661297023296
5633,RU-NNLS,mae,0.021801888942718506
5646,RU-NNLS,mae,0.015517368912696838
5648,RU-NNLS,mae,0.01569400541484356
5657,RU-NNLS,mae,0.02696024626493454
5662,RU-NNLS,mae,0.015092410147190094
5667,RU-NNLS,mae,0.027201028540730476
5674,RU-NNLS,mae,0.021766364574432373
5677,RU-NNLS,mae,0.025136301293969154
5697,RU-NNLS,mae,0.023991072550415993
5712,RU-NNLS,mae,0.017468562349677086
5715,RU-NNLS,mae,0.015001622028648853
5728,RU-NNLS,mae,0.01563895307481289
5737,RU-NNLS,mae,0.02551635168492794
5742,RU-NNLS,mae,0.01936805061995983
5744,RU-NNLS,mae,0.014549486339092255
5758,RU-NNLS,mae,0.021425707265734673
5763,RU-NNLS,mae,0.011819970794022083
5770,RU-NNLS,mae,0.011261236853897572
5774,RU-NNLS,mae,0.01288240309804678
5785,RU-NNLS,mae,0.017278462648391724
5793,RU-NNLS,mae,0.016873179003596306
5802,RU-NNLS,mae,0.017600392922759056
5803,RU-NNLS,mae,0.03638174384832382
5804,RU-NNLS,mae,0.016086643561720848
5810,RU-NNLS,mae,0.034540582448244095
5813,RU-NNLS,mae,0.030072182416915894
5819,RU-NNLS,mae,0.012205071747303009
5831,RU-NNLS,mae,0.022145265713334084
5838,RU-NNLS,mae,0.015708861872553825
5848,RU-NNLS,mae,0.028944632038474083
5850,RU-NNLS,mae,0.01992829702794552
5851,RU-NNLS,mae,0.03901820257306099
5860,RU-NNLS,mae,0.013724513351917267
5877,RU-NNLS,mae,0.015613999217748642
5878,RU-NNLS,mae,0.012504692189395428
5880,RU-NNLS,mae,0.0152095602825284
5884,RU-NNLS,mae,0.013400978408753872
5890,RU-NNLS,mae,0.01799093745648861
5892,RU-NNLS,mae,0.011552880518138409
5895,RU-NNLS,mae,0.025853285565972328
5899,RU-NNLS,mae,0.011004977859556675
5903,RU-NNLS,mae,0.02414519526064396
5904,RU-NNLS,mae,0.01980360597372055
5906,RU-NNLS,mae,0.016617365181446075
5916,RU-NNLS,mae,0.023770755156874657
5919,RU-NNLS,mae,0.02028628997504711
5939,RU-NNLS,mae,0.022530892863869667
5941,RU-NNLS,mae,0.0283388402312994
5961,RU-NNLS,mae,0.01164157222956419
5966,RU-NNLS,mae,0.01965194009244442
5967,RU-NNLS,mae,0.0269466545432806
5968,RU-NNLS,mae,0.02055964060127735
5969,RU-NNLS,mae,0.0211295485496521
5976,RU-NNLS,mae,0.020628007128834724
5980,RU-NNLS,mae,0.01637655310332775
5994,RU-NNLS,mae,0.01183688547462225
6006,RU-NNLS,mae,0.016585832461714745
6013,RU-NNLS,mae,0.021497590467333794
6018,RU-NNLS,mae,0.024010585620999336
6020,RU-NNLS,mae,0.014716004021465778
6021,RU-NNLS,mae,0.02316100336611271
6022,RU-NNLS,mae,0.028433507308363914
6025,RU-NNLS,mae,0.02103126049041748
6027,RU-NNLS,mae,0.015116773545742035
6042,RU-NNLS,mae,0.010757018812000751
6047,RU-NNLS,mae,0.025094173848628998
6048,RU-NNLS,mae,0.013187014497816563
6060,RU-NNLS,mae,0.014362189918756485
6063,RU-NNLS,mae,0.024219119921326637
6067,RU-NNLS,mae,0.015017836354672909
6071,RU-NNLS,mae,0.023889759555459023
6075,RU-NNLS,mae,0.014018717221915722
6083,RU-NNLS,mae,0.027994846925139427
6085,RU-NNLS,mae,0.022407444193959236
6089,RU-NNLS,mae,0.016941165551543236
6091,RU-NNLS,mae,0.02975163422524929
6110,RU-NNLS,mae,0.01834736578166485
6117,RU-NNLS,mae,0.01591862551867962
6129,RU-NNLS,mae,0.023927094414830208
6135,RU-NNLS,mae,0.02429770492017269
6137,RU-NNLS,mae,0.01906443201005459
6139,RU-NNLS,mae,0.022776326164603233
6147,RU-NNLS,mae,0.02061332017183304
6156,RU-NNLS,mae,0.0179697647690773
6157,RU-NNLS,mae,0.01084350049495697
6158,RU-NNLS,mae,0.033668775111436844
6162,RU-NNLS,mae,0.016087479889392853
6171,RU-NNLS,mae,0.015209929086267948
6177,RU-NNLS,mae,0.012171206064522266
6181,RU-NNLS,mae,0.013220172375440598
6182,RU-NNLS,mae,0.017923355102539062
6184,RU-NNLS,mae,0.02177855558693409
6189,RU-NNLS,mae,0.027466876432299614
6199,RU-NNLS,mae,0.012781764380633831
6204,RU-NNLS,mae,0.01888328604400158
6208,RU-NNLS,mae,0.019016144797205925
6209,RU-NNLS,mae,0.016510477289557457
6217,RU-NNLS,mae,0.03092804364860058
6218,RU-NNLS,mae,0.027476081624627113
6222,RU-NNLS,mae,0.024819662794470787
6226,RU-NNLS,mae,0.017519047483801842
6233,RU-NNLS,mae,0.01626894436776638
6241,RU-NNLS,mae,0.011742998845875263
6243,RU-NNLS,mae,0.021731747314333916
6264,RU-NNLS,mae,0.01708696037530899
6265,RU-NNLS,mae,0.017612146213650703
6275,RU-NNLS,mae,0.02721627987921238
6277,RU-NNLS,mae,0.02153792977333069
6287,RU-NNLS,mae,0.02088683843612671
6292,RU-NNLS,mae,0.010349337011575699
6301,RU-NNLS,mae,0.017458418384194374
6309,RU-NNLS,mae,0.014535598456859589
6318,RU-NNLS,mae,0.009588218294084072
6325,RU-NNLS,mae,0.014820478856563568
6335,RU-NNLS,mae,0.018207315355539322
6339,RU-NNLS,mae,0.013799124397337437
6353,RU-NNLS,mae,0.0143630625680089
6362,RU-NNLS,mae,0.014164615422487259
6364,RU-NNLS,mae,0.02508535049855709
6366,RU-NNLS,mae,0.015836821869015694
6368,RU-NNLS,mae,0.01818138174712658
6386,RU-NNLS,mae,0.01971914991736412
6402,RU-NNLS,mae,0.02152043581008911
6403,RU-NNLS,mae,0.023659490048885345
6410,RU-NNLS,mae,0.026729663833975792
6416,RU-NNLS,mae,0.013520397245883942
6421,RU-NNLS,mae,0.011319276876747608
6422,RU-NNLS,mae,0.0185160543769598
6423,RU-NNLS,mae,0.024512527510523796
6427,RU-NNLS,mae,0.01411091536283493
6428,RU-NNLS,mae,0.0235761646181345
6432,RU-NNLS,mae,0.016472412273287773
6446,RU-NNLS,mae,0.018551724031567574
6457,RU-NNLS,mae,0.015638085082173347
6471,RU-NNLS,mae,0.016806334257125854
6484,RU-NNLS,mae,0.02049333043396473
6496,RU-NNLS,mae,0.020301494747400284
6498,RU-NNLS,mae,0.02251887135207653
6503,RU-NNLS,mae,0.011392772197723389
6509,RU-NNLS,mae,0.017044449225068092
6513,RU-NNLS,mae,0.02203320898115635
6522,RU-NNLS,mae,0.02888505905866623
6539,RU-NNLS,mae,0.014122380875051022
6545,RU-NNLS,mae,0.01491488516330719
6547,RU-NNLS,mae,0.01471774559468031
6552,RU-NNLS,mae,0.014479520730674267
6559,RU-NNLS,mae,0.018090883269906044
6564,RU-NNLS,mae,0.018397314473986626
6566,RU-NNLS,mae,0.015901030972599983
6570,RU-NNLS,mae,0.016404686495661736
6584,RU-NNLS,mae,0.012796539813280106
6588,RU-NNLS,mae,0.022279134020209312
6594,RU-NNLS,mae,0.03534550592303276
6612,RU-NNLS,mae,0.01627318002283573
6628,RU-NNLS,mae,0.02401728741824627
6637,RU-NNLS,mae,0.023451760411262512
6642,RU-NNLS,mae,0.01697426475584507
6647,RU-NNLS,mae,0.01211076695472002
6648,RU-NNLS,mae,0.01832316815853119
6649,RU-NNLS,mae,0.016864320263266563
6653,RU-NNLS,mae,0.02047744207084179
6656,RU-NNLS,mae,0.02063816227018833
6660,RU-NNLS,mae,0.016717350110411644
6672,RU-NNLS,mae,0.023665189743041992
6676,RU-NNLS,mae,0.017036043107509613
6682,RU-NNLS,mae,0.020260903984308243
6683,RU-NNLS,mae,0.015829093754291534
6691,RU-NNLS,mae,0.013063554652035236
6695,RU-NNLS,mae,0.021056780591607094
6700,RU-NNLS,mae,0.032691556960344315
6705,RU-NNLS,mae,0.02985396236181259
6706,RU-NNLS,mae,0.011219036765396595
6711,RU-NNLS,mae,0.015508084557950497
6732,RU-NNLS,mae,0.01787293702363968
6742,RU-NNLS,mae,0.028001822531223297
6744,RU-NNLS,mae,0.0070201922208070755
6747,RU-NNLS,mae,0.022945920005440712
6757,RU-NNLS,mae,0.01699093170464039
6769,RU-NNLS,mae,0.014148972928524017
6786,RU-NNLS,mae,0.02065136283636093
6787,RU-NNLS,mae,0.018103929236531258
6800,RU-NNLS,mae,0.018082236871123314
6808,RU-NNLS,mae,0.01773492805659771
6826,RU-NNLS,mae,0.020528865978121758
6831,RU-NNLS,mae,0.01533123105764389
6833,RU-NNLS,mae,0.015707070007920265
6835,RU-NNLS,mae,0.027830101549625397
6837,RU-NNLS,mae,0.006225159857422113
6845,RU-NNLS,mae,0.017079217359423637
6848,RU-NNLS,mae,0.024242177605628967
6855,RU-NNLS,mae,0.02807031385600567
6860,RU-NNLS,mae,0.023228833451867104
6865,RU-NNLS,mae,0.032450560480356216
6872,RU-NNLS,mae,0.02134642004966736
6880,RU-NNLS,mae,0.02037764899432659
6887,RU-NNLS,mae,0.020202746614813805
6889,RU-NNLS,mae,0.021760286763310432
6894,RU-NNLS,mae,0.02161564864218235
6904,RU-NNLS,mae,0.015718266367912292
6913,RU-NNLS,mae,0.016643477603793144
6928,RU-NNLS,mae,0.009851357899606228
6936,RU-NNLS,mae,0.01245737075805664
6963,RU-NNLS,mae,0.025615522637963295
6971,RU-NNLS,mae,0.009206450544297695
6992,RU-NNLS,mae,0.023830654099583626
7011,RU-NNLS,mae,0.024379149079322815
7013,RU-NNLS,mae,0.015634294599294662
7018,RU-NNLS,mae,0.028187790885567665
7023,RU-NNLS,mae,0.021583354100584984
7035,RU-NNLS,mae,0.030010700225830078
7038,RU-NNLS,mae,0.02517821453511715
7041,RU-NNLS,mae,0.018528511747717857
7042,RU-NNLS,mae,0.01488564070314169
7047,RU-NNLS,mae,0.01778109185397625
7057,RU-NNLS,mae,0.014172565191984177
7068,RU-NNLS,mae,0.020791852846741676
7088,RU-NNLS,mae,0.031373586505651474
7092,RU-NNLS,mae,0.0211697518825531
7100,RU-NNLS,mae,0.023411696776747704
7114,RU-NNLS,mae,0.02321304939687252
7119,RU-NNLS,mae,0.024715514853596687
7126,RU-NNLS,mae,0.02613319270312786
7131,RU-NNLS,mae,0.010625865310430527
7140,RU-NNLS,mae,0.023715710267424583
7142,RU-NNLS,mae,0.016808032989501953
7143,RU-NNLS,mae,0.013654056005179882
7153,RU-NNLS,mae,0.016241401433944702
7154,RU-NNLS,mae,0.017702346667647362
7169,RU-NNLS,mae,0.012133595533668995
7171,RU-NNLS,mae,0.014506933279335499
7172,RU-NNLS,mae,0.024050971493124962
7178,RU-NNLS,mae,0.019862916320562363
7184,RU-NNLS,mae,0.02664896845817566
7202,RU-NNLS,mae,0.02030804380774498
7206,RU-NNLS,mae,0.026873620226979256
7220,RU-NNLS,mae,0.021811028942465782
7226,RU-NNLS,mae,0.02547616697847843
7229,RU-NNLS,mae,0.013568772934377193
7231,RU-NNLS,mae,0.02130763791501522
7237,RU-NNLS,mae,0.019837966188788414
7244,RU-NNLS,mae,0.01451418548822403
7256,RU-NNLS,mae,0.0169550608843565
7259,RU-NNLS,mae,0.021036043763160706
7269,RU-NNLS,mae,0.015613473951816559
7272,RU-NNLS,mae,0.019052913412451744
7274,RU-NNLS,mae,0.01971503719687462
7276,RU-NNLS,mae,0.01007391232997179
7287,RU-NNLS,mae,0.014020600356161594
7288,RU-NNLS,mae,0.02168653905391693
7290,RU-NNLS,mae,0.017817102372646332
7293,RU-NNLS,mae,0.01729421131312847
7295,RU-NNLS,mae,0.013334260322153568
7299,RU-NNLS,mae,0.012845437973737717
7301,RU-NNLS,mae,0.019178912043571472
7313,RU-NNLS,mae,0.01500560063868761
7321,RU-NNLS,mae,0.021011384204030037
7327,RU-NNLS,mae,0.03570718690752983
7328,RU-NNLS,mae,0.014646492898464203
7331,RU-NNLS,mae,0.011903591454029083
7340,RU-NNLS,mae,0.018891584128141403
7346,RU-NNLS,mae,0.01864675246179104
7350,RU-NNLS,mae,0.018088683485984802
7373,RU-NNLS,mae,0.023701101541519165
7376,RU-NNLS,mae,0.02056201361119747
7383,RU-NNLS,mae,0.020351313054561615
7404,RU-NNLS,mae,0.019909217953681946
7412,RU-NNLS,mae,0.013556674122810364
7413,RU-NNLS,mae,0.021614283323287964
7421,RU-NNLS,mae,0.011885504238307476
7422,RU-NNLS,mae,0.030960047617554665
7426,RU-NNLS,mae,0.018887551501393318
7427,RU-NNLS,mae,0.01068973634392023
7429,RU-NNLS,mae,0.013841693289577961
7432,RU-NNLS,mae,0.017814969643950462
7454,RU-NNLS,mae,0.029123559594154358
7459,RU-NNLS,mae,0.010820227675139904
7463,RU-NNLS,mae,0.016626480966806412
7464,RU-NNLS,mae,0.02002059482038021
7476,RU-NNLS,mae,0.01623210497200489
7477,RU-NNLS,mae,0.01933588832616806
7498,RU-NNLS,mae,0.03195043280720711
7509,RU-NNLS,mae,0.013264715671539307
7511,RU-NNLS,mae,0.026657387614250183
7517,RU-NNLS,mae,0.010979506187140942
7526,RU-NNLS,mae,0.017392341047525406
7528,RU-NNLS,mae,0.02142181061208248
7529,RU-NNLS,mae,0.01746438629925251
7545,RU-NNLS,mae,0.01565065234899521
7546,RU-NNLS,mae,0.01910112425684929
7548,RU-NNLS,mae,0.02160142920911312
7555,RU-NNLS,mae,0.023018568754196167
7563,RU-NNLS,mae,0.02087298035621643
7570,RU-NNLS,mae,0.016367629170417786
7572,RU-NNLS,mae,0.01904989965260029
7576,RU-NNLS,mae,0.019060762599110603
7577,RU-NNLS,mae,0.01322218868881464
7595,RU-NNLS,mae,0.03491939604282379
7606,RU-NNLS,mae,0.018774785101413727
7608,RU-NNLS,mae,0.016408646479249
7619,RU-NNLS,mae,0.021572574973106384
7620,RU-NNLS,mae,0.02826678194105625
7624,RU-NNLS,mae,0.023338558152318
7627,RU-NNLS,mae,0.02829347550868988
7629,RU-NNLS,mae,0.017699675634503365
7630,RU-NNLS,mae,0.020103247836232185
7632,RU-NNLS,mae,0.019552474841475487
7645,RU-NNLS,mae,0.0196555033326149
7656,RU-NNLS,mae,0.017261965200304985
7671,RU-NNLS,mae,0.015269748866558075
7676,RU-NNLS,mae,0.016263388097286224
7688,RU-NNLS,mae,0.018675578758120537
7691,RU-NNLS,mae,0.024895692244172096
7692,RU-NNLS,mae,0.021563390269875526
7709,RU-NNLS,mae,0.020637033507227898
7710,RU-NNLS,mae,0.016736693680286407
7719,RU-NNLS,mae,0.018769506365060806
7738,RU-NNLS,mae,0.02270389534533024
7740,RU-NNLS,mae,0.02003917656838894
7741,RU-NNLS,mae,0.02811679244041443
7742,RU-NNLS,mae,0.02692721225321293
7759,RU-NNLS,mae,0.029170535504817963
7764,RU-NNLS,mae,0.018727822229266167
7768,RU-NNLS,mae,0.012554432265460491
7772,RU-NNLS,mae,0.017117036506533623
7774,RU-NNLS,mae,0.01935107819736004
7775,RU-NNLS,mae,0.01919970102608204
7776,RU-NNLS,mae,0.0161354411393404
7779,RU-NNLS,mae,0.022307073697447777
7791,RU-NNLS,mae,0.012901042588055134
7808,RU-NNLS,mae,0.01611700840294361
7813,RU-NNLS,mae,0.013658903539180756
7822,RU-NNLS,mae,0.014058730565011501
7825,RU-NNLS,mae,0.016522740945219994
7829,RU-NNLS,mae,0.019487669691443443
7835,RU-NNLS,mae,0.020722437649965286
7845,RU-NNLS,mae,0.01690675877034664
7861,RU-NNLS,mae,0.010843426920473576
7863,RU-NNLS,mae,0.020801054313778877
7869,RU-NNLS,mae,0.03078080713748932
7874,RU-NNLS,mae,0.011059332638978958
7891,RU-NNLS,mae,0.017969755455851555
7902,RU-NNLS,mae,0.028430385515093803
7916,RU-NNLS,mae,0.019605958834290504
7934,RU-NNLS,mae,0.01657339744269848
7940,RU-NNLS,mae,0.013250939548015594
7944,RU-NNLS,mae,0.02062073163688183
7960,RU-NNLS,mae,0.016667068004608154
7966,RU-NNLS,mae,0.018715960904955864
7967,RU-NNLS,mae,0.018219610676169395
7970,RU-NNLS,mae,0.021769026294350624
7971,RU-NNLS,mae,0.019852466881275177
7972,RU-NNLS,mae,0.023517757654190063
7977,RU-NNLS,mae,0.025437593460083008
7992,RU-NNLS,mae,0.015098904259502888
8002,RU-NNLS,mae,0.01395645271986723
8003,RU-NNLS,mae,0.02352411113679409
8004,RU-NNLS,mae,0.017980510368943214
8010,RU-NNLS,mae,0.010394752025604248
8015,RU-NNLS,mae,0.01697411760687828
8016,RU-NNLS,mae,0.020928634330630302
8024,RU-NNLS,mae,0.017579393461346626
8047,RU-NNLS,mae,0.02882792055606842
8058,RU-NNLS,mae,0.00829175766557455
8067,RU-NNLS,mae,0.01603933982551098
8073,RU-NNLS,mae,0.028002148494124413
8076,RU-NNLS,mae,0.02239605039358139
8081,RU-NNLS,mae,0.022323304787278175
8114,RU-NNLS,mae,0.028578780591487885
8115,RU-NNLS,mae,0.022848136723041534
8120,RU-NNLS,mae,0.017746733501553535
8122,RU-NNLS,mae,0.02030389942228794
8125,RU-NNLS,mae,0.01844962313771248
8136,RU-NNLS,mae,0.031038686633110046
8138,RU-NNLS,mae,0.013058148324489594
8149,RU-NNLS,mae,0.015932703390717506
8156,RU-NNLS,mae,0.02094295807182789
8157,RU-NNLS,mae,0.01785884238779545
8162,RU-NNLS,mae,0.023275213316082954
8167,RU-NNLS,mae,0.011586428619921207
8169,RU-NNLS,mae,0.020230626687407494
8170,RU-NNLS,mae,0.01692827418446541
8172,RU-NNLS,mae,0.02316589653491974
8202,RU-NNLS,mae,0.012960742227733135
8206,RU-NNLS,mae,0.02721426449716091
8217,RU-NNLS,mae,0.02065344713628292
8218,RU-NNLS,mae,0.015033786185085773
8222,RU-NNLS,mae,0.01023589912801981
8227,RU-NNLS,mae,0.019337890669703484
8249,RU-NNLS,mae,0.0126781165599823
8251,RU-NNLS,mae,0.018652860075235367
8252,RU-NNLS,mae,0.021566281095147133
8256,RU-NNLS,mae,0.01758267730474472
8263,RU-NNLS,mae,0.014266434125602245
5,RU-NNLS,rmse,0.03322639688849449
12,RU-NNLS,rmse,0.03754548728466034
24,RU-NNLS,rmse,0.03394627571105957
26,RU-NNLS,rmse,0.03722519427537918
30,RU-NNLS,rmse,0.043931618332862854
35,RU-NNLS,rmse,0.03748636320233345
39,RU-NNLS,rmse,0.0438096784055233
41,RU-NNLS,rmse,0.03330705687403679
42,RU-NNLS,rmse,0.03919227793812752
44,RU-NNLS,rmse,0.0369131937623024
48,RU-NNLS,rmse,0.030037695541977882
65,RU-NNLS,rmse,0.028857523575425148
69,RU-NNLS,rmse,0.049560338258743286
71,RU-NNLS,rmse,0.03861154615879059
73,RU-NNLS,rmse,0.03756827116012573
80,RU-NNLS,rmse,0.040379587560892105
83,RU-NNLS,rmse,0.034005798399448395
99,RU-NNLS,rmse,0.04911106452345848
100,RU-NNLS,rmse,0.04847714677453041
110,RU-NNLS,rmse,0.04538683965802193
116,RU-NNLS,rmse,0.042078182101249695
122,RU-NNLS,rmse,0.023652561008930206
132,RU-NNLS,rmse,0.0344231054186821
141,RU-NNLS,rmse,0.037399664521217346
151,RU-NNLS,rmse,0.04072856158018112
154,RU-NNLS,rmse,0.038361210376024246
156,RU-NNLS,rmse,0.04985189810395241
157,RU-NNLS,rmse,0.035439632833004
159,RU-NNLS,rmse,0.035954903811216354
178,RU-NNLS,rmse,0.031966280192136765
197,RU-NNLS,rmse,0.025623513385653496
199,RU-NNLS,rmse,0.030451642349362373
211,RU-NNLS,rmse,0.035197485238313675
212,RU-NNLS,rmse,0.039481859654188156
214,RU-NNLS,rmse,0.034736428409814835
221,RU-NNLS,rmse,0.035749711096286774
232,RU-NNLS,rmse,0.034954506903886795
233,RU-NNLS,rmse,0.0316949300467968
240,RU-NNLS,rmse,0.04609574377536774
242,RU-NNLS,rmse,0.05894461274147034
243,RU-NNLS,rmse,0.040588825941085815
244,RU-NNLS,rmse,0.036960992962121964
260,RU-NNLS,rmse,0.017183935269713402
273,RU-NNLS,rmse,0.04548893868923187
275,RU-NNLS,rmse,0.041936714202165604
276,RU-NNLS,rmse,0.041285865008831024
283,RU-NNLS,rmse,0.04449201375246048
297,RU-NNLS,rmse,0.046255990862846375
303,RU-NNLS,rmse,0.038790423423051834
310,RU-NNLS,rmse,0.026427429169416428
318,RU-NNLS,rmse,0.03841058909893036
319,RU-NNLS,rmse,0.04231930524110794
324,RU-NNLS,rmse,0.034097880125045776
326,RU-NNLS,rmse,0.028782395645976067
328,RU-NNLS,rmse,0.024994006380438805
330,RU-NNLS,rmse,0.033325862139463425
333,RU-NNLS,rmse,0.0337480865418911
340,RU-NNLS,rmse,0.04143782705068588
347,RU-NNLS,rmse,0.04162398725748062
348,RU-NNLS,rmse,0.03698539733886719
360,RU-NNLS,rmse,0.029041016474366188
361,RU-NNLS,rmse,0.04382531717419624
364,RU-NNLS,rmse,0.04117665812373161
366,RU-NNLS,rmse,0.027278104797005653
378,RU-NNLS,rmse,0.03478929400444031
391,RU-NNLS,rmse,0.03929654136300087
394,RU-NNLS,rmse,0.03582022711634636
398,RU-NNLS,rmse,0.04065810516476631
408,RU-NNLS,rmse,0.036416780203580856
409,RU-NNLS,rmse,0.04153081774711609
410,RU-NNLS,rmse,0.05190282687544823
412,RU-NNLS,rmse,0.028338534757494926
425,RU-NNLS,rmse,0.04442441835999489
429,RU-NNLS,rmse,0.040089692920446396
438,RU-NNLS,rmse,0.03421303257346153
461,RU-NNLS,rmse,0.04967449605464935
463,RU-NNLS,rmse,0.043755870312452316
464,RU-NNLS,rmse,0.0362374372780323
477,RU-NNLS,rmse,0.04266993701457977
486,RU-NNLS,rmse,0.028391283005475998
491,RU-NNLS,rmse,0.029187766835093498
495,RU-NNLS,rmse,0.042398009449243546
516,RU-NNLS,rmse,0.03925938159227371
521,RU-NNLS,rmse,0.03862292319536209
531,RU-NNLS,rmse,0.03760714828968048
533,RU-NNLS,rmse,0.052152279764413834
537,RU-NNLS,rmse,0.03321543708443642
542,RU-NNLS,rmse,0.038548845797777176
543,RU-NNLS,rmse,0.03338022902607918
548,RU-NNLS,rmse,0.039054498076438904
554,RU-NNLS,rmse,0.03657134622335434
565,RU-NNLS,rmse,0.030229350551962852
570,RU-NNLS,rmse,0.026454124599695206
574,RU-NNLS,rmse,0.045800160616636276
590,RU-NNLS,rmse,0.03678365796804428
610,RU-NNLS,rmse,0.039028167724609375
613,RU-NNLS,rmse,0.030089406296610832
634,RU-NNLS,rmse,0.036951713263988495
637,RU-NNLS,rmse,0.03166633099317551
642,RU-NNLS,rmse,0.04057582840323448
644,RU-NNLS,rmse,0.03392920643091202
663,RU-NNLS,rmse,0.03465644642710686
670,RU-NNLS,rmse,0.051662445068359375
676,RU-NNLS,rmse,0.03537852689623833
680,RU-NNLS,rmse,0.031236082315444946
686,RU-NNLS,rmse,0.036583397537469864
695,RU-NNLS,rmse,0.034399934113025665
707,RU-NNLS,rmse,0.035080183297395706
711,RU-NNLS,rmse,0.038811780512332916
712,RU-NNLS,rmse,0.03522859886288643
713,RU-NNLS,rmse,0.04213366657495499
717,RU-NNLS,rmse,0.028475206345319748
721,RU-NNLS,rmse,0.03056524693965912
738,RU-NNLS,rmse,0.04227229952812195
748,RU-NNLS,rmse,0.02557380124926567
752,RU-NNLS,rmse,0.03289129212498665
760,RU-NNLS,rmse,0.03422914445400238
763,RU-NNLS,rmse,0.029697353020310402
770,RU-NNLS,rmse,0.037862379103899
776,RU-NNLS,rmse,0.044079989194869995
778,RU-NNLS,rmse,0.037127524614334106
782,RU-NNLS,rmse,0.03478984907269478
787,RU-NNLS,rmse,0.04115555062890053
793,RU-NNLS,rmse,0.035404276102781296
799,RU-NNLS,rmse,0.037316542118787766
800,RU-NNLS,rmse,0.04508146271109581
804,RU-NNLS,rmse,0.037608031183481216
810,RU-NNLS,rmse,0.03784865885972977
812,RU-NNLS,rmse,0.03879975154995918
819,RU-NNLS,rmse,0.033691857010126114
823,RU-NNLS,rmse,0.03256206586956978
827,RU-NNLS,rmse,0.048855457454919815
831,RU-NNLS,rmse,0.032852087169885635
847,RU-NNLS,rmse,0.05501813814043999
849,RU-NNLS,rmse,0.028362080454826355
856,RU-NNLS,rmse,0.04146682471036911
865,RU-NNLS,rmse,0.03771905601024628
871,RU-NNLS,rmse,0.03124431148171425
873,RU-NNLS,rmse,0.037481460720300674
880,RU-NNLS,rmse,0.027941199019551277
884,RU-NNLS,rmse,0.04510634392499924
887,RU-NNLS,rmse,0.035293467342853546
893,RU-NNLS,rmse,0.041515059769153595
906,RU-NNLS,rmse,0.042353011667728424
909,RU-NNLS,rmse,0.05012885853648186
910,RU-NNLS,rmse,0.04292258247733116
913,RU-NNLS,rmse,0.03748788684606552
916,RU-NNLS,rmse,0.029989030212163925
927,RU-NNLS,rmse,0.03439456224441528
930,RU-NNLS,rmse,0.0335252620279789
939,RU-NNLS,rmse,0.03147266432642937
956,RU-NNLS,rmse,0.03691855072975159
963,RU-NNLS,rmse,0.052564822137355804
966,RU-NNLS,rmse,0.025755897164344788
969,RU-NNLS,rmse,0.05366481840610504
970,RU-NNLS,rmse,0.035939499735832214
978,RU-NNLS,rmse,0.03673480451107025
988,RU-NNLS,rmse,0.0379326231777668
989,RU-NNLS,rmse,0.032354846596717834
992,RU-NNLS,rmse,0.03535953536629677
995,RU-NNLS,rmse,0.03802314028143883
1004,RU-NNLS,rmse,0.02968822419643402
1008,RU-NNLS,rmse,0.048971883952617645
1011,RU-NNLS,rmse,0.057749297469854355
1013,RU-NNLS,rmse,0.037981536239385605
1018,RU-NNLS,rmse,0.039754003286361694
1022,RU-NNLS,rmse,0.028088761493563652
1045,RU-NNLS,rmse,0.03224961832165718
1049,RU-NNLS,rmse,0.027837971225380898
1051,RU-NNLS,rmse,0.04019809141755104
1061,RU-NNLS,rmse,0.03827047720551491
1063,RU-NNLS,rmse,0.024043980985879898
1068,RU-NNLS,rmse,0.021978851407766342
1076,RU-NNLS,rmse,0.017540019005537033
1079,RU-NNLS,rmse,0.03734937310218811
1084,RU-NNLS,rmse,0.03517107665538788
1089,RU-NNLS,rmse,0.041761428117752075
1090,RU-NNLS,rmse,0.024215437471866608
1099,RU-NNLS,rmse,0.04950173571705818
1114,RU-NNLS,rmse,0.023218050599098206
1120,RU-NNLS,rmse,0.04122753068804741
1121,RU-NNLS,rmse,0.04440055787563324
1134,RU-NNLS,rmse,0.03832964971661568
1177,RU-NNLS,rmse,0.02695349045097828
1178,RU-NNLS,rmse,0.027714723721146584
1183,RU-NNLS,rmse,0.034853044897317886
1193,RU-NNLS,rmse,0.04173079878091812
1204,RU-NNLS,rmse,0.02880341373383999
1208,RU-NNLS,rmse,0.031755782663822174
1213,RU-NNLS,rmse,0.034591205418109894
1231,RU-NNLS,rmse,0.034502770751714706
1232,RU-NNLS,rmse,0.045790642499923706
1233,RU-NNLS,rmse,0.04496850445866585
1238,RU-NNLS,rmse,0.03670595958828926
1240,RU-NNLS,rmse,0.028538471087813377
1243,RU-NNLS,rmse,0.03432871773838997
1260,RU-NNLS,rmse,0.02735445834696293
1267,RU-NNLS,rmse,0.03868395462632179
1268,RU-NNLS,rmse,0.03809969499707222
1274,RU-NNLS,rmse,0.03596554324030876
1281,RU-NNLS,rmse,0.03463657572865486
1297,RU-NNLS,rmse,0.027431637048721313
1307,RU-NNLS,rmse,0.03863291069865227
1313,RU-NNLS,rmse,0.030616674572229385
1330,RU-NNLS,rmse,0.04090031608939171
1334,RU-NNLS,rmse,0.039977822452783585
1346,RU-NNLS,rmse,0.02914140373468399
1348,RU-NNLS,rmse,0.03595336154103279
1355,RU-NNLS,rmse,0.03365249186754227
1363,RU-NNLS,rmse,0.026104310527443886
1366,RU-NNLS,rmse,0.03292239084839821
1391,RU-NNLS,rmse,0.0436168909072876
1400,RU-NNLS,rmse,0.031719423830509186
1411,RU-NNLS,rmse,0.03815867751836777
1413,RU-NNLS,rmse,0.026848573237657547
1422,RU-NNLS,rmse,0.04060160368680954
1425,RU-NNLS,rmse,0.04713032767176628
1434,RU-NNLS,rmse,0.03275467827916145
1441,RU-NNLS,rmse,0.029134603217244148
1447,RU-NNLS,rmse,0.026865176856517792
1458,RU-NNLS,rmse,0.03795111924409866
1471,RU-NNLS,rmse,0.049377959221601486
1481,RU-NNLS,rmse,0.03357658535242081
1499,RU-NNLS,rmse,0.036003127694129944
1506,RU-NNLS,rmse,0.04438081011176109
1511,RU-NNLS,rmse,0.04016741365194321
1512,RU-NNLS,rmse,0.03082221746444702
1515,RU-NNLS,rmse,0.028752323240041733
1522,RU-NNLS,rmse,0.03989709913730621
1525,RU-NNLS,rmse,0.04689783230423927
1536,RU-NNLS,rmse,0.03536098822951317
1541,RU-NNLS,rmse,0.03838782384991646
1543,RU-NNLS,rmse,0.0404096320271492
1546,RU-NNLS,rmse,0.03513737767934799
1551,RU-NNLS,rmse,0.04982827231287956
1553,RU-NNLS,rmse,0.04494669288396835
1559,RU-NNLS,rmse,0.04936398193240166
1562,RU-NNLS,rmse,0.04629705101251602
1563,RU-NNLS,rmse,0.04487278684973717
1581,RU-NNLS,rmse,0.0371401384472847
1613,RU-NNLS,rmse,0.03313572332262993
1619,RU-NNLS,rmse,0.03637022152543068
1622,RU-NNLS,rmse,0.040566250681877136
1624,RU-NNLS,rmse,0.03402872383594513
1634,RU-NNLS,rmse,0.03173769637942314
1644,RU-NNLS,rmse,0.020557554438710213
1645,RU-NNLS,rmse,0.030439965426921844
1663,RU-NNLS,rmse,0.038165610283613205
1673,RU-NNLS,rmse,0.035530246794223785
1684,RU-NNLS,rmse,0.03638793155550957
1685,RU-NNLS,rmse,0.03192417323589325
1694,RU-NNLS,rmse,0.03286004438996315
1697,RU-NNLS,rmse,0.0408795103430748
1698,RU-NNLS,rmse,0.02938656136393547
1700,RU-NNLS,rmse,0.04329860582947731
1715,RU-NNLS,rmse,0.036910537630319595
1721,RU-NNLS,rmse,0.0303872711956501
1724,RU-NNLS,rmse,0.041896503418684006
1727,RU-NNLS,rmse,0.031170718371868134
1729,RU-NNLS,rmse,0.03647426888346672
1741,RU-NNLS,rmse,0.04058306664228439
1760,RU-NNLS,rmse,0.031883515417575836
1761,RU-NNLS,rmse,0.04739021882414818
1763,RU-NNLS,rmse,0.031463250517845154
1765,RU-NNLS,rmse,0.03646617755293846
1773,RU-NNLS,rmse,0.035262227058410645
1782,RU-NNLS,rmse,0.028170807287096977
1784,RU-NNLS,rmse,0.026949740946292877
1791,RU-NNLS,rmse,0.03687768056988716
1798,RU-NNLS,rmse,0.03471677377820015
1804,RU-NNLS,rmse,0.04633795842528343
1812,RU-NNLS,rmse,0.034161828458309174
1814,RU-NNLS,rmse,0.033436574041843414
1819,RU-NNLS,rmse,0.03600837662816048
1824,RU-NNLS,rmse,0.03960316628217697
1831,RU-NNLS,rmse,0.034015197306871414
1833,RU-NNLS,rmse,0.039481718093156815
1841,RU-NNLS,rmse,0.04120563715696335
1843,RU-NNLS,rmse,0.030206680297851562
1868,RU-NNLS,rmse,0.03355507180094719
1871,RU-NNLS,rmse,0.02823498100042343
1881,RU-NNLS,rmse,0.03201531246304512
1882,RU-NNLS,rmse,0.041217826306819916
1888,RU-NNLS,rmse,0.024926237761974335
1911,RU-NNLS,rmse,0.036534324288368225
1919,RU-NNLS,rmse,0.028065601363778114
1935,RU-NNLS,rmse,0.03720209375023842
1942,RU-NNLS,rmse,0.03557317703962326
1943,RU-NNLS,rmse,0.032332293689250946
1963,RU-NNLS,rmse,0.0452883318066597
1968,RU-NNLS,rmse,0.048444416373968124
1985,RU-NNLS,rmse,0.04304485023021698
1999,RU-NNLS,rmse,0.046458762139081955
2000,RU-NNLS,rmse,0.036667659878730774
2002,RU-NNLS,rmse,0.03369051590561867
2003,RU-NNLS,rmse,0.029016684740781784
2015,RU-NNLS,rmse,0.0380469411611557
2020,RU-NNLS,rmse,0.03899640962481499
2021,RU-NNLS,rmse,0.030460931360721588
2026,RU-NNLS,rmse,0.029176170006394386
2028,RU-NNLS,rmse,0.036202576011419296
2034,RU-NNLS,rmse,0.03588986396789551
2038,RU-NNLS,rmse,0.06680028140544891
2060,RU-NNLS,rmse,0.028688007965683937
2075,RU-NNLS,rmse,0.041961897164583206
2078,RU-NNLS,rmse,0.03905971348285675
2081,RU-NNLS,rmse,0.030552249401807785
2095,RU-NNLS,rmse,0.037792451679706573
2096,RU-NNLS,rmse,0.031227005645632744
2102,RU-NNLS,rmse,0.046178869903087616
2107,RU-NNLS,rmse,0.03508344292640686
2109,RU-NNLS,rmse,0.0340241938829422
2111,RU-NNLS,rmse,0.030413663014769554
2112,RU-NNLS,rmse,0.04376610368490219
2118,RU-NNLS,rmse,0.03668275475502014
2122,RU-NNLS,rmse,0.04509915038943291
2123,RU-NNLS,rmse,0.04407954588532448
2128,RU-NNLS,rmse,0.039770692586898804
2140,RU-NNLS,rmse,0.044071927666664124
2148,RU-NNLS,rmse,0.03704703599214554
2149,RU-NNLS,rmse,0.04424278065562248
2151,RU-NNLS,rmse,0.0288652665913105
2152,RU-NNLS,rmse,0.037195198237895966
2166,RU-NNLS,rmse,0.051636017858982086
2168,RU-NNLS,rmse,0.03991204500198364
2176,RU-NNLS,rmse,0.035231102257966995
2178,RU-NNLS,rmse,0.030979912728071213
2183,RU-NNLS,rmse,0.03884797915816307
2195,RU-NNLS,rmse,0.045814309269189835
2200,RU-NNLS,rmse,0.03222493454813957
2204,RU-NNLS,rmse,0.04298507794737816
2205,RU-NNLS,rmse,0.03586762398481369
2206,RU-NNLS,rmse,0.039562709629535675
2211,RU-NNLS,rmse,0.0293806791305542
2218,RU-NNLS,rmse,0.025534534826874733
2221,RU-NNLS,rmse,0.028470048680901527
2224,RU-NNLS,rmse,0.034906718879938126
2227,RU-NNLS,rmse,0.030423186719417572
2231,RU-NNLS,rmse,0.04239102825522423
2236,RU-NNLS,rmse,0.04314164072275162
2238,RU-NNLS,rmse,0.057907987385988235
2242,RU-NNLS,rmse,0.048809733241796494
2246,RU-NNLS,rmse,0.04026854410767555
2269,RU-NNLS,rmse,0.034886397421360016
2278,RU-NNLS,rmse,0.04442913830280304
2279,RU-NNLS,rmse,0.051056869328022
2305,RU-NNLS,rmse,0.04369914159178734
2315,RU-NNLS,rmse,0.039638061076402664
2316,RU-NNLS,rmse,0.041390761733055115
2331,RU-NNLS,rmse,0.03220239281654358
2332,RU-NNLS,rmse,0.028849374502897263
2334,RU-NNLS,rmse,0.034631915390491486
2336,RU-NNLS,rmse,0.050688810646533966
2342,RU-NNLS,rmse,0.0444958470761776
2344,RU-NNLS,rmse,0.03179776668548584
2345,RU-NNLS,rmse,0.03962849825620651
2350,RU-NNLS,rmse,0.04475278779864311
2358,RU-NNLS,rmse,0.0539708137512207
2378,RU-NNLS,rmse,0.04228322207927704
2388,RU-NNLS,rmse,0.03417482227087021
2390,RU-NNLS,rmse,0.05651555955410004
2396,RU-NNLS,rmse,0.028986021876335144
2415,RU-NNLS,rmse,0.032591741532087326
2417,RU-NNLS,rmse,0.03683379665017128
2427,RU-NNLS,rmse,0.04463506117463112
2428,RU-NNLS,rmse,0.027588563039898872
2442,RU-NNLS,rmse,0.03791140764951706
2448,RU-NNLS,rmse,0.04149429127573967
2459,RU-NNLS,rmse,0.030689002946019173
2460,RU-NNLS,rmse,0.048529550433158875
2482,RU-NNLS,rmse,0.0296870656311512
2483,RU-NNLS,rmse,0.02683076076209545
2501,RU-NNLS,rmse,0.04423750936985016
2512,RU-NNLS,rmse,0.024883724749088287
2514,RU-NNLS,rmse,0.03281008079648018
2520,RU-NNLS,rmse,0.05084191635251045
2536,RU-NNLS,rmse,0.04438883811235428
2543,RU-NNLS,rmse,0.03451090678572655
2554,RU-NNLS,rmse,0.03194664791226387
2598,RU-NNLS,rmse,0.03775276988744736
2602,RU-NNLS,rmse,0.04743484780192375
2604,RU-NNLS,rmse,0.035775113850831985
2609,RU-NNLS,rmse,0.034859392791986465
2611,RU-NNLS,rmse,0.042972344905138016
2616,RU-NNLS,rmse,0.05100791156291962
2618,RU-NNLS,rmse,0.03317325934767723
2630,RU-NNLS,rmse,0.04179297760128975
2647,RU-NNLS,rmse,0.04431217536330223
2652,RU-NNLS,rmse,0.0365619994699955
2653,RU-NNLS,rmse,0.04578760266304016
2660,RU-NNLS,rmse,0.04000759869813919
2673,RU-NNLS,rmse,0.03549713268876076
2682,RU-NNLS,rmse,0.041563935577869415
2687,RU-NNLS,rmse,0.026257984340190887
2700,RU-NNLS,rmse,0.04242002218961716
2702,RU-NNLS,rmse,0.058961521834135056
2711,RU-NNLS,rmse,0.05553054437041283
2725,RU-NNLS,rmse,0.043112173676490784
2726,RU-NNLS,rmse,0.03206952288746834
2727,RU-NNLS,rmse,0.058126892894506454
2732,RU-NNLS,rmse,0.03975959122180939
2742,RU-NNLS,rmse,0.047804832458496094
2744,RU-NNLS,rmse,0.026668954640626907
2745,RU-NNLS,rmse,0.03243439644575119
2751,RU-NNLS,rmse,0.04477701336145401
2775,RU-NNLS,rmse,0.01762554980814457
2782,RU-NNLS,rmse,0.053855009377002716
2783,RU-NNLS,rmse,0.04661804437637329
2787,RU-NNLS,rmse,0.03528925031423569
2788,RU-NNLS,rmse,0.0417642667889595
2792,RU-NNLS,rmse,0.03783965855836868
2810,RU-NNLS,rmse,0.039518121629953384
2813,RU-NNLS,rmse,0.03071647696197033
2816,RU-NNLS,rmse,0.03538965806365013
2817,RU-NNLS,rmse,0.031925030052661896
2819,RU-NNLS,rmse,0.02523619867861271
2841,RU-NNLS,rmse,0.044564515352249146
2846,RU-NNLS,rmse,0.0453893281519413
2851,RU-NNLS,rmse,0.03424014151096344
2855,RU-NNLS,rmse,0.04354206100106239
2864,RU-NNLS,rmse,0.05228789150714874
2875,RU-NNLS,rmse,0.03698825091123581
2886,RU-NNLS,rmse,0.043956104665994644
2897,RU-NNLS,rmse,0.04704011604189873
2911,RU-NNLS,rmse,0.04133203625679016
2915,RU-NNLS,rmse,0.034458283334970474
2929,RU-NNLS,rmse,0.03385043516755104
2938,RU-NNLS,rmse,0.0430997833609581
2945,RU-NNLS,rmse,0.04157056659460068
2959,RU-NNLS,rmse,0.05348658561706543
2966,RU-NNLS,rmse,0.04311450570821762
2971,RU-NNLS,rmse,0.03340353071689606
2973,RU-NNLS,rmse,0.03510136157274246
2975,RU-NNLS,rmse,0.038154877722263336
2976,RU-NNLS,rmse,0.0382121317088604
2986,RU-NNLS,rmse,0.03165675327181816
3010,RU-NNLS,rmse,0.0412558913230896
3020,RU-NNLS,rmse,0.04415194317698479
3027,RU-NNLS,rmse,0.035217273980379105
3032,RU-NNLS,rmse,0.04057544842362404
3039,RU-NNLS,rmse,0.041741229593753815
3048,RU-NNLS,rmse,0.04046176001429558
3049,RU-NNLS,rmse,0.03924890607595444
3056,RU-NNLS,rmse,0.04104165360331535
3062,RU-NNLS,rmse,0.0385616309940815
3065,RU-NNLS,rmse,0.02993716485798359
3068,RU-NNLS,rmse,0.03710321709513664
3071,RU-NNLS,rmse,0.03744124248623848
3072,RU-NNLS,rmse,0.031686268746852875
3073,RU-NNLS,rmse,0.041498925536870956
3074,RU-NNLS,rmse,0.03271287679672241
3085,RU-NNLS,rmse,0.03143514692783356
3086,RU-NNLS,rmse,0.05458606034517288
3089,RU-NNLS,rmse,0.03162494674324989
3095,RU-NNLS,rmse,0.042640384286642075
3105,RU-NNLS,rmse,0.037435393780469894
3107,RU-NNLS,rmse,0.03253092244267464
3111,RU-NNLS,rmse,0.046676140278577805
3118,RU-NNLS,rmse,0.04768752306699753
3126,RU-NNLS,rmse,0.03367910161614418
3132,RU-NNLS,rmse,0.03711077570915222
3134,RU-NNLS,rmse,0.036840133368968964
3142,RU-NNLS,rmse,0.024391429498791695
3149,RU-NNLS,rmse,0.037640538066625595
3151,RU-NNLS,rmse,0.038410406559705734
3152,RU-NNLS,rmse,0.03238081932067871
3165,RU-NNLS,rmse,0.03910862281918526
3167,RU-NNLS,rmse,0.04892371967434883
3168,RU-NNLS,rmse,0.033997442573308945
3178,RU-NNLS,rmse,0.04231918603181839
3183,RU-NNLS,rmse,0.03407153859734535
3185,RU-NNLS,rmse,0.021744325757026672
3217,RU-NNLS,rmse,0.038577139377593994
3219,RU-NNLS,rmse,0.03916290029883385
3222,RU-NNLS,rmse,0.04591960459947586
3225,RU-NNLS,rmse,0.04284629598259926
3236,RU-NNLS,rmse,0.03878346085548401
3240,RU-NNLS,rmse,0.033038295805454254
3242,RU-NNLS,rmse,0.03196105360984802
3243,RU-NNLS,rmse,0.04135078191757202
3250,RU-NNLS,rmse,0.029088875278830528
3253,RU-NNLS,rmse,0.04281201213598251
3276,RU-NNLS,rmse,0.03874235972762108
3280,RU-NNLS,rmse,0.041710108518600464
3289,RU-NNLS,rmse,0.03246333822607994
3297,RU-NNLS,rmse,0.028591183945536613
3313,RU-NNLS,rmse,0.03299476578831673
3317,RU-NNLS,rmse,0.051237672567367554
3328,RU-NNLS,rmse,0.044072225689888
3333,RU-NNLS,rmse,0.03518380969762802
3341,RU-NNLS,rmse,0.034054841846227646
3342,RU-NNLS,rmse,0.04378865286707878
3345,RU-NNLS,rmse,0.04129495471715927
3363,RU-NNLS,rmse,0.03634891286492348
3367,RU-NNLS,rmse,0.02778914012014866
3381,RU-NNLS,rmse,0.0463222935795784
3395,RU-NNLS,rmse,0.03845260664820671
3397,RU-NNLS,rmse,0.03712007775902748
3402,RU-NNLS,rmse,0.04774803668260574
3403,RU-NNLS,rmse,0.027955425903201103
3404,RU-NNLS,rmse,0.04827578365802765
3427,RU-NNLS,rmse,0.036677733063697815
3436,RU-NNLS,rmse,0.04482113942503929
3443,RU-NNLS,rmse,0.04178287088871002
3461,RU-NNLS,rmse,0.03711549565196037
3462,RU-NNLS,rmse,0.033702313899993896
3465,RU-NNLS,rmse,0.04007745534181595
3487,RU-NNLS,rmse,0.034049421548843384
3495,RU-NNLS,rmse,0.03154561668634415
3509,RU-NNLS,rmse,0.04267299547791481
3510,RU-NNLS,rmse,0.03781894966959953
3511,RU-NNLS,rmse,0.04552031680941582
3512,RU-NNLS,rmse,0.03862518444657326
3516,RU-NNLS,rmse,0.046206146478652954
3527,RU-NNLS,rmse,0.04938151687383652
3543,RU-NNLS,rmse,0.034437086433172226
3551,RU-NNLS,rmse,0.0266389399766922
3554,RU-NNLS,rmse,0.03342146798968315
3557,RU-NNLS,rmse,0.027821386232972145
3559,RU-NNLS,rmse,0.03841763362288475
3561,RU-NNLS,rmse,0.04148493707180023
3567,RU-NNLS,rmse,0.03658675774931908
3580,RU-NNLS,rmse,0.04107272997498512
3592,RU-NNLS,rmse,0.027526477351784706
3594,RU-NNLS,rmse,0.03640777990221977
3597,RU-NNLS,rmse,0.021427668631076813
3598,RU-NNLS,rmse,0.03305194526910782
3610,RU-NNLS,rmse,0.04391499236226082
3612,RU-NNLS,rmse,0.03713303804397583
3625,RU-NNLS,rmse,0.058436501771211624
3634,RU-NNLS,rmse,0.0255963746458292
3636,RU-NNLS,rmse,0.04125960171222687
3644,RU-NNLS,rmse,0.044264696538448334
3646,RU-NNLS,rmse,0.0286669060587883
3647,RU-NNLS,rmse,0.04193245247006416
3668,RU-NNLS,rmse,0.050526008009910583
3674,RU-NNLS,rmse,0.03847617655992508
3676,RU-NNLS,rmse,0.030180631205439568
3694,RU-NNLS,rmse,0.038559697568416595
3701,RU-NNLS,rmse,0.04623408615589142
3712,RU-NNLS,rmse,0.04313098266720772
3714,RU-NNLS,rmse,0.04438852146267891
3719,RU-NNLS,rmse,0.03761079162359238
3721,RU-NNLS,rmse,0.033637937158346176
3723,RU-NNLS,rmse,0.04871813952922821
3725,RU-NNLS,rmse,0.03478735685348511
3728,RU-NNLS,rmse,0.028702732175588608
3730,RU-NNLS,rmse,0.0359216183423996
3739,RU-NNLS,rmse,0.02887716330587864
3741,RU-NNLS,rmse,0.03337830305099487
3745,RU-NNLS,rmse,0.030682766810059547
3746,RU-NNLS,rmse,0.04567112401127815
3754,RU-NNLS,rmse,0.03361033275723457
3758,RU-NNLS,rmse,0.03826478123664856
3759,RU-NNLS,rmse,0.027719441801309586
3779,RU-NNLS,rmse,0.029879694804549217
3791,RU-NNLS,rmse,0.041076578199863434
3792,RU-NNLS,rmse,0.043678946793079376
3794,RU-NNLS,rmse,0.03212996944785118
3803,RU-NNLS,rmse,0.029349133372306824
3804,RU-NNLS,rmse,0.03856079652905464
3807,RU-NNLS,rmse,0.03400164097547531
3809,RU-NNLS,rmse,0.033454880118370056
3812,RU-NNLS,rmse,0.046297673135995865
3813,RU-NNLS,rmse,0.03723500669002533
3815,RU-NNLS,rmse,0.03693143650889397
3823,RU-NNLS,rmse,0.04029041901230812
3824,RU-NNLS,rmse,0.021300457417964935
3827,RU-NNLS,rmse,0.03954091668128967
3830,RU-NNLS,rmse,0.03175126388669014
3834,RU-NNLS,rmse,0.04783503711223602
3838,RU-NNLS,rmse,0.04192362725734711
3845,RU-NNLS,rmse,0.02099180407822132
3846,RU-NNLS,rmse,0.022962648421525955
3849,RU-NNLS,rmse,0.03510595113039017
3850,RU-NNLS,rmse,0.03697984293103218
3859,RU-NNLS,rmse,0.03589244186878204
3883,RU-NNLS,rmse,0.03600064292550087
3886,RU-NNLS,rmse,0.045953888446092606
3887,RU-NNLS,rmse,0.03623587638139725
3892,RU-NNLS,rmse,0.0503462515771389
3894,RU-NNLS,rmse,0.04771605506539345
3897,RU-NNLS,rmse,0.03501768037676811
3917,RU-NNLS,rmse,0.035323403775691986
3927,RU-NNLS,rmse,0.035671982914209366
3928,RU-NNLS,rmse,0.038818418979644775
3933,RU-NNLS,rmse,0.04101106524467468
3937,RU-NNLS,rmse,0.031953077763319016
3938,RU-NNLS,rmse,0.033841297030448914
3951,RU-NNLS,rmse,0.04820036143064499
3969,RU-NNLS,rmse,0.041046883910894394
3972,RU-NNLS,rmse,0.046377282589673996
3978,RU-NNLS,rmse,0.03340781480073929
3982,RU-NNLS,rmse,0.03619680926203728
4000,RU-NNLS,rmse,0.04434496909379959
4001,RU-NNLS,rmse,0.0455336794257164
4006,RU-NNLS,rmse,0.030436107888817787
4010,RU-NNLS,rmse,0.030726289376616478
4018,RU-NNLS,rmse,0.03145258501172066
4020,RU-NNLS,rmse,0.0428796149790287
4023,RU-NNLS,rmse,0.029208172112703323
4028,RU-NNLS,rmse,0.03316299244761467
4035,RU-NNLS,rmse,0.046400610357522964
4038,RU-NNLS,rmse,0.040090907365083694
4039,RU-NNLS,rmse,0.03895248472690582
4047,RU-NNLS,rmse,0.029593560844659805
4050,RU-NNLS,rmse,0.03943905234336853
4052,RU-NNLS,rmse,0.035177089273929596
4055,RU-NNLS,rmse,0.03606998920440674
4069,RU-NNLS,rmse,0.024106040596961975
4073,RU-NNLS,rmse,0.03248816356062889
4078,RU-NNLS,rmse,0.03643817827105522
4079,RU-NNLS,rmse,0.04329877346754074
4080,RU-NNLS,rmse,0.03664609417319298
4091,RU-NNLS,rmse,0.04283410683274269
4096,RU-NNLS,rmse,0.04708275943994522
4098,RU-NNLS,rmse,0.033975012600421906
4121,RU-NNLS,rmse,0.039860013872385025
4134,RU-NNLS,rmse,0.03882843255996704
4135,RU-NNLS,rmse,0.03578681871294975
4137,RU-NNLS,rmse,0.03165053203701973
4145,RU-NNLS,rmse,0.03303946182131767
4149,RU-NNLS,rmse,0.02830755151808262
4153,RU-NNLS,rmse,0.0511540062725544
4181,RU-NNLS,rmse,0.04368047043681145
4188,RU-NNLS,rmse,0.05232669785618782
4196,RU-NNLS,rmse,0.04048171639442444
4204,RU-NNLS,rmse,0.05155211314558983
4209,RU-NNLS,rmse,0.036481697112321854
4211,RU-NNLS,rmse,0.036070309579372406
4212,RU-NNLS,rmse,0.03905593231320381
4218,RU-NNLS,rmse,0.04744631424546242
4228,RU-NNLS,rmse,0.03768967092037201
4229,RU-NNLS,rmse,0.031579144299030304
4250,RU-NNLS,rmse,0.03470250964164734
4254,RU-NNLS,rmse,0.02962360344827175
4261,RU-NNLS,rmse,0.0323883481323719
4264,RU-NNLS,rmse,0.037293851375579834
4265,RU-NNLS,rmse,0.036590807139873505
4284,RU-NNLS,rmse,0.03937270864844322
4294,RU-NNLS,rmse,0.02871597371995449
4296,RU-NNLS,rmse,0.033056359738111496
4306,RU-NNLS,rmse,0.04266728088259697
4321,RU-NNLS,rmse,0.0405874140560627
4327,RU-NNLS,rmse,0.033572401851415634
4331,RU-NNLS,rmse,0.032389674335718155
4334,RU-NNLS,rmse,0.04602775722742081
4339,RU-NNLS,rmse,0.03288503363728523
4340,RU-NNLS,rmse,0.040477070957422256
4344,RU-NNLS,rmse,0.045649539679288864
4349,RU-NNLS,rmse,0.040981512516736984
4361,RU-NNLS,rmse,0.028413571417331696
4370,RU-NNLS,rmse,0.038465797901153564
4371,RU-NNLS,rmse,0.029229680076241493
4376,RU-NNLS,rmse,0.03311594948172569
4390,RU-NNLS,rmse,0.03967034071683884
4403,RU-NNLS,rmse,0.03871813789010048
4408,RU-NNLS,rmse,0.031899843364953995
4412,RU-NNLS,rmse,0.03415139392018318
4419,RU-NNLS,rmse,0.03304445743560791
4433,RU-NNLS,rmse,0.038250017911195755
4437,RU-NNLS,rmse,0.0366465300321579
4446,RU-NNLS,rmse,0.04045332223176956
4450,RU-NNLS,rmse,0.031463295221328735
4460,RU-NNLS,rmse,0.027539221569895744
4464,RU-NNLS,rmse,0.041633762419223785
4466,RU-NNLS,rmse,0.0292564257979393
4474,RU-NNLS,rmse,0.04192136600613594
4491,RU-NNLS,rmse,0.033087290823459625
4499,RU-NNLS,rmse,0.03243590518832207
4527,RU-NNLS,rmse,0.042751677334308624
4535,RU-NNLS,rmse,0.04683554172515869
4542,RU-NNLS,rmse,0.05076149106025696
4544,RU-NNLS,rmse,0.04256860539317131
4547,RU-NNLS,rmse,0.02500140853226185
4554,RU-NNLS,rmse,0.03449816629290581
4555,RU-NNLS,rmse,0.02323789894580841
4561,RU-NNLS,rmse,0.033603835850954056
4566,RU-NNLS,rmse,0.029069706797599792
4568,RU-NNLS,rmse,0.036233119666576385
4586,RU-NNLS,rmse,0.039846062660217285
4589,RU-NNLS,rmse,0.05409204214811325
4590,RU-NNLS,rmse,0.043656736612319946
4597,RU-NNLS,rmse,0.04702318459749222
4602,RU-NNLS,rmse,0.03416837379336357
4613,RU-NNLS,rmse,0.0455436073243618
4614,RU-NNLS,rmse,0.03238512575626373
4619,RU-NNLS,rmse,0.035257961601018906
4627,RU-NNLS,rmse,0.03643930330872536
4629,RU-NNLS,rmse,0.043364230543375015
4633,RU-NNLS,rmse,0.035806842148303986
4635,RU-NNLS,rmse,0.03744185343384743
4650,RU-NNLS,rmse,0.0317775160074234
4656,RU-NNLS,rmse,0.02518271654844284
4677,RU-NNLS,rmse,0.03322630003094673
4682,RU-NNLS,rmse,0.04722495749592781
4685,RU-NNLS,rmse,0.043228186666965485
4691,RU-NNLS,rmse,0.049872059375047684
4703,RU-NNLS,rmse,0.03345079720020294
4712,RU-NNLS,rmse,0.03988222777843475
4716,RU-NNLS,rmse,0.02883381024003029
4725,RU-NNLS,rmse,0.033875107765197754
4727,RU-NNLS,rmse,0.04646427556872368
4734,RU-NNLS,rmse,0.03802823647856712
4750,RU-NNLS,rmse,0.028363695368170738
4751,RU-NNLS,rmse,0.03905715048313141
4752,RU-NNLS,rmse,0.04723843187093735
4753,RU-NNLS,rmse,0.03662113472819328
4760,RU-NNLS,rmse,0.03357325494289398
4761,RU-NNLS,rmse,0.0448322631418705
4770,RU-NNLS,rmse,0.04166297987103462
4774,RU-NNLS,rmse,0.0339943952858448
4777,RU-NNLS,rmse,0.043369270861148834
4791,RU-NNLS,rmse,0.033041100949048996
4793,RU-NNLS,rmse,0.032175906002521515
4796,RU-NNLS,rmse,0.04127544164657593
4801,RU-NNLS,rmse,0.034810420125722885
4809,RU-NNLS,rmse,0.0317428857088089
4811,RU-NNLS,rmse,0.03082997351884842
4813,RU-NNLS,rmse,0.03559299558401108
4821,RU-NNLS,rmse,0.033510804176330566
4828,RU-NNLS,rmse,0.04812062531709671
4839,RU-NNLS,rmse,0.03253372013568878
4842,RU-NNLS,rmse,0.04944846034049988
4851,RU-NNLS,rmse,0.0347416028380394
4854,RU-NNLS,rmse,0.041916072368621826
4859,RU-NNLS,rmse,0.034564703702926636
4862,RU-NNLS,rmse,0.04119625687599182
4866,RU-NNLS,rmse,0.03569013625383377
4881,RU-NNLS,rmse,0.04192033037543297
4901,RU-NNLS,rmse,0.037978727370500565
4905,RU-NNLS,rmse,0.03689305856823921
4907,RU-NNLS,rmse,0.04605680704116821
4911,RU-NNLS,rmse,0.033737197518348694
4923,RU-NNLS,rmse,0.04267291724681854
4926,RU-NNLS,rmse,0.03912360966205597
4936,RU-NNLS,rmse,0.034607283771038055
4937,RU-NNLS,rmse,0.043805066496133804
4939,RU-NNLS,rmse,0.03105650655925274
4943,RU-NNLS,rmse,0.040186017751693726
4973,RU-NNLS,rmse,0.030972760170698166
4975,RU-NNLS,rmse,0.026798507198691368
4980,RU-NNLS,rmse,0.03631630539894104
4987,RU-NNLS,rmse,0.03947572410106659
4995,RU-NNLS,rmse,0.037546075880527496
4997,RU-NNLS,rmse,0.045177556574344635
5010,RU-NNLS,rmse,0.05169690027832985
5013,RU-NNLS,rmse,0.03027762845158577
5017,RU-NNLS,rmse,0.023087359964847565
5025,RU-NNLS,rmse,0.035293374210596085
5028,RU-NNLS,rmse,0.05025285482406616
5039,RU-NNLS,rmse,0.029937690123915672
5041,RU-NNLS,rmse,0.03778660669922829
5053,RU-NNLS,rmse,0.03921002894639969
5058,RU-NNLS,rmse,0.03843946382403374
5064,RU-NNLS,rmse,0.030155805870890617
5069,RU-NNLS,rmse,0.03555184230208397
5073,RU-NNLS,rmse,0.035822901874780655
5084,RU-NNLS,rmse,0.0393092967569828
5096,RU-NNLS,rmse,0.042107973247766495
5099,RU-NNLS,rmse,0.034409187734127045
5101,RU-NNLS,rmse,0.043203532695770264
5103,RU-NNLS,rmse,0.03210744634270668
5105,RU-NNLS,rmse,0.04003188759088516
5106,RU-NNLS,rmse,0.0408523753285408
5120,RU-NNLS,rmse,0.03184925764799118
5125,RU-NNLS,rmse,0.04672924801707268
5139,RU-NNLS,rmse,0.026476558297872543
5151,RU-NNLS,rmse,0.03805183619260788
5154,RU-NNLS,rmse,0.04379146173596382
5160,RU-NNLS,rmse,0.03150104731321335
5162,RU-NNLS,rmse,0.03242267295718193
5182,RU-NNLS,rmse,0.05015168711543083
5183,RU-NNLS,rmse,0.027033068239688873
5190,RU-NNLS,rmse,0.038897477090358734
5199,RU-NNLS,rmse,0.05418975651264191
5216,RU-NNLS,rmse,0.05342372506856918
5220,RU-NNLS,rmse,0.03979009762406349
5221,RU-NNLS,rmse,0.04286465048789978
5227,RU-NNLS,rmse,0.04160042107105255
5234,RU-NNLS,rmse,0.02398603968322277
5235,RU-NNLS,rmse,0.04364561662077904
5250,RU-NNLS,rmse,0.045050766319036484
5254,RU-NNLS,rmse,0.03572898358106613
5259,RU-NNLS,rmse,0.027116229757666588
5263,RU-NNLS,rmse,0.03839563950896263
5265,RU-NNLS,rmse,0.03117017075419426
5268,RU-NNLS,rmse,0.03484675660729408
5275,RU-NNLS,rmse,0.025651028379797935
5281,RU-NNLS,rmse,0.045455869287252426
5290,RU-NNLS,rmse,0.03881939500570297
5293,RU-NNLS,rmse,0.03811565414071083
5302,RU-NNLS,rmse,0.03687332198023796
5313,RU-NNLS,rmse,0.03703789785504341
5336,RU-NNLS,rmse,0.04517119750380516
5337,RU-NNLS,rmse,0.03358791396021843
5347,RU-NNLS,rmse,0.02399846352636814
5357,RU-NNLS,rmse,0.03165155276656151
5360,RU-NNLS,rmse,0.033267125487327576
5362,RU-NNLS,rmse,0.0356527641415596
5370,RU-NNLS,rmse,0.041971784085035324
5372,RU-NNLS,rmse,0.044204726815223694
5378,RU-NNLS,rmse,0.05047913268208504
5383,RU-NNLS,rmse,0.02756122127175331
5400,RU-NNLS,rmse,0.05292251333594322
5408,RU-NNLS,rmse,0.03948370739817619
5413,RU-NNLS,rmse,0.040266841650009155
5415,RU-NNLS,rmse,0.03796157240867615
5417,RU-NNLS,rmse,0.04186446964740753
5425,RU-NNLS,rmse,0.03852609172463417
5435,RU-NNLS,rmse,0.03110179863870144
5437,RU-NNLS,rmse,0.04652119055390358
5443,RU-NNLS,rmse,0.03896503522992134
5450,RU-NNLS,rmse,0.03573029115796089
5452,RU-NNLS,rmse,0.03645557165145874
5456,RU-NNLS,rmse,0.03608587756752968
5459,RU-NNLS,rmse,0.037430886179208755
5479,RU-NNLS,rmse,0.030383607372641563
5485,RU-NNLS,rmse,0.04427202045917511
5493,RU-NNLS,rmse,0.023789744824171066
5496,RU-NNLS,rmse,0.029491914436221123
5497,RU-NNLS,rmse,0.048489585518836975
5519,RU-NNLS,rmse,0.04706646129488945
5521,RU-NNLS,rmse,0.034783221781253815
5522,RU-NNLS,rmse,0.04171041026711464
5532,RU-NNLS,rmse,0.043409790843725204
5544,RU-NNLS,rmse,0.03924402594566345
5545,RU-NNLS,rmse,0.04203197732567787
5551,RU-NNLS,rmse,0.039333589375019073
5555,RU-NNLS,rmse,0.03346475586295128
5556,RU-NNLS,rmse,0.03146154060959816
5557,RU-NNLS,rmse,0.02938796393573284
5560,RU-NNLS,rmse,0.0449787899851799
5569,RU-NNLS,rmse,0.03482060134410858
5572,RU-NNLS,rmse,0.05474885553121567
5573,RU-NNLS,rmse,0.03018520027399063
5578,RU-NNLS,rmse,0.041202690452337265
5584,RU-NNLS,rmse,0.02978307008743286
5585,RU-NNLS,rmse,0.03754020109772682
5587,RU-NNLS,rmse,0.04387186840176582
5589,RU-NNLS,rmse,0.03119528852403164
5596,RU-NNLS,rmse,0.03208610787987709
5603,RU-NNLS,rmse,0.023950563743710518
5608,RU-NNLS,rmse,0.021110104396939278
5610,RU-NNLS,rmse,0.04869699850678444
5615,RU-NNLS,rmse,0.035174328833818436
5618,RU-NNLS,rmse,0.03673930466175079
5623,RU-NNLS,rmse,0.0293800737708807
5633,RU-NNLS,rmse,0.04111163690686226
5646,RU-NNLS,rmse,0.02998693473637104
5648,RU-NNLS,rmse,0.03042585216462612
5657,RU-NNLS,rmse,0.04694433510303497
5662,RU-NNLS,rmse,0.03328027203679085
5667,RU-NNLS,rmse,0.044498130679130554
5674,RU-NNLS,rmse,0.03959379345178604
5677,RU-NNLS,rmse,0.042403001338243484
5697,RU-NNLS,rmse,0.038001421838998795
5712,RU-NNLS,rmse,0.035004738718271255
5715,RU-NNLS,rmse,0.03275817632675171
5728,RU-NNLS,rmse,0.03844209387898445
5737,RU-NNLS,rmse,0.04467296972870827
5742,RU-NNLS,rmse,0.034983210265636444
5744,RU-NNLS,rmse,0.03393615037202835
5758,RU-NNLS,rmse,0.03811481595039368
5763,RU-NNLS,rmse,0.02999064512550831
5770,RU-NNLS,rmse,0.022512024268507957
5774,RU-NNLS,rmse,0.03582015633583069
5785,RU-NNLS,rmse,0.03098352439701557
5793,RU-NNLS,rmse,0.0320848748087883
5802,RU-NNLS,rmse,0.039543624967336655
5803,RU-NNLS,rmse,0.061690010130405426
5804,RU-NNLS,rmse,0.03202449157834053
5810,RU-NNLS,rmse,0.05822841823101044
5813,RU-NNLS,rmse,0.054492171853780746
5819,RU-NNLS,rmse,0.03139910101890564
5831,RU-NNLS,rmse,0.04294730722904205
5838,RU-NNLS,rmse,0.032566558569669724
5848,RU-NNLS,rmse,0.04916038364171982
5850,RU-NNLS,rmse,0.03563729301095009
5851,RU-NNLS,rmse,0.0632668137550354
5860,RU-NNLS,rmse,0.02976229414343834
5877,RU-NNLS,rmse,0.030388548970222473
5878,RU-NNLS,rmse,0.029244866222143173
5880,RU-NNLS,rmse,0.03013134002685547
5884,RU-NNLS,rmse,0.03209945186972618
5890,RU-NNLS,rmse,0.03570336103439331
5892,RU-NNLS,rmse,0.027632737532258034
5895,RU-NNLS,rmse,0.04348351061344147
5899,RU-NNLS,rmse,0.028307858854532242
5903,RU-NNLS,rmse,0.044839635491371155
5904,RU-NNLS,rmse,0.03638055920600891
5906,RU-NNLS,rmse,0.033892035484313965
5916,RU-NNLS,rmse,0.04199836030602455
5919,RU-NNLS,rmse,0.03582383319735527
5939,RU-NNLS,rmse,0.040848348289728165
5941,RU-NNLS,rmse,0.05190439894795418
5961,RU-NNLS,rmse,0.030005471780896187
5966,RU-NNLS,rmse,0.038179393857717514
5967,RU-NNLS,rmse,0.04309782758355141
5968,RU-NNLS,rmse,0.04385533183813095
5969,RU-NNLS,rmse,0.037924788892269135
5976,RU-NNLS,rmse,0.037315815687179565
5980,RU-NNLS,rmse,0.036582816392183304
5994,RU-NNLS,rmse,0.030742162838578224
6006,RU-NNLS,rmse,0.03266533091664314
6013,RU-NNLS,rmse,0.03751620277762413
6018,RU-NNLS,rmse,0.04196392372250557
6020,RU-NNLS,rmse,0.03201992064714432
6021,RU-NNLS,rmse,0.03719485178589821
6022,RU-NNLS,rmse,0.04465619847178459
6025,RU-NNLS,rmse,0.035294052213430405
6027,RU-NNLS,rmse,0.03612684831023216
6042,RU-NNLS,rmse,0.025537310168147087
6047,RU-NNLS,rmse,0.043218232691287994
6048,RU-NNLS,rmse,0.03004729002714157
6060,RU-NNLS,rmse,0.03428717702627182
6063,RU-NNLS,rmse,0.044302139431238174
6067,RU-NNLS,rmse,0.035407088696956635
6071,RU-NNLS,rmse,0.04899878054857254
6075,RU-NNLS,rmse,0.03406659513711929
6083,RU-NNLS,rmse,0.05169999226927757
6085,RU-NNLS,rmse,0.03914809972047806
6089,RU-NNLS,rmse,0.036207202821969986
6091,RU-NNLS,rmse,0.05414310842752457
6110,RU-NNLS,rmse,0.036335982382297516
6117,RU-NNLS,rmse,0.03407002612948418
6129,RU-NNLS,rmse,0.0421421192586422
6135,RU-NNLS,rmse,0.04459473118185997
6137,RU-NNLS,rmse,0.04170706868171692
6139,RU-NNLS,rmse,0.03932014852762222
6147,RU-NNLS,rmse,0.041344404220581055
6156,RU-NNLS,rmse,0.03409253805875778
6157,RU-NNLS,rmse,0.027154479175806046
6158,RU-NNLS,rmse,0.053950853645801544
6162,RU-NNLS,rmse,0.030564753338694572
6171,RU-NNLS,rmse,0.03194570541381836
6177,RU-NNLS,rmse,0.03000999242067337
6181,RU-NNLS,rmse,0.027192628011107445
6182,RU-NNLS,rmse,0.039385825395584106
6184,RU-NNLS,rmse,0.04424845427274704
6189,RU-NNLS,rmse,0.04578251764178276
6199,RU-NNLS,rmse,0.029431691393256187
6204,RU-NNLS,rmse,0.0426776222884655
6208,RU-NNLS,rmse,0.03798140585422516
6209,RU-NNLS,rmse,0.030612608417868614
6217,RU-NNLS,rmse,0.048616550862789154
6218,RU-NNLS,rmse,0.04699746146798134
6222,RU-NNLS,rmse,0.038780730217695236
6226,RU-NNLS,rmse,0.035402655601501465
6233,RU-NNLS,rmse,0.03019966185092926
6241,RU-NNLS,rmse,0.028114881366491318
6243,RU-NNLS,rmse,0.044299423694610596
6264,RU-NNLS,rmse,0.029342753812670708
6265,RU-NNLS,rmse,0.04058915004134178
6275,RU-NNLS,rmse,0.04632250592112541
6277,RU-NNLS,rmse,0.04242660105228424
6287,RU-NNLS,rmse,0.03812645748257637
6292,RU-NNLS,rmse,0.02559511736035347
6301,RU-NNLS,rmse,0.031785234808921814
6309,RU-NNLS,rmse,0.02701820619404316
6318,RU-NNLS,rmse,0.022537969052791595
6325,RU-NNLS,rmse,0.03390802815556526
6335,RU-NNLS,rmse,0.03807796537876129
6339,RU-NNLS,rmse,0.03516972064971924
6353,RU-NNLS,rmse,0.03175269812345505
6362,RU-NNLS,rmse,0.03205591067671776
6364,RU-NNLS,rmse,0.04735386744141579
6366,RU-NNLS,rmse,0.031081559136509895
6368,RU-NNLS,rmse,0.038306619971990585
6386,RU-NNLS,rmse,0.03553565964102745
6402,RU-NNLS,rmse,0.037567172199487686
6403,RU-NNLS,rmse,0.04515640437602997
6410,RU-NNLS,rmse,0.04321916773915291
6416,RU-NNLS,rmse,0.028856972232460976
6421,RU-NNLS,rmse,0.02601812779903412
6422,RU-NNLS,rmse,0.03362439572811127
6423,RU-NNLS,rmse,0.04058698192238808
6427,RU-NNLS,rmse,0.03089994378387928
6428,RU-NNLS,rmse,0.04212465509772301
6432,RU-NNLS,rmse,0.03290022537112236
6446,RU-NNLS,rmse,0.03367691487073898
6457,RU-NNLS,rmse,0.030073953792452812
6471,RU-NNLS,rmse,0.03324665501713753
6484,RU-NNLS,rmse,0.03947335481643677
6496,RU-NNLS,rmse,0.033890120685100555
6498,RU-NNLS,rmse,0.038773249834775925
6503,RU-NNLS,rmse,0.026285069063305855
6509,RU-NNLS,rmse,0.04004979878664017
6513,RU-NNLS,rmse,0.036537230014801025
6522,RU-NNLS,rmse,0.050909895449876785
6539,RU-NNLS,rmse,0.03280133754014969
6545,RU-NNLS,rmse,0.03453036770224571
6547,RU-NNLS,rmse,0.03394331783056259
6552,RU-NNLS,rmse,0.030814949423074722
6559,RU-NNLS,rmse,0.03326646238565445
6564,RU-NNLS,rmse,0.0355585478246212
6566,RU-NNLS,rmse,0.03673629090189934
6570,RU-NNLS,rmse,0.03788392245769501
6584,RU-NNLS,rmse,0.028712108731269836
6588,RU-NNLS,rmse,0.05458495020866394
6594,RU-NNLS,rmse,0.057781171053647995
6612,RU-NNLS,rmse,0.031113512814044952
6628,RU-NNLS,rmse,0.043409302830696106
6637,RU-NNLS,rmse,0.0403730608522892
6642,RU-NNLS,rmse,0.03521397337317467
6647,RU-NNLS,rmse,0.026787422597408295
6648,RU-NNLS,rmse,0.03379940986633301
6649,RU-NNLS,rmse,0.037005744874477386
6653,RU-NNLS,rmse,0.044886305928230286
6656,RU-NNLS,rmse,0.03844800963997841
6660,RU-NNLS,rmse,0.03281407430768013
6672,RU-NNLS,rmse,0.041190531104803085
6676,RU-NNLS,rmse,0.03366212174296379
6682,RU-NNLS,rmse,0.03867233917117119
6683,RU-NNLS,rmse,0.03358630836009979
6691,RU-NNLS,rmse,0.026976926252245903
6695,RU-NNLS,rmse,0.033649545162916183
6700,RU-NNLS,rmse,0.052983250468969345
6705,RU-NNLS,rmse,0.04902688413858414
6706,RU-NNLS,rmse,0.02818688191473484
6711,RU-NNLS,rmse,0.03277777135372162
6732,RU-NNLS,rmse,0.03839993476867676
6742,RU-NNLS,rmse,0.045918140560388565
6744,RU-NNLS,rmse,0.019193945452570915
6747,RU-NNLS,rmse,0.039433449506759644
6757,RU-NNLS,rmse,0.03354508429765701
6769,RU-NNLS,rmse,0.03165934234857559
6786,RU-NNLS,rmse,0.03610347956418991
6787,RU-NNLS,rmse,0.03506624326109886
6800,RU-NNLS,rmse,0.03126438334584236
6808,RU-NNLS,rmse,0.03232567384839058
6826,RU-NNLS,rmse,0.03952324017882347
6831,RU-NNLS,rmse,0.03469996899366379
6833,RU-NNLS,rmse,0.03275761380791664
6835,RU-NNLS,rmse,0.04475385323166847
6837,RU-NNLS,rmse,0.014338439330458641
6845,RU-NNLS,rmse,0.033398669213056564
6848,RU-NNLS,rmse,0.05076904222369194
6855,RU-NNLS,rmse,0.04687807336449623
6860,RU-NNLS,rmse,0.03982628509402275
6865,RU-NNLS,rmse,0.05448033660650253
6872,RU-NNLS,rmse,0.0379408597946167
6880,RU-NNLS,rmse,0.032953400164842606
6887,RU-NNLS,rmse,0.03462184593081474
6889,RU-NNLS,rmse,0.0380794033408165
6894,RU-NNLS,rmse,0.041464101523160934
6904,RU-NNLS,rmse,0.03413314372301102
6913,RU-NNLS,rmse,0.03200354799628258
6928,RU-NNLS,rmse,0.022981006652116776
6936,RU-NNLS,rmse,0.02839604765176773
6963,RU-NNLS,rmse,0.04357912018895149
6971,RU-NNLS,rmse,0.02081364020705223
6992,RU-NNLS,rmse,0.04544605687260628
7011,RU-NNLS,rmse,0.042109448462724686
7013,RU-NNLS,rmse,0.03035006672143936
7018,RU-NNLS,rmse,0.044543493539094925
7023,RU-NNLS,rmse,0.04111139476299286
7035,RU-NNLS,rmse,0.04683186486363411
7038,RU-NNLS,rmse,0.046630606055259705
7041,RU-NNLS,rmse,0.039070483297109604
7042,RU-NNLS,rmse,0.03325977548956871
7047,RU-NNLS,rmse,0.03564298152923584
7057,RU-NNLS,rmse,0.029251521453261375
7068,RU-NNLS,rmse,0.041939590126276016
7088,RU-NNLS,rmse,0.05060203745961189
7092,RU-NNLS,rmse,0.039426133036613464
7100,RU-NNLS,rmse,0.03874910995364189
7114,RU-NNLS,rmse,0.04041646048426628
7119,RU-NNLS,rmse,0.042503416538238525
7126,RU-NNLS,rmse,0.042643338441848755
7131,RU-NNLS,rmse,0.02859400399029255
7140,RU-NNLS,rmse,0.041710253804922104
7142,RU-NNLS,rmse,0.034967198967933655
7143,RU-NNLS,rmse,0.034586101770401
7153,RU-NNLS,rmse,0.033582981675863266
7154,RU-NNLS,rmse,0.034651003777980804
7169,RU-NNLS,rmse,0.03172047808766365
7171,RU-NNLS,rmse,0.031248070299625397
7172,RU-NNLS,rmse,0.047678086906671524
7178,RU-NNLS,rmse,0.04089641943573952
7184,RU-NNLS,rmse,0.044855665415525436
7202,RU-NNLS,rmse,0.037847984582185745
7206,RU-NNLS,rmse,0.04312673956155777
7220,RU-NNLS,rmse,0.04333554953336716
7226,RU-NNLS,rmse,0.04404866695404053
7229,RU-NNLS,rmse,0.030555635690689087
7231,RU-NNLS,rmse,0.03853732347488403
7237,RU-NNLS,rmse,0.03507460653781891
7244,RU-NNLS,rmse,0.031816452741622925
7256,RU-NNLS,rmse,0.03237658739089966
7259,RU-NNLS,rmse,0.03670847788453102
7269,RU-NNLS,rmse,0.034961454570293427
7272,RU-NNLS,rmse,0.041620753705501556
7274,RU-NNLS,rmse,0.037408240139484406
7276,RU-NNLS,rmse,0.026115592569112778
7287,RU-NNLS,rmse,0.027579089626669884
7288,RU-NNLS,rmse,0.037215832620859146
7290,RU-NNLS,rmse,0.03696855530142784
7293,RU-NNLS,rmse,0.029562808573246002
7295,RU-NNLS,rmse,0.027096474543213844
7299,RU-NNLS,rmse,0.02465425245463848
7301,RU-NNLS,rmse,0.034169744700193405
7313,RU-NNLS,rmse,0.028555411845445633
7321,RU-NNLS,rmse,0.03966261073946953
7327,RU-NNLS,rmse,0.057781070470809937
7328,RU-NNLS,rmse,0.02761581540107727
7331,RU-NNLS,rmse,0.026798835024237633
7340,RU-NNLS,rmse,0.03353840857744217
7346,RU-NNLS,rmse,0.033918596804142
7350,RU-NNLS,rmse,0.03783921152353287
7373,RU-NNLS,rmse,0.04524341598153114
7376,RU-NNLS,rmse,0.036050718277692795
7383,RU-NNLS,rmse,0.038408730179071426
7404,RU-NNLS,rmse,0.04090454429388046
7412,RU-NNLS,rmse,0.026515666395425797
7413,RU-NNLS,rmse,0.0372387133538723
7421,RU-NNLS,rmse,0.026698490604758263
7422,RU-NNLS,rmse,0.05208859592676163
7426,RU-NNLS,rmse,0.039733171463012695
7427,RU-NNLS,rmse,0.026591747999191284
7429,RU-NNLS,rmse,0.03274928778409958
7432,RU-NNLS,rmse,0.03508849814534187
7454,RU-NNLS,rmse,0.046765513718128204
7459,RU-NNLS,rmse,0.026828724890947342
7463,RU-NNLS,rmse,0.03549445793032646
7464,RU-NNLS,rmse,0.038496218621730804
7476,RU-NNLS,rmse,0.0326482430100441
7477,RU-NNLS,rmse,0.033308178186416626
7498,RU-NNLS,rmse,0.05038486421108246
7509,RU-NNLS,rmse,0.03492189943790436
7511,RU-NNLS,rmse,0.050624243915081024
7517,RU-NNLS,rmse,0.025483140721917152
7526,RU-NNLS,rmse,0.040077753365039825
7528,RU-NNLS,rmse,0.04141566902399063
7529,RU-NNLS,rmse,0.03604060038924217
7545,RU-NNLS,rmse,0.03404499217867851
7546,RU-NNLS,rmse,0.03801741451025009
7548,RU-NNLS,rmse,0.0365399494767189
7555,RU-NNLS,rmse,0.03979874402284622
7563,RU-NNLS,rmse,0.04260707646608353
7570,RU-NNLS,rmse,0.0320461168885231
7572,RU-NNLS,rmse,0.034491438418626785
7576,RU-NNLS,rmse,0.03810548037290573
7577,RU-NNLS,rmse,0.02695120871067047
7595,RU-NNLS,rmse,0.05892756208777428
7606,RU-NNLS,rmse,0.038692791014909744
7608,RU-NNLS,rmse,0.03664397820830345
7619,RU-NNLS,rmse,0.04097054526209831
7620,RU-NNLS,rmse,0.046296730637550354
7624,RU-NNLS,rmse,0.04049665853381157
7627,RU-NNLS,rmse,0.047549452632665634
7629,RU-NNLS,rmse,0.03106793947517872
7630,RU-NNLS,rmse,0.0373101606965065
7632,RU-NNLS,rmse,0.03359281271696091
7645,RU-NNLS,rmse,0.04107297584414482
7656,RU-NNLS,rmse,0.03513721376657486
7671,RU-NNLS,rmse,0.03696789592504501
7676,RU-NNLS,rmse,0.03754725679755211
7688,RU-NNLS,rmse,0.034064821898937225
7691,RU-NNLS,rmse,0.04184558987617493
7692,RU-NNLS,rmse,0.037015676498413086
7709,RU-NNLS,rmse,0.036398909986019135
7710,RU-NNLS,rmse,0.03819187358021736
7719,RU-NNLS,rmse,0.03882444277405739
7738,RU-NNLS,rmse,0.0439617782831192
7740,RU-NNLS,rmse,0.03520846366882324
7741,RU-NNLS,rmse,0.04509327933192253
7742,RU-NNLS,rmse,0.04693208262324333
7759,RU-NNLS,rmse,0.05032467097043991
7764,RU-NNLS,rmse,0.032861266285181046
7768,RU-NNLS,rmse,0.028899842873215675
7772,RU-NNLS,rmse,0.035517606884241104
7774,RU-NNLS,rmse,0.03621085360646248
7775,RU-NNLS,rmse,0.037375565618276596
7776,RU-NNLS,rmse,0.034671444445848465
7779,RU-NNLS,rmse,0.03693253919482231
7791,RU-NNLS,rmse,0.03183231130242348
7808,RU-NNLS,rmse,0.03327104449272156
7813,RU-NNLS,rmse,0.028492948040366173
7822,RU-NNLS,rmse,0.03171807900071144
7825,RU-NNLS,rmse,0.03350108861923218
7829,RU-NNLS,rmse,0.03673836216330528
7835,RU-NNLS,rmse,0.035980697721242905
7845,RU-NNLS,rmse,0.03736763447523117
7861,RU-NNLS,rmse,0.025281164795160294
7863,RU-NNLS,rmse,0.03970431908965111
7869,RU-NNLS,rmse,0.050799161195755005
7874,RU-NNLS,rmse,0.025629768148064613
7891,RU-NNLS,rmse,0.030957799404859543
7902,RU-NNLS,rmse,0.04587213695049286
7916,RU-NNLS,rmse,0.03817537799477577
7934,RU-NNLS,rmse,0.03712127357721329
7940,RU-NNLS,rmse,0.032070208340883255
7944,RU-NNLS,rmse,0.03502080589532852
7960,RU-NNLS,rmse,0.039075907319784164
7966,RU-NNLS,rmse,0.03460909426212311
7967,RU-NNLS,rmse,0.0300215482711792
7970,RU-NNLS,rmse,0.045221973210573196
7971,RU-NNLS,rmse,0.037646494805812836
7972,RU-NNLS,rmse,0.039353713393211365
7977,RU-NNLS,rmse,0.045490168035030365
7992,RU-NNLS,rmse,0.03446061909198761
8002,RU-NNLS,rmse,0.027919478714466095
8003,RU-NNLS,rmse,0.04533550888299942
8004,RU-NNLS,rmse,0.03873606026172638
8010,RU-NNLS,rmse,0.028433503583073616
8015,RU-NNLS,rmse,0.038760993629693985
8016,RU-NNLS,rmse,0.03583448380231857
8024,RU-NNLS,rmse,0.03388192877173424
8047,RU-NNLS,rmse,0.0452490895986557
8058,RU-NNLS,rmse,0.01841549016535282
8067,RU-NNLS,rmse,0.032831139862537384
8073,RU-NNLS,rmse,0.04451778158545494
8076,RU-NNLS,rmse,0.0448589101433754
8081,RU-NNLS,rmse,0.044478639960289
8114,RU-NNLS,rmse,0.04601253941655159
8115,RU-NNLS,rmse,0.04031117260456085
8120,RU-NNLS,rmse,0.03977718576788902
8122,RU-NNLS,rmse,0.04380675032734871
8125,RU-NNLS,rmse,0.03672436624765396
8136,RU-NNLS,rmse,0.04949697107076645
8138,RU-NNLS,rmse,0.02739318460226059
8149,RU-NNLS,rmse,0.031404100358486176
8156,RU-NNLS,rmse,0.04361303895711899
8157,RU-NNLS,rmse,0.03798562288284302
8162,RU-NNLS,rmse,0.044952746480703354
8167,RU-NNLS,rmse,0.029779689386487007
8169,RU-NNLS,rmse,0.03755174204707146
8170,RU-NNLS,rmse,0.03663000464439392
8172,RU-NNLS,rmse,0.037358518689870834
8202,RU-NNLS,rmse,0.033170752227306366
8206,RU-NNLS,rmse,0.044781118631362915
8217,RU-NNLS,rmse,0.03930141404271126
8218,RU-NNLS,rmse,0.031641535460948944
8222,RU-NNLS,rmse,0.024009840562939644
8227,RU-NNLS,rmse,0.03583599627017975
8249,RU-NNLS,rmse,0.026640744879841805
8251,RU-NNLS,rmse,0.03897849842905998
8252,RU-NNLS,rmse,0.03874742239713669
8256,RU-NNLS,rmse,0.036882512271404266
8263,RU-NNLS,rmse,0.029690325260162354
5,RU-NNLS,nrmse,0.20889988541603088
12,RU-NNLS,nrmse,0.1863497793674469
24,RU-NNLS,nrmse,0.17764213681221008
26,RU-NNLS,nrmse,0.19355939328670502
30,RU-NNLS,nrmse,0.18539637327194214
35,RU-NNLS,nrmse,0.25523072481155396
39,RU-NNLS,nrmse,0.17237086594104767
41,RU-NNLS,nrmse,0.2933151423931122
42,RU-NNLS,nrmse,0.11662144958972931
44,RU-NNLS,nrmse,0.1848219335079193
48,RU-NNLS,nrmse,0.20528680086135864
65,RU-NNLS,nrmse,0.2080666422843933
69,RU-NNLS,nrmse,0.18933729827404022
71,RU-NNLS,nrmse,0.16720768809318542
73,RU-NNLS,nrmse,0.23281078040599823
80,RU-NNLS,nrmse,0.17416800558567047
83,RU-NNLS,nrmse,0.2001592367887497
99,RU-NNLS,nrmse,0.19745387136936188
100,RU-NNLS,nrmse,0.19096927344799042
110,RU-NNLS,nrmse,0.16105812788009644
116,RU-NNLS,nrmse,0.1788414865732193
122,RU-NNLS,nrmse,0.1668279469013214
132,RU-NNLS,nrmse,0.17732645571231842
141,RU-NNLS,nrmse,0.16194099187850952
151,RU-NNLS,nrmse,0.18645568192005157
154,RU-NNLS,nrmse,0.18385961651802063
156,RU-NNLS,nrmse,0.21657760441303253
157,RU-NNLS,nrmse,0.22120144963264465
159,RU-NNLS,nrmse,0.21467752754688263
178,RU-NNLS,nrmse,0.22388064861297607
197,RU-NNLS,nrmse,0.1309136301279068
199,RU-NNLS,nrmse,0.16256491839885712
211,RU-NNLS,nrmse,0.14476095139980316
212,RU-NNLS,nrmse,0.15031050145626068
214,RU-NNLS,nrmse,0.2138867974281311
221,RU-NNLS,nrmse,0.1768619567155838
232,RU-NNLS,nrmse,0.1929122805595398
233,RU-NNLS,nrmse,0.18443197011947632
240,RU-NNLS,nrmse,0.17383725941181183
242,RU-NNLS,nrmse,0.17365582287311554
243,RU-NNLS,nrmse,0.15894703567028046
244,RU-NNLS,nrmse,0.17712166905403137
260,RU-NNLS,nrmse,0.2297910898923874
273,RU-NNLS,nrmse,0.1621810793876648
275,RU-NNLS,nrmse,0.22269311547279358
276,RU-NNLS,nrmse,0.17901384830474854
283,RU-NNLS,nrmse,0.17702244222164154
297,RU-NNLS,nrmse,0.26447275280952454
303,RU-NNLS,nrmse,0.15166275203227997
310,RU-NNLS,nrmse,0.18791313469409943
318,RU-NNLS,nrmse,0.19992519915103912
319,RU-NNLS,nrmse,0.1364980936050415
324,RU-NNLS,nrmse,0.17844834923744202
326,RU-NNLS,nrmse,0.1370369791984558
328,RU-NNLS,nrmse,0.17341937124729156
330,RU-NNLS,nrmse,0.15747331082820892
333,RU-NNLS,nrmse,0.17480558156967163
340,RU-NNLS,nrmse,0.19041603803634644
347,RU-NNLS,nrmse,0.15072689950466156
348,RU-NNLS,nrmse,0.17106346786022186
360,RU-NNLS,nrmse,0.19066153466701508
361,RU-NNLS,nrmse,0.16572989523410797
364,RU-NNLS,nrmse,0.19437596201896667
366,RU-NNLS,nrmse,0.17403525114059448
378,RU-NNLS,nrmse,0.19427403807640076
391,RU-NNLS,nrmse,0.15602810680866241
394,RU-NNLS,nrmse,0.21510888636112213
398,RU-NNLS,nrmse,0.17871636152267456
408,RU-NNLS,nrmse,0.18864138424396515
409,RU-NNLS,nrmse,0.15505515038967133
410,RU-NNLS,nrmse,0.18365706503391266
412,RU-NNLS,nrmse,0.22203263640403748
425,RU-NNLS,nrmse,0.19981150329113007
429,RU-NNLS,nrmse,0.18320803344249725
438,RU-NNLS,nrmse,0.20246024429798126
461,RU-NNLS,nrmse,0.17349126935005188
463,RU-NNLS,nrmse,0.203627809882164
464,RU-NNLS,nrmse,0.19719313085079193
477,RU-NNLS,nrmse,0.16576999425888062
486,RU-NNLS,nrmse,0.17928741872310638
491,RU-NNLS,nrmse,0.23720432817935944
495,RU-NNLS,nrmse,0.2133042961359024
516,RU-NNLS,nrmse,0.18114452064037323
521,RU-NNLS,nrmse,0.2052445113658905
531,RU-NNLS,nrmse,0.1843813955783844
533,RU-NNLS,nrmse,0.17055141925811768
537,RU-NNLS,nrmse,0.17419874668121338
542,RU-NNLS,nrmse,0.20737722516059875
543,RU-NNLS,nrmse,0.18523934483528137
548,RU-NNLS,nrmse,0.14389650523662567
554,RU-NNLS,nrmse,0.20782262086868286
565,RU-NNLS,nrmse,0.18111549317836761
570,RU-NNLS,nrmse,0.19008027017116547
574,RU-NNLS,nrmse,0.20680120587348938
590,RU-NNLS,nrmse,0.17855046689510345
610,RU-NNLS,nrmse,0.16937363147735596
613,RU-NNLS,nrmse,0.17397575080394745
634,RU-NNLS,nrmse,0.15914621949195862
637,RU-NNLS,nrmse,0.21271859109401703
642,RU-NNLS,nrmse,0.1866263598203659
644,RU-NNLS,nrmse,0.19777964055538177
663,RU-NNLS,nrmse,0.21316178143024445
670,RU-NNLS,nrmse,0.19385118782520294
676,RU-NNLS,nrmse,0.18327462673187256
680,RU-NNLS,nrmse,0.20070627331733704
686,RU-NNLS,nrmse,0.20585297048091888
695,RU-NNLS,nrmse,0.16844625771045685
707,RU-NNLS,nrmse,0.1790153831243515
711,RU-NNLS,nrmse,0.15959949791431427
712,RU-NNLS,nrmse,0.1879948526620865
713,RU-NNLS,nrmse,0.1818775087594986
717,RU-NNLS,nrmse,0.23369832336902618
721,RU-NNLS,nrmse,0.23119013011455536
738,RU-NNLS,nrmse,0.17302106320858002
748,RU-NNLS,nrmse,0.1452544927597046
752,RU-NNLS,nrmse,0.1734839826822281
760,RU-NNLS,nrmse,0.24817737936973572
763,RU-NNLS,nrmse,0.20828136801719666
770,RU-NNLS,nrmse,0.19833208620548248
776,RU-NNLS,nrmse,0.1991260051727295
778,RU-NNLS,nrmse,0.18852025270462036
782,RU-NNLS,nrmse,0.18654756247997284
787,RU-NNLS,nrmse,0.17380748689174652
793,RU-NNLS,nrmse,0.22807587683200836
799,RU-NNLS,nrmse,0.2076604664325714
800,RU-NNLS,nrmse,0.18754687905311584
804,RU-NNLS,nrmse,0.21368391811847687
810,RU-NNLS,nrmse,0.1976247876882553
812,RU-NNLS,nrmse,0.18512564897537231
819,RU-NNLS,nrmse,0.15547852218151093
823,RU-NNLS,nrmse,0.18798427283763885
827,RU-NNLS,nrmse,0.17604583501815796
831,RU-NNLS,nrmse,0.19232457876205444
847,RU-NNLS,nrmse,0.1739908754825592
849,RU-NNLS,nrmse,0.2303382307291031
856,RU-NNLS,nrmse,0.21092234551906586
865,RU-NNLS,nrmse,0.21504908800125122
871,RU-NNLS,nrmse,0.21828310191631317
873,RU-NNLS,nrmse,0.2108970433473587
880,RU-NNLS,nrmse,0.19354408979415894
884,RU-NNLS,nrmse,0.17541375756263733
887,RU-NNLS,nrmse,0.17541173100471497
893,RU-NNLS,nrmse,0.18575599789619446
906,RU-NNLS,nrmse,0.21023394167423248
909,RU-NNLS,nrmse,0.15701532363891602
910,RU-NNLS,nrmse,0.1819746494293213
913,RU-NNLS,nrmse,0.16468283534049988
916,RU-NNLS,nrmse,0.19752103090286255
927,RU-NNLS,nrmse,0.17755630612373352
930,RU-NNLS,nrmse,0.18160927295684814
939,RU-NNLS,nrmse,0.15708720684051514
956,RU-NNLS,nrmse,0.16914775967597961
963,RU-NNLS,nrmse,0.19174569845199585
966,RU-NNLS,nrmse,0.1433524489402771
969,RU-NNLS,nrmse,0.1727154701948166
970,RU-NNLS,nrmse,0.24616417288780212
978,RU-NNLS,nrmse,0.2249753475189209
988,RU-NNLS,nrmse,0.18301379680633545
989,RU-NNLS,nrmse,0.1921946406364441
992,RU-NNLS,nrmse,0.2329283058643341
995,RU-NNLS,nrmse,0.1802321821451187
1004,RU-NNLS,nrmse,0.22046181559562683
1008,RU-NNLS,nrmse,0.16763095557689667
1011,RU-NNLS,nrmse,0.18375767767429352
1013,RU-NNLS,nrmse,0.18189340829849243
1018,RU-NNLS,nrmse,0.1801500767469406
1022,RU-NNLS,nrmse,0.2373456358909607
1045,RU-NNLS,nrmse,0.20201364159584045
1049,RU-NNLS,nrmse,0.19662392139434814
1051,RU-NNLS,nrmse,0.20163701474666595
1061,RU-NNLS,nrmse,0.1907668262720108
1063,RU-NNLS,nrmse,0.2097698152065277
1068,RU-NNLS,nrmse,0.2793917655944824
1076,RU-NNLS,nrmse,0.18100816011428833
1079,RU-NNLS,nrmse,0.2144031524658203
1084,RU-NNLS,nrmse,0.20976246893405914
1089,RU-NNLS,nrmse,0.1982143521308899
1090,RU-NNLS,nrmse,0.23726429045200348
1099,RU-NNLS,nrmse,0.18720823526382446
1114,RU-NNLS,nrmse,0.1889704465866089
1120,RU-NNLS,nrmse,0.21238142251968384
1121,RU-NNLS,nrmse,0.17579884827136993
1134,RU-NNLS,nrmse,0.22901347279548645
1177,RU-NNLS,nrmse,0.19897021353244781
1178,RU-NNLS,nrmse,0.15618714690208435
1183,RU-NNLS,nrmse,0.15234552323818207
1193,RU-NNLS,nrmse,0.1784925013780594
1204,RU-NNLS,nrmse,0.21932567656040192
1208,RU-NNLS,nrmse,0.20420612394809723
1213,RU-NNLS,nrmse,0.2249596118927002
1231,RU-NNLS,nrmse,0.20938235521316528
1232,RU-NNLS,nrmse,0.18176762759685516
1233,RU-NNLS,nrmse,0.2136157900094986
1238,RU-NNLS,nrmse,0.16718176007270813
1240,RU-NNLS,nrmse,0.2218209058046341
1243,RU-NNLS,nrmse,0.21360917389392853
1260,RU-NNLS,nrmse,0.21092014014720917
1267,RU-NNLS,nrmse,0.20337341725826263
1268,RU-NNLS,nrmse,0.18039429187774658
1274,RU-NNLS,nrmse,0.21810975670814514
1281,RU-NNLS,nrmse,0.1465156078338623
1297,RU-NNLS,nrmse,0.15176860988140106
1307,RU-NNLS,nrmse,0.19094766676425934
1313,RU-NNLS,nrmse,0.1646983027458191
1330,RU-NNLS,nrmse,0.16350813210010529
1334,RU-NNLS,nrmse,0.2268253117799759
1346,RU-NNLS,nrmse,0.17320990562438965
1348,RU-NNLS,nrmse,0.23112761974334717
1355,RU-NNLS,nrmse,0.1557798981666565
1363,RU-NNLS,nrmse,0.21189258992671967
1366,RU-NNLS,nrmse,0.18373596668243408
1391,RU-NNLS,nrmse,0.2064572423696518
1400,RU-NNLS,nrmse,0.15627747774124146
1411,RU-NNLS,nrmse,0.18821166455745697
1413,RU-NNLS,nrmse,0.2043701708316803
1422,RU-NNLS,nrmse,0.17824582755565643
1425,RU-NNLS,nrmse,0.16054986417293549
1434,RU-NNLS,nrmse,0.1896524280309677
1441,RU-NNLS,nrmse,0.23068685829639435
1447,RU-NNLS,nrmse,0.14904163777828217
1458,RU-NNLS,nrmse,0.19042013585567474
1471,RU-NNLS,nrmse,0.1738465279340744
1481,RU-NNLS,nrmse,0.18403573334217072
1499,RU-NNLS,nrmse,0.1694824993610382
1506,RU-NNLS,nrmse,0.24462462961673737
1511,RU-NNLS,nrmse,0.21376554667949677
1512,RU-NNLS,nrmse,0.20828881859779358
1515,RU-NNLS,nrmse,0.180583193898201
1522,RU-NNLS,nrmse,0.17517557740211487
1525,RU-NNLS,nrmse,0.18789029121398926
1536,RU-NNLS,nrmse,0.17344942688941956
1541,RU-NNLS,nrmse,0.22713375091552734
1543,RU-NNLS,nrmse,0.1933942288160324
1546,RU-NNLS,nrmse,0.16984696686267853
1551,RU-NNLS,nrmse,0.1684151589870453
1553,RU-NNLS,nrmse,0.20015738904476166
1559,RU-NNLS,nrmse,0.1997385323047638
1562,RU-NNLS,nrmse,0.1355166882276535
1563,RU-NNLS,nrmse,0.21297095715999603
1581,RU-NNLS,nrmse,0.20718985795974731
1613,RU-NNLS,nrmse,0.17992688715457916
1619,RU-NNLS,nrmse,0.16204549372196198
1622,RU-NNLS,nrmse,0.21594282984733582
1624,RU-NNLS,nrmse,0.16823428869247437
1634,RU-NNLS,nrmse,0.19955645501613617
1644,RU-NNLS,nrmse,0.2249167114496231
1645,RU-NNLS,nrmse,0.19752617180347443
1663,RU-NNLS,nrmse,0.17687086760997772
1673,RU-NNLS,nrmse,0.14799894392490387
1684,RU-NNLS,nrmse,0.19550970196723938
1685,RU-NNLS,nrmse,0.1730295717716217
1694,RU-NNLS,nrmse,0.20826232433319092
1697,RU-NNLS,nrmse,0.16860999166965485
1698,RU-NNLS,nrmse,0.17200593650341034
1700,RU-NNLS,nrmse,0.1642008125782013
1715,RU-NNLS,nrmse,0.19192855060100555
1721,RU-NNLS,nrmse,0.1376269906759262
1724,RU-NNLS,nrmse,0.1697838306427002
1727,RU-NNLS,nrmse,0.17005199193954468
1729,RU-NNLS,nrmse,0.2074071317911148
1741,RU-NNLS,nrmse,0.1935771107673645
1760,RU-NNLS,nrmse,0.1679786592721939
1761,RU-NNLS,nrmse,0.19457000494003296
1763,RU-NNLS,nrmse,0.21991027891635895
1765,RU-NNLS,nrmse,0.20923997461795807
1773,RU-NNLS,nrmse,0.17424093186855316
1782,RU-NNLS,nrmse,0.11652963608503342
1784,RU-NNLS,nrmse,0.20003287494182587
1791,RU-NNLS,nrmse,0.15812374651432037
1798,RU-NNLS,nrmse,0.18962973356246948
1804,RU-NNLS,nrmse,0.18679951131343842
1812,RU-NNLS,nrmse,0.2004757672548294
1814,RU-NNLS,nrmse,0.2056976556777954
1819,RU-NNLS,nrmse,0.20318931341171265
1824,RU-NNLS,nrmse,0.1893506646156311
1831,RU-NNLS,nrmse,0.20733678340911865
1833,RU-NNLS,nrmse,0.19169127941131592
1841,RU-NNLS,nrmse,0.21766379475593567
1843,RU-NNLS,nrmse,0.23434573411941528
1868,RU-NNLS,nrmse,0.21494515240192413
1871,RU-NNLS,nrmse,0.19841185212135315
1881,RU-NNLS,nrmse,0.22697696089744568
1882,RU-NNLS,nrmse,0.15103070437908173
1888,RU-NNLS,nrmse,0.212446391582489
1911,RU-NNLS,nrmse,0.23032008111476898
1919,RU-NNLS,nrmse,0.15868841111660004
1935,RU-NNLS,nrmse,0.19454577565193176
1942,RU-NNLS,nrmse,0.18330544233322144
1943,RU-NNLS,nrmse,0.18932390213012695
1963,RU-NNLS,nrmse,0.20284326374530792
1968,RU-NNLS,nrmse,0.18038809299468994
1985,RU-NNLS,nrmse,0.1686663180589676
1999,RU-NNLS,nrmse,0.22203552722930908
2000,RU-NNLS,nrmse,0.2064109742641449
2002,RU-NNLS,nrmse,0.2075202316045761
2003,RU-NNLS,nrmse,0.1763225793838501
2015,RU-NNLS,nrmse,0.1663554310798645
2020,RU-NNLS,nrmse,0.1915932297706604
2021,RU-NNLS,nrmse,0.1936310976743698
2026,RU-NNLS,nrmse,0.20209522545337677
2028,RU-NNLS,nrmse,0.1963881105184555
2034,RU-NNLS,nrmse,0.18955886363983154
2038,RU-NNLS,nrmse,0.15535114705562592
2060,RU-NNLS,nrmse,0.2065945863723755
2075,RU-NNLS,nrmse,0.1969158798456192
2078,RU-NNLS,nrmse,0.204698845744133
2081,RU-NNLS,nrmse,0.14486786723136902
2095,RU-NNLS,nrmse,0.181658074259758
2096,RU-NNLS,nrmse,0.16628603637218475
2102,RU-NNLS,nrmse,0.17399528622627258
2107,RU-NNLS,nrmse,0.19305026531219482
2109,RU-NNLS,nrmse,0.1788928359746933
2111,RU-NNLS,nrmse,0.2326117902994156
2112,RU-NNLS,nrmse,0.18515925109386444
2118,RU-NNLS,nrmse,0.2046387493610382
2122,RU-NNLS,nrmse,0.17693255841732025
2123,RU-NNLS,nrmse,0.17648819088935852
2128,RU-NNLS,nrmse,0.1862044632434845
2140,RU-NNLS,nrmse,0.15131260454654694
2148,RU-NNLS,nrmse,0.17690296471118927
2149,RU-NNLS,nrmse,0.18824568390846252
2151,RU-NNLS,nrmse,0.22215421497821808
2152,RU-NNLS,nrmse,0.16472584009170532
2166,RU-NNLS,nrmse,0.1925789713859558
2168,RU-NNLS,nrmse,0.1996738463640213
2176,RU-NNLS,nrmse,0.1591259092092514
2178,RU-NNLS,nrmse,0.21275337040424347
2183,RU-NNLS,nrmse,0.1664416640996933
2195,RU-NNLS,nrmse,0.20493821799755096
2200,RU-NNLS,nrmse,0.23073506355285645
2204,RU-NNLS,nrmse,0.18670706450939178
2205,RU-NNLS,nrmse,0.20335370302200317
2206,RU-NNLS,nrmse,0.2044009119272232
2211,RU-NNLS,nrmse,0.16987332701683044
2218,RU-NNLS,nrmse,0.19069181382656097
2221,RU-NNLS,nrmse,0.19891653954982758
2224,RU-NNLS,nrmse,0.2499278038740158
2227,RU-NNLS,nrmse,0.19495952129364014
2231,RU-NNLS,nrmse,0.2163698971271515
2236,RU-NNLS,nrmse,0.17424124479293823
2238,RU-NNLS,nrmse,0.2006908655166626
2242,RU-NNLS,nrmse,0.22561763226985931
2246,RU-NNLS,nrmse,0.19211743772029877
2269,RU-NNLS,nrmse,0.2138940691947937
2278,RU-NNLS,nrmse,0.19121496379375458
2279,RU-NNLS,nrmse,0.19406718015670776
2305,RU-NNLS,nrmse,0.18768902122974396
2315,RU-NNLS,nrmse,0.15612846612930298
2316,RU-NNLS,nrmse,0.21864323318004608
2331,RU-NNLS,nrmse,0.20015649497509003
2332,RU-NNLS,nrmse,0.21140927076339722
2334,RU-NNLS,nrmse,0.1923641413450241
2336,RU-NNLS,nrmse,0.1982426941394806
2342,RU-NNLS,nrmse,0.18055057525634766
2344,RU-NNLS,nrmse,0.14768917858600616
2345,RU-NNLS,nrmse,0.1868169754743576
2350,RU-NNLS,nrmse,0.19953466951847076
2358,RU-NNLS,nrmse,0.1750793159008026
2378,RU-NNLS,nrmse,0.1191977933049202
2388,RU-NNLS,nrmse,0.20023773610591888
2390,RU-NNLS,nrmse,0.1893300861120224
2396,RU-NNLS,nrmse,0.19827593863010406
2415,RU-NNLS,nrmse,0.2264835387468338
2417,RU-NNLS,nrmse,0.19046691060066223
2427,RU-NNLS,nrmse,0.16068397462368011
2428,RU-NNLS,nrmse,0.21424107253551483
2442,RU-NNLS,nrmse,0.17737703025341034
2448,RU-NNLS,nrmse,0.138025164604187
2459,RU-NNLS,nrmse,0.1750282347202301
2460,RU-NNLS,nrmse,0.14762265980243683
2482,RU-NNLS,nrmse,0.15827099978923798
2483,RU-NNLS,nrmse,0.1533423811197281
2501,RU-NNLS,nrmse,0.20785139501094818
2512,RU-NNLS,nrmse,0.19460703432559967
2514,RU-NNLS,nrmse,0.19631966948509216
2520,RU-NNLS,nrmse,0.18393971025943756
2536,RU-NNLS,nrmse,0.20002776384353638
2543,RU-NNLS,nrmse,0.21062703430652618
2554,RU-NNLS,nrmse,0.17326641082763672
2598,RU-NNLS,nrmse,0.1770322173833847
2602,RU-NNLS,nrmse,0.1779530793428421
2604,RU-NNLS,nrmse,0.20945709943771362
2609,RU-NNLS,nrmse,0.2273901402950287
2611,RU-NNLS,nrmse,0.20426712930202484
2616,RU-NNLS,nrmse,0.18976068496704102
2618,RU-NNLS,nrmse,0.1930955946445465
2630,RU-NNLS,nrmse,0.15182717144489288
2647,RU-NNLS,nrmse,0.216243714094162
2652,RU-NNLS,nrmse,0.2066114842891693
2653,RU-NNLS,nrmse,0.19138018786907196
2660,RU-NNLS,nrmse,0.23367424309253693
2673,RU-NNLS,nrmse,0.1527293175458908
2682,RU-NNLS,nrmse,0.16485849022865295
2687,RU-NNLS,nrmse,0.19156794250011444
2700,RU-NNLS,nrmse,0.2033718079328537
2702,RU-NNLS,nrmse,0.15548691153526306
2711,RU-NNLS,nrmse,0.17789548635482788
2725,RU-NNLS,nrmse,0.19354462623596191
2726,RU-NNLS,nrmse,0.19784419238567352
2727,RU-NNLS,nrmse,0.1773224025964737
2732,RU-NNLS,nrmse,0.1976277083158493
2742,RU-NNLS,nrmse,0.17815200984477997
2744,RU-NNLS,nrmse,0.1878890097141266
2745,RU-NNLS,nrmse,0.20271386206150055
2751,RU-NNLS,nrmse,0.2161790132522583
2775,RU-NNLS,nrmse,0.19258394837379456
2782,RU-NNLS,nrmse,0.14091700315475464
2783,RU-NNLS,nrmse,0.1959940791130066
2787,RU-NNLS,nrmse,0.1996377557516098
2788,RU-NNLS,nrmse,0.1831962615251541
2792,RU-NNLS,nrmse,0.17254804074764252
2810,RU-NNLS,nrmse,0.18994900584220886
2813,RU-NNLS,nrmse,0.19028306007385254
2816,RU-NNLS,nrmse,0.1943695992231369
2817,RU-NNLS,nrmse,0.20248861610889435
2819,RU-NNLS,nrmse,0.15980164706707
2841,RU-NNLS,nrmse,0.18760235607624054
2846,RU-NNLS,nrmse,0.16233977675437927
2851,RU-NNLS,nrmse,0.1995384842157364
2855,RU-NNLS,nrmse,0.20908322930335999
2864,RU-NNLS,nrmse,0.17427486181259155
2875,RU-NNLS,nrmse,0.22838063538074493
2886,RU-NNLS,nrmse,0.19048134982585907
2897,RU-NNLS,nrmse,0.16413578391075134
2911,RU-NNLS,nrmse,0.19486604630947113
2915,RU-NNLS,nrmse,0.16759812831878662
2929,RU-NNLS,nrmse,0.18662278354167938
2938,RU-NNLS,nrmse,0.18012379109859467
2945,RU-NNLS,nrmse,0.2039947360754013
2959,RU-NNLS,nrmse,0.17380398511886597
2966,RU-NNLS,nrmse,0.18710504472255707
2971,RU-NNLS,nrmse,0.17818321287631989
2973,RU-NNLS,nrmse,0.17655806243419647
2975,RU-NNLS,nrmse,0.2189648449420929
2976,RU-NNLS,nrmse,0.17507712543010712
2986,RU-NNLS,nrmse,0.1912440061569214
3010,RU-NNLS,nrmse,0.19040556252002716
3020,RU-NNLS,nrmse,0.19026941061019897
3027,RU-NNLS,nrmse,0.17806033790111542
3032,RU-NNLS,nrmse,0.21929290890693665
3039,RU-NNLS,nrmse,0.177906796336174
3048,RU-NNLS,nrmse,0.18432000279426575
3049,RU-NNLS,nrmse,0.18544898927211761
3056,RU-NNLS,nrmse,0.20466530323028564
3062,RU-NNLS,nrmse,0.15944835543632507
3065,RU-NNLS,nrmse,0.21262887120246887
3068,RU-NNLS,nrmse,0.17033696174621582
3071,RU-NNLS,nrmse,0.1952526569366455
3072,RU-NNLS,nrmse,0.17419324815273285
3073,RU-NNLS,nrmse,0.2002042531967163
3074,RU-NNLS,nrmse,0.214314803481102
3085,RU-NNLS,nrmse,0.20502501726150513
3086,RU-NNLS,nrmse,0.17105792462825775
3089,RU-NNLS,nrmse,0.20552878081798553
3095,RU-NNLS,nrmse,0.20559629797935486
3105,RU-NNLS,nrmse,0.20807060599327087
3107,RU-NNLS,nrmse,0.1941262185573578
3111,RU-NNLS,nrmse,0.18104377388954163
3118,RU-NNLS,nrmse,0.18681269884109497
3126,RU-NNLS,nrmse,0.17079345881938934
3132,RU-NNLS,nrmse,0.19575996696949005
3134,RU-NNLS,nrmse,0.20447246730327606
3142,RU-NNLS,nrmse,0.14247570931911469
3149,RU-NNLS,nrmse,0.1994963139295578
3151,RU-NNLS,nrmse,0.1714155524969101
3152,RU-NNLS,nrmse,0.22676298022270203
3165,RU-NNLS,nrmse,0.18143445253372192
3167,RU-NNLS,nrmse,0.1733652949333191
3168,RU-NNLS,nrmse,0.19487082958221436
3178,RU-NNLS,nrmse,0.21947699785232544
3183,RU-NNLS,nrmse,0.21196620166301727
3185,RU-NNLS,nrmse,0.18132857978343964
3217,RU-NNLS,nrmse,0.19322945177555084
3219,RU-NNLS,nrmse,0.22299183905124664
3222,RU-NNLS,nrmse,0.1753438115119934
3225,RU-NNLS,nrmse,0.1789495348930359
3236,RU-NNLS,nrmse,0.202235147356987
3240,RU-NNLS,nrmse,0.2119043618440628
3242,RU-NNLS,nrmse,0.16599954664707184
3243,RU-NNLS,nrmse,0.19784080982208252
3250,RU-NNLS,nrmse,0.21098871529102325
3253,RU-NNLS,nrmse,0.224628746509552
3276,RU-NNLS,nrmse,0.17129682004451752
3280,RU-NNLS,nrmse,0.17917802929878235
3289,RU-NNLS,nrmse,0.2004006952047348
3297,RU-NNLS,nrmse,0.18692755699157715
3313,RU-NNLS,nrmse,0.2512027621269226
3317,RU-NNLS,nrmse,0.16922923922538757
3328,RU-NNLS,nrmse,0.2048017829656601
3333,RU-NNLS,nrmse,0.15438351035118103
3341,RU-NNLS,nrmse,0.253034383058548
3342,RU-NNLS,nrmse,0.2203362137079239
3345,RU-NNLS,nrmse,0.15325705707073212
3363,RU-NNLS,nrmse,0.1541883498430252
3367,RU-NNLS,nrmse,0.16805101931095123
3381,RU-NNLS,nrmse,0.1785825490951538
3395,RU-NNLS,nrmse,0.2272258847951889
3397,RU-NNLS,nrmse,0.19763225317001343
3402,RU-NNLS,nrmse,0.22091203927993774
3403,RU-NNLS,nrmse,0.18203815817832947
3404,RU-NNLS,nrmse,0.17740319669246674
3427,RU-NNLS,nrmse,0.15714533627033234
3436,RU-NNLS,nrmse,0.18753808736801147
3443,RU-NNLS,nrmse,0.1721484661102295
3461,RU-NNLS,nrmse,0.22249723970890045
3462,RU-NNLS,nrmse,0.23304802179336548
3465,RU-NNLS,nrmse,0.2020217627286911
3487,RU-NNLS,nrmse,0.13107998669147491
3495,RU-NNLS,nrmse,0.1639043241739273
3509,RU-NNLS,nrmse,0.15325291454792023
3510,RU-NNLS,nrmse,0.20940114557743073
3511,RU-NNLS,nrmse,0.20984143018722534
3512,RU-NNLS,nrmse,0.1737154871225357
3516,RU-NNLS,nrmse,0.2280418574810028
3527,RU-NNLS,nrmse,0.19279253482818604
3543,RU-NNLS,nrmse,0.1533762812614441
3551,RU-NNLS,nrmse,0.19742926955223083
3554,RU-NNLS,nrmse,0.16437853872776031
3557,RU-NNLS,nrmse,0.15561380982398987
3559,RU-NNLS,nrmse,0.17322272062301636
3561,RU-NNLS,nrmse,0.15342174470424652
3567,RU-NNLS,nrmse,0.1761626899242401
3580,RU-NNLS,nrmse,0.14595729112625122
3592,RU-NNLS,nrmse,0.18768055737018585
3594,RU-NNLS,nrmse,0.18914498388767242
3597,RU-NNLS,nrmse,0.2711728513240814
3598,RU-NNLS,nrmse,0.24706633388996124
3610,RU-NNLS,nrmse,0.1869780570268631
3612,RU-NNLS,nrmse,0.20668603479862213
3625,RU-NNLS,nrmse,0.1524488776922226
3634,RU-NNLS,nrmse,0.14623142778873444
3636,RU-NNLS,nrmse,0.20166492462158203
3644,RU-NNLS,nrmse,0.1876869946718216
3646,RU-NNLS,nrmse,0.18006671965122223
3647,RU-NNLS,nrmse,0.15733784437179565
3668,RU-NNLS,nrmse,0.14235509932041168
3674,RU-NNLS,nrmse,0.20496773719787598
3676,RU-NNLS,nrmse,0.2275444120168686
3694,RU-NNLS,nrmse,0.21955938637256622
3701,RU-NNLS,nrmse,0.2173498123884201
3712,RU-NNLS,nrmse,0.1814560890197754
3714,RU-NNLS,nrmse,0.17171421647071838
3719,RU-NNLS,nrmse,0.1956879049539566
3721,RU-NNLS,nrmse,0.230866938829422
3723,RU-NNLS,nrmse,0.19953839480876923
3725,RU-NNLS,nrmse,0.1541799008846283
3728,RU-NNLS,nrmse,0.21506492793560028
3730,RU-NNLS,nrmse,0.16854451596736908
3739,RU-NNLS,nrmse,0.20560891926288605
3741,RU-NNLS,nrmse,0.1931983083486557
3745,RU-NNLS,nrmse,0.19926805794239044
3746,RU-NNLS,nrmse,0.16034236550331116
3754,RU-NNLS,nrmse,0.1933823674917221
3758,RU-NNLS,nrmse,0.18094012141227722
3759,RU-NNLS,nrmse,0.19360363483428955
3779,RU-NNLS,nrmse,0.1735764592885971
3791,RU-NNLS,nrmse,0.14927703142166138
3792,RU-NNLS,nrmse,0.17280448973178864
3794,RU-NNLS,nrmse,0.17487402260303497
3803,RU-NNLS,nrmse,0.1415935456752777
3804,RU-NNLS,nrmse,0.18437103927135468
3807,RU-NNLS,nrmse,0.2408013492822647
3809,RU-NNLS,nrmse,0.15766414999961853
3812,RU-NNLS,nrmse,0.19236324727535248
3813,RU-NNLS,nrmse,0.21728360652923584
3815,RU-NNLS,nrmse,0.1968858391046524
3823,RU-NNLS,nrmse,0.19489489495754242
3824,RU-NNLS,nrmse,0.15547698736190796
3827,RU-NNLS,nrmse,0.17724423110485077
3830,RU-NNLS,nrmse,0.17593108117580414
3834,RU-NNLS,nrmse,0.20385056734085083
3838,RU-NNLS,nrmse,0.18529723584651947
3845,RU-NNLS,nrmse,0.24614369869232178
3846,RU-NNLS,nrmse,0.17725327610969543
3849,RU-NNLS,nrmse,0.20745661854743958
3850,RU-NNLS,nrmse,0.18434152007102966
3859,RU-NNLS,nrmse,0.19247236847877502
3883,RU-NNLS,nrmse,0.21913787722587585
3886,RU-NNLS,nrmse,0.20477113127708435
3887,RU-NNLS,nrmse,0.18610656261444092
3892,RU-NNLS,nrmse,0.15430524945259094
3894,RU-NNLS,nrmse,0.16540010273456573
3897,RU-NNLS,nrmse,0.2285214513540268
3917,RU-NNLS,nrmse,0.1379227340221405
3927,RU-NNLS,nrmse,0.19810651242733002
3928,RU-NNLS,nrmse,0.19460971653461456
3933,RU-NNLS,nrmse,0.19570250809192657
3937,RU-NNLS,nrmse,0.21951724588871002
3938,RU-NNLS,nrmse,0.20699796080589294
3951,RU-NNLS,nrmse,0.221577450633049
3969,RU-NNLS,nrmse,0.18566560745239258
3972,RU-NNLS,nrmse,0.18710008263587952
3978,RU-NNLS,nrmse,0.19934962689876556
3982,RU-NNLS,nrmse,0.17270855605602264
4000,RU-NNLS,nrmse,0.1635885238647461
4001,RU-NNLS,nrmse,0.19775691628456116
4006,RU-NNLS,nrmse,0.2133752852678299
4010,RU-NNLS,nrmse,0.18830007314682007
4018,RU-NNLS,nrmse,0.19616776704788208
4020,RU-NNLS,nrmse,0.17327187955379486
4023,RU-NNLS,nrmse,0.16699843108654022
4028,RU-NNLS,nrmse,0.17115257680416107
4035,RU-NNLS,nrmse,0.21727819740772247
4038,RU-NNLS,nrmse,0.12896549701690674
4039,RU-NNLS,nrmse,0.19176077842712402
4047,RU-NNLS,nrmse,0.21164090931415558
4050,RU-NNLS,nrmse,0.18376600742340088
4052,RU-NNLS,nrmse,0.1531110554933548
4055,RU-NNLS,nrmse,0.18695345520973206
4069,RU-NNLS,nrmse,0.3028356432914734
4073,RU-NNLS,nrmse,0.20576047897338867
4078,RU-NNLS,nrmse,0.16971461474895477
4079,RU-NNLS,nrmse,0.16578111052513123
4080,RU-NNLS,nrmse,0.2024194747209549
4091,RU-NNLS,nrmse,0.1678169220685959
4096,RU-NNLS,nrmse,0.17953577637672424
4098,RU-NNLS,nrmse,0.20845840871334076
4121,RU-NNLS,nrmse,0.20146003365516663
4134,RU-NNLS,nrmse,0.1850680112838745
4135,RU-NNLS,nrmse,0.20444998145103455
4137,RU-NNLS,nrmse,0.17391809821128845
4145,RU-NNLS,nrmse,0.16394349932670593
4149,RU-NNLS,nrmse,0.19335919618606567
4153,RU-NNLS,nrmse,0.17494472861289978
4181,RU-NNLS,nrmse,0.19356805086135864
4188,RU-NNLS,nrmse,0.20814166963100433
4196,RU-NNLS,nrmse,0.20451004803180695
4204,RU-NNLS,nrmse,0.18875941634178162
4209,RU-NNLS,nrmse,0.21881689131259918
4211,RU-NNLS,nrmse,0.20483453571796417
4212,RU-NNLS,nrmse,0.21231497824192047
4218,RU-NNLS,nrmse,0.1583661288022995
4228,RU-NNLS,nrmse,0.21017639338970184
4229,RU-NNLS,nrmse,0.20780979096889496
4250,RU-NNLS,nrmse,0.23312656581401825
4254,RU-NNLS,nrmse,0.17714139819145203
4261,RU-NNLS,nrmse,0.17090441286563873
4264,RU-NNLS,nrmse,0.17537561058998108
4265,RU-NNLS,nrmse,0.18378420174121857
4284,RU-NNLS,nrmse,0.1917818784713745
4294,RU-NNLS,nrmse,0.1994507610797882
4296,RU-NNLS,nrmse,0.19167135655879974
4306,RU-NNLS,nrmse,0.20126311480998993
4321,RU-NNLS,nrmse,0.1750817745923996
4327,RU-NNLS,nrmse,0.2206522524356842
4331,RU-NNLS,nrmse,0.2107471227645874
4334,RU-NNLS,nrmse,0.168507382273674
4339,RU-NNLS,nrmse,0.16482919454574585
4340,RU-NNLS,nrmse,0.1934778243303299
4344,RU-NNLS,nrmse,0.17775577306747437
4349,RU-NNLS,nrmse,0.20248326659202576
4361,RU-NNLS,nrmse,0.22149045765399933
4370,RU-NNLS,nrmse,0.1908513903617859
4371,RU-NNLS,nrmse,0.15691497921943665
4376,RU-NNLS,nrmse,0.22039705514907837
4390,RU-NNLS,nrmse,0.1867951601743698
4403,RU-NNLS,nrmse,0.1867174357175827
4408,RU-NNLS,nrmse,0.1745111048221588
4412,RU-NNLS,nrmse,0.18270038068294525
4419,RU-NNLS,nrmse,0.1492375284433365
4433,RU-NNLS,nrmse,0.20611554384231567
4437,RU-NNLS,nrmse,0.1814873218536377
4446,RU-NNLS,nrmse,0.1684229075908661
4450,RU-NNLS,nrmse,0.19363896548748016
4460,RU-NNLS,nrmse,0.23585344851016998
4464,RU-NNLS,nrmse,0.1771259903907776
4466,RU-NNLS,nrmse,0.21941636502742767
4474,RU-NNLS,nrmse,0.1940719336271286
4491,RU-NNLS,nrmse,0.16405288875102997
4499,RU-NNLS,nrmse,0.21890360116958618
4527,RU-NNLS,nrmse,0.1775544434785843
4535,RU-NNLS,nrmse,0.19887179136276245
4542,RU-NNLS,nrmse,0.16283312439918518
4544,RU-NNLS,nrmse,0.15486158430576324
4547,RU-NNLS,nrmse,0.19140416383743286
4554,RU-NNLS,nrmse,0.20257394015789032
4555,RU-NNLS,nrmse,0.20990175008773804
4561,RU-NNLS,nrmse,0.17740048468112946
4566,RU-NNLS,nrmse,0.19678637385368347
4568,RU-NNLS,nrmse,0.20613905787467957
4586,RU-NNLS,nrmse,0.2280946969985962
4589,RU-NNLS,nrmse,0.17128397524356842
4590,RU-NNLS,nrmse,0.17679427564144135
4597,RU-NNLS,nrmse,0.18058839440345764
4602,RU-NNLS,nrmse,0.22087454795837402
4613,RU-NNLS,nrmse,0.209285706281662
4614,RU-NNLS,nrmse,0.1984575390815735
4619,RU-NNLS,nrmse,0.16330453753471375
4627,RU-NNLS,nrmse,0.1872982531785965
4629,RU-NNLS,nrmse,0.17621934413909912
4633,RU-NNLS,nrmse,0.1676710546016693
4635,RU-NNLS,nrmse,0.19995972514152527
4650,RU-NNLS,nrmse,0.20693093538284302
4656,RU-NNLS,nrmse,0.24991275370121002
4677,RU-NNLS,nrmse,0.15477986633777618
4682,RU-NNLS,nrmse,0.1646546721458435
4685,RU-NNLS,nrmse,0.1347876638174057
4691,RU-NNLS,nrmse,0.19999590516090393
4703,RU-NNLS,nrmse,0.20316779613494873
4712,RU-NNLS,nrmse,0.1357685774564743
4716,RU-NNLS,nrmse,0.13501907885074615
4725,RU-NNLS,nrmse,0.18835347890853882
4727,RU-NNLS,nrmse,0.19620907306671143
4734,RU-NNLS,nrmse,0.20742030441761017
4750,RU-NNLS,nrmse,0.20911623537540436
4751,RU-NNLS,nrmse,0.16426333785057068
4752,RU-NNLS,nrmse,0.20391210913658142
4753,RU-NNLS,nrmse,0.16061978042125702
4760,RU-NNLS,nrmse,0.23882050812244415
4761,RU-NNLS,nrmse,0.1863372027873993
4770,RU-NNLS,nrmse,0.16409064829349518
4774,RU-NNLS,nrmse,0.18179713189601898
4777,RU-NNLS,nrmse,0.21391934156417847
4791,RU-NNLS,nrmse,0.2402530014514923
4793,RU-NNLS,nrmse,0.15891686081886292
4796,RU-NNLS,nrmse,0.17094945907592773
4801,RU-NNLS,nrmse,0.19711622595787048
4809,RU-NNLS,nrmse,0.17600512504577637
4811,RU-NNLS,nrmse,0.21314235031604767
4813,RU-NNLS,nrmse,0.1659902036190033
4821,RU-NNLS,nrmse,0.19359247386455536
4828,RU-NNLS,nrmse,0.15073934197425842
4839,RU-NNLS,nrmse,0.17565828561782837
4842,RU-NNLS,nrmse,0.19537390768527985
4851,RU-NNLS,nrmse,0.15316066145896912
4854,RU-NNLS,nrmse,0.17794044315814972
4859,RU-NNLS,nrmse,0.13506704568862915
4862,RU-NNLS,nrmse,0.17836077511310577
4866,RU-NNLS,nrmse,0.21640464663505554
4881,RU-NNLS,nrmse,0.20481859147548676
4901,RU-NNLS,nrmse,0.19019663333892822
4905,RU-NNLS,nrmse,0.211618110537529
4907,RU-NNLS,nrmse,0.19261053204536438
4911,RU-NNLS,nrmse,0.20069466531276703
4923,RU-NNLS,nrmse,0.19293811917304993
4926,RU-NNLS,nrmse,0.17165343463420868
4936,RU-NNLS,nrmse,0.18970057368278503
4937,RU-NNLS,nrmse,0.16715751588344574
4939,RU-NNLS,nrmse,0.21636474132537842
4943,RU-NNLS,nrmse,0.20922520756721497
4973,RU-NNLS,nrmse,0.21069318056106567
4975,RU-NNLS,nrmse,0.13315099477767944
4980,RU-NNLS,nrmse,0.20698189735412598
4987,RU-NNLS,nrmse,0.23786474764347076
4995,RU-NNLS,nrmse,0.21016499400138855
4997,RU-NNLS,nrmse,0.16037756204605103
5010,RU-NNLS,nrmse,0.16953042149543762
5013,RU-NNLS,nrmse,0.2011951506137848
5017,RU-NNLS,nrmse,0.1424473375082016
5025,RU-NNLS,nrmse,0.22689668834209442
5028,RU-NNLS,nrmse,0.18246348202228546
5039,RU-NNLS,nrmse,0.2169255018234253
5041,RU-NNLS,nrmse,0.18161290884017944
5053,RU-NNLS,nrmse,0.17108090221881866
5058,RU-NNLS,nrmse,0.13032014667987823
5064,RU-NNLS,nrmse,0.1818692982196808
5069,RU-NNLS,nrmse,0.17439216375350952
5073,RU-NNLS,nrmse,0.17942184209823608
5084,RU-NNLS,nrmse,0.2170587033033371
5096,RU-NNLS,nrmse,0.17005020380020142
5099,RU-NNLS,nrmse,0.1808839738368988
5101,RU-NNLS,nrmse,0.20126651227474213
5103,RU-NNLS,nrmse,0.2136273980140686
5105,RU-NNLS,nrmse,0.20680338144302368
5106,RU-NNLS,nrmse,0.1942823976278305
5120,RU-NNLS,nrmse,0.17633190751075745
5125,RU-NNLS,nrmse,0.20828969776630402
5139,RU-NNLS,nrmse,0.1906125843524933
5151,RU-NNLS,nrmse,0.19511565566062927
5154,RU-NNLS,nrmse,0.1678193360567093
5160,RU-NNLS,nrmse,0.24426327645778656
5162,RU-NNLS,nrmse,0.16893820464611053
5182,RU-NNLS,nrmse,0.21524381637573242
5183,RU-NNLS,nrmse,0.1684742420911789
5190,RU-NNLS,nrmse,0.16016323864459991
5199,RU-NNLS,nrmse,0.17766334116458893
5216,RU-NNLS,nrmse,0.16806462407112122
5220,RU-NNLS,nrmse,0.20848816633224487
5221,RU-NNLS,nrmse,0.1735430210828781
5227,RU-NNLS,nrmse,0.12253987789154053
5234,RU-NNLS,nrmse,0.22198811173439026
5235,RU-NNLS,nrmse,0.16101132333278656
5250,RU-NNLS,nrmse,0.18318720161914825
5254,RU-NNLS,nrmse,0.14104920625686646
5259,RU-NNLS,nrmse,0.19765794277191162
5263,RU-NNLS,nrmse,0.19309984147548676
5265,RU-NNLS,nrmse,0.2235880047082901
5268,RU-NNLS,nrmse,0.16155123710632324
5275,RU-NNLS,nrmse,0.18297363817691803
5281,RU-NNLS,nrmse,0.17197082936763763
5290,RU-NNLS,nrmse,0.17337766289710999
5293,RU-NNLS,nrmse,0.20938247442245483
5302,RU-NNLS,nrmse,0.22952817380428314
5313,RU-NNLS,nrmse,0.18713665008544922
5336,RU-NNLS,nrmse,0.19330522418022156
5337,RU-NNLS,nrmse,0.17550210654735565
5347,RU-NNLS,nrmse,0.2607555091381073
5357,RU-NNLS,nrmse,0.17418168485164642
5360,RU-NNLS,nrmse,0.2744669020175934
5362,RU-NNLS,nrmse,0.13964243233203888
5370,RU-NNLS,nrmse,0.31353476643562317
5372,RU-NNLS,nrmse,0.21367809176445007
5378,RU-NNLS,nrmse,0.21807782351970673
5383,RU-NNLS,nrmse,0.22435739636421204
5400,RU-NNLS,nrmse,0.20397691428661346
5408,RU-NNLS,nrmse,0.184891015291214
5413,RU-NNLS,nrmse,0.16898870468139648
5415,RU-NNLS,nrmse,0.19471339881420135
5417,RU-NNLS,nrmse,0.20198054611682892
5425,RU-NNLS,nrmse,0.20877458155155182
5435,RU-NNLS,nrmse,0.2141658067703247
5437,RU-NNLS,nrmse,0.1988060623407364
5443,RU-NNLS,nrmse,0.24243883788585663
5450,RU-NNLS,nrmse,0.21729888021945953
5452,RU-NNLS,nrmse,0.19765838980674744
5456,RU-NNLS,nrmse,0.1973104178905487
5459,RU-NNLS,nrmse,0.19328440725803375
5479,RU-NNLS,nrmse,0.22708064317703247
5485,RU-NNLS,nrmse,0.20671336352825165
5493,RU-NNLS,nrmse,0.21621209383010864
5496,RU-NNLS,nrmse,0.17267583310604095
5497,RU-NNLS,nrmse,0.20207373797893524
5519,RU-NNLS,nrmse,0.1543257236480713
5521,RU-NNLS,nrmse,0.21952921152114868
5522,RU-NNLS,nrmse,0.19849412143230438
5532,RU-NNLS,nrmse,0.20558114349842072
5544,RU-NNLS,nrmse,0.17330792546272278
5545,RU-NNLS,nrmse,0.15466485917568207
5551,RU-NNLS,nrmse,0.19707117974758148
5555,RU-NNLS,nrmse,0.20263966917991638
5556,RU-NNLS,nrmse,0.13590364158153534
5557,RU-NNLS,nrmse,0.1659533977508545
5560,RU-NNLS,nrmse,0.20212016999721527
5569,RU-NNLS,nrmse,0.1894676387310028
5572,RU-NNLS,nrmse,0.20630161464214325
5573,RU-NNLS,nrmse,0.19974389672279358
5578,RU-NNLS,nrmse,0.17377910017967224
5584,RU-NNLS,nrmse,0.1945592314004898
5585,RU-NNLS,nrmse,0.20669890940189362
5587,RU-NNLS,nrmse,0.1852736622095108
5589,RU-NNLS,nrmse,0.16026194393634796
5596,RU-NNLS,nrmse,0.20966316759586334
5603,RU-NNLS,nrmse,0.1867860108613968
5608,RU-NNLS,nrmse,0.21222104132175446
5610,RU-NNLS,nrmse,0.20205369591712952
5615,RU-NNLS,nrmse,0.13086502254009247
5618,RU-NNLS,nrmse,0.19195911288261414
5623,RU-NNLS,nrmse,0.13963119685649872
5633,RU-NNLS,nrmse,0.1660509556531906
5646,RU-NNLS,nrmse,0.18586580455303192
5648,RU-NNLS,nrmse,0.20043130218982697
5657,RU-NNLS,nrmse,0.19283337891101837
5662,RU-NNLS,nrmse,0.19795404374599457
5667,RU-NNLS,nrmse,0.1845753937959671
5674,RU-NNLS,nrmse,0.19480139017105103
5677,RU-NNLS,nrmse,0.21476687490940094
5697,RU-NNLS,nrmse,0.2245512753725052
5712,RU-NNLS,nrmse,0.17833732068538666
5715,RU-NNLS,nrmse,0.18986932933330536
5728,RU-NNLS,nrmse,0.18982812762260437
5737,RU-NNLS,nrmse,0.19678467512130737
5742,RU-NNLS,nrmse,0.18636493384838104
5744,RU-NNLS,nrmse,0.1875646710395813
5758,RU-NNLS,nrmse,0.18684500455856323
5763,RU-NNLS,nrmse,0.2215290516614914
5770,RU-NNLS,nrmse,0.25944676995277405
5774,RU-NNLS,nrmse,0.2163788080215454
5785,RU-NNLS,nrmse,0.21437782049179077
5793,RU-NNLS,nrmse,0.20289920270442963
5802,RU-NNLS,nrmse,0.19703175127506256
5803,RU-NNLS,nrmse,0.18681573867797852
5804,RU-NNLS,nrmse,0.19574768841266632
5810,RU-NNLS,nrmse,0.18324007093906403
5813,RU-NNLS,nrmse,0.14659252762794495
5819,RU-NNLS,nrmse,0.15720726549625397
5831,RU-NNLS,nrmse,0.19477449357509613
5838,RU-NNLS,nrmse,0.2066604644060135
5848,RU-NNLS,nrmse,0.18183504045009613
5850,RU-NNLS,nrmse,0.2384832799434662
5851,RU-NNLS,nrmse,0.16630017757415771
5860,RU-NNLS,nrmse,0.1862054467201233
5877,RU-NNLS,nrmse,0.21943359076976776
5878,RU-NNLS,nrmse,0.21451975405216217
5880,RU-NNLS,nrmse,0.20589348673820496
5884,RU-NNLS,nrmse,0.18538600206375122
5890,RU-NNLS,nrmse,0.16303856670856476
5892,RU-NNLS,nrmse,0.2524220645427704
5895,RU-NNLS,nrmse,0.197299525141716
5899,RU-NNLS,nrmse,0.20172572135925293
5903,RU-NNLS,nrmse,0.16610799729824066
5904,RU-NNLS,nrmse,0.20368531346321106
5906,RU-NNLS,nrmse,0.19098840653896332
5916,RU-NNLS,nrmse,0.2314743846654892
5919,RU-NNLS,nrmse,0.22519177198410034
5939,RU-NNLS,nrmse,0.20951026678085327
5941,RU-NNLS,nrmse,0.19410043954849243
5961,RU-NNLS,nrmse,0.21596665680408478
5966,RU-NNLS,nrmse,0.16535235941410065
5967,RU-NNLS,nrmse,0.19333325326442719
5968,RU-NNLS,nrmse,0.16498786211013794
5969,RU-NNLS,nrmse,0.2155223935842514
5976,RU-NNLS,nrmse,0.19097597897052765
5980,RU-NNLS,nrmse,0.17741815745830536
5994,RU-NNLS,nrmse,0.17193341255187988
6006,RU-NNLS,nrmse,0.17699673771858215
6013,RU-NNLS,nrmse,0.1824314296245575
6018,RU-NNLS,nrmse,0.18927156925201416
6020,RU-NNLS,nrmse,0.189138725399971
6021,RU-NNLS,nrmse,0.18819992244243622
6022,RU-NNLS,nrmse,0.18937775492668152
6025,RU-NNLS,nrmse,0.21235062181949615
6027,RU-NNLS,nrmse,0.17696915566921234
6042,RU-NNLS,nrmse,0.13165001571178436
6047,RU-NNLS,nrmse,0.19616007804870605
6048,RU-NNLS,nrmse,0.1706361621618271
6060,RU-NNLS,nrmse,0.13890723884105682
6063,RU-NNLS,nrmse,0.17627380788326263
6067,RU-NNLS,nrmse,0.19115270674228668
6071,RU-NNLS,nrmse,0.1728340983390808
6075,RU-NNLS,nrmse,0.18770447373390198
6083,RU-NNLS,nrmse,0.17668813467025757
6085,RU-NNLS,nrmse,0.19569019973278046
6089,RU-NNLS,nrmse,0.19061385095119476
6091,RU-NNLS,nrmse,0.15618836879730225
6110,RU-NNLS,nrmse,0.18141643702983856
6117,RU-NNLS,nrmse,0.2235877364873886
6129,RU-NNLS,nrmse,0.18553873896598816
6135,RU-NNLS,nrmse,0.16552728414535522
6137,RU-NNLS,nrmse,0.19973185658454895
6139,RU-NNLS,nrmse,0.18119585514068604
6147,RU-NNLS,nrmse,0.17401356995105743
6156,RU-NNLS,nrmse,0.14142362773418427
6157,RU-NNLS,nrmse,0.14548981189727783
6158,RU-NNLS,nrmse,0.19372737407684326
6162,RU-NNLS,nrmse,0.2071216106414795
6171,RU-NNLS,nrmse,0.17507635056972504
6177,RU-NNLS,nrmse,0.1562792956829071
6181,RU-NNLS,nrmse,0.2086789309978485
6182,RU-NNLS,nrmse,0.17562811076641083
6184,RU-NNLS,nrmse,0.20567423105239868
6189,RU-NNLS,nrmse,0.17269615828990936
6199,RU-NNLS,nrmse,0.18718034029006958
6204,RU-NNLS,nrmse,0.16240815818309784
6208,RU-NNLS,nrmse,0.19217269122600555
6209,RU-NNLS,nrmse,0.1994563341140747
6217,RU-NNLS,nrmse,0.18075957894325256
6218,RU-NNLS,nrmse,0.19270949065685272
6222,RU-NNLS,nrmse,0.22595591843128204
6226,RU-NNLS,nrmse,0.20486530661582947
6233,RU-NNLS,nrmse,0.18732555210590363
6241,RU-NNLS,nrmse,0.1406051218509674
6243,RU-NNLS,nrmse,0.15957747399806976
6264,RU-NNLS,nrmse,0.23336996138095856
6265,RU-NNLS,nrmse,0.18254819512367249
6275,RU-NNLS,nrmse,0.1735912412405014
6277,RU-NNLS,nrmse,0.1940411776304245
6287,RU-NNLS,nrmse,0.17149586975574493
6292,RU-NNLS,nrmse,0.1718711405992508
6301,RU-NNLS,nrmse,0.18641512095928192
6309,RU-NNLS,nrmse,0.17982912063598633
6318,RU-NNLS,nrmse,0.17096947133541107
6325,RU-NNLS,nrmse,0.1907328963279724
6335,RU-NNLS,nrmse,0.18482938408851624
6339,RU-NNLS,nrmse,0.1732451319694519
6353,RU-NNLS,nrmse,0.18736781179904938
6362,RU-NNLS,nrmse,0.2154894471168518
6364,RU-NNLS,nrmse,0.142121821641922
6366,RU-NNLS,nrmse,0.17245663702487946
6368,RU-NNLS,nrmse,0.1755962073802948
6386,RU-NNLS,nrmse,0.18617340922355652
6402,RU-NNLS,nrmse,0.14270104467868805
6403,RU-NNLS,nrmse,0.1929561197757721
6410,RU-NNLS,nrmse,0.205778107047081
6416,RU-NNLS,nrmse,0.22232778370380402
6421,RU-NNLS,nrmse,0.13730201125144958
6422,RU-NNLS,nrmse,0.22594168782234192
6423,RU-NNLS,nrmse,0.206904798746109
6427,RU-NNLS,nrmse,0.1996719390153885
6428,RU-NNLS,nrmse,0.16924835741519928
6432,RU-NNLS,nrmse,0.22405177354812622
6446,RU-NNLS,nrmse,0.21460355818271637
6457,RU-NNLS,nrmse,0.15396152436733246
6471,RU-NNLS,nrmse,0.17442868649959564
6484,RU-NNLS,nrmse,0.17418818175792694
6496,RU-NNLS,nrmse,0.21834063529968262
6498,RU-NNLS,nrmse,0.20137721300125122
6503,RU-NNLS,nrmse,0.19996625185012817
6509,RU-NNLS,nrmse,0.18318769335746765
6513,RU-NNLS,nrmse,0.19980719685554504
6522,RU-NNLS,nrmse,0.16570614278316498
6539,RU-NNLS,nrmse,0.1768127679824829
6545,RU-NNLS,nrmse,0.18422935903072357
6547,RU-NNLS,nrmse,0.17219509184360504
6552,RU-NNLS,nrmse,0.22842000424861908
6559,RU-NNLS,nrmse,0.2573024034500122
6564,RU-NNLS,nrmse,0.20043519139289856
6566,RU-NNLS,nrmse,0.2055985927581787
6570,RU-NNLS,nrmse,0.15388686954975128
6584,RU-NNLS,nrmse,0.22647643089294434
6588,RU-NNLS,nrmse,0.17287325859069824
6594,RU-NNLS,nrmse,0.1567641943693161
6612,RU-NNLS,nrmse,0.15708531439304352
6628,RU-NNLS,nrmse,0.1498192846775055
6637,RU-NNLS,nrmse,0.19736731052398682
6642,RU-NNLS,nrmse,0.17296439409255981
6647,RU-NNLS,nrmse,0.19972506165504456
6648,RU-NNLS,nrmse,0.20124642550945282
6649,RU-NNLS,nrmse,0.18373295664787292
6653,RU-NNLS,nrmse,0.1789233684539795
6656,RU-NNLS,nrmse,0.19095195829868317
6660,RU-NNLS,nrmse,0.21811696887016296
6672,RU-NNLS,nrmse,0.18235421180725098
6676,RU-NNLS,nrmse,0.18695800006389618
6682,RU-NNLS,nrmse,0.18748261034488678
6683,RU-NNLS,nrmse,0.1813255101442337
6691,RU-NNLS,nrmse,0.2332041710615158
6695,RU-NNLS,nrmse,0.23980474472045898
6700,RU-NNLS,nrmse,0.18567320704460144
6705,RU-NNLS,nrmse,0.20845872163772583
6706,RU-NNLS,nrmse,0.19166401028633118
6711,RU-NNLS,nrmse,0.15638400614261627
6732,RU-NNLS,nrmse,0.1677280217409134
6742,RU-NNLS,nrmse,0.18396830558776855
6744,RU-NNLS,nrmse,0.27218061685562134
6747,RU-NNLS,nrmse,0.20138193666934967
6757,RU-NNLS,nrmse,0.17728561162948608
6769,RU-NNLS,nrmse,0.16704387962818146
6786,RU-NNLS,nrmse,0.18654164671897888
6787,RU-NNLS,nrmse,0.1802465319633484
6800,RU-NNLS,nrmse,0.1662745624780655
6808,RU-NNLS,nrmse,0.18637020885944366
6826,RU-NNLS,nrmse,0.18624745309352875
6831,RU-NNLS,nrmse,0.1854691505432129
6833,RU-NNLS,nrmse,0.21963252127170563
6835,RU-NNLS,nrmse,0.16304361820220947
6837,RU-NNLS,nrmse,0.19917187094688416
6845,RU-NNLS,nrmse,0.20612378418445587
6848,RU-NNLS,nrmse,0.19988416135311127
6855,RU-NNLS,nrmse,0.21119193732738495
6860,RU-NNLS,nrmse,0.20686762034893036
6865,RU-NNLS,nrmse,0.17254988849163055
6872,RU-NNLS,nrmse,0.17747904360294342
6880,RU-NNLS,nrmse,0.21677623689174652
6887,RU-NNLS,nrmse,0.19100108742713928
6889,RU-NNLS,nrmse,0.1982581615447998
6894,RU-NNLS,nrmse,0.18094417452812195
6904,RU-NNLS,nrmse,0.16465437412261963
6913,RU-NNLS,nrmse,0.20754125714302063
6928,RU-NNLS,nrmse,0.1361743062734604
6936,RU-NNLS,nrmse,0.20722545683383942
6963,RU-NNLS,nrmse,0.19734099507331848
6971,RU-NNLS,nrmse,0.3160782754421234
6992,RU-NNLS,nrmse,0.19088831543922424
7011,RU-NNLS,nrmse,0.20604634284973145
7013,RU-NNLS,nrmse,0.21254481375217438
7018,RU-NNLS,nrmse,0.19410765171051025
7023,RU-NNLS,nrmse,0.18123240768909454
7035,RU-NNLS,nrmse,0.20262205600738525
7038,RU-NNLS,nrmse,0.1705993264913559
7041,RU-NNLS,nrmse,0.2005375772714615
7042,RU-NNLS,nrmse,0.18047232925891876
7047,RU-NNLS,nrmse,0.14838199317455292
7057,RU-NNLS,nrmse,0.17573626339435577
7068,RU-NNLS,nrmse,0.1377033144235611
7088,RU-NNLS,nrmse,0.16099470853805542
7092,RU-NNLS,nrmse,0.16747421026229858
7100,RU-NNLS,nrmse,0.16722425818443298
7114,RU-NNLS,nrmse,0.20784401893615723
7119,RU-NNLS,nrmse,0.16369090974330902
7126,RU-NNLS,nrmse,0.1863154023885727
7131,RU-NNLS,nrmse,0.20500986278057098
7140,RU-NNLS,nrmse,0.19919300079345703
7142,RU-NNLS,nrmse,0.2206999659538269
7143,RU-NNLS,nrmse,0.17810945212841034
7153,RU-NNLS,nrmse,0.20006538927555084
7154,RU-NNLS,nrmse,0.21260730922222137
7169,RU-NNLS,nrmse,0.2261333465576172
7171,RU-NNLS,nrmse,0.16277146339416504
7172,RU-NNLS,nrmse,0.18378670513629913
7178,RU-NNLS,nrmse,0.15884430706501007
7184,RU-NNLS,nrmse,0.19375917315483093
7202,RU-NNLS,nrmse,0.1935623735189438
7206,RU-NNLS,nrmse,0.22136272490024567
7220,RU-NNLS,nrmse,0.21596337854862213
7226,RU-NNLS,nrmse,0.19660219550132751
7229,RU-NNLS,nrmse,0.21748407185077667
7231,RU-NNLS,nrmse,0.17324309051036835
7237,RU-NNLS,nrmse,0.20166175067424774
7244,RU-NNLS,nrmse,0.1834648996591568
7256,RU-NNLS,nrmse,0.185673788189888
7259,RU-NNLS,nrmse,0.17610666155815125
7269,RU-NNLS,nrmse,0.1949332058429718
7272,RU-NNLS,nrmse,0.20921461284160614
7274,RU-NNLS,nrmse,0.20335429906845093
7276,RU-NNLS,nrmse,0.15702836215496063
7287,RU-NNLS,nrmse,0.222395658493042
7288,RU-NNLS,nrmse,0.199877068400383
7290,RU-NNLS,nrmse,0.19739177823066711
7293,RU-NNLS,nrmse,0.20301449298858643
7295,RU-NNLS,nrmse,0.16037169098854065
7299,RU-NNLS,nrmse,0.21069009602069855
7301,RU-NNLS,nrmse,0.17805959284305573
7313,RU-NNLS,nrmse,0.21816222369670868
7321,RU-NNLS,nrmse,0.1990893930196762
7327,RU-NNLS,nrmse,0.17077922821044922
7328,RU-NNLS,nrmse,0.21518360078334808
7331,RU-NNLS,nrmse,0.1380145251750946
7340,RU-NNLS,nrmse,0.1906459778547287
7346,RU-NNLS,nrmse,0.18806752562522888
7350,RU-NNLS,nrmse,0.19430449604988098
7373,RU-NNLS,nrmse,0.16577716171741486
7376,RU-NNLS,nrmse,0.17209561169147491
7383,RU-NNLS,nrmse,0.1745976060628891
7404,RU-NNLS,nrmse,0.2035890519618988
7412,RU-NNLS,nrmse,0.221750870347023
7413,RU-NNLS,nrmse,0.18838025629520416
7421,RU-NNLS,nrmse,0.20430755615234375
7422,RU-NNLS,nrmse,0.21484999358654022
7426,RU-NNLS,nrmse,0.22625784575939178
7427,RU-NNLS,nrmse,0.16745536029338837
7429,RU-NNLS,nrmse,0.19540609419345856
7432,RU-NNLS,nrmse,0.1336752474308014
7454,RU-NNLS,nrmse,0.19862233102321625
7459,RU-NNLS,nrmse,0.24216870963573456
7463,RU-NNLS,nrmse,0.1994926482439041
7464,RU-NNLS,nrmse,0.17697757482528687
7476,RU-NNLS,nrmse,0.14044958353042603
7477,RU-NNLS,nrmse,0.20702430605888367
7498,RU-NNLS,nrmse,0.19022111594676971
7509,RU-NNLS,nrmse,0.18704535067081451
7511,RU-NNLS,nrmse,0.19073544442653656
7517,RU-NNLS,nrmse,0.1336623728275299
7526,RU-NNLS,nrmse,0.14681079983711243
7528,RU-NNLS,nrmse,0.17214933037757874
7529,RU-NNLS,nrmse,0.17610862851142883
7545,RU-NNLS,nrmse,0.17081709206104279
7546,RU-NNLS,nrmse,0.19405652582645416
7548,RU-NNLS,nrmse,0.18852898478507996
7555,RU-NNLS,nrmse,0.188494011759758
7563,RU-NNLS,nrmse,0.16499227285385132
7570,RU-NNLS,nrmse,0.21868520975112915
7572,RU-NNLS,nrmse,0.1994735300540924
7576,RU-NNLS,nrmse,0.19723424315452576
7577,RU-NNLS,nrmse,0.21571022272109985
7595,RU-NNLS,nrmse,0.20255720615386963
7606,RU-NNLS,nrmse,0.13714003562927246
7608,RU-NNLS,nrmse,0.1510581225156784
7619,RU-NNLS,nrmse,0.17883552610874176
7620,RU-NNLS,nrmse,0.16643016040325165
7624,RU-NNLS,nrmse,0.17707553505897522
7627,RU-NNLS,nrmse,0.19361495971679688
7629,RU-NNLS,nrmse,0.23647451400756836
7630,RU-NNLS,nrmse,0.18810482323169708
7632,RU-NNLS,nrmse,0.19633042812347412
7645,RU-NNLS,nrmse,0.18918102979660034
7656,RU-NNLS,nrmse,0.17338715493679047
7671,RU-NNLS,nrmse,0.1754595935344696
7676,RU-NNLS,nrmse,0.17316731810569763
7688,RU-NNLS,nrmse,0.19164879620075226
7691,RU-NNLS,nrmse,0.18597666919231415
7692,RU-NNLS,nrmse,0.14590533077716827
7709,RU-NNLS,nrmse,0.16737864911556244
7710,RU-NNLS,nrmse,0.21231742203235626
7719,RU-NNLS,nrmse,0.17945875227451324
7738,RU-NNLS,nrmse,0.18299660086631775
7740,RU-NNLS,nrmse,0.18502162396907806
7741,RU-NNLS,nrmse,0.17932561039924622
7742,RU-NNLS,nrmse,0.15545794367790222
7759,RU-NNLS,nrmse,0.14643825590610504
7764,RU-NNLS,nrmse,0.1819957196712494
7768,RU-NNLS,nrmse,0.18198904395103455
7772,RU-NNLS,nrmse,0.15658971667289734
7774,RU-NNLS,nrmse,0.21756751835346222
7775,RU-NNLS,nrmse,0.20670314133167267
7776,RU-NNLS,nrmse,0.17794884741306305
7779,RU-NNLS,nrmse,0.21195580065250397
7791,RU-NNLS,nrmse,0.14901040494441986
7808,RU-NNLS,nrmse,0.17701071500778198
7813,RU-NNLS,nrmse,0.17286473512649536
7822,RU-NNLS,nrmse,0.16608066856861115
7825,RU-NNLS,nrmse,0.19555357098579407
7829,RU-NNLS,nrmse,0.1845131665468216
7835,RU-NNLS,nrmse,0.1864040493965149
7845,RU-NNLS,nrmse,0.19542942941188812
7861,RU-NNLS,nrmse,0.16752733290195465
7863,RU-NNLS,nrmse,0.17942774295806885
7869,RU-NNLS,nrmse,0.2019859254360199
7874,RU-NNLS,nrmse,0.136033833026886
7891,RU-NNLS,nrmse,0.21677979826927185
7902,RU-NNLS,nrmse,0.1978835016489029
7916,RU-NNLS,nrmse,0.20637883245944977
7934,RU-NNLS,nrmse,0.15450718998908997
7940,RU-NNLS,nrmse,0.1592334806919098
7944,RU-NNLS,nrmse,0.197821706533432
7960,RU-NNLS,nrmse,0.1712910383939743
7966,RU-NNLS,nrmse,0.2088879942893982
7967,RU-NNLS,nrmse,0.2035282552242279
7970,RU-NNLS,nrmse,0.14834795892238617
7971,RU-NNLS,nrmse,0.17676866054534912
7972,RU-NNLS,nrmse,0.20620782673358917
7977,RU-NNLS,nrmse,0.1936163306236267
7992,RU-NNLS,nrmse,0.16761861741542816
8002,RU-NNLS,nrmse,0.15113843977451324
8003,RU-NNLS,nrmse,0.17804975807666779
8004,RU-NNLS,nrmse,0.17571225762367249
8010,RU-NNLS,nrmse,0.21783435344696045
8015,RU-NNLS,nrmse,0.17107658088207245
8016,RU-NNLS,nrmse,0.22226083278656006
8024,RU-NNLS,nrmse,0.2140374481678009
8047,RU-NNLS,nrmse,0.18970359861850739
8058,RU-NNLS,nrmse,0.26800572872161865
8067,RU-NNLS,nrmse,0.21835753321647644
8073,RU-NNLS,nrmse,0.1817834973335266
8076,RU-NNLS,nrmse,0.20903843641281128
8081,RU-NNLS,nrmse,0.2690556049346924
8114,RU-NNLS,nrmse,0.1904846578836441
8115,RU-NNLS,nrmse,0.18038742244243622
8120,RU-NNLS,nrmse,0.2031603455543518
8122,RU-NNLS,nrmse,0.18920090794563293
8125,RU-NNLS,nrmse,0.16171008348464966
8136,RU-NNLS,nrmse,0.182920902967453
8138,RU-NNLS,nrmse,0.1994614452123642
8149,RU-NNLS,nrmse,0.26853126287460327
8156,RU-NNLS,nrmse,0.18868409097194672
8157,RU-NNLS,nrmse,0.1425842046737671
8162,RU-NNLS,nrmse,0.19661389291286469
8167,RU-NNLS,nrmse,0.18701830506324768
8169,RU-NNLS,nrmse,0.20106235146522522
8170,RU-NNLS,nrmse,0.18985219299793243
8172,RU-NNLS,nrmse,0.20841969549655914
8202,RU-NNLS,nrmse,0.1613437831401825
8206,RU-NNLS,nrmse,0.20050251483917236
8217,RU-NNLS,nrmse,0.20076441764831543
8218,RU-NNLS,nrmse,0.17957216501235962
8222,RU-NNLS,nrmse,0.18706293404102325
8227,RU-NNLS,nrmse,0.1950802356004715
8249,RU-NNLS,nrmse,0.22224277257919312
8251,RU-NNLS,nrmse,0.1998535692691803
8252,RU-NNLS,nrmse,0.22986021637916565
8256,RU-NNLS,nrmse,0.2204260230064392
8263,RU-NNLS,nrmse,0.22786957025527954
5,RU-NNLS,pearson,0.97236567735672
12,RU-NNLS,pearson,0.9789102673530579
24,RU-NNLS,pearson,0.9824411869049072
26,RU-NNLS,pearson,0.9788894653320312
30,RU-NNLS,pearson,0.9731152653694153
35,RU-NNLS,pearson,0.9458185434341431
39,RU-NNLS,pearson,0.9801867008209229
41,RU-NNLS,pearson,0.9445738792419434
42,RU-NNLS,pearson,0.9915757775306702
44,RU-NNLS,pearson,0.981009304523468
48,RU-NNLS,pearson,0.9719114303588867
65,RU-NNLS,pearson,0.9628718495368958
69,RU-NNLS,pearson,0.9668816328048706
71,RU-NNLS,pearson,0.9830448627471924
73,RU-NNLS,pearson,0.9676433801651001
80,RU-NNLS,pearson,0.9754029512405396
83,RU-NNLS,pearson,0.9722184538841248
99,RU-NNLS,pearson,0.9701738357543945
100,RU-NNLS,pearson,0.9662976861000061
110,RU-NNLS,pearson,0.9811340570449829
116,RU-NNLS,pearson,0.9773419499397278
122,RU-NNLS,pearson,0.9837014079093933
132,RU-NNLS,pearson,0.982133150100708
141,RU-NNLS,pearson,0.9836885333061218
151,RU-NNLS,pearson,0.9740439653396606
154,RU-NNLS,pearson,0.9764306545257568
156,RU-NNLS,pearson,0.9631752371788025
157,RU-NNLS,pearson,0.9682894945144653
159,RU-NNLS,pearson,0.9669755101203918
178,RU-NNLS,pearson,0.9691286683082581
197,RU-NNLS,pearson,0.9912862777709961
199,RU-NNLS,pearson,0.9836969971656799
211,RU-NNLS,pearson,0.9862375259399414
212,RU-NNLS,pearson,0.9783123135566711
214,RU-NNLS,pearson,0.9723069071769714
221,RU-NNLS,pearson,0.9754160046577454
232,RU-NNLS,pearson,0.9793424010276794
233,RU-NNLS,pearson,0.9814943075180054
240,RU-NNLS,pearson,0.9809666275978088
242,RU-NNLS,pearson,0.9790539741516113
243,RU-NNLS,pearson,0.9865558743476868
244,RU-NNLS,pearson,0.9830841422080994
260,RU-NNLS,pearson,0.9386358857154846
273,RU-NNLS,pearson,0.9828072190284729
275,RU-NNLS,pearson,0.9596418738365173
276,RU-NNLS,pearson,0.9795798063278198
283,RU-NNLS,pearson,0.9735793471336365
297,RU-NNLS,pearson,0.9586816430091858
303,RU-NNLS,pearson,0.9875414371490479
310,RU-NNLS,pearson,0.9799821376800537
318,RU-NNLS,pearson,0.9707157015800476
319,RU-NNLS,pearson,0.989624559879303
324,RU-NNLS,pearson,0.9829100370407104
326,RU-NNLS,pearson,0.9899751543998718
328,RU-NNLS,pearson,0.9829539060592651
330,RU-NNLS,pearson,0.9838345050811768
333,RU-NNLS,pearson,0.9842917323112488
340,RU-NNLS,pearson,0.9694597721099854
347,RU-NNLS,pearson,0.9833226799964905
348,RU-NNLS,pearson,0.9812256693840027
360,RU-NNLS,pearson,0.9827911853790283
361,RU-NNLS,pearson,0.9776837229728699
364,RU-NNLS,pearson,0.9722562432289124
366,RU-NNLS,pearson,0.9709069728851318
378,RU-NNLS,pearson,0.9764255881309509
391,RU-NNLS,pearson,0.9858382940292358
394,RU-NNLS,pearson,0.9741354584693909
398,RU-NNLS,pearson,0.9774100184440613
408,RU-NNLS,pearson,0.9807045459747314
409,RU-NNLS,pearson,0.9807392954826355
410,RU-NNLS,pearson,0.9687185883522034
412,RU-NNLS,pearson,0.9710395932197571
425,RU-NNLS,pearson,0.9678616523742676
429,RU-NNLS,pearson,0.9825136661529541
438,RU-NNLS,pearson,0.9758846759796143
461,RU-NNLS,pearson,0.9740862250328064
463,RU-NNLS,pearson,0.9687255620956421
464,RU-NNLS,pearson,0.9736717939376831
477,RU-NNLS,pearson,0.9781538844108582
486,RU-NNLS,pearson,0.9839052557945251
491,RU-NNLS,pearson,0.960145890712738
495,RU-NNLS,pearson,0.9617145657539368
516,RU-NNLS,pearson,0.9781638979911804
521,RU-NNLS,pearson,0.9689940214157104
531,RU-NNLS,pearson,0.9808843731880188
533,RU-NNLS,pearson,0.9827994704246521
537,RU-NNLS,pearson,0.9803338646888733
542,RU-NNLS,pearson,0.9688924551010132
543,RU-NNLS,pearson,0.9788135886192322
548,RU-NNLS,pearson,0.9889370799064636
554,RU-NNLS,pearson,0.968476414680481
565,RU-NNLS,pearson,0.978640079498291
570,RU-NNLS,pearson,0.9810795783996582
574,RU-NNLS,pearson,0.9643720984458923
590,RU-NNLS,pearson,0.9829011559486389
610,RU-NNLS,pearson,0.979312002658844
613,RU-NNLS,pearson,0.9844145774841309
634,RU-NNLS,pearson,0.9870365858078003
637,RU-NNLS,pearson,0.9767853021621704
642,RU-NNLS,pearson,0.9742916226387024
644,RU-NNLS,pearson,0.9670992493629456
663,RU-NNLS,pearson,0.9748400449752808
670,RU-NNLS,pearson,0.9707052111625671
676,RU-NNLS,pearson,0.9791997671127319
680,RU-NNLS,pearson,0.9760040044784546
686,RU-NNLS,pearson,0.9749372601509094
695,RU-NNLS,pearson,0.9839279651641846
707,RU-NNLS,pearson,0.9836395978927612
711,RU-NNLS,pearson,0.9867036938667297
712,RU-NNLS,pearson,0.9693140387535095
713,RU-NNLS,pearson,0.9795393943786621
717,RU-NNLS,pearson,0.9643387198448181
721,RU-NNLS,pearson,0.9618409872055054
738,RU-NNLS,pearson,0.976385772228241
748,RU-NNLS,pearson,0.9888279438018799
752,RU-NNLS,pearson,0.9809334874153137
760,RU-NNLS,pearson,0.9637929201126099
763,RU-NNLS,pearson,0.9748282432556152
770,RU-NNLS,pearson,0.9732704162597656
776,RU-NNLS,pearson,0.9649879336357117
778,RU-NNLS,pearson,0.9791858196258545
782,RU-NNLS,pearson,0.9758638739585876
787,RU-NNLS,pearson,0.9813857078552246
793,RU-NNLS,pearson,0.9719986319541931
799,RU-NNLS,pearson,0.9714375138282776
800,RU-NNLS,pearson,0.9745461940765381
804,RU-NNLS,pearson,0.9701454639434814
810,RU-NNLS,pearson,0.9655386209487915
812,RU-NNLS,pearson,0.9817250370979309
819,RU-NNLS,pearson,0.9876828193664551
823,RU-NNLS,pearson,0.9814518094062805
827,RU-NNLS,pearson,0.976616382598877
831,RU-NNLS,pearson,0.9796010255813599
847,RU-NNLS,pearson,0.9776710271835327
849,RU-NNLS,pearson,0.9655944108963013
856,RU-NNLS,pearson,0.9702708125114441
865,RU-NNLS,pearson,0.967026948928833
871,RU-NNLS,pearson,0.9758897423744202
873,RU-NNLS,pearson,0.9705408215522766
880,RU-NNLS,pearson,0.9773861765861511
884,RU-NNLS,pearson,0.9784756898880005
887,RU-NNLS,pearson,0.9794359803199768
893,RU-NNLS,pearson,0.971255898475647
906,RU-NNLS,pearson,0.9689649939537048
909,RU-NNLS,pearson,0.9837629795074463
910,RU-NNLS,pearson,0.9763959050178528
913,RU-NNLS,pearson,0.9804177284240723
916,RU-NNLS,pearson,0.973859965801239
927,RU-NNLS,pearson,0.984099805355072
930,RU-NNLS,pearson,0.9768801927566528
939,RU-NNLS,pearson,0.9876114130020142
956,RU-NNLS,pearson,0.9816166162490845
963,RU-NNLS,pearson,0.9713979959487915
966,RU-NNLS,pearson,0.9902217388153076
969,RU-NNLS,pearson,0.9722427725791931
970,RU-NNLS,pearson,0.9584939479827881
978,RU-NNLS,pearson,0.9629805684089661
988,RU-NNLS,pearson,0.9756244421005249
989,RU-NNLS,pearson,0.9815263152122498
992,RU-NNLS,pearson,0.9661388993263245
995,RU-NNLS,pearson,0.9761200547218323
1004,RU-NNLS,pearson,0.9708940982818604
1008,RU-NNLS,pearson,0.9742555618286133
1011,RU-NNLS,pearson,0.9699727296829224
1013,RU-NNLS,pearson,0.9790406227111816
1018,RU-NNLS,pearson,0.9729146361351013
1022,RU-NNLS,pearson,0.9732480645179749
1045,RU-NNLS,pearson,0.9708611369132996
1049,RU-NNLS,pearson,0.9775594472885132
1051,RU-NNLS,pearson,0.9711694717407227
1061,RU-NNLS,pearson,0.9746565818786621
1063,RU-NNLS,pearson,0.9740126132965088
1068,RU-NNLS,pearson,0.9526178240776062
1076,RU-NNLS,pearson,0.9661268591880798
1079,RU-NNLS,pearson,0.9658718109130859
1084,RU-NNLS,pearson,0.9679944515228271
1089,RU-NNLS,pearson,0.9734171032905579
1090,RU-NNLS,pearson,0.9690371155738831
1099,RU-NNLS,pearson,0.9716760516166687
1114,RU-NNLS,pearson,0.9827681183815002
1120,RU-NNLS,pearson,0.9667894840240479
1121,RU-NNLS,pearson,0.9730114936828613
1134,RU-NNLS,pearson,0.9692322611808777
1177,RU-NNLS,pearson,0.9781923294067383
1178,RU-NNLS,pearson,0.9850616455078125
1183,RU-NNLS,pearson,0.9870298504829407
1193,RU-NNLS,pearson,0.9752020835876465
1204,RU-NNLS,pearson,0.9696899652481079
1208,RU-NNLS,pearson,0.974757730960846
1213,RU-NNLS,pearson,0.9605965614318848
1231,RU-NNLS,pearson,0.9737985730171204
1232,RU-NNLS,pearson,0.9754842519760132
1233,RU-NNLS,pearson,0.969039261341095
1238,RU-NNLS,pearson,0.9830552935600281
1240,RU-NNLS,pearson,0.9698187112808228
1243,RU-NNLS,pearson,0.9769591093063354
1260,RU-NNLS,pearson,0.9772402048110962
1267,RU-NNLS,pearson,0.9720281958580017
1268,RU-NNLS,pearson,0.9823251962661743
1274,RU-NNLS,pearson,0.965291440486908
1281,RU-NNLS,pearson,0.9890060424804688
1297,RU-NNLS,pearson,0.9886305332183838
1307,RU-NNLS,pearson,0.9757809042930603
1313,RU-NNLS,pearson,0.9868579506874084
1330,RU-NNLS,pearson,0.984735369682312
1334,RU-NNLS,pearson,0.9661471247673035
1346,RU-NNLS,pearson,0.9841660261154175
1348,RU-NNLS,pearson,0.95858234167099
1355,RU-NNLS,pearson,0.9855369925498962
1363,RU-NNLS,pearson,0.9789662957191467
1366,RU-NNLS,pearson,0.9812864661216736
1391,RU-NNLS,pearson,0.9682887196540833
1400,RU-NNLS,pearson,0.9869309663772583
1411,RU-NNLS,pearson,0.9717086553573608
1413,RU-NNLS,pearson,0.9794962406158447
1422,RU-NNLS,pearson,0.9831939339637756
1425,RU-NNLS,pearson,0.9813613891601562
1434,RU-NNLS,pearson,0.9812208414077759
1441,RU-NNLS,pearson,0.9473105072975159
1447,RU-NNLS,pearson,0.9888014793395996
1458,RU-NNLS,pearson,0.9744685888290405
1471,RU-NNLS,pearson,0.9793056845664978
1481,RU-NNLS,pearson,0.9788142442703247
1499,RU-NNLS,pearson,0.9805525541305542
1506,RU-NNLS,pearson,0.9536100625991821
1511,RU-NNLS,pearson,0.9633517265319824
1512,RU-NNLS,pearson,0.9759445786476135
1515,RU-NNLS,pearson,0.9834244847297668
1522,RU-NNLS,pearson,0.9779040217399597
1525,RU-NNLS,pearson,0.975071132183075
1536,RU-NNLS,pearson,0.9809292554855347
1541,RU-NNLS,pearson,0.9568977952003479
1543,RU-NNLS,pearson,0.9748466610908508
1546,RU-NNLS,pearson,0.9823340177536011
1551,RU-NNLS,pearson,0.9742581844329834
1553,RU-NNLS,pearson,0.9721786379814148
1559,RU-NNLS,pearson,0.9666275382041931
1562,RU-NNLS,pearson,0.9858843684196472
1563,RU-NNLS,pearson,0.9680724143981934
1581,RU-NNLS,pearson,0.9734907150268555
1613,RU-NNLS,pearson,0.9793601036071777
1619,RU-NNLS,pearson,0.9857060313224792
1622,RU-NNLS,pearson,0.9702537655830383
1624,RU-NNLS,pearson,0.9851917028427124
1634,RU-NNLS,pearson,0.9814357757568359
1644,RU-NNLS,pearson,0.9750490188598633
1645,RU-NNLS,pearson,0.977502167224884
1663,RU-NNLS,pearson,0.9805018305778503
1673,RU-NNLS,pearson,0.9887135028839111
1684,RU-NNLS,pearson,0.9724411368370056
1685,RU-NNLS,pearson,0.9855388402938843
1694,RU-NNLS,pearson,0.9724464416503906
1697,RU-NNLS,pearson,0.9838447570800781
1698,RU-NNLS,pearson,0.9855632185935974
1700,RU-NNLS,pearson,0.9799648523330688
1715,RU-NNLS,pearson,0.9759997725486755
1721,RU-NNLS,pearson,0.9899071455001831
1724,RU-NNLS,pearson,0.9839997887611389
1727,RU-NNLS,pearson,0.9854539036750793
1729,RU-NNLS,pearson,0.9688602685928345
1741,RU-NNLS,pearson,0.9678728580474854
1760,RU-NNLS,pearson,0.98191899061203
1761,RU-NNLS,pearson,0.9732536673545837
1763,RU-NNLS,pearson,0.9681112170219421
1765,RU-NNLS,pearson,0.9669371843338013
1773,RU-NNLS,pearson,0.983476459980011
1782,RU-NNLS,pearson,0.9920954704284668
1784,RU-NNLS,pearson,0.9751752018928528
1791,RU-NNLS,pearson,0.9855827689170837
1798,RU-NNLS,pearson,0.97677081823349
1804,RU-NNLS,pearson,0.9678617715835571
1812,RU-NNLS,pearson,0.977664053440094
1814,RU-NNLS,pearson,0.9739649295806885
1819,RU-NNLS,pearson,0.9728133082389832
1824,RU-NNLS,pearson,0.9784416556358337
1831,RU-NNLS,pearson,0.9749500155448914
1833,RU-NNLS,pearson,0.9736079573631287
1841,RU-NNLS,pearson,0.9627715945243835
1843,RU-NNLS,pearson,0.9648938179016113
1868,RU-NNLS,pearson,0.9676047563552856
1871,RU-NNLS,pearson,0.975279688835144
1881,RU-NNLS,pearson,0.9590173959732056
1882,RU-NNLS,pearson,0.9877438545227051
1888,RU-NNLS,pearson,0.9708312749862671
1911,RU-NNLS,pearson,0.9563941955566406
1919,RU-NNLS,pearson,0.9866153597831726
1935,RU-NNLS,pearson,0.974656343460083
1942,RU-NNLS,pearson,0.9810522198677063
1943,RU-NNLS,pearson,0.9802420735359192
1963,RU-NNLS,pearson,0.9694830775260925
1968,RU-NNLS,pearson,0.9733003973960876
1985,RU-NNLS,pearson,0.9679737687110901
1999,RU-NNLS,pearson,0.9578920006752014
2000,RU-NNLS,pearson,0.9532051682472229
2002,RU-NNLS,pearson,0.9758439660072327
2003,RU-NNLS,pearson,0.9834907650947571
2015,RU-NNLS,pearson,0.9841527342796326
2020,RU-NNLS,pearson,0.9759523272514343
2021,RU-NNLS,pearson,0.9778997302055359
2026,RU-NNLS,pearson,0.9718183875083923
2028,RU-NNLS,pearson,0.980106770992279
2034,RU-NNLS,pearson,0.9765749573707581
2038,RU-NNLS,pearson,0.9773381352424622
2060,RU-NNLS,pearson,0.9719372987747192
2075,RU-NNLS,pearson,0.9705203771591187
2078,RU-NNLS,pearson,0.9712215065956116
2081,RU-NNLS,pearson,0.9894077181816101
2095,RU-NNLS,pearson,0.9768639802932739
2096,RU-NNLS,pearson,0.9822492599487305
2102,RU-NNLS,pearson,0.9749186038970947
2107,RU-NNLS,pearson,0.9756062030792236
2109,RU-NNLS,pearson,0.9786690473556519
2111,RU-NNLS,pearson,0.9678939580917358
2112,RU-NNLS,pearson,0.964884340763092
2118,RU-NNLS,pearson,0.9761037826538086
2122,RU-NNLS,pearson,0.9756982922554016
2123,RU-NNLS,pearson,0.9824260473251343
2128,RU-NNLS,pearson,0.9738274812698364
2140,RU-NNLS,pearson,0.9840848445892334
2148,RU-NNLS,pearson,0.9824694395065308
2149,RU-NNLS,pearson,0.9728713035583496
2151,RU-NNLS,pearson,0.9681873321533203
2152,RU-NNLS,pearson,0.9855295419692993
2166,RU-NNLS,pearson,0.9654361605644226
2168,RU-NNLS,pearson,0.9768072962760925
2176,RU-NNLS,pearson,0.9786958694458008
2178,RU-NNLS,pearson,0.9713353514671326
2183,RU-NNLS,pearson,0.9804619550704956
2195,RU-NNLS,pearson,0.9687963724136353
2200,RU-NNLS,pearson,0.9638739824295044
2204,RU-NNLS,pearson,0.9775616526603699
2205,RU-NNLS,pearson,0.9734652638435364
2206,RU-NNLS,pearson,0.9715967178344727
2211,RU-NNLS,pearson,0.98224937915802
2218,RU-NNLS,pearson,0.9810452461242676
2221,RU-NNLS,pearson,0.9786666631698608
2224,RU-NNLS,pearson,0.9590185284614563
2227,RU-NNLS,pearson,0.9795172810554504
2231,RU-NNLS,pearson,0.9623632431030273
2236,RU-NNLS,pearson,0.9779953360557556
2238,RU-NNLS,pearson,0.9629771709442139
2242,RU-NNLS,pearson,0.9517378807067871
2246,RU-NNLS,pearson,0.9725067019462585
2269,RU-NNLS,pearson,0.9749721884727478
2278,RU-NNLS,pearson,0.9798937439918518
2279,RU-NNLS,pearson,0.9758588671684265
2305,RU-NNLS,pearson,0.9757112860679626
2315,RU-NNLS,pearson,0.9837230443954468
2316,RU-NNLS,pearson,0.958271324634552
2331,RU-NNLS,pearson,0.9773842692375183
2332,RU-NNLS,pearson,0.9782425165176392
2334,RU-NNLS,pearson,0.9783638119697571
2336,RU-NNLS,pearson,0.9675416350364685
2342,RU-NNLS,pearson,0.9760818481445312
2344,RU-NNLS,pearson,0.9880009293556213
2345,RU-NNLS,pearson,0.9798492789268494
2350,RU-NNLS,pearson,0.9730518460273743
2358,RU-NNLS,pearson,0.9766685962677002
2378,RU-NNLS,pearson,0.991608738899231
2388,RU-NNLS,pearson,0.973140299320221
2390,RU-NNLS,pearson,0.9707690477371216
2396,RU-NNLS,pearson,0.9809296131134033
2415,RU-NNLS,pearson,0.9583286643028259
2417,RU-NNLS,pearson,0.9805288910865784
2427,RU-NNLS,pearson,0.9859333634376526
2428,RU-NNLS,pearson,0.9756941795349121
2442,RU-NNLS,pearson,0.982977569103241
2448,RU-NNLS,pearson,0.9897763133049011
2459,RU-NNLS,pearson,0.9835450053215027
2460,RU-NNLS,pearson,0.9826014041900635
2482,RU-NNLS,pearson,0.9866540431976318
2483,RU-NNLS,pearson,0.9891865253448486
2501,RU-NNLS,pearson,0.9618954658508301
2512,RU-NNLS,pearson,0.978949785232544
2514,RU-NNLS,pearson,0.9744443297386169
2520,RU-NNLS,pearson,0.9693294763565063
2536,RU-NNLS,pearson,0.9672852158546448
2543,RU-NNLS,pearson,0.9757863283157349
2554,RU-NNLS,pearson,0.9790259599685669
2598,RU-NNLS,pearson,0.977846086025238
2602,RU-NNLS,pearson,0.9734203815460205
2604,RU-NNLS,pearson,0.9684076905250549
2609,RU-NNLS,pearson,0.9529937505722046
2611,RU-NNLS,pearson,0.9698583483695984
2616,RU-NNLS,pearson,0.9779579043388367
2618,RU-NNLS,pearson,0.9715787768363953
2630,RU-NNLS,pearson,0.9866029024124146
2647,RU-NNLS,pearson,0.964597761631012
2652,RU-NNLS,pearson,0.9710937738418579
2653,RU-NNLS,pearson,0.9743965268135071
2660,RU-NNLS,pearson,0.9612160921096802
2673,RU-NNLS,pearson,0.9865583181381226
2682,RU-NNLS,pearson,0.9836378693580627
2687,RU-NNLS,pearson,0.9827658534049988
2700,RU-NNLS,pearson,0.975599467754364
2702,RU-NNLS,pearson,0.9739662408828735
2711,RU-NNLS,pearson,0.9751951098442078
2725,RU-NNLS,pearson,0.9719317555427551
2726,RU-NNLS,pearson,0.9769030213356018
2727,RU-NNLS,pearson,0.9774245619773865
2732,RU-NNLS,pearson,0.9714835286140442
2742,RU-NNLS,pearson,0.9765607118606567
2744,RU-NNLS,pearson,0.9776319861412048
2745,RU-NNLS,pearson,0.976585865020752
2751,RU-NNLS,pearson,0.9619730710983276
2775,RU-NNLS,pearson,0.9422887563705444
2782,RU-NNLS,pearson,0.9861238598823547
2783,RU-NNLS,pearson,0.9731940031051636
2787,RU-NNLS,pearson,0.9736570715904236
2788,RU-NNLS,pearson,0.981722354888916
2792,RU-NNLS,pearson,0.9770585298538208
2810,RU-NNLS,pearson,0.9754473567008972
2813,RU-NNLS,pearson,0.9741045236587524
2816,RU-NNLS,pearson,0.9723819494247437
2817,RU-NNLS,pearson,0.9724697470664978
2819,RU-NNLS,pearson,0.9875998497009277
2841,RU-NNLS,pearson,0.9667426347732544
2846,RU-NNLS,pearson,0.982989490032196
2851,RU-NNLS,pearson,0.97447270154953
2855,RU-NNLS,pearson,0.9631887078285217
2864,RU-NNLS,pearson,0.9811311960220337
2875,RU-NNLS,pearson,0.9645165205001831
2886,RU-NNLS,pearson,0.9731709361076355
2897,RU-NNLS,pearson,0.9829022884368896
2911,RU-NNLS,pearson,0.976000964641571
2915,RU-NNLS,pearson,0.9840416312217712
2929,RU-NNLS,pearson,0.9801567196846008
2938,RU-NNLS,pearson,0.980665385723114
2945,RU-NNLS,pearson,0.9633649587631226
2959,RU-NNLS,pearson,0.9735667109489441
2966,RU-NNLS,pearson,0.9774348735809326
2971,RU-NNLS,pearson,0.9800905585289001
2973,RU-NNLS,pearson,0.9796196818351746
2975,RU-NNLS,pearson,0.9658722877502441
2976,RU-NNLS,pearson,0.9809009432792664
2986,RU-NNLS,pearson,0.9783258438110352
3010,RU-NNLS,pearson,0.9724006056785583
3020,RU-NNLS,pearson,0.9741639494895935
3027,RU-NNLS,pearson,0.9808825850486755
3032,RU-NNLS,pearson,0.9665228724479675
3039,RU-NNLS,pearson,0.9755943417549133
3048,RU-NNLS,pearson,0.9765656590461731
3049,RU-NNLS,pearson,0.9802843928337097
3056,RU-NNLS,pearson,0.970084547996521
3062,RU-NNLS,pearson,0.9854652285575867
3065,RU-NNLS,pearson,0.9709731936454773
3068,RU-NNLS,pearson,0.9808595180511475
3071,RU-NNLS,pearson,0.9631422758102417
3072,RU-NNLS,pearson,0.9816550016403198
3073,RU-NNLS,pearson,0.9663394093513489
3074,RU-NNLS,pearson,0.9728190898895264
3085,RU-NNLS,pearson,0.9755820631980896
3086,RU-NNLS,pearson,0.9758834838867188
3089,RU-NNLS,pearson,0.9720525145530701
3095,RU-NNLS,pearson,0.9686645865440369
3105,RU-NNLS,pearson,0.9724765419960022
3107,RU-NNLS,pearson,0.9765615463256836
3111,RU-NNLS,pearson,0.9777583479881287
3118,RU-NNLS,pearson,0.975898802280426
3126,RU-NNLS,pearson,0.9785091876983643
3132,RU-NNLS,pearson,0.9738482236862183
3134,RU-NNLS,pearson,0.9768067002296448
3142,RU-NNLS,pearson,0.9900179505348206
3149,RU-NNLS,pearson,0.9731023907661438
3151,RU-NNLS,pearson,0.9813681244850159
3152,RU-NNLS,pearson,0.9662224054336548
3165,RU-NNLS,pearson,0.9807644486427307
3167,RU-NNLS,pearson,0.9711575508117676
3168,RU-NNLS,pearson,0.9759306311607361
3178,RU-NNLS,pearson,0.9707422256469727
3183,RU-NNLS,pearson,0.9739363789558411
3185,RU-NNLS,pearson,0.9833222031593323
3217,RU-NNLS,pearson,0.972298800945282
3219,RU-NNLS,pearson,0.9605528116226196
3222,RU-NNLS,pearson,0.9690477252006531
3225,RU-NNLS,pearson,0.9824612736701965
3236,RU-NNLS,pearson,0.971652626991272
3240,RU-NNLS,pearson,0.9773711562156677
3242,RU-NNLS,pearson,0.9828479290008545
3243,RU-NNLS,pearson,0.9679135680198669
3250,RU-NNLS,pearson,0.9800023436546326
3253,RU-NNLS,pearson,0.9700523018836975
3276,RU-NNLS,pearson,0.9827467799186707
3280,RU-NNLS,pearson,0.9759597778320312
3289,RU-NNLS,pearson,0.9738315939903259
3297,RU-NNLS,pearson,0.9826857447624207
3313,RU-NNLS,pearson,0.9573022723197937
3317,RU-NNLS,pearson,0.9740502834320068
3328,RU-NNLS,pearson,0.9651569128036499
3333,RU-NNLS,pearson,0.9857741594314575
3341,RU-NNLS,pearson,0.9503540992736816
3342,RU-NNLS,pearson,0.9734442234039307
3345,RU-NNLS,pearson,0.9798985123634338
3363,RU-NNLS,pearson,0.9835427403450012
3367,RU-NNLS,pearson,0.9856573343276978
3381,RU-NNLS,pearson,0.9789825677871704
3395,RU-NNLS,pearson,0.9699925184249878
3397,RU-NNLS,pearson,0.978103756904602
3402,RU-NNLS,pearson,0.957755982875824
3403,RU-NNLS,pearson,0.9782257676124573
3404,RU-NNLS,pearson,0.9786763191223145
3427,RU-NNLS,pearson,0.9853931665420532
3436,RU-NNLS,pearson,0.9655579924583435
3443,RU-NNLS,pearson,0.9649212956428528
3461,RU-NNLS,pearson,0.9731520414352417
3462,RU-NNLS,pearson,0.9661833643913269
3465,RU-NNLS,pearson,0.972266674041748
3487,RU-NNLS,pearson,0.9913021326065063
3495,RU-NNLS,pearson,0.9865862727165222
3509,RU-NNLS,pearson,0.9840428233146667
3510,RU-NNLS,pearson,0.9670255184173584
3511,RU-NNLS,pearson,0.9615219235420227
3512,RU-NNLS,pearson,0.9814282655715942
3516,RU-NNLS,pearson,0.9585294723510742
3527,RU-NNLS,pearson,0.9751332402229309
3543,RU-NNLS,pearson,0.9875893592834473
3551,RU-NNLS,pearson,0.9804246425628662
3554,RU-NNLS,pearson,0.9774726629257202
3557,RU-NNLS,pearson,0.9864181280136108
3559,RU-NNLS,pearson,0.9817764759063721
3561,RU-NNLS,pearson,0.9867656230926514
3567,RU-NNLS,pearson,0.981022834777832
3580,RU-NNLS,pearson,0.9871584177017212
3592,RU-NNLS,pearson,0.9679662585258484
3594,RU-NNLS,pearson,0.9767442345619202
3597,RU-NNLS,pearson,0.9656992554664612
3598,RU-NNLS,pearson,0.9526170492172241
3610,RU-NNLS,pearson,0.9715863466262817
3612,RU-NNLS,pearson,0.9700990915298462
3625,RU-NNLS,pearson,0.9798309803009033
3634,RU-NNLS,pearson,0.9871937036514282
3636,RU-NNLS,pearson,0.9737919569015503
3644,RU-NNLS,pearson,0.9774359464645386
3646,RU-NNLS,pearson,0.9826183915138245
3647,RU-NNLS,pearson,0.9847398996353149
3668,RU-NNLS,pearson,0.980368971824646
3674,RU-NNLS,pearson,0.9686857461929321
3676,RU-NNLS,pearson,0.9594880938529968
3694,RU-NNLS,pearson,0.9709070324897766
3701,RU-NNLS,pearson,0.9646349549293518
3712,RU-NNLS,pearson,0.9767630100250244
3714,RU-NNLS,pearson,0.981650710105896
3719,RU-NNLS,pearson,0.9728240370750427
3721,RU-NNLS,pearson,0.9629272222518921
3723,RU-NNLS,pearson,0.9670432209968567
3725,RU-NNLS,pearson,0.9878066778182983
3728,RU-NNLS,pearson,0.9789420366287231
3730,RU-NNLS,pearson,0.9842149615287781
3739,RU-NNLS,pearson,0.9752435088157654
3741,RU-NNLS,pearson,0.9771159887313843
3745,RU-NNLS,pearson,0.9781545996665955
3746,RU-NNLS,pearson,0.9845366477966309
3754,RU-NNLS,pearson,0.9735299348831177
3758,RU-NNLS,pearson,0.9827760457992554
3759,RU-NNLS,pearson,0.97629714012146
3779,RU-NNLS,pearson,0.9839286208152771
3791,RU-NNLS,pearson,0.9847463965415955
3792,RU-NNLS,pearson,0.9819872975349426
3794,RU-NNLS,pearson,0.9812639951705933
3803,RU-NNLS,pearson,0.9896904826164246
3804,RU-NNLS,pearson,0.9751601219177246
3807,RU-NNLS,pearson,0.9598497152328491
3809,RU-NNLS,pearson,0.9838367104530334
3812,RU-NNLS,pearson,0.9709219336509705
3813,RU-NNLS,pearson,0.9673155546188354
3815,RU-NNLS,pearson,0.9711563587188721
3823,RU-NNLS,pearson,0.969170868396759
3824,RU-NNLS,pearson,0.9892742037773132
3827,RU-NNLS,pearson,0.9814756512641907
3830,RU-NNLS,pearson,0.9813447594642639
3834,RU-NNLS,pearson,0.9681691527366638
3838,RU-NNLS,pearson,0.9767257571220398
3845,RU-NNLS,pearson,0.9612438082695007
3846,RU-NNLS,pearson,0.9571579098701477
3849,RU-NNLS,pearson,0.9658588171005249
3850,RU-NNLS,pearson,0.9716261625289917
3859,RU-NNLS,pearson,0.977446436882019
3883,RU-NNLS,pearson,0.9658809304237366
3886,RU-NNLS,pearson,0.9615471363067627
3887,RU-NNLS,pearson,0.9751974940299988
3892,RU-NNLS,pearson,0.9859212636947632
3894,RU-NNLS,pearson,0.9794692993164062
3897,RU-NNLS,pearson,0.9536029100418091
3917,RU-NNLS,pearson,0.9886285662651062
3927,RU-NNLS,pearson,0.9761716723442078
3928,RU-NNLS,pearson,0.9726123809814453
3933,RU-NNLS,pearson,0.9721173048019409
3937,RU-NNLS,pearson,0.9729794263839722
3938,RU-NNLS,pearson,0.9726514220237732
3951,RU-NNLS,pearson,0.9577165246009827
3969,RU-NNLS,pearson,0.9767725467681885
3972,RU-NNLS,pearson,0.9788986444473267
3978,RU-NNLS,pearson,0.9777180552482605
3982,RU-NNLS,pearson,0.9798309206962585
4000,RU-NNLS,pearson,0.9717810153961182
4001,RU-NNLS,pearson,0.974205493927002
4006,RU-NNLS,pearson,0.9734506607055664
4010,RU-NNLS,pearson,0.975855827331543
4018,RU-NNLS,pearson,0.9800551533699036
4020,RU-NNLS,pearson,0.9797600507736206
4023,RU-NNLS,pearson,0.9862827658653259
4028,RU-NNLS,pearson,0.9814330339431763
4035,RU-NNLS,pearson,0.9622688293457031
4038,RU-NNLS,pearson,0.9899360537528992
4039,RU-NNLS,pearson,0.9740208387374878
4047,RU-NNLS,pearson,0.9712381362915039
4050,RU-NNLS,pearson,0.9808622598648071
4052,RU-NNLS,pearson,0.987510621547699
4055,RU-NNLS,pearson,0.9775777459144592
4069,RU-NNLS,pearson,0.945634663105011
4073,RU-NNLS,pearson,0.9723362922668457
4078,RU-NNLS,pearson,0.9820107817649841
4079,RU-NNLS,pearson,0.9806011319160461
4080,RU-NNLS,pearson,0.9752887487411499
4091,RU-NNLS,pearson,0.9796546697616577
4096,RU-NNLS,pearson,0.9809651970863342
4098,RU-NNLS,pearson,0.9720625877380371
4121,RU-NNLS,pearson,0.9714680910110474
4134,RU-NNLS,pearson,0.9719823598861694
4135,RU-NNLS,pearson,0.9745988249778748
4137,RU-NNLS,pearson,0.9822352528572083
4145,RU-NNLS,pearson,0.9865492582321167
4149,RU-NNLS,pearson,0.9704369306564331
4153,RU-NNLS,pearson,0.9747176170349121
4181,RU-NNLS,pearson,0.9704442620277405
4188,RU-NNLS,pearson,0.9529351592063904
4196,RU-NNLS,pearson,0.9694570899009705
4204,RU-NNLS,pearson,0.9739826321601868
4209,RU-NNLS,pearson,0.9596360325813293
4211,RU-NNLS,pearson,0.971878170967102
4212,RU-NNLS,pearson,0.9683275818824768
4218,RU-NNLS,pearson,0.9701253771781921
4228,RU-NNLS,pearson,0.9745602011680603
4229,RU-NNLS,pearson,0.9689347743988037
4250,RU-NNLS,pearson,0.9622201919555664
4254,RU-NNLS,pearson,0.9807775616645813
4261,RU-NNLS,pearson,0.9804107546806335
4264,RU-NNLS,pearson,0.9759928584098816
4265,RU-NNLS,pearson,0.978074312210083
4284,RU-NNLS,pearson,0.979279637336731
4294,RU-NNLS,pearson,0.9758355617523193
4296,RU-NNLS,pearson,0.9730291962623596
4306,RU-NNLS,pearson,0.9715086817741394
4321,RU-NNLS,pearson,0.9811616539955139
4327,RU-NNLS,pearson,0.967401921749115
4331,RU-NNLS,pearson,0.9713234305381775
4334,RU-NNLS,pearson,0.9801006317138672
4339,RU-NNLS,pearson,0.985039234161377
4340,RU-NNLS,pearson,0.9728959798812866
4344,RU-NNLS,pearson,0.9785788059234619
4349,RU-NNLS,pearson,0.9658802151679993
4361,RU-NNLS,pearson,0.9621126055717468
4370,RU-NNLS,pearson,0.9799514412879944
4371,RU-NNLS,pearson,0.9865766763687134
4376,RU-NNLS,pearson,0.9679163098335266
4390,RU-NNLS,pearson,0.9792938828468323
4403,RU-NNLS,pearson,0.9813395142555237
4408,RU-NNLS,pearson,0.9817725419998169
4412,RU-NNLS,pearson,0.9815241098403931
4419,RU-NNLS,pearson,0.9872620701789856
4433,RU-NNLS,pearson,0.9647398591041565
4437,RU-NNLS,pearson,0.9810580015182495
4446,RU-NNLS,pearson,0.9802227020263672
4450,RU-NNLS,pearson,0.9697605967521667
4460,RU-NNLS,pearson,0.9722841382026672
4464,RU-NNLS,pearson,0.9743160009384155
4466,RU-NNLS,pearson,0.9727248549461365
4474,RU-NNLS,pearson,0.9669854640960693
4491,RU-NNLS,pearson,0.9817128777503967
4499,RU-NNLS,pearson,0.971103310585022
4527,RU-NNLS,pearson,0.9823235273361206
4535,RU-NNLS,pearson,0.9683982133865356
4542,RU-NNLS,pearson,0.9827684164047241
4544,RU-NNLS,pearson,0.9868946075439453
4547,RU-NNLS,pearson,0.9822480082511902
4554,RU-NNLS,pearson,0.9689565896987915
4555,RU-NNLS,pearson,0.9598026871681213
4561,RU-NNLS,pearson,0.9835096597671509
4566,RU-NNLS,pearson,0.9789736270904541
4568,RU-NNLS,pearson,0.96787029504776
4586,RU-NNLS,pearson,0.9687725305557251
4589,RU-NNLS,pearson,0.9807100296020508
4590,RU-NNLS,pearson,0.9811965823173523
4597,RU-NNLS,pearson,0.9742377996444702
4602,RU-NNLS,pearson,0.9677820801734924
4613,RU-NNLS,pearson,0.9649900197982788
4614,RU-NNLS,pearson,0.979060709476471
4619,RU-NNLS,pearson,0.9851870536804199
4627,RU-NNLS,pearson,0.9762923717498779
4629,RU-NNLS,pearson,0.9776723384857178
4633,RU-NNLS,pearson,0.9826092720031738
4635,RU-NNLS,pearson,0.9758277535438538
4650,RU-NNLS,pearson,0.9680201411247253
4656,RU-NNLS,pearson,0.9695505499839783
4677,RU-NNLS,pearson,0.9872185587882996
4682,RU-NNLS,pearson,0.9850719571113586
4685,RU-NNLS,pearson,0.9894297122955322
4691,RU-NNLS,pearson,0.967218279838562
4703,RU-NNLS,pearson,0.9740393161773682
4712,RU-NNLS,pearson,0.9896565079689026
4716,RU-NNLS,pearson,0.9894196391105652
4725,RU-NNLS,pearson,0.9764887094497681
4727,RU-NNLS,pearson,0.9643939137458801
4734,RU-NNLS,pearson,0.9694016575813293
4750,RU-NNLS,pearson,0.9770267009735107
4751,RU-NNLS,pearson,0.9849438667297363
4752,RU-NNLS,pearson,0.9690303206443787
4753,RU-NNLS,pearson,0.9845099449157715
4760,RU-NNLS,pearson,0.9672650098800659
4761,RU-NNLS,pearson,0.973521888256073
4770,RU-NNLS,pearson,0.9832082390785217
4774,RU-NNLS,pearson,0.9828990697860718
4777,RU-NNLS,pearson,0.964408814907074
4791,RU-NNLS,pearson,0.9691810011863708
4793,RU-NNLS,pearson,0.9830121397972107
4796,RU-NNLS,pearson,0.9804630875587463
4801,RU-NNLS,pearson,0.9732492566108704
4809,RU-NNLS,pearson,0.9804800152778625
4811,RU-NNLS,pearson,0.9714054465293884
4813,RU-NNLS,pearson,0.9854713082313538
4821,RU-NNLS,pearson,0.9755018949508667
4828,RU-NNLS,pearson,0.9866594076156616
4839,RU-NNLS,pearson,0.9843450784683228
4842,RU-NNLS,pearson,0.9613246917724609
4851,RU-NNLS,pearson,0.987679660320282
4854,RU-NNLS,pearson,0.9802953600883484
4859,RU-NNLS,pearson,0.9873189926147461
4862,RU-NNLS,pearson,0.9744347929954529
4866,RU-NNLS,pearson,0.9700776934623718
4881,RU-NNLS,pearson,0.9669064283370972
4901,RU-NNLS,pearson,0.9742317199707031
4905,RU-NNLS,pearson,0.9689716100692749
4907,RU-NNLS,pearson,0.971276581287384
4911,RU-NNLS,pearson,0.9680287837982178
4923,RU-NNLS,pearson,0.9733620285987854
4926,RU-NNLS,pearson,0.9800812005996704
4936,RU-NNLS,pearson,0.975733757019043
4937,RU-NNLS,pearson,0.985538125038147
4939,RU-NNLS,pearson,0.9648354649543762
4943,RU-NNLS,pearson,0.9611701965332031
4973,RU-NNLS,pearson,0.9754185080528259
4975,RU-NNLS,pearson,0.9911970496177673
4980,RU-NNLS,pearson,0.9684111475944519
4987,RU-NNLS,pearson,0.9568879008293152
4995,RU-NNLS,pearson,0.9655330181121826
4997,RU-NNLS,pearson,0.9806102514266968
5010,RU-NNLS,pearson,0.9735186100006104
5013,RU-NNLS,pearson,0.9782732725143433
5017,RU-NNLS,pearson,0.988579273223877
5025,RU-NNLS,pearson,0.9630544185638428
5028,RU-NNLS,pearson,0.9734265804290771
5039,RU-NNLS,pearson,0.9724195003509521
5041,RU-NNLS,pearson,0.9815929532051086
5053,RU-NNLS,pearson,0.9824411869049072
5058,RU-NNLS,pearson,0.9888058304786682
5064,RU-NNLS,pearson,0.9836111664772034
5069,RU-NNLS,pearson,0.9803745746612549
5073,RU-NNLS,pearson,0.9787459373474121
5084,RU-NNLS,pearson,0.9623825550079346
5096,RU-NNLS,pearson,0.9812938570976257
5099,RU-NNLS,pearson,0.9771203398704529
5101,RU-NNLS,pearson,0.9716249704360962
5103,RU-NNLS,pearson,0.9730616807937622
5105,RU-NNLS,pearson,0.9649668335914612
5106,RU-NNLS,pearson,0.977997362613678
5120,RU-NNLS,pearson,0.9698560833930969
5125,RU-NNLS,pearson,0.961128294467926
5139,RU-NNLS,pearson,0.9799715876579285
5151,RU-NNLS,pearson,0.9716657996177673
5154,RU-NNLS,pearson,0.9733135104179382
5160,RU-NNLS,pearson,0.9692191481590271
5162,RU-NNLS,pearson,0.9759063720703125
5182,RU-NNLS,pearson,0.962246835231781
5183,RU-NNLS,pearson,0.9824990034103394
5190,RU-NNLS,pearson,0.9855308532714844
5199,RU-NNLS,pearson,0.9753936529159546
5216,RU-NNLS,pearson,0.9769538044929504
5220,RU-NNLS,pearson,0.9742795825004578
5221,RU-NNLS,pearson,0.9826273322105408
5227,RU-NNLS,pearson,0.991070032119751
5234,RU-NNLS,pearson,0.9767254590988159
5235,RU-NNLS,pearson,0.9821781516075134
5250,RU-NNLS,pearson,0.9750163555145264
5254,RU-NNLS,pearson,0.9880269765853882
5259,RU-NNLS,pearson,0.9775602221488953
5263,RU-NNLS,pearson,0.9816067218780518
5265,RU-NNLS,pearson,0.8626435399055481
5268,RU-NNLS,pearson,0.9864082932472229
5275,RU-NNLS,pearson,0.9822678565979004
5281,RU-NNLS,pearson,0.9688946604728699
5290,RU-NNLS,pearson,0.9827790260314941
5293,RU-NNLS,pearson,0.9707699418067932
5302,RU-NNLS,pearson,0.9573052525520325
5313,RU-NNLS,pearson,0.9796518683433533
5336,RU-NNLS,pearson,0.9727027416229248
5337,RU-NNLS,pearson,0.9834645390510559
5347,RU-NNLS,pearson,0.9545118808746338
5357,RU-NNLS,pearson,0.9836588501930237
5360,RU-NNLS,pearson,0.9431089758872986
5362,RU-NNLS,pearson,0.9878895282745361
5370,RU-NNLS,pearson,0.9482205510139465
5372,RU-NNLS,pearson,0.9647400379180908
5378,RU-NNLS,pearson,0.9630480408668518
5383,RU-NNLS,pearson,0.9683254957199097
5400,RU-NNLS,pearson,0.9650277495384216
5408,RU-NNLS,pearson,0.9811764359474182
5413,RU-NNLS,pearson,0.9845186471939087
5415,RU-NNLS,pearson,0.9752677083015442
5417,RU-NNLS,pearson,0.9794782400131226
5425,RU-NNLS,pearson,0.9652368426322937
5435,RU-NNLS,pearson,0.9753738641738892
5437,RU-NNLS,pearson,0.963470995426178
5443,RU-NNLS,pearson,0.9691529870033264
5450,RU-NNLS,pearson,0.9690364599227905
5452,RU-NNLS,pearson,0.9772695302963257
5456,RU-NNLS,pearson,0.9761309623718262
5459,RU-NNLS,pearson,0.9792608618736267
5479,RU-NNLS,pearson,0.9609505534172058
5485,RU-NNLS,pearson,0.9734002351760864
5493,RU-NNLS,pearson,0.9751263856887817
5496,RU-NNLS,pearson,0.9849481582641602
5497,RU-NNLS,pearson,0.9656996130943298
5519,RU-NNLS,pearson,0.9862109422683716
5521,RU-NNLS,pearson,0.9732592105865479
5522,RU-NNLS,pearson,0.9760645627975464
5532,RU-NNLS,pearson,0.9651535749435425
5544,RU-NNLS,pearson,0.9840114116668701
5545,RU-NNLS,pearson,0.9845144748687744
5551,RU-NNLS,pearson,0.9712278246879578
5555,RU-NNLS,pearson,0.9664891362190247
5556,RU-NNLS,pearson,0.9904180765151978
5557,RU-NNLS,pearson,0.9817436337471008
5560,RU-NNLS,pearson,0.9691159129142761
5569,RU-NNLS,pearson,0.977614164352417
5572,RU-NNLS,pearson,0.9661405682563782
5573,RU-NNLS,pearson,0.9700497984886169
5578,RU-NNLS,pearson,0.977324903011322
5584,RU-NNLS,pearson,0.9801610708236694
5585,RU-NNLS,pearson,0.969598114490509
5587,RU-NNLS,pearson,0.9728187322616577
5589,RU-NNLS,pearson,0.9804933667182922
5596,RU-NNLS,pearson,0.9655927419662476
5603,RU-NNLS,pearson,0.9846050143241882
5608,RU-NNLS,pearson,0.9613288044929504
5610,RU-NNLS,pearson,0.9655503630638123
5615,RU-NNLS,pearson,0.9884141683578491
5618,RU-NNLS,pearson,0.9729062914848328
5623,RU-NNLS,pearson,0.9861926436424255
5633,RU-NNLS,pearson,0.9811594486236572
5646,RU-NNLS,pearson,0.9763298630714417
5648,RU-NNLS,pearson,0.9764301776885986
5657,RU-NNLS,pearson,0.9735402464866638
5662,RU-NNLS,pearson,0.9796535968780518
5667,RU-NNLS,pearson,0.9742120504379272
5674,RU-NNLS,pearson,0.9762554168701172
5677,RU-NNLS,pearson,0.9622361063957214
5697,RU-NNLS,pearson,0.9569801688194275
5712,RU-NNLS,pearson,0.9788000583648682
5715,RU-NNLS,pearson,0.9797205328941345
5728,RU-NNLS,pearson,0.9812321066856384
5737,RU-NNLS,pearson,0.9728276133537292
5742,RU-NNLS,pearson,0.9769201278686523
5744,RU-NNLS,pearson,0.9819406270980835
5758,RU-NNLS,pearson,0.9753061532974243
5763,RU-NNLS,pearson,0.9732480645179749
5770,RU-NNLS,pearson,0.9516066312789917
5774,RU-NNLS,pearson,0.9658190608024597
5785,RU-NNLS,pearson,0.9701151847839355
5793,RU-NNLS,pearson,0.9731988310813904
5802,RU-NNLS,pearson,0.9790399074554443
5803,RU-NNLS,pearson,0.9697020053863525
5804,RU-NNLS,pearson,0.974444568157196
5810,RU-NNLS,pearson,0.9730433821678162
5813,RU-NNLS,pearson,0.9855889081954956
5819,RU-NNLS,pearson,0.9864023923873901
5831,RU-NNLS,pearson,0.9777976274490356
5838,RU-NNLS,pearson,0.9758176207542419
5848,RU-NNLS,pearson,0.9744763970375061
5850,RU-NNLS,pearson,0.9608055949211121
5851,RU-NNLS,pearson,0.9743395447731018
5860,RU-NNLS,pearson,0.9819433093070984
5877,RU-NNLS,pearson,0.9630455374717712
5878,RU-NNLS,pearson,0.9728149175643921
5880,RU-NNLS,pearson,0.9736667275428772
5884,RU-NNLS,pearson,0.9825558066368103
5890,RU-NNLS,pearson,0.9806819558143616
5892,RU-NNLS,pearson,0.9654862880706787
5895,RU-NNLS,pearson,0.9715949296951294
5899,RU-NNLS,pearson,0.9803149104118347
5903,RU-NNLS,pearson,0.9813788533210754
5904,RU-NNLS,pearson,0.9704028367996216
5906,RU-NNLS,pearson,0.9778966903686523
5916,RU-NNLS,pearson,0.9594573378562927
5919,RU-NNLS,pearson,0.9646854400634766
5939,RU-NNLS,pearson,0.9702655076980591
5941,RU-NNLS,pearson,0.9709134697914124
5961,RU-NNLS,pearson,0.9778152108192444
5966,RU-NNLS,pearson,0.9831352233886719
5967,RU-NNLS,pearson,0.9649701714515686
5968,RU-NNLS,pearson,0.9849036335945129
5969,RU-NNLS,pearson,0.9684247374534607
5976,RU-NNLS,pearson,0.9771621823310852
5980,RU-NNLS,pearson,0.9824830293655396
5994,RU-NNLS,pearson,0.9850184917449951
6006,RU-NNLS,pearson,0.9802057147026062
6013,RU-NNLS,pearson,0.97688227891922
6018,RU-NNLS,pearson,0.9750354886054993
6020,RU-NNLS,pearson,0.9808264970779419
6021,RU-NNLS,pearson,0.9722331166267395
6022,RU-NNLS,pearson,0.96366286277771
6025,RU-NNLS,pearson,0.9649698138237
6027,RU-NNLS,pearson,0.9833343029022217
6042,RU-NNLS,pearson,0.9914476275444031
6047,RU-NNLS,pearson,0.9678264856338501
6048,RU-NNLS,pearson,0.9850473403930664
6060,RU-NNLS,pearson,0.9891363978385925
6063,RU-NNLS,pearson,0.9785423874855042
6067,RU-NNLS,pearson,0.9815188050270081
6071,RU-NNLS,pearson,0.9831395149230957
6075,RU-NNLS,pearson,0.9820959568023682
6083,RU-NNLS,pearson,0.9787627458572388
6085,RU-NNLS,pearson,0.9733111262321472
6089,RU-NNLS,pearson,0.9763988852500916
6091,RU-NNLS,pearson,0.9834598302841187
6110,RU-NNLS,pearson,0.9734013080596924
6117,RU-NNLS,pearson,0.9672970771789551
6129,RU-NNLS,pearson,0.9758365154266357
6135,RU-NNLS,pearson,0.9818780422210693
6137,RU-NNLS,pearson,0.978600025177002
6139,RU-NNLS,pearson,0.9767488837242126
6147,RU-NNLS,pearson,0.9816662073135376
6156,RU-NNLS,pearson,0.9845698475837708
6157,RU-NNLS,pearson,0.9875015020370483
6158,RU-NNLS,pearson,0.9659200310707092
6162,RU-NNLS,pearson,0.9735128283500671
6171,RU-NNLS,pearson,0.9828518033027649
6177,RU-NNLS,pearson,0.9878095984458923
6181,RU-NNLS,pearson,0.9732041954994202
6182,RU-NNLS,pearson,0.9835376739501953
6184,RU-NNLS,pearson,0.9735245704650879
6189,RU-NNLS,pearson,0.9769300222396851
6199,RU-NNLS,pearson,0.9777106046676636
6204,RU-NNLS,pearson,0.9856607913970947
6208,RU-NNLS,pearson,0.9756012558937073
6209,RU-NNLS,pearson,0.9755268692970276
6217,RU-NNLS,pearson,0.9653352499008179
6218,RU-NNLS,pearson,0.9705482721328735
6222,RU-NNLS,pearson,0.9489798545837402
6226,RU-NNLS,pearson,0.9721943140029907
6233,RU-NNLS,pearson,0.9767212271690369
6241,RU-NNLS,pearson,0.9899457693099976
6243,RU-NNLS,pearson,0.9833620190620422
6264,RU-NNLS,pearson,0.9624118804931641
6265,RU-NNLS,pearson,0.9828878045082092
6275,RU-NNLS,pearson,0.97774338722229
6277,RU-NNLS,pearson,0.9753085374832153
6287,RU-NNLS,pearson,0.9789425730705261
6292,RU-NNLS,pearson,0.9847857356071472
6301,RU-NNLS,pearson,0.9752365350723267
6309,RU-NNLS,pearson,0.980756402015686
6318,RU-NNLS,pearson,0.979435384273529
6325,RU-NNLS,pearson,0.979723334312439
6335,RU-NNLS,pearson,0.979790985584259
6339,RU-NNLS,pearson,0.985252857208252
6353,RU-NNLS,pearson,0.9798875451087952
6362,RU-NNLS,pearson,0.9735508561134338
6364,RU-NNLS,pearson,0.9865454435348511
6366,RU-NNLS,pearson,0.9821218252182007
6368,RU-NNLS,pearson,0.9812383651733398
6386,RU-NNLS,pearson,0.9752495288848877
6402,RU-NNLS,pearson,0.9782959222793579
6403,RU-NNLS,pearson,0.9744001626968384
6410,RU-NNLS,pearson,0.9642170071601868
6416,RU-NNLS,pearson,0.9690978527069092
6421,RU-NNLS,pearson,0.9902974367141724
6422,RU-NNLS,pearson,0.967085063457489
6423,RU-NNLS,pearson,0.9687962532043457
6427,RU-NNLS,pearson,0.9761493802070618
6428,RU-NNLS,pearson,0.9791539311408997
6432,RU-NNLS,pearson,0.9705920815467834
6446,RU-NNLS,pearson,0.9669819474220276
6457,RU-NNLS,pearson,0.985353410243988
6471,RU-NNLS,pearson,0.9819017648696899
6484,RU-NNLS,pearson,0.9808146953582764
6496,RU-NNLS,pearson,0.9629504084587097
6498,RU-NNLS,pearson,0.9697962999343872
6503,RU-NNLS,pearson,0.9794996976852417
6509,RU-NNLS,pearson,0.9800922870635986
6513,RU-NNLS,pearson,0.968219518661499
6522,RU-NNLS,pearson,0.9782174229621887
6539,RU-NNLS,pearson,0.9822394251823425
6545,RU-NNLS,pearson,0.9826353192329407
6547,RU-NNLS,pearson,0.9843373894691467
6552,RU-NNLS,pearson,0.96409010887146
6559,RU-NNLS,pearson,0.955146849155426
6564,RU-NNLS,pearson,0.975635826587677
6566,RU-NNLS,pearson,0.9772003889083862
6570,RU-NNLS,pearson,0.9874138832092285
6584,RU-NNLS,pearson,0.9729848504066467
6588,RU-NNLS,pearson,0.9811893105506897
6594,RU-NNLS,pearson,0.9784915447235107
6612,RU-NNLS,pearson,0.9853975772857666
6628,RU-NNLS,pearson,0.984212338924408
6637,RU-NNLS,pearson,0.9686424732208252
6642,RU-NNLS,pearson,0.9775681495666504
6647,RU-NNLS,pearson,0.9766924381256104
6648,RU-NNLS,pearson,0.9740617871284485
6649,RU-NNLS,pearson,0.9793817400932312
6653,RU-NNLS,pearson,0.9823035597801208
6656,RU-NNLS,pearson,0.9766178131103516
6660,RU-NNLS,pearson,0.9728172421455383
6672,RU-NNLS,pearson,0.9761056303977966
6676,RU-NNLS,pearson,0.978553056716919
6682,RU-NNLS,pearson,0.9756617546081543
6683,RU-NNLS,pearson,0.9802212715148926
6691,RU-NNLS,pearson,0.9703212380409241
6695,RU-NNLS,pearson,0.9526330828666687
6700,RU-NNLS,pearson,0.9702483415603638
6705,RU-NNLS,pearson,0.9647602438926697
6706,RU-NNLS,pearson,0.9826549887657166
6711,RU-NNLS,pearson,0.9850934743881226
6732,RU-NNLS,pearson,0.984515368938446
6742,RU-NNLS,pearson,0.971338152885437
6744,RU-NNLS,pearson,0.806667685508728
6747,RU-NNLS,pearson,0.9713007211685181
6757,RU-NNLS,pearson,0.9787502288818359
6769,RU-NNLS,pearson,0.9856375455856323
6786,RU-NNLS,pearson,0.9744268655776978
6787,RU-NNLS,pearson,0.9809401631355286
6800,RU-NNLS,pearson,0.9812271595001221
6808,RU-NNLS,pearson,0.9746577739715576
6826,RU-NNLS,pearson,0.9782280325889587
6831,RU-NNLS,pearson,0.9815345406532288
6833,RU-NNLS,pearson,0.9731430411338806
6835,RU-NNLS,pearson,0.9753423929214478
6837,RU-NNLS,pearson,0.44383034110069275
6845,RU-NNLS,pearson,0.9717282056808472
6848,RU-NNLS,pearson,0.9774447679519653
6855,RU-NNLS,pearson,0.9650518298149109
6860,RU-NNLS,pearson,0.9678859114646912
6865,RU-NNLS,pearson,0.9772933125495911
6872,RU-NNLS,pearson,0.9783148169517517
6880,RU-NNLS,pearson,0.9635382890701294
6887,RU-NNLS,pearson,0.9743120670318604
6889,RU-NNLS,pearson,0.971241295337677
6894,RU-NNLS,pearson,0.9784500002861023
6904,RU-NNLS,pearson,0.9840213060379028
6913,RU-NNLS,pearson,0.9715433120727539
6928,RU-NNLS,pearson,0.9909106492996216
6936,RU-NNLS,pearson,0.9786890149116516
6963,RU-NNLS,pearson,0.9658221006393433
6971,RU-NNLS,pearson,0.9497728943824768
6992,RU-NNLS,pearson,0.9747148752212524
7011,RU-NNLS,pearson,0.9667002558708191
7013,RU-NNLS,pearson,0.9727400541305542
7018,RU-NNLS,pearson,0.9662604331970215
7023,RU-NNLS,pearson,0.9789214730262756
7035,RU-NNLS,pearson,0.9556785225868225
7038,RU-NNLS,pearson,0.9808483123779297
7041,RU-NNLS,pearson,0.9747807383537292
7042,RU-NNLS,pearson,0.9819263219833374
7047,RU-NNLS,pearson,0.987529993057251
7057,RU-NNLS,pearson,0.982507586479187
7068,RU-NNLS,pearson,0.9886609315872192
7088,RU-NNLS,pearson,0.9720876216888428
7092,RU-NNLS,pearson,0.9822403788566589
7100,RU-NNLS,pearson,0.9785032868385315
7114,RU-NNLS,pearson,0.9608801007270813
7119,RU-NNLS,pearson,0.9792982339859009
7126,RU-NNLS,pearson,0.9725040793418884
7131,RU-NNLS,pearson,0.9807006120681763
7140,RU-NNLS,pearson,0.9718068838119507
7142,RU-NNLS,pearson,0.972618579864502
7143,RU-NNLS,pearson,0.9794579744338989
7153,RU-NNLS,pearson,0.9743220806121826
7154,RU-NNLS,pearson,0.956995964050293
7169,RU-NNLS,pearson,0.9739475250244141
7171,RU-NNLS,pearson,0.9819039106369019
7172,RU-NNLS,pearson,0.9791158437728882
7178,RU-NNLS,pearson,0.9851763248443604
7184,RU-NNLS,pearson,0.9680007696151733
7202,RU-NNLS,pearson,0.9750256538391113
7206,RU-NNLS,pearson,0.9583728909492493
7220,RU-NNLS,pearson,0.971807599067688
7226,RU-NNLS,pearson,0.9720852971076965
7229,RU-NNLS,pearson,0.9704601764678955
7231,RU-NNLS,pearson,0.9794358015060425
7237,RU-NNLS,pearson,0.9718016982078552
7244,RU-NNLS,pearson,0.9800066947937012
7256,RU-NNLS,pearson,0.978118896484375
7259,RU-NNLS,pearson,0.973932683467865
7269,RU-NNLS,pearson,0.9794578552246094
7272,RU-NNLS,pearson,0.9756261110305786
7274,RU-NNLS,pearson,0.9742538928985596
7276,RU-NNLS,pearson,0.9882834553718567
7287,RU-NNLS,pearson,0.9712211489677429
7288,RU-NNLS,pearson,0.9658340215682983
7290,RU-NNLS,pearson,0.9755196571350098
7293,RU-NNLS,pearson,0.9679921269416809
7295,RU-NNLS,pearson,0.985119104385376
7299,RU-NNLS,pearson,0.9624852538108826
7301,RU-NNLS,pearson,0.9766660332679749
7313,RU-NNLS,pearson,0.9696314930915833
7321,RU-NNLS,pearson,0.9730125665664673
7327,RU-NNLS,pearson,0.9693147540092468
7328,RU-NNLS,pearson,0.9727431535720825
7331,RU-NNLS,pearson,0.9907715320587158
7340,RU-NNLS,pearson,0.9728370308876038
7346,RU-NNLS,pearson,0.9748319387435913
7350,RU-NNLS,pearson,0.9780107140541077
7373,RU-NNLS,pearson,0.9774616360664368
7376,RU-NNLS,pearson,0.9806042313575745
7383,RU-NNLS,pearson,0.9808576107025146
7404,RU-NNLS,pearson,0.9762458205223083
7412,RU-NNLS,pearson,0.9705687761306763
7413,RU-NNLS,pearson,0.9693333506584167
7421,RU-NNLS,pearson,0.9777037501335144
7422,RU-NNLS,pearson,0.9622377753257751
7426,RU-NNLS,pearson,0.9720253348350525
7427,RU-NNLS,pearson,0.9858397245407104
7429,RU-NNLS,pearson,0.9797006249427795
7432,RU-NNLS,pearson,0.9892737865447998
7454,RU-NNLS,pearson,0.9655505418777466
7459,RU-NNLS,pearson,0.9735711812973022
7463,RU-NNLS,pearson,0.9759000539779663
7464,RU-NNLS,pearson,0.9773765802383423
7476,RU-NNLS,pearson,0.9890090227127075
7477,RU-NNLS,pearson,0.9658560156822205
7498,RU-NNLS,pearson,0.9683341383934021
7509,RU-NNLS,pearson,0.982964277267456
7511,RU-NNLS,pearson,0.9758380651473999
7517,RU-NNLS,pearson,0.9909867644309998
7526,RU-NNLS,pearson,0.9883446097373962
7528,RU-NNLS,pearson,0.9808375239372253
7529,RU-NNLS,pearson,0.9805177450180054
7545,RU-NNLS,pearson,0.983272135257721
7546,RU-NNLS,pearson,0.977903425693512
7548,RU-NNLS,pearson,0.9753002524375916
7555,RU-NNLS,pearson,0.9739639163017273
7563,RU-NNLS,pearson,0.9825142621994019
7570,RU-NNLS,pearson,0.9724966287612915
7572,RU-NNLS,pearson,0.9731652736663818
7576,RU-NNLS,pearson,0.9767757654190063
7577,RU-NNLS,pearson,0.9740109443664551
7595,RU-NNLS,pearson,0.9622958898544312
7606,RU-NNLS,pearson,0.9885350465774536
7608,RU-NNLS,pearson,0.9875960350036621
7619,RU-NNLS,pearson,0.9802775382995605
7620,RU-NNLS,pearson,0.9765297770500183
7624,RU-NNLS,pearson,0.9763030409812927
7627,RU-NNLS,pearson,0.9653437733650208
7629,RU-NNLS,pearson,0.9598244428634644
7630,RU-NNLS,pearson,0.9772530794143677
7632,RU-NNLS,pearson,0.9720520973205566
7645,RU-NNLS,pearson,0.9777952432632446
7656,RU-NNLS,pearson,0.9788320064544678
7671,RU-NNLS,pearson,0.984266459941864
7676,RU-NNLS,pearson,0.9839240312576294
7688,RU-NNLS,pearson,0.9766075015068054
7691,RU-NNLS,pearson,0.9723572134971619
7692,RU-NNLS,pearson,0.9847773313522339
7709,RU-NNLS,pearson,0.982536256313324
7710,RU-NNLS,pearson,0.9764252305030823
7719,RU-NNLS,pearson,0.981392502784729
7738,RU-NNLS,pearson,0.9795258045196533
7740,RU-NNLS,pearson,0.9751861095428467
7741,RU-NNLS,pearson,0.9652214646339417
7742,RU-NNLS,pearson,0.9829508066177368
7759,RU-NNLS,pearson,0.9829555749893188
7764,RU-NNLS,pearson,0.9772630929946899
7768,RU-NNLS,pearson,0.9829908013343811
7772,RU-NNLS,pearson,0.9845226407051086
7774,RU-NNLS,pearson,0.9691250920295715
7775,RU-NNLS,pearson,0.972126305103302
7776,RU-NNLS,pearson,0.9810924530029297
7779,RU-NNLS,pearson,0.966219425201416
7791,RU-NNLS,pearson,0.9876236319541931
7808,RU-NNLS,pearson,0.9802144765853882
7813,RU-NNLS,pearson,0.9838383793830872
7822,RU-NNLS,pearson,0.9854728579521179
7825,RU-NNLS,pearson,0.9773367047309875
7829,RU-NNLS,pearson,0.9782977104187012
7835,RU-NNLS,pearson,0.9699905514717102
7845,RU-NNLS,pearson,0.9740933775901794
7861,RU-NNLS,pearson,0.9863317608833313
7863,RU-NNLS,pearson,0.9800335764884949
7869,RU-NNLS,pearson,0.9670589566230774
7874,RU-NNLS,pearson,0.9905677437782288
7891,RU-NNLS,pearson,0.9675078988075256
7902,RU-NNLS,pearson,0.9637317657470703
7916,RU-NNLS,pearson,0.9724572896957397
7934,RU-NNLS,pearson,0.9875159859657288
7940,RU-NNLS,pearson,0.9872958064079285
7944,RU-NNLS,pearson,0.9712255597114563
7960,RU-NNLS,pearson,0.9835812449455261
7966,RU-NNLS,pearson,0.9708084464073181
7967,RU-NNLS,pearson,0.9663223028182983
7970,RU-NNLS,pearson,0.986359179019928
7971,RU-NNLS,pearson,0.9811193346977234
7972,RU-NNLS,pearson,0.9614709615707397
7977,RU-NNLS,pearson,0.9743725061416626
7992,RU-NNLS,pearson,0.9855594038963318
8002,RU-NNLS,pearson,0.9872809052467346
8003,RU-NNLS,pearson,0.9798178672790527
8004,RU-NNLS,pearson,0.9825400114059448
8010,RU-NNLS,pearson,0.9731602668762207
8015,RU-NNLS,pearson,0.9833025336265564
8016,RU-NNLS,pearson,0.9644638895988464
8024,RU-NNLS,pearson,0.9697351455688477
8047,RU-NNLS,pearson,0.9687638282775879
8058,RU-NNLS,pearson,0.9576221108436584
8067,RU-NNLS,pearson,0.9709123373031616
8073,RU-NNLS,pearson,0.9658242464065552
8076,RU-NNLS,pearson,0.9698954224586487
8081,RU-NNLS,pearson,0.9588488936424255
8114,RU-NNLS,pearson,0.9696151614189148
8115,RU-NNLS,pearson,0.974861204624176
8120,RU-NNLS,pearson,0.975741982460022
8122,RU-NNLS,pearson,0.97955721616745
8125,RU-NNLS,pearson,0.984052836894989
8136,RU-NNLS,pearson,0.9719852805137634
8138,RU-NNLS,pearson,0.9742046594619751
8149,RU-NNLS,pearson,0.9523550868034363
8156,RU-NNLS,pearson,0.9798550009727478
8157,RU-NNLS,pearson,0.9885434508323669
8162,RU-NNLS,pearson,0.9746901392936707
8167,RU-NNLS,pearson,0.982530415058136
8169,RU-NNLS,pearson,0.972307562828064
8170,RU-NNLS,pearson,0.980042040348053
8172,RU-NNLS,pearson,0.9657256007194519
8202,RU-NNLS,pearson,0.9864370822906494
8206,RU-NNLS,pearson,0.9669350981712341
8217,RU-NNLS,pearson,0.9734088778495789
8218,RU-NNLS,pearson,0.982093334197998
8222,RU-NNLS,pearson,0.9833958148956299
8227,RU-NNLS,pearson,0.9764038920402527
8249,RU-NNLS,pearson,0.9714992642402649
8251,RU-NNLS,pearson,0.9764043092727661
8252,RU-NNLS,pearson,0.9640721678733826
8256,RU-NNLS,pearson,0.9688544869422913
8263,RU-NNLS,pearson,0.9683210253715515
5,RU-NNLS,psnr,29.570335031956027
12,RU-NNLS,psnr,28.50884509604363
24,RU-NNLS,psnr,29.38415731536219
26,RU-NNLS,psnr,28.583260540418355
30,RU-NNLS,psnr,27.144455961970287
35,RU-NNLS,psnr,28.52253382574977
39,RU-NNLS,psnr,27.168598696865285
41,RU-NNLS,psnr,29.549274827314886
42,RU-NNLS,psnr,28.135989873480383
44,RU-NNLS,psnr,28.656367552689925
48,RU-NNLS,psnr,30.446667779424253
65,RU-NNLS,psnr,30.794818817361648
69,RU-NNLS,psnr,26.097314762866883
71,RU-NNLS,psnr,28.26565614323194
73,RU-NNLS,psnr,28.503575802162278
80,RU-NNLS,psnr,27.876762425501603
83,RU-NNLS,psnr,29.36894048375534
99,RU-NNLS,psnr,26.176413041394277
100,RU-NNLS,psnr,26.289258988280316
110,RU-NNLS,psnr,26.861401133363326
116,RU-NNLS,psnr,27.518860624448553
122,RU-NNLS,psnr,32.522436572662755
132,RU-NNLS,psnr,29.262999062875707
141,RU-NNLS,psnr,28.542645868951656
151,RU-NNLS,psnr,27.802018554391594
154,RU-NNLS,psnr,28.322153967808795
156,RU-NNLS,psnr,26.046366026733907
157,RU-NNLS,psnr,29.01021572408931
159,RU-NNLS,psnr,28.884837375211674
178,RU-NNLS,psnr,29.90615796334933
197,RU-NNLS,psnr,31.827226438439645
199,RU-NNLS,psnr,30.327785591636328
211,RU-NNLS,psnr,29.069767290743158
212,RU-NNLS,psnr,28.07204799211924
214,RU-NNLS,psnr,29.184296752694507
221,RU-NNLS,psnr,28.934549270150562
232,RU-NNLS,psnr,29.129936399912157
233,RU-NNLS,psnr,29.980204048260468
240,RU-NNLS,psnr,26.726783461928044
242,RU-NNLS,psnr,24.59111762429236
243,RU-NNLS,psnr,27.831870215182846
244,RU-NNLS,psnr,28.645127398293152
260,RU-NNLS,psnr,35.297547438487896
273,RU-NNLS,psnr,26.84188391312042
275,RU-NNLS,psnr,27.548112001862954
276,RU-NNLS,psnr,27.683972235348723
283,RU-NNLS,psnr,27.034358744203217
297,RU-NNLS,psnr,26.69664022923097
303,RU-NNLS,psnr,28.22550959526813
310,RU-NNLS,psnr,31.558901649844344
318,RU-NNLS,psnr,28.310980641152177
319,RU-NNLS,psnr,27.46922941512368
324,RU-NNLS,psnr,29.34545240760628
326,RU-NNLS,psnr,30.817461224994304
328,RU-NNLS,psnr,32.04328247294267
330,RU-NNLS,psnr,29.544372131564344
333,RU-NNLS,psnr,29.435016917610746
340,RU-NNLS,psnr,27.652060530816016
347,RU-NNLS,psnr,27.613126401286475
348,RU-NNLS,psnr,28.639394225113826
360,RU-NNLS,psnr,30.739763736379313
361,RU-NNLS,psnr,27.16549864261614
364,RU-NNLS,psnr,27.706978068063837
366,RU-NNLS,psnr,31.283716129573882
378,RU-NNLS,psnr,29.171087690116856
391,RU-NNLS,psnr,28.11291343679833
394,RU-NNLS,psnr,28.917433297119267
398,RU-NNLS,psnr,27.817057302774884
408,RU-NNLS,psnr,28.773969101427742
409,RU-NNLS,psnr,27.632590349840154
410,RU-NNLS,psnr,25.6961797551794
412,RU-NNLS,psnr,30.95245217364517
425,RU-NNLS,psnr,27.047564992320773
429,RU-NNLS,psnr,27.939345407025687
438,RU-NNLS,psnr,29.316168582624872
461,RU-NNLS,psnr,26.07733060184463
463,RU-NNLS,psnr,27.179273470762503
464,RU-NNLS,psnr,28.816850466793724
477,RU-NNLS,psnr,27.39755996411239
486,RU-NNLS,psnr,30.93629962422166
491,RU-NNLS,psnr,30.69598263487276
495,RU-NNLS,psnr,27.453090653759773
516,RU-NNLS,psnr,28.12113091243718
521,RU-NNLS,psnr,28.263097190328935
531,RU-NNLS,psnr,28.494591948415064
533,RU-NNLS,psnr,25.65453404485851
537,RU-NNLS,psnr,29.573200565421143
542,RU-NNLS,psnr,28.27977241511939
543,RU-NNLS,psnr,29.53021375791604
548,RU-NNLS,psnr,28.166578786424363
554,RU-NNLS,psnr,28.737181052132637
565,RU-NNLS,psnr,30.39142366228461
570,RU-NNLS,psnr,31.55013210491186
574,RU-NNLS,psnr,26.782659979312776
590,RU-NNLS,psnr,28.686901686655567
610,RU-NNLS,psnr,28.172436745715203
613,RU-NNLS,psnr,30.431727627484577
634,RU-NNLS,psnr,28.647308415290116
637,RU-NNLS,psnr,29.988045061406353
642,RU-NNLS,psnr,27.834652095576974
644,RU-NNLS,psnr,29.38852595870761
663,RU-NNLS,psnr,29.204319413064347
670,RU-NNLS,psnr,25.736500869731866
676,RU-NNLS,psnr,29.025205087177174
680,RU-NNLS,psnr,30.10686882718651
686,RU-NNLS,psnr,28.73431927229536
695,RU-NNLS,psnr,29.26884778483497
707,RU-NNLS,psnr,29.098762921376764
711,RU-NNLS,psnr,28.220728665970714
712,RU-NNLS,psnr,29.062092590940935
713,RU-NNLS,psnr,27.507414917162873
717,RU-NNLS,psnr,30.910662402530157
721,RU-NNLS,psnr,30.295441823037365
738,RU-NNLS,psnr,27.478882535631136
748,RU-NNLS,psnr,31.84409428665075
752,RU-NNLS,psnr,29.658381300958684
760,RU-NNLS,psnr,29.312079115430734
763,RU-NNLS,psnr,30.545645168472568
770,RU-NNLS,psnr,28.435842007532827
776,RU-NNLS,psnr,27.115170412258326
778,RU-NNLS,psnr,28.60608010633193
782,RU-NNLS,psnr,29.17094910658775
787,RU-NNLS,psnr,27.711431668360326
793,RU-NNLS,psnr,29.01888562067713
799,RU-NNLS,psnr,28.561972126112888
800,RU-NNLS,psnr,26.92004002596502
804,RU-NNLS,psnr,28.49438803430705
810,RU-NNLS,psnr,28.43899009613843
812,RU-NNLS,psnr,28.223421107098957
819,RU-NNLS,psnr,29.44950102286832
823,RU-NNLS,psnr,29.745760990095906
827,RU-NNLS,psnr,26.22173831744163
831,RU-NNLS,psnr,29.668740669682677
847,RU-NNLS,psnr,25.18988221168374
849,RU-NNLS,psnr,30.945238306936243
856,RU-NNLS,psnr,27.645984382453005
865,RU-NNLS,psnr,28.468783696568572
871,RU-NNLS,psnr,30.104580825267902
873,RU-NNLS,psnr,28.52366984426336
880,RU-NNLS,psnr,31.075099225423237
884,RU-NNLS,psnr,26.91524746050479
887,RU-NNLS,psnr,29.04611346136616
893,RU-NNLS,psnr,27.635886649746606
906,RU-NNLS,psnr,27.46231404235789
909,RU-NNLS,psnr,25.998243688289982
910,RU-NNLS,psnr,27.346283123723705
913,RU-NNLS,psnr,28.52218079250708
916,RU-NNLS,psnr,30.46075156531344
927,RU-NNLS,psnr,29.270204272939843
930,RU-NNLS,psnr,29.492556381765525
939,RU-NNLS,psnr,30.041329804406402
956,RU-NNLS,psnr,28.655107118483475
963,RU-NNLS,psnr,25.58609601524305
966,RU-NNLS,psnr,31.782466351709125
969,RU-NNLS,psnr,25.406206717800547
970,RU-NNLS,psnr,28.888559447979777
978,RU-NNLS,psnr,28.698445339334448
988,RU-NNLS,psnr,28.419742464564134
989,RU-NNLS,psnr,29.801213098944505
992,RU-NNLS,psnr,29.02986900733041
995,RU-NNLS,psnr,28.39904036351912
1004,RU-NNLS,psnr,30.54831557974265
1008,RU-NNLS,psnr,26.201063766281386
1011,RU-NNLS,psnr,24.769065893416432
1013,RU-NNLS,psnr,28.408549466653458
1018,RU-NNLS,psnr,28.012382614296946
1022,RU-NNLS,psnr,31.029348190955353
1045,RU-NNLS,psnr,29.829508418576776
1049,RU-NNLS,psnr,31.10724836810249
1051,RU-NNLS,psnr,27.915891329605657
1061,RU-NNLS,psnr,28.342722447995126
1063,RU-NNLS,psnr,32.379872482917776
1068,RU-NNLS,psnr,33.15990014207487
1076,RU-NNLS,psnr,35.11939880777427
1079,RU-NNLS,psnr,28.55433366575092
1084,RU-NNLS,psnr,29.076286737535504
1089,RU-NNLS,psnr,27.584493163212535
1090,RU-NNLS,psnr,32.3181536131653
1099,RU-NNLS,psnr,26.10759145602575
1114,RU-NNLS,psnr,32.6834849336326
1120,RU-NNLS,psnr,27.69625352743646
1121,RU-NNLS,psnr,27.05223146221796
1134,RU-NNLS,psnr,28.32930299233849
1177,RU-NNLS,psnr,31.38769972238919
1178,RU-NNLS,psnr,31.14578892774074
1183,RU-NNLS,psnr,29.15518548512878
1193,RU-NNLS,psnr,27.590866045126067
1204,RU-NNLS,psnr,30.811120746266578
1208,RU-NNLS,psnr,29.963543580469228
1213,RU-NNLS,psnr,29.22068607262867
1231,RU-NNLS,psnr,29.242920548469233
1232,RU-NNLS,psnr,26.784465254707513
1233,RU-NNLS,psnr,26.94183111506288
1238,RU-NNLS,psnr,28.70526835736401
1240,RU-NNLS,psnr,30.891385947421178
1243,RU-NNLS,psnr,29.286848364658233
1260,RU-NNLS,psnr,31.25943760768022
1267,RU-NNLS,psnr,28.24938269560765
1268,RU-NNLS,psnr,28.381570020145723
1274,RU-NNLS,psnr,28.882267510552282
1281,RU-NNLS,psnr,29.209301002642828
1297,RU-NNLS,psnr,31.234965481149153
1307,RU-NNLS,psnr,28.26085139612935
1313,RU-NNLS,psnr,30.280839638764007
1330,RU-NNLS,psnr,27.765466712543553
1334,RU-NNLS,psnr,27.96361730215455
1346,RU-NNLS,psnr,30.70979064394644
1348,RU-NNLS,psnr,28.88520996071469
1355,RU-NNLS,psnr,29.45965544053546
1363,RU-NNLS,psnr,31.665755459585036
1366,RU-NNLS,psnr,29.650172670554245
1391,RU-NNLS,psnr,27.206905899370195
1400,RU-NNLS,psnr,29.973494201050293
1411,RU-NNLS,psnr,28.36813370474033
1413,RU-NNLS,psnr,31.42157576463381
1422,RU-NNLS,psnr,27.82913624541315
1425,RU-NNLS,psnr,26.533990816288178
1434,RU-NNLS,psnr,29.694533238193614
1441,RU-NNLS,psnr,30.711817843383116
1447,RU-NNLS,psnr,31.416205921517175
1458,RU-NNLS,psnr,28.415508229695085
1471,RU-NNLS,psnr,26.129337266255995
1481,RU-NNLS,psnr,29.479269450442644
1499,RU-NNLS,psnr,28.87319538393283
1506,RU-NNLS,psnr,27.05609549144637
1511,RU-NNLS,psnr,27.922522624938754
1512,RU-NNLS,psnr,30.22272239481126
1515,RU-NNLS,psnr,30.826541155441205
1522,RU-NNLS,psnr,27.98117360228496
1525,RU-NNLS,psnr,26.576944612676566
1536,RU-NNLS,psnr,29.0295121262182
1541,RU-NNLS,psnr,28.316130134187695
1543,RU-NNLS,psnr,27.870302085087253
1546,RU-NNLS,psnr,29.084613065058488
1551,RU-NNLS,psnr,26.05048341571619
1553,RU-NNLS,psnr,26.94604515095381
1559,RU-NNLS,psnr,26.13179630627123
1562,RU-NNLS,psnr,26.688933427926024
1563,RU-NNLS,psnr,26.960339150511516
1581,RU-NNLS,psnr,28.603129633475813
1613,RU-NNLS,psnr,29.594070894336415
1619,RU-NNLS,psnr,28.785081074325525
1622,RU-NNLS,psnr,27.83670259839915
1624,RU-NNLS,psnr,29.363086755021477
1634,RU-NNLS,psnr,29.96849197759186
1644,RU-NNLS,psnr,33.74057102013547
1645,RU-NNLS,psnr,30.33111690327607
1663,RU-NNLS,psnr,28.366555773633255
1673,RU-NNLS,psnr,28.988035517538343
1684,RU-NNLS,psnr,28.78085261707981
1685,RU-NNLS,psnr,29.91760682333559
1694,RU-NNLS,psnr,29.66663708442022
1697,RU-NNLS,psnr,27.769886296886753
1698,RU-NNLS,psnr,30.637024588883122
1700,RU-NNLS,psnr,27.270521745132534
1715,RU-NNLS,psnr,28.65699257851405
1721,RU-NNLS,psnr,30.34616596410137
1724,RU-NNLS,psnr,27.55644441386569
1727,RU-NNLS,psnr,30.125063773941424
1729,RU-NNLS,psnr,28.76026809317729
1741,RU-NNLS,psnr,27.833102775673275
1760,RU-NNLS,psnr,29.92867600255448
1761,RU-NNLS,psnr,26.486225718858293
1763,RU-NNLS,psnr,30.04392823499245
1765,RU-NNLS,psnr,28.762195155807575
1773,RU-NNLS,psnr,29.05380524820118
1782,RU-NNLS,psnr,31.00401414632789
1784,RU-NNLS,psnr,31.388908102039284
1791,RU-NNLS,psnr,28.664728036194727
1798,RU-NNLS,psnr,29.189212810133505
1804,RU-NNLS,psnr,26.681262088592668
1812,RU-NNLS,psnr,29.329177848593616
1814,RU-NNLS,psnr,29.51556454747436
1819,RU-NNLS,psnr,28.871929151204696
1824,RU-NNLS,psnr,28.045401814870353
1831,RU-NNLS,psnr,29.366540110980242
1833,RU-NNLS,psnr,28.072079135173556
1841,RU-NNLS,psnr,27.700867320748706
1843,RU-NNLS,psnr,30.39794001790044
1868,RU-NNLS,psnr,29.484836550917844
1871,RU-NNLS,psnr,30.984250003354536
1881,RU-NNLS,psnr,29.892845103837296
1882,RU-NNLS,psnr,27.69829830443324
1888,RU-NNLS,psnr,32.06686533446976
1911,RU-NNLS,psnr,28.74597841263055
1919,RU-NNLS,psnr,31.036512953673355
1935,RU-NNLS,psnr,28.58865234290693
1942,RU-NNLS,psnr,28.977546925038013
1943,RU-NNLS,psnr,29.807269699138796
1963,RU-NNLS,psnr,26.880273524740282
1968,RU-NNLS,psnr,26.295125436337187
1985,RU-NNLS,psnr,27.321575978459684
1999,RU-NNLS,psnr,26.65864731702989
2000,RU-NNLS,psnr,28.71433611449593
2002,RU-NNLS,psnr,29.44984677162255
2003,RU-NNLS,psnr,30.747044174997
2015,RU-NNLS,psnr,28.393605064454487
2020,RU-NNLS,psnr,28.17950752711596
2021,RU-NNLS,psnr,30.325136439803657
2026,RU-NNLS,psnr,30.699434381996372
2028,RU-NNLS,psnr,28.8252105187614
2034,RU-NNLS,psnr,28.90056375509854
2038,RU-NNLS,psnr,23.504434159897404
2060,RU-NNLS,psnr,30.845992143861423
2075,RU-NNLS,psnr,27.542897697708817
2078,RU-NNLS,psnr,28.16541893487556
2081,RU-NNLS,psnr,30.299136188409086
2095,RU-NNLS,psnr,28.451898670561093
2096,RU-NNLS,psnr,30.109393164531923
2102,RU-NNLS,psnr,26.711133988298208
2107,RU-NNLS,psnr,29.097955871359655
2109,RU-NNLS,psnr,29.36424311019995
2111,RU-NNLS,psnr,30.338625407509813
2112,RU-NNLS,psnr,27.177242302129756
2118,RU-NNLS,psnr,28.710761153616563
2122,RU-NNLS,psnr,26.916632792000257
2123,RU-NNLS,psnr,27.115257766117086
2128,RU-NNLS,psnr,28.008736918500485
2140,RU-NNLS,psnr,27.11675906845546
2148,RU-NNLS,psnr,28.624930654501956
2149,RU-NNLS,psnr,27.08315170936436
2151,RU-NNLS,psnr,30.792488542554935
2152,RU-NNLS,psnr,28.59026244611836
2166,RU-NNLS,psnr,25.740945153269024
2168,RU-NNLS,psnr,27.977920387780504
2176,RU-NNLS,psnr,29.061475381016578
2178,RU-NNLS,psnr,30.17839620007756
2183,RU-NNLS,psnr,28.21263135877242
2195,RU-NNLS,psnr,26.779977135964174
2200,RU-NNLS,psnr,29.83615912132869
2204,RU-NNLS,psnr,27.333645627864044
2205,RU-NNLS,psnr,28.905947835570075
2206,RU-NNLS,psnr,28.05427942903205
2211,RU-NNLS,psnr,30.638763395392186
2218,RU-NNLS,psnr,31.85744098915224
2221,RU-NNLS,psnr,30.912235805056095
2224,RU-NNLS,psnr,29.14181943122525
2227,RU-NNLS,psnr,30.335905942298993
2231,RU-NNLS,psnr,27.454520977362268
2236,RU-NNLS,psnr,27.302066844712343
2238,RU-NNLS,psnr,24.74523057746742
2242,RU-NNLS,psnr,26.229871317442147
2246,RU-NNLS,psnr,27.900681436871796
2269,RU-NNLS,psnr,29.1468775217888
2278,RU-NNLS,psnr,27.046642195217135
2279,RU-NNLS,psnr,25.838916370051116
2305,RU-NNLS,psnr,27.19054188100874
2315,RU-NNLS,psnr,28.037751949736197
2316,RU-NNLS,psnr,27.661931620127625
2331,RU-NNLS,psnr,29.842237132287455
2332,RU-NNLS,psnr,30.79727197105583
2334,RU-NNLS,psnr,29.210469764438276
2336,RU-NNLS,psnr,25.901757977349746
2342,RU-NNLS,psnr,27.033610421309184
2344,RU-NNLS,psnr,29.95206763190258
2345,RU-NNLS,psnr,28.039847703657014
2350,RU-NNLS,psnr,26.983598117416566
2358,RU-NNLS,psnr,25.356820675197298
2378,RU-NNLS,psnr,27.476638517201035
2388,RU-NNLS,psnr,29.325874706808392
2390,RU-NNLS,psnr,24.95663936283528
2396,RU-NNLS,psnr,30.756227687178217
2415,RU-NNLS,psnr,29.737848649814723
2417,RU-NNLS,psnr,28.675070277130523
2427,RU-NNLS,psnr,27.006477313338856
2428,RU-NNLS,psnr,31.185418386280478
2442,RU-NNLS,psnr,28.424601798641895
2448,RU-NNLS,psnr,27.640232975630028
2459,RU-NNLS,psnr,30.26034442235479
2460,RU-NNLS,psnr,26.27987463744978
2482,RU-NNLS,psnr,30.548654548031166
2483,RU-NNLS,psnr,31.427340262479202
2501,RU-NNLS,psnr,27.084186647349085
2512,RU-NNLS,psnr,32.08169222488123
2514,RU-NNLS,psnr,29.67985400281102
2520,RU-NNLS,psnr,25.87556176439225
2536,RU-NNLS,psnr,27.054524451597686
2543,RU-NNLS,psnr,29.24087258648931
2554,RU-NNLS,psnr,29.91149409257202
2598,RU-NNLS,psnr,28.46102358125044
2602,RU-NNLS,psnr,26.478049770914723
2604,RU-NNLS,psnr,28.928379509317924
2609,RU-NNLS,psnr,29.153603640783487
2611,RU-NNLS,psnr,27.33621894374052
2616,RU-NNLS,psnr,25.84724915190805
2618,RU-NNLS,psnr,29.584237119402523
2630,RU-NNLS,psnr,27.577933716279446
2647,RU-NNLS,psnr,27.069538583169056
2652,RU-NNLS,psnr,28.73940123959491
2653,RU-NNLS,psnr,26.785041891389096
2660,RU-NNLS,psnr,27.957150293811758
2673,RU-NNLS,psnr,28.996134520724098
2682,RU-NNLS,psnr,27.62566673970362
2687,RU-NNLS,psnr,31.614772300293097
2700,RU-NNLS,psnr,27.448582172859783
2702,RU-NNLS,psnr,24.588626311786843
2711,RU-NNLS,psnr,25.109361381653446
2725,RU-NNLS,psnr,27.308001597245234
2726,RU-NNLS,psnr,29.878150024306834
2727,RU-NNLS,psnr,24.71245782259774
2732,RU-NNLS,psnr,28.011161786814966
2742,RU-NNLS,psnr,26.410563990779
2744,RU-NNLS,psnr,31.479880145673764
2745,RU-NNLS,psnr,29.779883584222553
2751,RU-NNLS,psnr,26.978897546938256
2775,RU-NNLS,psnr,35.077146536468526
2782,RU-NNLS,psnr,25.375477883120666
2783,RU-NNLS,psnr,26.62891898111532
2787,RU-NNLS,psnr,29.047151354109168
2788,RU-NNLS,psnr,27.583902772797618
2792,RU-NNLS,psnr,28.441055821137134
2810,RU-NNLS,psnr,28.064074128415587
2813,RU-NNLS,psnr,30.252571947105107
2816,RU-NNLS,psnr,29.02247267027164
2817,RU-NNLS,psnr,29.917373704815404
2819,RU-NNLS,psnr,31.959521243100824
2841,RU-NNLS,psnr,27.02021624303451
2846,RU-NNLS,psnr,26.860924911815857
2851,RU-NNLS,psnr,29.309288981940007
2855,RU-NNLS,psnr,27.221820362028684
2864,RU-NNLS,psnr,25.6319774121248
2875,RU-NNLS,psnr,28.63872409959571
2886,RU-NNLS,psnr,27.139616023342462
2897,RU-NNLS,psnr,26.550632311642556
2911,RU-NNLS,psnr,27.67426396632151
2915,RU-NNLS,psnr,29.25412724624509
2929,RU-NNLS,psnr,29.408714876562666
2938,RU-NNLS,psnr,27.310498255892988
2945,RU-NNLS,psnr,27.624281122946854
2959,RU-NNLS,psnr,25.435102499006106
2966,RU-NNLS,psnr,27.307531771192295
2971,RU-NNLS,psnr,29.52415252614928
2973,RU-NNLS,psnr,29.093520740734817
2975,RU-NNLS,psnr,28.36899867845394
2976,RU-NNLS,psnr,28.355974680112226
2986,RU-NNLS,psnr,29.990672571809363
3010,RU-NNLS,psnr,27.690280512502234
3020,RU-NNLS,psnr,27.101003557483253
3027,RU-NNLS,psnr,29.064885279185106
3032,RU-NNLS,psnr,27.834733436526623
3039,RU-NNLS,psnr,27.588695236740026
3048,RU-NNLS,psnr,27.8591046024006
3049,RU-NNLS,psnr,28.12344886336678
3056,RU-NNLS,psnr,27.735502988954302
3062,RU-NNLS,psnr,28.276892111177872
3065,RU-NNLS,psnr,30.475786621499022
3068,RU-NNLS,psnr,28.61176865077615
3071,RU-NNLS,psnr,28.532994952971528
3072,RU-NNLS,psnr,29.982577972936404
3073,RU-NNLS,psnr,27.63926295223949
3074,RU-NNLS,psnr,29.705625239784148
3085,RU-NNLS,psnr,30.051690108344758
3086,RU-NNLS,psnr,25.25836498037416
3089,RU-NNLS,psnr,29.99940394344167
3095,RU-NNLS,psnr,27.40357779969719
3105,RU-NNLS,psnr,28.534351883930707
3107,RU-NNLS,psnr,29.75407243489563
3111,RU-NNLS,psnr,26.618101272336048
3118,RU-NNLS,psnr,26.43190469255622
3126,RU-NNLS,psnr,29.45279003486993
3132,RU-NNLS,psnr,28.609999354046458
3134,RU-NNLS,psnr,28.673576124714177
3142,RU-NNLS,psnr,32.25525492833417
3149,RU-NNLS,psnr,28.486883540338667
3151,RU-NNLS,psnr,28.31102191933521
3152,RU-NNLS,psnr,29.794243332809195
3165,RU-NNLS,psnr,28.154549542659844
3167,RU-NNLS,psnr,26.20961061872002
3168,RU-NNLS,psnr,29.371075022727577
3178,RU-NNLS,psnr,27.46925388244859
3183,RU-NNLS,psnr,29.35216508370591
3185,RU-NNLS,psnr,33.2530810858341
3217,RU-NNLS,psnr,28.273399597392128
3219,RU-NNLS,psnr,28.142503059983937
3222,RU-NNLS,psnr,26.760037203580183
3225,RU-NNLS,psnr,27.36173432842051
3236,RU-NNLS,psnr,28.22706878220885
3240,RU-NNLS,psnr,29.619647254500194
3242,RU-NNLS,psnr,29.907578248361872
3243,RU-NNLS,psnr,27.670325475904065
3250,RU-NNLS,psnr,30.72546140843153
3253,RU-NNLS,psnr,27.368687202707264
3276,RU-NNLS,psnr,28.236278614272017
3280,RU-NNLS,psnr,27.595173604681044
3289,RU-NNLS,psnr,29.772136468616715
3297,RU-NNLS,psnr,30.875357207378663
3313,RU-NNLS,psnr,29.631099002168497
3317,RU-NNLS,psnr,25.808212119572058
3328,RU-NNLS,psnr,27.116700332924317
3333,RU-NNLS,psnr,29.07314273982347
3341,RU-NNLS,psnr,29.356422645592573
3342,RU-NNLS,psnr,27.17276830848605
3345,RU-NNLS,psnr,27.68206011570733
3363,RU-NNLS,psnr,28.7901714726189
3367,RU-NNLS,psnr,31.122497827930196
3381,RU-NNLS,psnr,26.684198906037977
3395,RU-NNLS,psnr,28.30148429303179
3397,RU-NNLS,psnr,28.607822453868906
3402,RU-NNLS,psnr,26.42088962315034
3403,RU-NNLS,psnr,31.070677736858762
3404,RU-NNLS,psnr,26.325413352278556
3427,RU-NNLS,psnr,28.7119502912024
3436,RU-NNLS,psnr,26.970342144007923
3443,RU-NNLS,psnr,27.580034461700166
3461,RU-NNLS,psnr,28.60889470735916
3462,RU-NNLS,psnr,29.446805614916826
3465,RU-NNLS,psnr,27.941997222901666
3487,RU-NNLS,psnr,29.357805234659327
3495,RU-NNLS,psnr,30.021219562745326
3509,RU-NNLS,psnr,27.396937405823717
3510,RU-NNLS,psnr,28.44581073617141
3511,RU-NNLS,psnr,26.835894480545157
3512,RU-NNLS,psnr,28.262588673575078
3516,RU-NNLS,psnr,26.706004989219608
3527,RU-NNLS,psnr,26.128711475680362
3543,RU-NNLS,psnr,29.259471987295683
3551,RU-NNLS,psnr,31.489661214233355
3554,RU-NNLS,psnr,29.519489565323425
3557,RU-NNLS,psnr,31.112424691529572
3559,RU-NNLS,psnr,28.309387790097595
3561,RU-NNLS,psnr,27.64219128700583
3567,RU-NNLS,psnr,28.73352150360978
3580,RU-NNLS,psnr,27.728928600015376
3592,RU-NNLS,psnr,31.204987261104186
3594,RU-NNLS,psnr,28.77611605911938
3597,RU-NNLS,psnr,33.38050156818589
3598,RU-NNLS,psnr,29.616059501310865
3610,RU-NNLS,psnr,27.14774376889548
3612,RU-NNLS,psnr,28.604790349298884
3625,RU-NNLS,psnr,24.666315809215007
3634,RU-NNLS,psnr,31.836430836580618
3636,RU-NNLS,psnr,27.689499373605845
3644,RU-NNLS,psnr,27.078850175765808
3646,RU-NNLS,psnr,30.852383534933523
3647,RU-NNLS,psnr,27.548994732339498
3668,RU-NNLS,psnr,25.929700268267027
3674,RU-NNLS,psnr,28.296161820744228
3676,RU-NNLS,psnr,30.405433630391663
3694,RU-NNLS,psnr,28.2773276203234
3701,RU-NNLS,psnr,26.700754440762733
3712,RU-NNLS,psnr,27.30421294137763
3714,RU-NNLS,psnr,27.05458641298396
3719,RU-NNLS,psnr,28.493750510951223
3721,RU-NNLS,psnr,29.463412902082162
3723,RU-NNLS,psnr,26.246186101927975
3725,RU-NNLS,psnr,29.171571354656788
3728,RU-NNLS,psnr,30.841535227476275
3730,RU-NNLS,psnr,28.892882114180626
3739,RU-NNLS,psnr,30.788909422263654
3741,RU-NNLS,psnr,29.53071493151924
3745,RU-NNLS,psnr,30.262109611434887
3746,RU-NNLS,psnr,26.807165996943105
3754,RU-NNLS,psnr,29.47054375601634
3758,RU-NNLS,psnr,28.34401530459621
3759,RU-NNLS,psnr,31.14431039105449
3779,RU-NNLS,psnr,30.492476855591338
3791,RU-NNLS,psnr,27.72811483158902
3792,RU-NNLS,psnr,27.194556841720427
3794,RU-NNLS,psnr,29.861793748313524
3803,RU-NNLS,psnr,30.648094363408592
3804,RU-NNLS,psnr,28.277080073910973
3807,RU-NNLS,psnr,29.370002453627627
3809,RU-NNLS,psnr,29.510810440499643
3812,RU-NNLS,psnr,26.688816710781786
3813,RU-NNLS,psnr,28.580971275815582
3815,RU-NNLS,psnr,28.65207598846295
3823,RU-NNLS,psnr,27.89596432024584
3824,RU-NNLS,psnr,33.43222140355851
3827,RU-NNLS,psnr,28.059065332206657
3830,RU-NNLS,psnr,29.964779651162672
3834,RU-NNLS,psnr,26.405077695181966
3838,RU-NNLS,psnr,27.550822979598966
3845,RU-NNLS,psnr,33.55900471329945
3846,RU-NNLS,psnr,32.779560471367645
3849,RU-NNLS,psnr,29.092385121388702
3850,RU-NNLS,psnr,28.640698756090117
3859,RU-NNLS,psnr,28.899939886518474
3883,RU-NNLS,psnr,28.873794864374233
3886,RU-NNLS,psnr,26.753554686979754
3887,RU-NNLS,psnr,28.81722461212325
3892,RU-NNLS,psnr,25.960657167535782
3894,RU-NNLS,psnr,26.42670937805208
3897,RU-NNLS,psnr,29.114252512244366
3917,RU-NNLS,psnr,29.03874908616092
3927,RU-NNLS,psnr,28.953454973443918
3928,RU-NNLS,psnr,28.21924313598484
3933,RU-NNLS,psnr,27.741978999095103
3937,RU-NNLS,psnr,29.909746073272963
3938,RU-NNLS,psnr,29.41106000345694
3951,RU-NNLS,psnr,26.338994103793052
3969,RU-NNLS,psnr,27.734396138330773
3972,RU-NNLS,psnr,26.67389403629084
3978,RU-NNLS,psnr,29.52303861116298
3982,RU-NNLS,psnr,28.826594214178684
4000,RU-NNLS,psnr,27.063112868949283
4001,RU-NNLS,psnr,26.833345087523544
4006,RU-NNLS,psnr,30.332217701946757
4010,RU-NNLS,psnr,30.249797672556518
4018,RU-NNLS,psnr,30.046873102822275
4020,RU-NNLS,psnr,27.35498245755291
4023,RU-NNLS,psnr,30.689912418355647
4028,RU-NNLS,psnr,29.58692575975126
4035,RU-NNLS,psnr,26.669526133229624
4038,RU-NNLS,psnr,27.939082287716168
4039,RU-NNLS,psnr,28.189296680872637
4047,RU-NNLS,psnr,30.576055504395086
4050,RU-NNLS,psnr,28.08147057998688
4052,RU-NNLS,psnr,29.07480198123727
4055,RU-NNLS,psnr,28.857079753281912
4069,RU-NNLS,psnr,32.357482327582076
4073,RU-NNLS,psnr,29.765496741414456
4078,RU-NNLS,psnr,28.76886687470808
4079,RU-NNLS,psnr,27.270488116269167
4080,RU-NNLS,psnr,28.71944613364836
4091,RU-NNLS,psnr,27.36420568961097
4096,RU-NNLS,psnr,26.542761836528598
4098,RU-NNLS,psnr,29.37680747054501
4121,RU-NNLS,psnr,27.98925108978076
4134,RU-NNLS,psnr,28.21700281709699
4135,RU-NNLS,psnr,28.925538134362053
4137,RU-NNLS,psnr,29.992379704212272
4145,RU-NNLS,psnr,29.619340710044966
4149,RU-NNLS,psnr,30.961953872445427
4153,RU-NNLS,psnr,25.822406952065204
4181,RU-NNLS,psnr,27.19425385890013
4188,RU-NNLS,psnr,25.62553342218953
4196,RU-NNLS,psnr,27.85482164034912
4204,RU-NNLS,psnr,25.755070561572502
4209,RU-NNLS,psnr,28.758499333751402
4211,RU-NNLS,psnr,28.85700260523452
4212,RU-NNLS,psnr,28.166259811808704
4218,RU-NNLS,psnr,26.47595038128977
4228,RU-NNLS,psnr,28.475553089739908
4229,RU-NNLS,psnr,30.01199284516389
4250,RU-NNLS,psnr,29.19278232890466
4254,RU-NNLS,psnr,30.567242290695408
4261,RU-NNLS,psnr,29.792224025464698
4264,RU-NNLS,psnr,28.567255285419666
4265,RU-NNLS,psnr,28.732560210089115
4284,RU-NNLS,psnr,28.096094137211512
4294,RU-NNLS,psnr,30.837529055855207
4296,RU-NNLS,psnr,29.61489947790293
4306,RU-NNLS,psnr,27.398100662997184
4321,RU-NNLS,psnr,27.83217235968952
4327,RU-NNLS,psnr,29.480351743105327
4331,RU-NNLS,psnr,29.791868372251905
4334,RU-NNLS,psnr,26.739603725012245
4339,RU-NNLS,psnr,29.66003419150889
4340,RU-NNLS,psnr,27.85581843771938
4344,RU-NNLS,psnr,26.811271948903702
4349,RU-NNLS,psnr,27.748240340096807
4361,RU-NNLS,psnr,30.929483492132658
4370,RU-NNLS,psnr,28.298505090093858
4371,RU-NNLS,psnr,30.68351876085217
4376,RU-NNLS,psnr,29.599255771869156
4390,RU-NNLS,psnr,28.03068138965611
4403,RU-NNLS,psnr,28.241710756353797
4408,RU-NNLS,psnr,29.924228988325442
4412,RU-NNLS,psnr,29.331831309933484
4419,RU-NNLS,psnr,29.618027490279253
4433,RU-NNLS,psnr,28.3473671428966
4437,RU-NNLS,psnr,28.719342826585525
4446,RU-NNLS,psnr,27.86091612247923
4450,RU-NNLS,psnr,30.043915893951944
4460,RU-NNLS,psnr,31.200966795508364
4464,RU-NNLS,psnr,27.611086807931734
4466,RU-NNLS,psnr,30.675574638066795
4474,RU-NNLS,psnr,27.5512914864878
4491,RU-NNLS,psnr,29.60677582548815
4499,RU-NNLS,psnr,29.77947955430023
4527,RU-NNLS,psnr,27.380936826789114
4535,RU-NNLS,psnr,26.588489042408987
4542,RU-NNLS,psnr,25.889312589808657
4544,RU-NNLS,psnr,27.4182115536437
4547,RU-NNLS,psnr,32.040710466113595
4554,RU-NNLS,psnr,29.24407977391832
4555,RU-NNLS,psnr,32.67606282467984
4561,RU-NNLS,psnr,29.472222908263124
4566,RU-NNLS,psnr,30.73118697162733
4568,RU-NNLS,psnr,28.817885433219583
4586,RU-NNLS,psnr,27.992291728480225
4589,RU-NNLS,psnr,25.33733244477119
4590,RU-NNLS,psnr,27.198974627797195
4597,RU-NNLS,psnr,26.55375924123394
4602,RU-NNLS,psnr,29.327513809670066
4613,RU-NNLS,psnr,26.83145147309144
4614,RU-NNLS,psnr,29.79308824353394
4619,RU-NNLS,psnr,29.054855991056808
4627,RU-NNLS,psnr,28.768598699880123
4629,RU-NNLS,psnr,27.257367106875755
4633,RU-NNLS,psnr,28.920679565821086
4635,RU-NNLS,psnr,28.53285322209246
4650,RU-NNLS,psnr,29.957601076764945
4656,RU-NNLS,psnr,31.97794845647525
4677,RU-NNLS,psnr,29.57036035204112
4682,RU-NNLS,psnr,26.516568485715936
4685,RU-NNLS,psnr,27.28465963679305
4691,RU-NNLS,psnr,26.042853960375737
4703,RU-NNLS,psnr,29.51187055312584
4712,RU-NNLS,psnr,27.984411809184305
4716,RU-NNLS,psnr,30.801959280657186
4725,RU-NNLS,psnr,29.40238629031753
4727,RU-NNLS,psnr,26.65761659219281
4734,RU-NNLS,psnr,28.39787628187373
4750,RU-NNLS,psnr,30.944743753661843
4751,RU-NNLS,psnr,28.165988899711177
4752,RU-NNLS,psnr,26.5140905535593
4753,RU-NNLS,psnr,28.72536405892906
4760,RU-NNLS,psnr,29.48013103312091
4761,RU-NNLS,psnr,26.96818674612027
4770,RU-NNLS,psnr,27.604993422635637
4774,RU-NNLS,psnr,29.371853598611395
4777,RU-NNLS,psnr,27.25635758591178
4791,RU-NNLS,psnr,29.618909803225083
4793,RU-NNLS,psnr,29.849384309540056
4796,RU-NNLS,psnr,27.686165421923743
4801,RU-NNLS,psnr,29.165814703988403
4809,RU-NNLS,psnr,29.967071891607834
4811,RU-NNLS,psnr,30.220536966139928
4813,RU-NNLS,psnr,28.97270918577388
4821,RU-NNLS,psnr,29.49630300094766
4828,RU-NNLS,psnr,26.353374754657146
4839,RU-NNLS,psnr,29.75332547151232
4842,RU-NNLS,psnr,26.116944526648396
4851,RU-NNLS,psnr,29.183002976466987
4854,RU-NNLS,psnr,27.55238836998481
4859,RU-NNLS,psnr,29.22734323287702
4862,RU-NNLS,psnr,27.702844850187823
4866,RU-NNLS,psnr,28.949035880799826
4881,RU-NNLS,psnr,27.551506066449328
4901,RU-NNLS,psnr,28.40919184265362
4905,RU-NNLS,psnr,28.66110677388841
4907,RU-NNLS,psnr,26.73412346919324
4911,RU-NNLS,psnr,29.43781992448531
4923,RU-NNLS,psnr,27.396953329413883
4926,RU-NNLS,psnr,28.151221654379995
4936,RU-NNLS,psnr,29.2166497185624
4937,RU-NNLS,psnr,27.16951312139645
4939,RU-NNLS,psnr,30.156947963371042
4943,RU-NNLS,psnr,27.918500564964134
4973,RU-NNLS,psnr,30.180401806013233
4975,RU-NNLS,psnr,31.437787950340397
4980,RU-NNLS,psnr,28.79796680790248
4987,RU-NNLS,psnr,28.073397900129468
4995,RU-NNLS,psnr,28.508708929514977
4997,RU-NNLS,psnr,26.90154523147164
5010,RU-NNLS,psnr,25.73070992433952
5013,RU-NNLS,psnr,30.37756289435419
5017,RU-NNLS,psnr,32.73251451467533
5025,RU-NNLS,psnr,29.0461363816865
5028,RU-NNLS,psnr,25.97678522576297
5039,RU-NNLS,psnr,30.475634223571106
5041,RU-NNLS,psnr,28.45324213412259
5053,RU-NNLS,psnr,28.13205674172501
5058,RU-NNLS,psnr,28.304453575058133
5064,RU-NNLS,psnr,30.412581222750003
5069,RU-NNLS,psnr,28.982757782848566
5073,RU-NNLS,psnr,28.916784730902055
5084,RU-NNLS,psnr,28.110094512707207
5096,RU-NNLS,psnr,27.51271323309745
5099,RU-NNLS,psnr,29.26651158492525
5101,RU-NNLS,psnr,27.289614800946403
5103,RU-NNLS,psnr,29.86788469114492
5105,RU-NNLS,psnr,27.951878629585014
5106,RU-NNLS,psnr,27.775653733873984
5120,RU-NNLS,psnr,29.9380137175229
5125,RU-NNLS,psnr,26.608224154674676
5139,RU-NNLS,psnr,31.54276939475803
5151,RU-NNLS,psnr,28.39248762986472
5154,RU-NNLS,psnr,27.17221116089011
5160,RU-NNLS,psnr,30.033500140215455
5162,RU-NNLS,psnr,29.783023686910887
5182,RU-NNLS,psnr,25.99428905243353
5183,RU-NNLS,psnr,31.362093185956663
5190,RU-NNLS,psnr,28.20157132632293
5199,RU-NNLS,psnr,25.32165600741544
5216,RU-NNLS,psnr,25.44531666537126
5220,RU-NNLS,psnr,28.004499906421284
5221,RU-NNLS,psnr,27.35801426193184
5227,RU-NNLS,psnr,27.618045470201142
5234,RU-NNLS,psnr,32.40082904289801
5235,RU-NNLS,psnr,27.20118732920205
5250,RU-NNLS,psnr,26.925956344398323
5254,RU-NNLS,psnr,28.93958676882165
5259,RU-NNLS,psnr,31.33541389880402
5263,RU-NNLS,psnr,28.31436189011043
5265,RU-NNLS,psnr,30.12521637191511
5268,RU-NNLS,psnr,29.156752760562227
5275,RU-NNLS,psnr,31.817904376564805
5281,RU-NNLS,psnr,26.848200649502427
5290,RU-NNLS,psnr,28.21902474615157
5293,RU-NNLS,psnr,28.377932449395026
5302,RU-NNLS,psnr,28.665754686068098
5313,RU-NNLS,psnr,28.627073407330297
5336,RU-NNLS,psnr,26.902767919832126
5337,RU-NNLS,psnr,29.47633935972439
5347,RU-NNLS,psnr,32.396331251918234
5357,RU-NNLS,psnr,29.99209958882023
5360,RU-NNLS,psnr,29.5596944719081
5362,RU-NNLS,psnr,28.958135877313772
5370,RU-NNLS,psnr,27.540851398796956
5372,RU-NNLS,psnr,27.090625780434415
5378,RU-NNLS,psnr,25.93776231244977
5383,RU-NNLS,psnr,31.19403084426353
5400,RU-NNLS,psnr,25.52719077948208
5408,RU-NNLS,psnr,28.071641503545514
5413,RU-NNLS,psnr,27.901048663259722
5415,RU-NNLS,psnr,28.41311613866299
5417,RU-NNLS,psnr,27.563088124065768
5425,RU-NNLS,psnr,28.28490091421991
5435,RU-NNLS,psnr,30.144289893884064
5437,RU-NNLS,psnr,26.646983589802744
5443,RU-NNLS,psnr,28.18649853521558
5450,RU-NNLS,psnr,28.939268896337108
5452,RU-NNLS,psnr,28.76472174606137
5456,RU-NNLS,psnr,28.85325457379146
5459,RU-NNLS,psnr,28.535397816148922
5479,RU-NNLS,psnr,30.347213293450356
5485,RU-NNLS,psnr,27.077413150101137
5493,RU-NNLS,psnr,32.472204326172516
5496,RU-NNLS,psnr,30.605940695386188
5497,RU-NNLS,psnr,26.28703056295711
5519,RU-NNLS,psnr,26.545769060371107
5521,RU-NNLS,psnr,29.17260388253836
5522,RU-NNLS,psnr,27.59511076751986
5532,RU-NNLS,psnr,27.248246133322674
5544,RU-NNLS,psnr,28.124528916617173
5545,RU-NNLS,psnr,27.528403576797533
5551,RU-NNLS,psnr,28.10472840735752
5555,RU-NNLS,psnr,29.50824677956841
5556,RU-NNLS,psnr,30.04440029295441
5557,RU-NNLS,psnr,30.636610035680643
5560,RU-NNLS,psnr,26.939844641781782
5569,RU-NNLS,psnr,29.163274659679335
5572,RU-NNLS,psnr,25.232499097491214
5573,RU-NNLS,psnr,30.404118766526246
5578,RU-NNLS,psnr,27.701488489796336
5584,RU-NNLS,psnr,30.52061072985806
5585,RU-NNLS,psnr,28.510068105045097
5587,RU-NNLS,psnr,27.156277392002295
5589,RU-NNLS,psnr,30.11821986483946
5596,RU-NNLS,psnr,29.873659212972072
5603,RU-NNLS,psnr,32.41368519580149
5608,RU-NNLS,psnr,33.51019237894157
5610,RU-NNLS,psnr,26.24995612359745
5615,RU-NNLS,psnr,29.075483612931855
5618,RU-NNLS,psnr,28.697381350600054
5623,RU-NNLS,psnr,30.63894236135351
5633,RU-NNLS,psnr,27.720704618873743
5646,RU-NNLS,psnr,30.461358510829008
5648,RU-NNLS,psnr,30.335144984908137
5657,RU-NNLS,psnr,26.568336153975693
5662,RU-NNLS,psnr,29.5562626478701
5667,RU-NNLS,psnr,27.033164658040004
5674,RU-NNLS,psnr,28.047457736487186
5677,RU-NNLS,psnr,27.452068048095374
5697,RU-NNLS,psnr,28.404003075411566
5712,RU-NNLS,psnr,29.11746319305688
5715,RU-NNLS,psnr,29.693605675029737
5728,RU-NNLS,psnr,28.30385930075529
5737,RU-NNLS,psnr,26.99910351876523
5742,RU-NNLS,psnr,29.122806792127204
5744,RU-NNLS,psnr,29.38674848904587
5758,RU-NNLS,psnr,28.37812346038006
5763,RU-NNLS,psnr,30.46028384157173
5770,RU-NNLS,psnr,32.95170903458193
5774,RU-NNLS,psnr,28.917450460392775
5785,RU-NNLS,psnr,30.177383649471885
5793,RU-NNLS,psnr,29.87399301865637
5802,RU-NNLS,psnr,28.058470427735283
5803,RU-NNLS,psnr,24.19570316876969
5804,RU-NNLS,psnr,29.89035512798023
5810,RU-NNLS,psnr,24.697300145933
5813,RU-NNLS,psnr,25.273317648004983
5819,RU-NNLS,psnr,30.061655718865392
5831,RU-NNLS,psnr,27.341281219765087
5838,RU-NNLS,psnr,29.74456265072845
5848,RU-NNLS,psnr,26.16769473180938
5850,RU-NNLS,psnr,28.96190584301523
5851,RU-NNLS,psnr,23.97648073880824
5860,RU-NNLS,psnr,30.526671909139328
5877,RU-NNLS,psnr,30.34580073303121
5878,RU-NNLS,psnr,30.679007218697674
5880,RU-NNLS,psnr,30.419631071592338
5884,RU-NNLS,psnr,29.870047670896792
5890,RU-NNLS,psnr,28.94581796908224
5892,RU-NNLS,psnr,31.17152176148826
5895,RU-NNLS,psnr,27.233508013656603
5899,RU-NNLS,psnr,30.961859569835394
5903,RU-NNLS,psnr,26.966758530252058
5904,RU-NNLS,psnr,28.782612593511505
5906,RU-NNLS,psnr,29.39804695133774
5916,RU-NNLS,psnr,27.53535329868314
5919,RU-NNLS,psnr,28.916558918376396
5939,RU-NNLS,psnr,27.776509991032402
5941,RU-NNLS,psnr,25.695916674296882
5961,RU-NNLS,psnr,30.455990807233416
5966,RU-NNLS,psnr,28.36341941635263
5967,RU-NNLS,psnr,27.310892412216532
5968,RU-NNLS,psnr,27.159551969739503
5969,RU-NNLS,psnr,28.421536560555833
5976,RU-NNLS,psnr,28.562141213757016
5980,RU-NNLS,psnr,28.73445725302585
5994,RU-NNLS,psnr,30.24531162689017
6006,RU-NNLS,psnr,29.71825875649753
6013,RU-NNLS,psnr,28.51562250830056
6018,RU-NNLS,psnr,27.54247822112161
6020,RU-NNLS,psnr,29.891594973974634
6021,RU-NNLS,psnr,28.590343350589222
6022,RU-NNLS,psnr,27.002365013109724
6025,RU-NNLS,psnr,29.045969523136993
6027,RU-NNLS,psnr,28.84339848863854
6042,RU-NNLS,psnr,31.856496973598244
6047,RU-NNLS,psnr,27.28665993096876
6048,RU-NNLS,psnr,30.443893820533034
6060,RU-NNLS,psnr,29.297365405535274
6063,RU-NNLS,psnr,27.071506007933294
6067,RU-NNLS,psnr,29.01819562175717
6071,RU-NNLS,psnr,26.19629456580362
6075,RU-NNLS,psnr,29.353425416141675
6083,RU-NNLS,psnr,25.730190436925927
6085,RU-NNLS,psnr,28.145786281796372
6089,RU-NNLS,psnr,28.824100503884353
6091,RU-NNLS,psnr,25.32913628857338
6110,RU-NNLS,psnr,28.79326187388752
6117,RU-NNLS,psnr,29.35255066713001
6129,RU-NNLS,psnr,27.50567256431092
6135,RU-NNLS,psnr,27.01432899338689
6137,RU-NNLS,psnr,27.595806656255935
6139,RU-NNLS,psnr,28.10769700672433
6147,RU-NNLS,psnr,27.671665238831157
6156,RU-NNLS,psnr,29.346813320166948
6157,RU-NNLS,psnr,31.323170451603204
6158,RU-NNLS,psnr,25.360033584689774
6162,RU-NNLS,psnr,30.29558209339509
6171,RU-NNLS,psnr,29.911750349762627
6177,RU-NNLS,psnr,30.45468228521181
6181,RU-NNLS,psnr,31.310976366404436
6182,RU-NNLS,psnr,28.093200974698718
6184,RU-NNLS,psnr,27.08203791742101
6189,RU-NNLS,psnr,26.786006571425496
6199,RU-NNLS,psnr,30.62369557917638
6204,RU-NNLS,psnr,27.39599569112005
6208,RU-NNLS,psnr,28.408579284116627
6209,RU-NNLS,psnr,30.281993275271123
6217,RU-NNLS,psnr,26.2643171148693
6218,RU-NNLS,psnr,26.558511990316227
6222,RU-NNLS,psnr,28.227680353557858
6226,RU-NNLS,psnr,29.019283194613426
6233,RU-NNLS,psnr,30.399958397213055
6241,RU-NNLS,psnr,31.02127489398034
6243,RU-NNLS,psnr,27.0720384723235
6264,RU-NNLS,psnr,30.6499826022714
6265,RU-NNLS,psnr,27.83180085895609
6275,RU-NNLS,psnr,26.6841590899824
6277,RU-NNLS,psnr,27.447235194677233
6287,RU-NNLS,psnr,28.375470905930488
6292,RU-NNLS,psnr,31.83685749509202
6301,RU-NNLS,psnr,29.955491518653574
6309,RU-NNLS,psnr,31.366869764969103
6318,RU-NNLS,psnr,32.941704435634335
6325,RU-NNLS,psnr,29.393949297954386
6335,RU-NNLS,psnr,28.386525306793118
6339,RU-NNLS,psnr,29.07662162471447
6353,RU-NNLS,psnr,29.964387309587043
6362,RU-NNLS,psnr,29.881837614565924
6364,RU-NNLS,psnr,26.492890918271655
6366,RU-NNLS,psnr,30.149944078375306
6368,RU-NNLS,psnr,28.334523335840082
6386,RU-NNLS,psnr,28.986712368579475
6402,RU-NNLS,psnr,28.50382988865974
6403,RU-NNLS,psnr,26.90561293007776
6410,RU-NNLS,psnr,27.286472009478278
6416,RU-NNLS,psnr,30.794984768881196
6421,RU-NNLS,psnr,31.694479148418438
6422,RU-NNLS,psnr,29.466910234544585
6423,RU-NNLS,psnr,27.83226483873692
6427,RU-NNLS,psnr,30.20084621368663
6428,RU-NNLS,psnr,27.50927283921633
6432,RU-NNLS,psnr,29.656022541243928
6446,RU-NNLS,psnr,29.45335401802254
6457,RU-NNLS,psnr,30.436189437745867
6471,RU-NNLS,psnr,29.565040860255753
6484,RU-NNLS,psnr,28.073919232236296
6496,RU-NNLS,psnr,29.398537692134173
6498,RU-NNLS,psnr,28.22935592921871
6503,RU-NNLS,psnr,31.60581755094176
6509,RU-NNLS,psnr,27.94799323008245
6513,RU-NNLS,psnr,28.745287615250703
6522,RU-NNLS,psnr,25.863955896844363
6539,RU-NNLS,psnr,29.682168934020826
6545,RU-NNLS,psnr,29.235975939407645
6547,RU-NNLS,psnr,29.38491418610586
6552,RU-NNLS,psnr,30.224770814903394
6559,RU-NNLS,psnr,29.5598676063545
6564,RU-NNLS,psnr,28.98111966980228
6566,RU-NNLS,psnr,28.69809389155407
6570,RU-NNLS,psnr,28.43090121980607
6584,RU-NNLS,psnr,30.838698200419508
6588,RU-NNLS,psnr,25.25854163025862
6594,RU-NNLS,psnr,24.764273210728245
6612,RU-NNLS,psnr,30.14101905803799
6628,RU-NNLS,psnr,27.248343780674965
6637,RU-NNLS,psnr,27.878166472845237
6642,RU-NNLS,psnr,29.065699369834203
6647,RU-NNLS,psnr,31.44138141695248
6648,RU-NNLS,psnr,29.42181764772061
6649,RU-NNLS,psnr,28.634616992383393
6653,RU-NNLS,psnr,26.957722697491477
6656,RU-NNLS,psnr,28.302522753010688
6660,RU-NNLS,psnr,29.67879685555971
6672,RU-NNLS,psnr,27.704052165533817
6676,RU-NNLS,psnr,29.457170273311768
6682,RU-NNLS,psnr,28.251991159827938
6683,RU-NNLS,psnr,29.47675458047289
6691,RU-NNLS,psnr,31.380150706132785
6695,RU-NNLS,psnr,29.460416034191276
6700,RU-NNLS,psnr,25.51722803386216
6705,RU-NNLS,psnr,26.19131414177403
6706,RU-NNLS,psnr,30.999059278681646
6711,RU-NNLS,psnr,29.68841157155488
6732,RU-NNLS,psnr,28.31339026766386
6742,RU-NNLS,psnr,26.76031413725091
6744,RU-NNLS,psnr,34.33671487511005
6747,RU-NNLS,psnr,28.082704612618915
6757,RU-NNLS,psnr,29.48742224838929
6769,RU-NNLS,psnr,29.989962217364045
6786,RU-NNLS,psnr,28.84901879695385
6787,RU-NNLS,psnr,29.102215174737612
6800,RU-NNLS,psnr,30.0990026572028
6808,RU-NNLS,psnr,29.809048264396118
6826,RU-NNLS,psnr,28.062949169289446
6831,RU-NNLS,psnr,29.19341826550053
6833,RU-NNLS,psnr,29.693754829195797
6835,RU-NNLS,psnr,26.983391334242288
6837,RU-NNLS,psnr,36.8699623388534
6845,RU-NNLS,psnr,29.525416750559366
6848,RU-NNLS,psnr,25.888020592805695
6855,RU-NNLS,psnr,26.580604912649978
6860,RU-NNLS,psnr,27.99660403420852
6865,RU-NNLS,psnr,25.27520435601151
6872,RU-NNLS,psnr,28.417856631927286
6880,RU-NNLS,psnr,29.641995356365257
6887,RU-NNLS,psnr,29.212995611826628
6889,RU-NNLS,psnr,28.386197302295937
6894,RU-NNLS,psnr,27.646554816298057
6904,RU-NNLS,psnr,29.336474211760336
6913,RU-NNLS,psnr,29.89603743998221
6928,RU-NNLS,psnr,32.77261903089701
6936,RU-NNLS,psnr,30.934842074043736
6963,RU-NNLS,psnr,27.214430837894625
6971,RU-NNLS,psnr,33.633039141966556
6992,RU-NNLS,psnr,26.85007584741365
7011,RU-NNLS,psnr,27.512408936099032
7013,RU-NNLS,psnr,30.356806996735862
7018,RU-NNLS,psnr,27.024314486384547
7023,RU-NNLS,psnr,27.720755778138574
7035,RU-NNLS,psnr,26.58917096186414
7038,RU-NNLS,psnr,26.626578800176908
7041,RU-NNLS,psnr,28.163024331445115
7042,RU-NNLS,psnr,29.56161373370132
7047,RU-NNLS,psnr,28.96051948914783
7057,RU-NNLS,psnr,30.677030802527202
7068,RU-NNLS,psnr,27.547516363806643
7088,RU-NNLS,psnr,25.916639924211058
7092,RU-NNLS,psnr,28.08431633944685
7100,RU-NNLS,psnr,28.23476537110762
7114,RU-NNLS,psnr,27.868834459393238
7119,RU-NNLS,psnr,27.43152317590325
7126,RU-NNLS,psnr,27.40297605612202
7131,RU-NNLS,psnr,30.874500531080887
7140,RU-NNLS,psnr,27.59514334969484
7142,RU-NNLS,psnr,29.12678310531139
7143,RU-NNLS,psnr,29.221967698717716
7153,RU-NNLS,psnr,29.477614950208743
7154,RU-NNLS,psnr,29.20568360261698
7169,RU-NNLS,psnr,29.973205513299593
7171,RU-NNLS,psnr,30.10353594022257
7172,RU-NNLS,psnr,26.433623581524447
7178,RU-NNLS,psnr,27.766294273775408
7184,RU-NNLS,psnr,26.963653927175084
7202,RU-NNLS,psnr,28.4391448374867
7206,RU-NNLS,psnr,27.305067476982693
7220,RU-NNLS,psnr,27.26311383648691
7226,RU-NNLS,psnr,27.121344602366424
7229,RU-NNLS,psnr,30.29817353255899
7231,RU-NNLS,psnr,28.282369032040783
7237,RU-NNLS,psnr,29.100143842577953
7244,RU-NNLS,psnr,29.94696484112696
7256,RU-NNLS,psnr,29.79537858750625
7259,RU-NNLS,psnr,28.70467246249664
7269,RU-NNLS,psnr,29.128210137050967
7272,RU-NNLS,psnr,27.613801189274724
7274,RU-NNLS,psnr,28.540654451747557
7276,RU-NNLS,psnr,31.662002309366756
7287,RU-NNLS,psnr,31.188401475777106
7288,RU-NNLS,psnr,28.585445203951615
7290,RU-NNLS,psnr,28.64335041882044
7293,RU-NNLS,psnr,30.585086175557294
7295,RU-NNLS,psnr,31.341744209100135
7299,RU-NNLS,psnr,32.16216322485308
7301,RU-NNLS,psnr,29.32716532054885
7313,RU-NNLS,psnr,30.88623143531104
7321,RU-NNLS,psnr,28.032374046473095
7327,RU-NNLS,psnr,24.76428833074356
7328,RU-NNLS,psnr,31.176842580248916
7331,RU-NNLS,psnr,31.437681696694323
7340,RU-NNLS,psnr,29.489150976776767
7346,RU-NNLS,psnr,29.39124245190511
7350,RU-NNLS,psnr,28.44115843617999
7373,RU-NNLS,psnr,26.88889224561138
7376,RU-NNLS,psnr,28.86172155873524
7383,RU-NNLS,psnr,28.31140101386299
7404,RU-NNLS,psnr,27.764568826588683
7412,RU-NNLS,psnr,31.529949073175473
7413,RU-NNLS,psnr,28.58010665744798
7421,RU-NNLS,psnr,31.470265814322033
7422,RU-NNLS,psnr,25.66514698053708
7426,RU-NNLS,psnr,28.016935371978477
7427,RU-NNLS,psnr,31.505062270704883
7429,RU-NNLS,psnr,29.695962807977597
7432,RU-NNLS,psnr,29.09670440038219
7454,RU-NNLS,psnr,26.601485811542563
7459,RU-NNLS,psnr,31.427999357582447
7463,RU-NNLS,psnr,28.99678903927699
7464,RU-NNLS,psnr,28.29163855911291
7476,RU-NNLS,psnr,29.72280371293853
7477,RU-NNLS,psnr,29.54898241385802
7498,RU-NNLS,psnr,25.95399815078865
7509,RU-NNLS,psnr,29.1380428520406
7511,RU-NNLS,psnr,25.9128290003693
7517,RU-NNLS,psnr,31.874940950485723
7526,RU-NNLS,psnr,27.94193263329173
7528,RU-NNLS,psnr,27.656706374097926
7529,RU-NNLS,psnr,28.86415965709866
7545,RU-NNLS,psnr,29.358935225164167
7546,RU-NNLS,psnr,28.400348439633724
7548,RU-NNLS,psnr,28.74464114952039
7555,RU-NNLS,psnr,28.002612665337363
7563,RU-NNLS,psnr,27.410365287925543
7570,RU-NNLS,psnr,29.884491751019652
7572,RU-NNLS,psnr,29.245773871860056
7576,RU-NNLS,psnr,28.38025118226215
7577,RU-NNLS,psnr,31.388435055108467
7595,RU-NNLS,psnr,24.59363051756014
7606,RU-NNLS,psnr,28.247398846435097
7608,RU-NNLS,psnr,28.719947675996906
7619,RU-NNLS,psnr,27.75056512281916
7620,RU-NNLS,psnr,26.688993534372596
7624,RU-NNLS,psnr,27.851616197531545
7627,RU-NNLS,psnr,26.457089561905114
7629,RU-NNLS,psnr,30.153750991697756
7630,RU-NNLS,psnr,28.563457608593367
7632,RU-NNLS,psnr,29.47507262556985
7645,RU-NNLS,psnr,27.728876604786524
7656,RU-NNLS,psnr,29.08465358406339
7671,RU-NNLS,psnr,28.643505342958573
7676,RU-NNLS,psnr,28.508435741081794
7688,RU-NNLS,psnr,29.353877546798138
7691,RU-NNLS,psnr,27.567006114640193
7692,RU-NNLS,psnr,28.632286180887206
7709,RU-NNLS,psnr,28.778232433692025
7710,RU-NNLS,psnr,28.360580718058138
7719,RU-NNLS,psnr,28.217895374905627
7738,RU-NNLS,psnr,27.138494967861874
7740,RU-NNLS,psnr,29.06705850155536
7741,RU-NNLS,psnr,26.917763604371615
7742,RU-NNLS,psnr,26.570603468610074
7759,RU-NNLS,psnr,25.9643811181312
7764,RU-NNLS,psnr,29.66631410708139
7768,RU-NNLS,psnr,30.782090369423297
7772,RU-NNLS,psnr,28.991126078579068
7774,RU-NNLS,psnr,28.823224746848474
7775,RU-NNLS,psnr,28.54824452557093
7776,RU-NNLS,psnr,29.200561296786148
7779,RU-NNLS,psnr,28.651816652076345
7791,RU-NNLS,psnr,29.94263653361459
7808,RU-NNLS,psnr,29.55867129834043
7813,RU-NNLS,psnr,30.90525227781015
7822,RU-NNLS,psnr,29.97386247037634
7825,RU-NNLS,psnr,29.498821606341412
7829,RU-NNLS,psnr,28.697604178510513
7835,RU-NNLS,psnr,28.87860838537483
7845,RU-NNLS,psnr,28.55008787809982
7861,RU-NNLS,psnr,31.944058408064425
7863,RU-NNLS,psnr,28.0232449504934
7869,RU-NNLS,psnr,25.882869175999794
7874,RU-NNLS,psnr,31.825106450229747
7891,RU-NNLS,psnr,30.184598363073064
7902,RU-NNLS,psnr,26.769020556335768
7916,RU-NNLS,psnr,28.3643330813797
7934,RU-NNLS,psnr,28.607542643639082
7940,RU-NNLS,psnr,29.87796437423939
7944,RU-NNLS,psnr,29.113477283916612
7960,RU-NNLS,psnr,28.161818582541052
7966,RU-NNLS,psnr,29.216195325362243
7967,RU-NNLS,psnr,30.45133828163467
7970,RU-NNLS,psnr,26.89300983239736
7971,RU-NNLS,psnr,28.485509078434216
7972,RU-NNLS,psnr,28.10028563199849
7977,RU-NNLS,psnr,26.84164917874419
7992,RU-NNLS,psnr,29.253538492595055
8002,RU-NNLS,psnr,31.08185389400356
8003,RU-NNLS,psnr,26.871230100572163
8004,RU-NNLS,psnr,28.237691045389433
8010,RU-NNLS,psnr,30.923392462858924
8015,RU-NNLS,psnr,28.23210196866794
8016,RU-NNLS,psnr,28.913976943698657
8024,RU-NNLS,psnr,29.40063749747697
8047,RU-NNLS,psnr,26.887803085532518
8058,RU-NNLS,psnr,34.69633434066156
8067,RU-NNLS,psnr,29.674280775253923
8073,RU-NNLS,psnr,27.029329712083666
8076,RU-NNLS,psnr,26.963025638006975
8081,RU-NNLS,psnr,27.036970016097293
8114,RU-NNLS,psnr,26.74247595015204
8115,RU-NNLS,psnr,27.891491370958654
8120,RU-NNLS,psnr,28.007318928359886
8122,RU-NNLS,psnr,27.169179249262896
8125,RU-NNLS,psnr,28.700913801848266
8136,RU-NNLS,psnr,26.10842753142975
8138,RU-NNLS,psnr,31.247149515715236
8149,RU-NNLS,psnr,30.060272868596645
8156,RU-NNLS,psnr,27.207673012541775
8157,RU-NNLS,psnr,28.407614954042867
8162,RU-NNLS,psnr,26.94487538007193
8167,RU-NNLS,psnr,30.52159672834456
8169,RU-NNLS,psnr,28.507398220396567
8170,RU-NNLS,psnr,28.72326052540715
8172,RU-NNLS,psnr,28.552207047965872
8202,RU-NNLS,psnr,29.584893593750216
8206,RU-NNLS,psnr,26.978101239096755
8217,RU-NNLS,psnr,28.111836473458965
8218,RU-NNLS,psnr,29.99484899524626
8222,RU-NNLS,psnr,32.39221447721466
8227,RU-NNLS,psnr,28.913610345654057
8249,RU-NNLS,psnr,31.489072727660545
8251,RU-NNLS,psnr,28.183497904949878
8252,RU-NNLS,psnr,28.235143657183652
8256,RU-NNLS,psnr,28.663590088350908
8263,RU-NNLS,psnr,30.547700892861904
5,RU-Poisson,mae,0.01838076300919056
12,RU-Poisson,mae,0.019864683970808983
24,RU-Poisson,mae,0.016299469396471977
26,RU-Poisson,mae,0.01703101582825184
30,RU-Poisson,mae,0.025952467694878578
35,RU-Poisson,mae,0.01990322954952717
39,RU-Poisson,mae,0.02391904592514038
41,RU-Poisson,mae,0.019307872280478477
42,RU-Poisson,mae,0.019233396276831627
44,RU-Poisson,mae,0.017016232013702393
48,RU-Poisson,mae,0.014487162232398987
65,RU-Poisson,mae,0.0163558516651392
69,RU-Poisson,mae,0.030735179781913757
71,RU-Poisson,mae,0.018624838441610336
73,RU-Poisson,mae,0.018996521830558777
80,RU-Poisson,mae,0.02308073081076145
83,RU-Poisson,mae,0.019104856997728348
99,RU-Poisson,mae,0.02945508062839508
100,RU-Poisson,mae,0.02929631806910038
110,RU-Poisson,mae,0.024125590920448303
116,RU-Poisson,mae,0.022637316957116127
122,RU-Poisson,mae,0.012561552226543427
132,RU-Poisson,mae,0.015587146393954754
141,RU-Poisson,mae,0.01843213476240635
151,RU-Poisson,mae,0.023656943812966347
154,RU-Poisson,mae,0.021649504080414772
156,RU-Poisson,mae,0.029074599966406822
157,RU-Poisson,mae,0.019563451409339905
159,RU-Poisson,mae,0.021335864439606667
178,RU-Poisson,mae,0.017662417143583298
197,RU-Poisson,mae,0.01140469592064619
199,RU-Poisson,mae,0.013285275548696518
211,RU-Poisson,mae,0.019853802397847176
212,RU-Poisson,mae,0.022431766614317894
214,RU-Poisson,mae,0.018495969474315643
221,RU-Poisson,mae,0.01937844790518284
232,RU-Poisson,mae,0.016673339530825615
233,RU-Poisson,mae,0.0154147082939744
240,RU-Poisson,mae,0.022874757647514343
242,RU-Poisson,mae,0.03160100802779198
243,RU-Poisson,mae,0.017367996275424957
244,RU-Poisson,mae,0.016865862533450127
260,RU-Poisson,mae,0.007943475618958473
273,RU-Poisson,mae,0.02458677627146244
275,RU-Poisson,mae,0.025388633832335472
276,RU-Poisson,mae,0.02074836753308773
283,RU-Poisson,mae,0.027084803208708763
297,RU-Poisson,mae,0.02170579694211483
303,RU-Poisson,mae,0.01792745850980282
310,RU-Poisson,mae,0.013935732655227184
318,RU-Poisson,mae,0.023139214143157005
319,RU-Poisson,mae,0.01988627016544342
324,RU-Poisson,mae,0.014708924107253551
326,RU-Poisson,mae,0.012414616532623768
328,RU-Poisson,mae,0.010278911329805851
330,RU-Poisson,mae,0.01803535968065262
333,RU-Poisson,mae,0.01522110402584076
340,RU-Poisson,mae,0.025296630337834358
347,RU-Poisson,mae,0.0220628771930933
348,RU-Poisson,mae,0.01932576112449169
360,RU-Poisson,mae,0.011623860336840153
361,RU-Poisson,mae,0.02521682344377041
364,RU-Poisson,mae,0.023893699049949646
366,RU-Poisson,mae,0.01323582511395216
378,RU-Poisson,mae,0.01865280233323574
391,RU-Poisson,mae,0.019245900213718414
394,RU-Poisson,mae,0.018031122162938118
398,RU-Poisson,mae,0.023468514904379845
408,RU-Poisson,mae,0.017696017399430275
409,RU-Poisson,mae,0.023476077243685722
410,RU-Poisson,mae,0.03265249356627464
412,RU-Poisson,mae,0.01455048006027937
425,RU-Poisson,mae,0.027263587340712547
429,RU-Poisson,mae,0.017670879140496254
438,RU-Poisson,mae,0.0178799107670784
461,RU-Poisson,mae,0.030190756544470787
463,RU-Poisson,mae,0.0223789494484663
464,RU-Poisson,mae,0.019827531650662422
477,RU-Poisson,mae,0.023828856647014618
486,RU-Poisson,mae,0.011915470473468304
491,RU-Poisson,mae,0.014332913793623447
495,RU-Poisson,mae,0.02680020034313202
516,RU-Poisson,mae,0.021849388256669044
521,RU-Poisson,mae,0.02261831797659397
531,RU-Poisson,mae,0.01821538805961609
533,RU-Poisson,mae,0.025316156446933746
537,RU-Poisson,mae,0.018174124881625175
542,RU-Poisson,mae,0.022044191136956215
543,RU-Poisson,mae,0.017970824614167213
548,RU-Poisson,mae,0.017168458551168442
554,RU-Poisson,mae,0.02102016843855381
565,RU-Poisson,mae,0.013024893589317799
570,RU-Poisson,mae,0.012605895288288593
574,RU-Poisson,mae,0.028711898252367973
590,RU-Poisson,mae,0.01678227260708809
610,RU-Poisson,mae,0.02350003831088543
613,RU-Poisson,mae,0.013389363884925842
634,RU-Poisson,mae,0.016209017485380173
637,RU-Poisson,mae,0.0133771151304245
642,RU-Poisson,mae,0.022590843960642815
644,RU-Poisson,mae,0.021847909316420555
663,RU-Poisson,mae,0.015988627448678017
670,RU-Poisson,mae,0.030518824234604836
676,RU-Poisson,mae,0.01783192902803421
680,RU-Poisson,mae,0.01708780787885189
686,RU-Poisson,mae,0.018782231956720352
695,RU-Poisson,mae,0.017178606241941452
707,RU-Poisson,mae,0.015499378554522991
711,RU-Poisson,mae,0.01757097616791725
712,RU-Poisson,mae,0.019970566034317017
713,RU-Poisson,mae,0.021464308723807335
717,RU-Poisson,mae,0.01664857752621174
721,RU-Poisson,mae,0.014276072382926941
738,RU-Poisson,mae,0.024872401729226112
748,RU-Poisson,mae,0.0110510578379035
752,RU-Poisson,mae,0.019010277464985847
760,RU-Poisson,mae,0.017625054344534874
763,RU-Poisson,mae,0.01446544285863638
770,RU-Poisson,mae,0.021576525643467903
776,RU-Poisson,mae,0.027728481218218803
778,RU-Poisson,mae,0.01865655742585659
782,RU-Poisson,mae,0.01982852816581726
787,RU-Poisson,mae,0.021629290655255318
793,RU-Poisson,mae,0.01680021733045578
799,RU-Poisson,mae,0.020929589867591858
800,RU-Poisson,mae,0.026485539972782135
804,RU-Poisson,mae,0.020442144945263863
810,RU-Poisson,mae,0.02372322976589203
812,RU-Poisson,mae,0.017566069960594177
819,RU-Poisson,mae,0.014794852584600449
823,RU-Poisson,mae,0.01537417620420456
827,RU-Poisson,mae,0.027422621846199036
831,RU-Poisson,mae,0.016448022797703743
847,RU-Poisson,mae,0.03179033100605011
849,RU-Poisson,mae,0.015908122062683105
856,RU-Poisson,mae,0.022431591525673866
865,RU-Poisson,mae,0.02133316360414028
871,RU-Poisson,mae,0.013384874910116196
873,RU-Poisson,mae,0.020018266513943672
880,RU-Poisson,mae,0.014349408447742462
884,RU-Poisson,mae,0.024173123762011528
887,RU-Poisson,mae,0.02052854187786579
893,RU-Poisson,mae,0.025228142738342285
906,RU-Poisson,mae,0.023208364844322205
909,RU-Poisson,mae,0.025357628241181374
910,RU-Poisson,mae,0.024797311052680016
913,RU-Poisson,mae,0.022058233618736267
916,RU-Poisson,mae,0.016995472833514214
927,RU-Poisson,mae,0.013316194526851177
930,RU-Poisson,mae,0.01873273029923439
939,RU-Poisson,mae,0.013361386954784393
956,RU-Poisson,mae,0.02088095061480999
963,RU-Poisson,mae,0.031128838658332825
966,RU-Poisson,mae,0.011295837350189686
969,RU-Poisson,mae,0.03299708291888237
970,RU-Poisson,mae,0.02014981210231781
978,RU-Poisson,mae,0.022159775719046593
988,RU-Poisson,mae,0.021514520049095154
989,RU-Poisson,mae,0.01443793997168541
992,RU-Poisson,mae,0.018769310787320137
995,RU-Poisson,mae,0.022247910499572754
1004,RU-Poisson,mae,0.015890037640929222
1008,RU-Poisson,mae,0.029766147956252098
1011,RU-Poisson,mae,0.0355868935585022
1013,RU-Poisson,mae,0.020518770441412926
1018,RU-Poisson,mae,0.023171136155724525
1022,RU-Poisson,mae,0.012559286318719387
1045,RU-Poisson,mae,0.0186860840767622
1049,RU-Poisson,mae,0.01528045441955328
1051,RU-Poisson,mae,0.02374604344367981
1061,RU-Poisson,mae,0.02057822048664093
1063,RU-Poisson,mae,0.01170803140848875
1068,RU-Poisson,mae,0.010759375989437103
1076,RU-Poisson,mae,0.008432125672698021
1079,RU-Poisson,mae,0.021923892199993134
1084,RU-Poisson,mae,0.019418666139245033
1089,RU-Poisson,mae,0.022963041439652443
1090,RU-Poisson,mae,0.012943604029715061
1099,RU-Poisson,mae,0.02954341284930706
1114,RU-Poisson,mae,0.010822564363479614
1120,RU-Poisson,mae,0.0242625642567873
1121,RU-Poisson,mae,0.02542419545352459
1134,RU-Poisson,mae,0.01911672204732895
1177,RU-Poisson,mae,0.011895696632564068
1178,RU-Poisson,mae,0.014245197176933289
1183,RU-Poisson,mae,0.017094174399971962
1193,RU-Poisson,mae,0.02499423921108246
1204,RU-Poisson,mae,0.01682308502495289
1208,RU-Poisson,mae,0.01638111285865307
1213,RU-Poisson,mae,0.01960630528628826
1231,RU-Poisson,mae,0.016645709052681923
1232,RU-Poisson,mae,0.027314579114317894
1233,RU-Poisson,mae,0.024709230288863182
1238,RU-Poisson,mae,0.018284013494849205
1240,RU-Poisson,mae,0.015444633550941944
1243,RU-Poisson,mae,0.015648627653717995
1260,RU-Poisson,mae,0.012750502675771713
1267,RU-Poisson,mae,0.021465672180056572
1268,RU-Poisson,mae,0.018283769488334656
1274,RU-Poisson,mae,0.02189265750348568
1281,RU-Poisson,mae,0.015424142591655254
1297,RU-Poisson,mae,0.01218444388359785
1307,RU-Poisson,mae,0.021383339539170265
1313,RU-Poisson,mae,0.013099975883960724
1330,RU-Poisson,mae,0.017608530819416046
1334,RU-Poisson,mae,0.018939608708024025
1346,RU-Poisson,mae,0.013748171739280224
1348,RU-Poisson,mae,0.021226340904831886
1355,RU-Poisson,mae,0.016387946903705597
1363,RU-Poisson,mae,0.01111482735723257
1366,RU-Poisson,mae,0.014904054813086987
1391,RU-Poisson,mae,0.025577137246727943
1400,RU-Poisson,mae,0.014540721662342548
1411,RU-Poisson,mae,0.021508386358618736
1413,RU-Poisson,mae,0.012037227861583233
1422,RU-Poisson,mae,0.017554717138409615
1425,RU-Poisson,mae,0.025531940162181854
1434,RU-Poisson,mae,0.014483936131000519
1441,RU-Poisson,mae,0.01653558574616909
1447,RU-Poisson,mae,0.01178237795829773
1458,RU-Poisson,mae,0.022383296862244606
1471,RU-Poisson,mae,0.026188015937805176
1481,RU-Poisson,mae,0.018242184072732925
1499,RU-Poisson,mae,0.02045385353267193
1506,RU-Poisson,mae,0.025699377059936523
1511,RU-Poisson,mae,0.024274803698062897
1512,RU-Poisson,mae,0.013434574007987976
1515,RU-Poisson,mae,0.012071557343006134
1522,RU-Poisson,mae,0.023266131058335304
1525,RU-Poisson,mae,0.026963254436850548
1536,RU-Poisson,mae,0.018221097066998482
1541,RU-Poisson,mae,0.022609956562519073
1543,RU-Poisson,mae,0.021895086392760277
1546,RU-Poisson,mae,0.017874816432595253
1551,RU-Poisson,mae,0.030748529359698296
1553,RU-Poisson,mae,0.025168249383568764
1559,RU-Poisson,mae,0.029999425634741783
1562,RU-Poisson,mae,0.027121970430016518
1563,RU-Poisson,mae,0.02441970258951187
1581,RU-Poisson,mae,0.0194803886115551
1613,RU-Poisson,mae,0.016807040199637413
1619,RU-Poisson,mae,0.016454776749014854
1622,RU-Poisson,mae,0.02186327427625656
1624,RU-Poisson,mae,0.015645256265997887
1634,RU-Poisson,mae,0.012790502049028873
1644,RU-Poisson,mae,0.008736160583794117
1645,RU-Poisson,mae,0.014727900736033916
1663,RU-Poisson,mae,0.019713906571269035
1673,RU-Poisson,mae,0.016328802332282066
1684,RU-Poisson,mae,0.020975694060325623
1685,RU-Poisson,mae,0.013405499048531055
1694,RU-Poisson,mae,0.018370194360613823
1697,RU-Poisson,mae,0.01822328008711338
1698,RU-Poisson,mae,0.012149129994213581
1700,RU-Poisson,mae,0.02367587946355343
1715,RU-Poisson,mae,0.019772814586758614
1721,RU-Poisson,mae,0.013044101186096668
1724,RU-Poisson,mae,0.01937357895076275
1727,RU-Poisson,mae,0.013993370346724987
1729,RU-Poisson,mae,0.020673632621765137
1741,RU-Poisson,mae,0.02553291618824005
1760,RU-Poisson,mae,0.016059597954154015
1761,RU-Poisson,mae,0.026460295543074608
1763,RU-Poisson,mae,0.01831202767789364
1765,RU-Poisson,mae,0.018095092847943306
1773,RU-Poisson,mae,0.01581737771630287
1782,RU-Poisson,mae,0.013013283722102642
1784,RU-Poisson,mae,0.01540266815572977
1791,RU-Poisson,mae,0.01739552617073059
1798,RU-Poisson,mae,0.019186116755008698
1804,RU-Poisson,mae,0.02797994576394558
1812,RU-Poisson,mae,0.016018763184547424
1814,RU-Poisson,mae,0.01861300878226757
1819,RU-Poisson,mae,0.018789561465382576
1824,RU-Poisson,mae,0.021606603637337685
1831,RU-Poisson,mae,0.017423933371901512
1833,RU-Poisson,mae,0.023148825392127037
1841,RU-Poisson,mae,0.024835199117660522
1843,RU-Poisson,mae,0.014638018794357777
1868,RU-Poisson,mae,0.019878199324011803
1871,RU-Poisson,mae,0.014626304619014263
1881,RU-Poisson,mae,0.020135166123509407
1882,RU-Poisson,mae,0.01844637840986252
1888,RU-Poisson,mae,0.011504441499710083
1911,RU-Poisson,mae,0.02264411747455597
1919,RU-Poisson,mae,0.013816386461257935
1935,RU-Poisson,mae,0.01947314850986004
1942,RU-Poisson,mae,0.01709999144077301
1943,RU-Poisson,mae,0.015823258087038994
1963,RU-Poisson,mae,0.026212161406874657
1968,RU-Poisson,mae,0.029131630435585976
1985,RU-Poisson,mae,0.027011029422283173
1999,RU-Poisson,mae,0.027979319915175438
2000,RU-Poisson,mae,0.023442750796675682
2002,RU-Poisson,mae,0.015551655553281307
2003,RU-Poisson,mae,0.012812328524887562
2015,RU-Poisson,mae,0.019255807623267174
2020,RU-Poisson,mae,0.02123349718749523
2021,RU-Poisson,mae,0.01447053998708725
2026,RU-Poisson,mae,0.016775881871581078
2028,RU-Poisson,mae,0.016487570479512215
2034,RU-Poisson,mae,0.020077422261238098
2038,RU-Poisson,mae,0.03990143910050392
2060,RU-Poisson,mae,0.01629004441201687
2075,RU-Poisson,mae,0.024291211739182472
2078,RU-Poisson,mae,0.022159606218338013
2081,RU-Poisson,mae,0.012658931314945221
2095,RU-Poisson,mae,0.021695902571082115
2096,RU-Poisson,mae,0.015950685366988182
2102,RU-Poisson,mae,0.026615947484970093
2107,RU-Poisson,mae,0.019357062876224518
2109,RU-Poisson,mae,0.018667688593268394
2111,RU-Poisson,mae,0.014690227806568146
2112,RU-Poisson,mae,0.02720462717115879
2118,RU-Poisson,mae,0.017521465197205544
2122,RU-Poisson,mae,0.027008356526494026
2123,RU-Poisson,mae,0.021450689062476158
2128,RU-Poisson,mae,0.02369638718664646
2140,RU-Poisson,mae,0.026654884219169617
2148,RU-Poisson,mae,0.01776942051947117
2149,RU-Poisson,mae,0.026456652209162712
2151,RU-Poisson,mae,0.016527436673641205
2152,RU-Poisson,mae,0.017554841935634613
2166,RU-Poisson,mae,0.029602503404021263
2168,RU-Poisson,mae,0.019180485978722572
2176,RU-Poisson,mae,0.018047550693154335
2178,RU-Poisson,mae,0.015482763759791851
2183,RU-Poisson,mae,0.020173044875264168
2195,RU-Poisson,mae,0.02692934311926365
2200,RU-Poisson,mae,0.018610531464219093
2204,RU-Poisson,mae,0.022853458300232887
2205,RU-Poisson,mae,0.019817834720015526
2206,RU-Poisson,mae,0.022376516833901405
2211,RU-Poisson,mae,0.016203217208385468
2218,RU-Poisson,mae,0.011182059533894062
2221,RU-Poisson,mae,0.012657679617404938
2224,RU-Poisson,mae,0.01782187633216381
2227,RU-Poisson,mae,0.013704855926334858
2231,RU-Poisson,mae,0.023622462525963783
2236,RU-Poisson,mae,0.0238481517881155
2238,RU-Poisson,mae,0.03556248918175697
2242,RU-Poisson,mae,0.030627692118287086
2246,RU-Poisson,mae,0.023248707875609398
2269,RU-Poisson,mae,0.016747858375310898
2278,RU-Poisson,mae,0.020802201703190804
2279,RU-Poisson,mae,0.027156352996826172
2305,RU-Poisson,mae,0.024783745408058167
2315,RU-Poisson,mae,0.020738141611218452
2316,RU-Poisson,mae,0.02589300274848938
2331,RU-Poisson,mae,0.015997814014554024
2332,RU-Poisson,mae,0.012240796349942684
2334,RU-Poisson,mae,0.01667039282619953
2336,RU-Poisson,mae,0.03008808195590973
2342,RU-Poisson,mae,0.025924550369381905
2344,RU-Poisson,mae,0.015977492555975914
2345,RU-Poisson,mae,0.01844506524503231
2350,RU-Poisson,mae,0.02398141287267208
2358,RU-Poisson,mae,0.031880103051662445
2378,RU-Poisson,mae,0.020589353516697884
2388,RU-Poisson,mae,0.01659337431192398
2390,RU-Poisson,mae,0.029862940311431885
2396,RU-Poisson,mae,0.012472187168896198
2415,RU-Poisson,mae,0.019934648647904396
2417,RU-Poisson,mae,0.017290184274315834
2427,RU-Poisson,mae,0.02033272199332714
2428,RU-Poisson,mae,0.013116507790982723
2442,RU-Poisson,mae,0.01748751290142536
2448,RU-Poisson,mae,0.018607594072818756
2459,RU-Poisson,mae,0.01379005704075098
2460,RU-Poisson,mae,0.025543203577399254
2482,RU-Poisson,mae,0.013815962709486485
2483,RU-Poisson,mae,0.011140301823616028
2501,RU-Poisson,mae,0.02755163051187992
2512,RU-Poisson,mae,0.01224143709987402
2514,RU-Poisson,mae,0.016795724630355835
2520,RU-Poisson,mae,0.031386617571115494
2536,RU-Poisson,mae,0.02721070498228073
2543,RU-Poisson,mae,0.016378987580537796
2554,RU-Poisson,mae,0.01575658470392227
2598,RU-Poisson,mae,0.019919181242585182
2602,RU-Poisson,mae,0.027397586032748222
2604,RU-Poisson,mae,0.020434444770216942
2609,RU-Poisson,mae,0.020944764837622643
2611,RU-Poisson,mae,0.02458956092596054
2616,RU-Poisson,mae,0.02506794035434723
2618,RU-Poisson,mae,0.017767319455742836
2630,RU-Poisson,mae,0.02081805095076561
2647,RU-Poisson,mae,0.026383331045508385
2652,RU-Poisson,mae,0.020716702565550804
2653,RU-Poisson,mae,0.0249898973852396
2660,RU-Poisson,mae,0.023073380813002586
2673,RU-Poisson,mae,0.016219915822148323
2682,RU-Poisson,mae,0.021927297115325928
2687,RU-Poisson,mae,0.011556715704500675
2700,RU-Poisson,mae,0.020808912813663483
2702,RU-Poisson,mae,0.03645354509353638
2711,RU-Poisson,mae,0.032839223742485046
2725,RU-Poisson,mae,0.02605651319026947
2726,RU-Poisson,mae,0.014667872339487076
2727,RU-Poisson,mae,0.03003336302936077
2732,RU-Poisson,mae,0.02235749177634716
2742,RU-Poisson,mae,0.027804598212242126
2744,RU-Poisson,mae,0.013232399709522724
2745,RU-Poisson,mae,0.016037145629525185
2751,RU-Poisson,mae,0.02689000777900219
2775,RU-Poisson,mae,0.008737974800169468
2782,RU-Poisson,mae,0.030368821695446968
2783,RU-Poisson,mae,0.026575839146971703
2787,RU-Poisson,mae,0.01944020576775074
2788,RU-Poisson,mae,0.01872655749320984
2792,RU-Poisson,mae,0.0204096008092165
2810,RU-Poisson,mae,0.021149134263396263
2813,RU-Poisson,mae,0.01632039248943329
2816,RU-Poisson,mae,0.02014295943081379
2817,RU-Poisson,mae,0.017563408240675926
2819,RU-Poisson,mae,0.010628890246152878
2841,RU-Poisson,mae,0.02862543798983097
2846,RU-Poisson,mae,0.02474321238696575
2851,RU-Poisson,mae,0.018725892528891563
2855,RU-Poisson,mae,0.023546678945422173
2864,RU-Poisson,mae,0.02791477181017399
2875,RU-Poisson,mae,0.02061583288013935
2886,RU-Poisson,mae,0.025233030319213867
2897,RU-Poisson,mae,0.021142786368727684
2911,RU-Poisson,mae,0.021519633010029793
2915,RU-Poisson,mae,0.01688954047858715
2929,RU-Poisson,mae,0.01669427752494812
2938,RU-Poisson,mae,0.01959877461194992
2945,RU-Poisson,mae,0.025731166824698448
2959,RU-Poisson,mae,0.030596161261200905
2966,RU-Poisson,mae,0.021055713295936584
2971,RU-Poisson,mae,0.015922293066978455
2973,RU-Poisson,mae,0.019800512120127678
2975,RU-Poisson,mae,0.022144973278045654
2976,RU-Poisson,mae,0.020729532465338707
2986,RU-Poisson,mae,0.016780158504843712
3010,RU-Poisson,mae,0.023450344800949097
3020,RU-Poisson,mae,0.025197714567184448
3027,RU-Poisson,mae,0.018438076600432396
3032,RU-Poisson,mae,0.02277146279811859
3039,RU-Poisson,mae,0.02315959893167019
3048,RU-Poisson,mae,0.0216662660241127
3049,RU-Poisson,mae,0.01966909132897854
3056,RU-Poisson,mae,0.022927498444914818
3062,RU-Poisson,mae,0.018643004819750786
3065,RU-Poisson,mae,0.016841977834701538
3068,RU-Poisson,mae,0.020304827019572258
3071,RU-Poisson,mae,0.021358346566557884
3072,RU-Poisson,mae,0.01531908754259348
3073,RU-Poisson,mae,0.024080947041511536
3074,RU-Poisson,mae,0.016318611800670624
3085,RU-Poisson,mae,0.01662144809961319
3086,RU-Poisson,mae,0.033006176352500916
3089,RU-Poisson,mae,0.018163278698921204
3095,RU-Poisson,mae,0.02487323433160782
3105,RU-Poisson,mae,0.0202160757035017
3107,RU-Poisson,mae,0.01794448494911194
3111,RU-Poisson,mae,0.02490616776049137
3118,RU-Poisson,mae,0.02668001316487789
3126,RU-Poisson,mae,0.02035699412226677
3132,RU-Poisson,mae,0.02148529887199402
3134,RU-Poisson,mae,0.018186738714575768
3142,RU-Poisson,mae,0.011376302689313889
3149,RU-Poisson,mae,0.020837873220443726
3151,RU-Poisson,mae,0.020949535071849823
3152,RU-Poisson,mae,0.018823295831680298
3165,RU-Poisson,mae,0.01884940080344677
3167,RU-Poisson,mae,0.03155951574444771
3168,RU-Poisson,mae,0.01787474751472473
3178,RU-Poisson,mae,0.021824883297085762
3183,RU-Poisson,mae,0.01709415577352047
3185,RU-Poisson,mae,0.009784991852939129
3217,RU-Poisson,mae,0.022838473320007324
3219,RU-Poisson,mae,0.023262744769454002
3222,RU-Poisson,mae,0.026022441685199738
3225,RU-Poisson,mae,0.01996643655002117
3236,RU-Poisson,mae,0.022641601040959358
3240,RU-Poisson,mae,0.014970597811043262
3242,RU-Poisson,mae,0.016952326521277428
3243,RU-Poisson,mae,0.025461718440055847
3250,RU-Poisson,mae,0.011965964920818806
3253,RU-Poisson,mae,0.022075453773140907
3276,RU-Poisson,mae,0.019352873787283897
3280,RU-Poisson,mae,0.024872472509741783
3289,RU-Poisson,mae,0.01653909869492054
3297,RU-Poisson,mae,0.012675258331000805
3313,RU-Poisson,mae,0.01958681456744671
3317,RU-Poisson,mae,0.030885150656104088
3328,RU-Poisson,mae,0.026695385575294495
3333,RU-Poisson,mae,0.016215534880757332
3341,RU-Poisson,mae,0.021368125453591347
3342,RU-Poisson,mae,0.02122151106595993
3345,RU-Poisson,mae,0.019716372713446617
3363,RU-Poisson,mae,0.02131551317870617
3367,RU-Poisson,mae,0.012685504741966724
3381,RU-Poisson,mae,0.023857412859797478
3395,RU-Poisson,mae,0.019398363307118416
3397,RU-Poisson,mae,0.017826475203037262
3402,RU-Poisson,mae,0.029865028336644173
3403,RU-Poisson,mae,0.011528282426297665
3404,RU-Poisson,mae,0.027290889993309975
3427,RU-Poisson,mae,0.01851915568113327
3436,RU-Poisson,mae,0.026773029938340187
3443,RU-Poisson,mae,0.026374995708465576
3461,RU-Poisson,mae,0.017023446038365364
3462,RU-Poisson,mae,0.018883580341935158
3465,RU-Poisson,mae,0.022213885560631752
3487,RU-Poisson,mae,0.014196052215993404
3495,RU-Poisson,mae,0.013988587073981762
3509,RU-Poisson,mae,0.02412843517959118
3510,RU-Poisson,mae,0.02272038906812668
3511,RU-Poisson,mae,0.028468286618590355
3512,RU-Poisson,mae,0.020671842619776726
3516,RU-Poisson,mae,0.027568688616156578
3527,RU-Poisson,mae,0.026788318529725075
3543,RU-Poisson,mae,0.014947451651096344
3551,RU-Poisson,mae,0.011827384121716022
3554,RU-Poisson,mae,0.017931370064616203
3557,RU-Poisson,mae,0.01207827404141426
3559,RU-Poisson,mae,0.018871977925300598
3561,RU-Poisson,mae,0.01953715831041336
3567,RU-Poisson,mae,0.019592853263020515
3580,RU-Poisson,mae,0.021212464198470116
3592,RU-Poisson,mae,0.012401901185512543
3594,RU-Poisson,mae,0.01982463337481022
3597,RU-Poisson,mae,0.00878884643316269
3598,RU-Poisson,mae,0.017944414168596268
3610,RU-Poisson,mae,0.026732400059700012
3612,RU-Poisson,mae,0.021691307425498962
3625,RU-Poisson,mae,0.03405897691845894
3634,RU-Poisson,mae,0.011515612713992596
3636,RU-Poisson,mae,0.021773820742964745
3644,RU-Poisson,mae,0.024807939305901527
3646,RU-Poisson,mae,0.012803916819393635
3647,RU-Poisson,mae,0.022044947370886803
3668,RU-Poisson,mae,0.02555372379720211
3674,RU-Poisson,mae,0.022772731259465218
3676,RU-Poisson,mae,0.017187265679240227
3694,RU-Poisson,mae,0.01948975957930088
3701,RU-Poisson,mae,0.02762032486498356
3712,RU-Poisson,mae,0.024563709273934364
3714,RU-Poisson,mae,0.02307530678808689
3719,RU-Poisson,mae,0.020499227568507195
3721,RU-Poisson,mae,0.01999977044761181
3723,RU-Poisson,mae,0.028484726324677467
3725,RU-Poisson,mae,0.014786907471716404
3728,RU-Poisson,mae,0.011842596344649792
3730,RU-Poisson,mae,0.017890380695462227
3739,RU-Poisson,mae,0.014149832539260387
3741,RU-Poisson,mae,0.018074186518788338
3745,RU-Poisson,mae,0.014587963931262493
3746,RU-Poisson,mae,0.023104621097445488
3754,RU-Poisson,mae,0.019702037796378136
3758,RU-Poisson,mae,0.01659168116748333
3759,RU-Poisson,mae,0.01588689349591732
3779,RU-Poisson,mae,0.012234707362949848
3791,RU-Poisson,mae,0.023231366649270058
3792,RU-Poisson,mae,0.020860888063907623
3794,RU-Poisson,mae,0.015525154769420624
3803,RU-Poisson,mae,0.013486224226653576
3804,RU-Poisson,mae,0.021900935098528862
3807,RU-Poisson,mae,0.019901668652892113
3809,RU-Poisson,mae,0.018627936020493507
3812,RU-Poisson,mae,0.028070107102394104
3813,RU-Poisson,mae,0.020773710682988167
3815,RU-Poisson,mae,0.020581034943461418
3823,RU-Poisson,mae,0.023964187130331993
3824,RU-Poisson,mae,0.009740345180034637
3827,RU-Poisson,mae,0.01872999034821987
3830,RU-Poisson,mae,0.013194640167057514
3834,RU-Poisson,mae,0.028185276314616203
3838,RU-Poisson,mae,0.023005902767181396
3845,RU-Poisson,mae,0.01209969725459814
3846,RU-Poisson,mae,0.010007116943597794
3849,RU-Poisson,mae,0.019798526540398598
3850,RU-Poisson,mae,0.02242039330303669
3859,RU-Poisson,mae,0.018987050279974937
3883,RU-Poisson,mae,0.02098090387880802
3886,RU-Poisson,mae,0.023039191961288452
3887,RU-Poisson,mae,0.02084045670926571
3892,RU-Poisson,mae,0.02515614964067936
3894,RU-Poisson,mae,0.02790565975010395
3897,RU-Poisson,mae,0.01986215077340603
3917,RU-Poisson,mae,0.01768915355205536
3927,RU-Poisson,mae,0.0188176017254591
3928,RU-Poisson,mae,0.022953713312745094
3933,RU-Poisson,mae,0.02404840476810932
3937,RU-Poisson,mae,0.015673018991947174
3938,RU-Poisson,mae,0.018027635291218758
3951,RU-Poisson,mae,0.029125338420271873
3969,RU-Poisson,mae,0.023395037278532982
3972,RU-Poisson,mae,0.023658132180571556
3978,RU-Poisson,mae,0.014655940234661102
3982,RU-Poisson,mae,0.01947019062936306
4000,RU-Poisson,mae,0.0257548987865448
4001,RU-Poisson,mae,0.025137973949313164
4006,RU-Poisson,mae,0.015978658571839333
4010,RU-Poisson,mae,0.017468325793743134
4018,RU-Poisson,mae,0.013260194100439548
4020,RU-Poisson,mae,0.02156658284366131
4023,RU-Poisson,mae,0.012643162161111832
4028,RU-Poisson,mae,0.017985930666327477
4035,RU-Poisson,mae,0.028033828362822533
4038,RU-Poisson,mae,0.02096719481050968
4039,RU-Poisson,mae,0.02187461405992508
4047,RU-Poisson,mae,0.016366029158234596
4050,RU-Poisson,mae,0.01890556700527668
4052,RU-Poisson,mae,0.0165411327034235
4055,RU-Poisson,mae,0.019610928371548653
4069,RU-Poisson,mae,0.010995361022651196
4073,RU-Poisson,mae,0.017815852537751198
4078,RU-Poisson,mae,0.019151080399751663
4079,RU-Poisson,mae,0.02510112337768078
4080,RU-Poisson,mae,0.018190346658229828
4091,RU-Poisson,mae,0.024072909727692604
4096,RU-Poisson,mae,0.02402072586119175
4098,RU-Poisson,mae,0.018768228590488434
4121,RU-Poisson,mae,0.022792262956500053
4134,RU-Poisson,mae,0.023417362943291664
4135,RU-Poisson,mae,0.01821986958384514
4137,RU-Poisson,mae,0.016844602301716805
4145,RU-Poisson,mae,0.01479872316122055
4149,RU-Poisson,mae,0.014725576154887676
4153,RU-Poisson,mae,0.030494587495923042
4181,RU-Poisson,mae,0.02584739588201046
4188,RU-Poisson,mae,0.03159070387482643
4196,RU-Poisson,mae,0.024358907714486122
4204,RU-Poisson,mae,0.02909949980676174
4209,RU-Poisson,mae,0.023333251476287842
4211,RU-Poisson,mae,0.020259568467736244
4212,RU-Poisson,mae,0.023229071870446205
4218,RU-Poisson,mae,0.0294675100594759
4228,RU-Poisson,mae,0.017776010558009148
4229,RU-Poisson,mae,0.017502132803201675
4250,RU-Poisson,mae,0.020278293639421463
4254,RU-Poisson,mae,0.01403138693422079
4261,RU-Poisson,mae,0.013969524763524532
4264,RU-Poisson,mae,0.02091226540505886
4265,RU-Poisson,mae,0.018458331003785133
4284,RU-Poisson,mae,0.017882099375128746
4294,RU-Poisson,mae,0.016023313626646996
4296,RU-Poisson,mae,0.018413500860333443
4306,RU-Poisson,mae,0.020260164514183998
4321,RU-Poisson,mae,0.019100910052657127
4327,RU-Poisson,mae,0.01783856190741062
4331,RU-Poisson,mae,0.017390431836247444
4334,RU-Poisson,mae,0.02692868560552597
4339,RU-Poisson,mae,0.01588479056954384
4340,RU-Poisson,mae,0.023555120453238487
4344,RU-Poisson,mae,0.026042060926556587
4349,RU-Poisson,mae,0.025748083367943764
4361,RU-Poisson,mae,0.015469496138393879
4370,RU-Poisson,mae,0.017557499930262566
4371,RU-Poisson,mae,0.013533300720155239
4376,RU-Poisson,mae,0.014563082717359066
4390,RU-Poisson,mae,0.020543064922094345
4403,RU-Poisson,mae,0.017887486144900322
4408,RU-Poisson,mae,0.01563245803117752
4412,RU-Poisson,mae,0.01413713674992323
4419,RU-Poisson,mae,0.016810039058327675
4433,RU-Poisson,mae,0.02274763397872448
4437,RU-Poisson,mae,0.016664568334817886
4446,RU-Poisson,mae,0.023348456248641014
4450,RU-Poisson,mae,0.018024323508143425
4460,RU-Poisson,mae,0.012654115445911884
4464,RU-Poisson,mae,0.0226662065833807
4466,RU-Poisson,mae,0.014261956326663494
4474,RU-Poisson,mae,0.024574173614382744
4491,RU-Poisson,mae,0.01898948661983013
4499,RU-Poisson,mae,0.016887223348021507
4527,RU-Poisson,mae,0.01969163678586483
4535,RU-Poisson,mae,0.028647413477301598
4542,RU-Poisson,mae,0.02612481079995632
4544,RU-Poisson,mae,0.018973568454384804
4547,RU-Poisson,mae,0.010268745012581348
4554,RU-Poisson,mae,0.018869871273636818
4555,RU-Poisson,mae,0.012208905071020126
4561,RU-Poisson,mae,0.015366998501121998
4566,RU-Poisson,mae,0.014284047298133373
4568,RU-Poisson,mae,0.021693222224712372
4586,RU-Poisson,mae,0.01974806748330593
4589,RU-Poisson,mae,0.0282660573720932
4590,RU-Poisson,mae,0.021891722455620766
4597,RU-Poisson,mae,0.027093758806586266
4602,RU-Poisson,mae,0.019882122054696083
4613,RU-Poisson,mae,0.027894966304302216
4614,RU-Poisson,mae,0.014150473289191723
4619,RU-Poisson,mae,0.017358999699354172
4627,RU-Poisson,mae,0.020492376759648323
4629,RU-Poisson,mae,0.02514614723622799
4633,RU-Poisson,mae,0.016538605093955994
4635,RU-Poisson,mae,0.019831379875540733
4650,RU-Poisson,mae,0.01952594704926014
4656,RU-Poisson,mae,0.011657577008008957
4677,RU-Poisson,mae,0.015359495766460896
4682,RU-Poisson,mae,0.021561184898018837
4685,RU-Poisson,mae,0.021739110350608826
4691,RU-Poisson,mae,0.028852298855781555
4703,RU-Poisson,mae,0.018015310168266296
4712,RU-Poisson,mae,0.018993539735674858
4716,RU-Poisson,mae,0.012193415313959122
4725,RU-Poisson,mae,0.01758846826851368
4727,RU-Poisson,mae,0.028283417224884033
4734,RU-Poisson,mae,0.022779831662774086
4750,RU-Poisson,mae,0.013502548448741436
4751,RU-Poisson,mae,0.017099028453230858
4752,RU-Poisson,mae,0.026960596442222595
4753,RU-Poisson,mae,0.016672616824507713
4760,RU-Poisson,mae,0.017008520662784576
4761,RU-Poisson,mae,0.026597222313284874
4770,RU-Poisson,mae,0.020822251215577126
4774,RU-Poisson,mae,0.015224374830722809
4777,RU-Poisson,mae,0.025533638894557953
4791,RU-Poisson,mae,0.015067663043737411
4793,RU-Poisson,mae,0.015124932862818241
4796,RU-Poisson,mae,0.020602211356163025
4801,RU-Poisson,mae,0.01973671093583107
4809,RU-Poisson,mae,0.01730501465499401
4811,RU-Poisson,mae,0.014877037145197392
4813,RU-Poisson,mae,0.015315540134906769
4821,RU-Poisson,mae,0.018524276092648506
4828,RU-Poisson,mae,0.02336707152426243
4839,RU-Poisson,mae,0.014263746328651905
4842,RU-Poisson,mae,0.03146648779511452
4851,RU-Poisson,mae,0.01614033244550228
4854,RU-Poisson,mae,0.021015845239162445
4859,RU-Poisson,mae,0.018140321597456932
4862,RU-Poisson,mae,0.02199403941631317
4866,RU-Poisson,mae,0.01840379275381565
4881,RU-Poisson,mae,0.024481313303112984
4901,RU-Poisson,mae,0.021789684891700745
4905,RU-Poisson,mae,0.021094324067234993
4907,RU-Poisson,mae,0.025139324367046356
4911,RU-Poisson,mae,0.019457319751381874
4923,RU-Poisson,mae,0.023174786940217018
4926,RU-Poisson,mae,0.02069290727376938
4936,RU-Poisson,mae,0.019917713478207588
4937,RU-Poisson,mae,0.019225584343075752
4939,RU-Poisson,mae,0.018744753673672676
4943,RU-Poisson,mae,0.02509889006614685
4973,RU-Poisson,mae,0.0129990940913558
4975,RU-Poisson,mae,0.01262838114053011
4980,RU-Poisson,mae,0.020998189225792885
4987,RU-Poisson,mae,0.024085721001029015
4995,RU-Poisson,mae,0.020586302503943443
4997,RU-Poisson,mae,0.026402467861771584
5010,RU-Poisson,mae,0.032366421073675156
5013,RU-Poisson,mae,0.014524462632834911
5017,RU-Poisson,mae,0.010814663954079151
5025,RU-Poisson,mae,0.019869990646839142
5028,RU-Poisson,mae,0.03028501570224762
5039,RU-Poisson,mae,0.015200593508780003
5041,RU-Poisson,mae,0.017529940232634544
5053,RU-Poisson,mae,0.01853754185140133
5058,RU-Poisson,mae,0.0194135420024395
5064,RU-Poisson,mae,0.013426464982330799
5069,RU-Poisson,mae,0.01983811892569065
5073,RU-Poisson,mae,0.01938316412270069
5084,RU-Poisson,mae,0.024257546290755272
5096,RU-Poisson,mae,0.021126195788383484
5099,RU-Poisson,mae,0.019152583554387093
5101,RU-Poisson,mae,0.02445882000029087
5103,RU-Poisson,mae,0.016687536612153053
5105,RU-Poisson,mae,0.02349054254591465
5106,RU-Poisson,mae,0.020389743149280548
5120,RU-Poisson,mae,0.01572568528354168
5125,RU-Poisson,mae,0.028930971398949623
5139,RU-Poisson,mae,0.013719392009079456
5151,RU-Poisson,mae,0.022655561566352844
5154,RU-Poisson,mae,0.02749709226191044
5160,RU-Poisson,mae,0.014473031274974346
5162,RU-Poisson,mae,0.0178722832351923
5182,RU-Poisson,mae,0.03012998215854168
5183,RU-Poisson,mae,0.014795564115047455
5190,RU-Poisson,mae,0.01960032247006893
5199,RU-Poisson,mae,0.028228262439370155
5216,RU-Poisson,mae,0.031332626938819885
5220,RU-Poisson,mae,0.020533692091703415
5221,RU-Poisson,mae,0.02035045437514782
5227,RU-Poisson,mae,0.02006099931895733
5234,RU-Poisson,mae,0.010686601512134075
5235,RU-Poisson,mae,0.023975225165486336
5250,RU-Poisson,mae,0.023112745955586433
5254,RU-Poisson,mae,0.0168535765260458
5259,RU-Poisson,mae,0.011425085365772247
5263,RU-Poisson,mae,0.015735672786831856
5265,RU-Poisson,mae,0.017158040776848793
5268,RU-Poisson,mae,0.015575561672449112
5275,RU-Poisson,mae,0.01063635665923357
5281,RU-Poisson,mae,0.02747882343828678
5290,RU-Poisson,mae,0.019110722467303276
5293,RU-Poisson,mae,0.02193601429462433
5302,RU-Poisson,mae,0.02283754013478756
5313,RU-Poisson,mae,0.01800701767206192
5336,RU-Poisson,mae,0.02495354413986206
5337,RU-Poisson,mae,0.015169821679592133
5347,RU-Poisson,mae,0.013873197138309479
5357,RU-Poisson,mae,0.015495468862354755
5360,RU-Poisson,mae,0.01894299127161503
5362,RU-Poisson,mae,0.01578812301158905
5370,RU-Poisson,mae,0.01585192233324051
5372,RU-Poisson,mae,0.026208454743027687
5378,RU-Poisson,mae,0.029553240165114403
5383,RU-Poisson,mae,0.014445818029344082
5400,RU-Poisson,mae,0.03152082487940788
5408,RU-Poisson,mae,0.017496854066848755
5413,RU-Poisson,mae,0.018971264362335205
5415,RU-Poisson,mae,0.02123398520052433
5417,RU-Poisson,mae,0.01678519695997238
5425,RU-Poisson,mae,0.024146104231476784
5435,RU-Poisson,mae,0.01445005927234888
5437,RU-Poisson,mae,0.02842380665242672
5443,RU-Poisson,mae,0.01755760796368122
5450,RU-Poisson,mae,0.020150555297732353
5452,RU-Poisson,mae,0.016364390030503273
5456,RU-Poisson,mae,0.017218496650457382
5459,RU-Poisson,mae,0.0161964762955904
5479,RU-Poisson,mae,0.016991058364510536
5485,RU-Poisson,mae,0.023097924888134003
5493,RU-Poisson,mae,0.011325214989483356
5496,RU-Poisson,mae,0.013692843727767467
5497,RU-Poisson,mae,0.02988586761057377
5519,RU-Poisson,mae,0.02276165783405304
5521,RU-Poisson,mae,0.0161141287535429
5522,RU-Poisson,mae,0.02158145047724247
5532,RU-Poisson,mae,0.026400461792945862
5544,RU-Poisson,mae,0.017354587092995644
5545,RU-Poisson,mae,0.020674826577305794
5551,RU-Poisson,mae,0.02227458916604519
5555,RU-Poisson,mae,0.02100946567952633
5556,RU-Poisson,mae,0.013225987553596497
5557,RU-Poisson,mae,0.01567266136407852
5560,RU-Poisson,mae,0.02457059733569622
5569,RU-Poisson,mae,0.019112924113869667
5572,RU-Poisson,mae,0.03187461569905281
5573,RU-Poisson,mae,0.017764093354344368
5578,RU-Poisson,mae,0.023502273485064507
5584,RU-Poisson,mae,0.01235862448811531
5585,RU-Poisson,mae,0.02180536650121212
5587,RU-Poisson,mae,0.02655954100191593
5589,RU-Poisson,mae,0.015761837363243103
5596,RU-Poisson,mae,0.01816052943468094
5603,RU-Poisson,mae,0.009964182041585445
5608,RU-Poisson,mae,0.00964426901191473
5610,RU-Poisson,mae,0.030672023072838783
5615,RU-Poisson,mae,0.01777951419353485
5618,RU-Poisson,mae,0.0212921891361475
5623,RU-Poisson,mae,0.012962467968463898
5633,RU-Poisson,mae,0.022234922274947166
5646,RU-Poisson,mae,0.016017654910683632
5648,RU-Poisson,mae,0.01596480794250965
5657,RU-Poisson,mae,0.026986049488186836
5662,RU-Poisson,mae,0.015444345772266388
5667,RU-Poisson,mae,0.027493903413414955
5674,RU-Poisson,mae,0.021974602714180946
5677,RU-Poisson,mae,0.025220373645424843
5697,RU-Poisson,mae,0.02394931949675083
5712,RU-Poisson,mae,0.01792684569954872
5715,RU-Poisson,mae,0.015677453950047493
5728,RU-Poisson,mae,0.016145946457982063
5737,RU-Poisson,mae,0.02584865689277649
5742,RU-Poisson,mae,0.019798170775175095
5744,RU-Poisson,mae,0.015063907019793987
5758,RU-Poisson,mae,0.02171606756746769
5763,RU-Poisson,mae,0.01250157505273819
5770,RU-Poisson,mae,0.012013006955385208
5774,RU-Poisson,mae,0.01367691159248352
5785,RU-Poisson,mae,0.017832228913903236
5793,RU-Poisson,mae,0.017423106357455254
5802,RU-Poisson,mae,0.018087351694703102
5803,RU-Poisson,mae,0.03618871793150902
5804,RU-Poisson,mae,0.01641627587378025
5810,RU-Poisson,mae,0.034029558300971985
5813,RU-Poisson,mae,0.0302448570728302
5819,RU-Poisson,mae,0.012788715772330761
5831,RU-Poisson,mae,0.022626275196671486
5838,RU-Poisson,mae,0.016310764476656914
5848,RU-Poisson,mae,0.029190875589847565
5850,RU-Poisson,mae,0.020332807675004005
5851,RU-Poisson,mae,0.03842119500041008
5860,RU-Poisson,mae,0.014260001480579376
5877,RU-Poisson,mae,0.016197597607970238
5878,RU-Poisson,mae,0.013070392422378063
5880,RU-Poisson,mae,0.015741538256406784
5884,RU-Poisson,mae,0.01413614023476839
5890,RU-Poisson,mae,0.018365051597356796
5892,RU-Poisson,mae,0.012227705679833889
5895,RU-Poisson,mae,0.02617998607456684
5899,RU-Poisson,mae,0.011589244939386845
5903,RU-Poisson,mae,0.024148911237716675
5904,RU-Poisson,mae,0.020001186057925224
5906,RU-Poisson,mae,0.017041856423020363
5916,RU-Poisson,mae,0.02409789152443409
5919,RU-Poisson,mae,0.020761946216225624
5939,RU-Poisson,mae,0.022860711440443993
5941,RU-Poisson,mae,0.028396883979439735
5961,RU-Poisson,mae,0.01229353528469801
5966,RU-Poisson,mae,0.019976399838924408
5967,RU-Poisson,mae,0.026910806074738503
5968,RU-Poisson,mae,0.020907605066895485
5969,RU-Poisson,mae,0.02147318236529827
5976,RU-Poisson,mae,0.021054796874523163
5980,RU-Poisson,mae,0.016935288906097412
5994,RU-Poisson,mae,0.01255844160914421
6006,RU-Poisson,mae,0.017059793695807457
6013,RU-Poisson,mae,0.0216214656829834
6018,RU-Poisson,mae,0.02425401471555233
6020,RU-Poisson,mae,0.015439490787684917
6021,RU-Poisson,mae,0.02335997484624386
6022,RU-Poisson,mae,0.028260936960577965
6025,RU-Poisson,mae,0.02125599980354309
6027,RU-Poisson,mae,0.015666363760828972
6042,RU-Poisson,mae,0.011426339857280254
6047,RU-Poisson,mae,0.024871826171875
6048,RU-Poisson,mae,0.013711969368159771
6060,RU-Poisson,mae,0.014868413098156452
6063,RU-Poisson,mae,0.024452509358525276
6067,RU-Poisson,mae,0.015586603432893753
6071,RU-Poisson,mae,0.02423466183245182
6075,RU-Poisson,mae,0.014381091110408306
6083,RU-Poisson,mae,0.02819054387509823
6085,RU-Poisson,mae,0.022641709074378014
6089,RU-Poisson,mae,0.017282575368881226
6091,RU-Poisson,mae,0.02992004156112671
6110,RU-Poisson,mae,0.018878446891903877
6117,RU-Poisson,mae,0.016415297985076904
6129,RU-Poisson,mae,0.02403305470943451
6135,RU-Poisson,mae,0.024374142289161682
6137,RU-Poisson,mae,0.019503846764564514
6139,RU-Poisson,mae,0.0229309294372797
6147,RU-Poisson,mae,0.020926037803292274
6156,RU-Poisson,mae,0.018657991662621498
6157,RU-Poisson,mae,0.011518043465912342
6158,RU-Poisson,mae,0.03364231809973717
6162,RU-Poisson,mae,0.01653393544256687
6171,RU-Poisson,mae,0.01570272259414196
6177,RU-Poisson,mae,0.012702417559921741
6181,RU-Poisson,mae,0.013935391791164875
6182,RU-Poisson,mae,0.01822488009929657
6184,RU-Poisson,mae,0.02204851619899273
6189,RU-Poisson,mae,0.027499087154865265
6199,RU-Poisson,mae,0.013280418701469898
6204,RU-Poisson,mae,0.019375497475266457
6208,RU-Poisson,mae,0.019387654960155487
6209,RU-Poisson,mae,0.016947126016020775
6217,RU-Poisson,mae,0.03079431690275669
6218,RU-Poisson,mae,0.02746712416410446
6222,RU-Poisson,mae,0.024716516956686974
6226,RU-Poisson,mae,0.01796053536236286
6233,RU-Poisson,mae,0.016724802553653717
6241,RU-Poisson,mae,0.012316626496613026
6243,RU-Poisson,mae,0.022071346640586853
6264,RU-Poisson,mae,0.017593026161193848
6265,RU-Poisson,mae,0.01799769140779972
6275,RU-Poisson,mae,0.02728460170328617
6277,RU-Poisson,mae,0.02174103818833828
6287,RU-Poisson,mae,0.02092328667640686
6292,RU-Poisson,mae,0.010878428816795349
6301,RU-Poisson,mae,0.017845770344138145
6309,RU-Poisson,mae,0.01517811045050621
6318,RU-Poisson,mae,0.010281957685947418
6325,RU-Poisson,mae,0.015267863869667053
6335,RU-Poisson,mae,0.018550503998994827
6339,RU-Poisson,mae,0.014528296887874603
6353,RU-Poisson,mae,0.014787641353905201
6362,RU-Poisson,mae,0.014657656662166119
6364,RU-Poisson,mae,0.025146374478936195
6366,RU-Poisson,mae,0.01620945706963539
6368,RU-Poisson,mae,0.01862489990890026
6386,RU-Poisson,mae,0.0199261661618948
6402,RU-Poisson,mae,0.021968932822346687
6403,RU-Poisson,mae,0.02379714883863926
6410,RU-Poisson,mae,0.026728859171271324
6416,RU-Poisson,mae,0.014068272896111012
6421,RU-Poisson,mae,0.011898430995643139
6422,RU-Poisson,mae,0.018766600638628006
6423,RU-Poisson,mae,0.024678319692611694
6427,RU-Poisson,mae,0.014660787768661976
6428,RU-Poisson,mae,0.023581063374876976
6432,RU-Poisson,mae,0.01673796772956848
6446,RU-Poisson,mae,0.0191186610609293
6457,RU-Poisson,mae,0.015928277745842934
6471,RU-Poisson,mae,0.01713074930012226
6484,RU-Poisson,mae,0.02067364938557148
6496,RU-Poisson,mae,0.02047322504222393
6498,RU-Poisson,mae,0.022799840196967125
6503,RU-Poisson,mae,0.012137044221162796
6509,RU-Poisson,mae,0.01748632825911045
6513,RU-Poisson,mae,0.022184232249855995
6522,RU-Poisson,mae,0.02886546589434147
6539,RU-Poisson,mae,0.01462474837899208
6545,RU-Poisson,mae,0.015473884530365467
6547,RU-Poisson,mae,0.015170426107943058
6552,RU-Poisson,mae,0.014838524162769318
6559,RU-Poisson,mae,0.018638702109456062
6564,RU-Poisson,mae,0.01886259764432907
6566,RU-Poisson,mae,0.016482166945934296
6570,RU-Poisson,mae,0.01674128882586956
6584,RU-Poisson,mae,0.013400870375335217
6588,RU-Poisson,mae,0.022411927580833435
6594,RU-Poisson,mae,0.035078953951597214
6612,RU-Poisson,mae,0.016670769080519676
6628,RU-Poisson,mae,0.02415831945836544
6637,RU-Poisson,mae,0.023709187284111977
6642,RU-Poisson,mae,0.017600832507014275
6647,RU-Poisson,mae,0.012725225649774075
6648,RU-Poisson,mae,0.01874665729701519
6649,RU-Poisson,mae,0.017355510964989662
6653,RU-Poisson,mae,0.020924964919686317
6656,RU-Poisson,mae,0.02074970118701458
6660,RU-Poisson,mae,0.017267653718590736
6672,RU-Poisson,mae,0.023721734061837196
6676,RU-Poisson,mae,0.017452141270041466
6682,RU-Poisson,mae,0.020310048013925552
6683,RU-Poisson,mae,0.016301484778523445
6691,RU-Poisson,mae,0.013544502668082714
6695,RU-Poisson,mae,0.021255576983094215
6700,RU-Poisson,mae,0.03248220309615135
6705,RU-Poisson,mae,0.029885053634643555
6706,RU-Poisson,mae,0.01190426666289568
6711,RU-Poisson,mae,0.016008825972676277
6732,RU-Poisson,mae,0.01818772591650486
6742,RU-Poisson,mae,0.02806018479168415
6744,RU-Poisson,mae,0.007854782976210117
6747,RU-Poisson,mae,0.022923698648810387
6757,RU-Poisson,mae,0.017321551218628883
6769,RU-Poisson,mae,0.01466532051563263
6786,RU-Poisson,mae,0.020870601758360863
6787,RU-Poisson,mae,0.018487056717276573
6800,RU-Poisson,mae,0.01824296824634075
6808,RU-Poisson,mae,0.01801172085106373
6826,RU-Poisson,mae,0.020721983164548874
6831,RU-Poisson,mae,0.015951527282595634
6833,RU-Poisson,mae,0.016131611540913582
6835,RU-Poisson,mae,0.027732646092772484
6837,RU-Poisson,mae,0.007052535656839609
6845,RU-Poisson,mae,0.0174908135086298
6848,RU-Poisson,mae,0.024578189477324486
6855,RU-Poisson,mae,0.027899445965886116
6860,RU-Poisson,mae,0.023407133296132088
6865,RU-Poisson,mae,0.032125700265169144
6872,RU-Poisson,mae,0.021655922755599022
6880,RU-Poisson,mae,0.020764870569109917
6887,RU-Poisson,mae,0.020479001104831696
6889,RU-Poisson,mae,0.02186073362827301
6894,RU-Poisson,mae,0.021966829895973206
6904,RU-Poisson,mae,0.01622905768454075
6913,RU-Poisson,mae,0.01710387133061886
6928,RU-Poisson,mae,0.010395076125860214
6936,RU-Poisson,mae,0.013059969991445541
6963,RU-Poisson,mae,0.025590725243091583
6971,RU-Poisson,mae,0.00992017611861229
6992,RU-Poisson,mae,0.024128621444106102
7011,RU-Poisson,mae,0.024518633261322975
7013,RU-Poisson,mae,0.016109682619571686
7018,RU-Poisson,mae,0.028136737644672394
7023,RU-Poisson,mae,0.021983787417411804
7035,RU-Poisson,mae,0.029872624203562737
7038,RU-Poisson,mae,0.025174761191010475
7041,RU-Poisson,mae,0.018962791189551353
7042,RU-Poisson,mae,0.015311230905354023
7047,RU-Poisson,mae,0.018100187182426453
7057,RU-Poisson,mae,0.01463460922241211
7068,RU-Poisson,mae,0.021064849570393562
7088,RU-Poisson,mae,0.03137264773249626
7092,RU-Poisson,mae,0.021546384319663048
7100,RU-Poisson,mae,0.02384178340435028
7114,RU-Poisson,mae,0.023447908461093903
7119,RU-Poisson,mae,0.024857675656676292
7126,RU-Poisson,mae,0.026049086824059486
7131,RU-Poisson,mae,0.011304971762001514
7140,RU-Poisson,mae,0.024023303762078285
7142,RU-Poisson,mae,0.017338847741484642
7143,RU-Poisson,mae,0.01434187963604927
7153,RU-Poisson,mae,0.01674446277320385
7154,RU-Poisson,mae,0.017911391332745552
7169,RU-Poisson,mae,0.012792852707207203
7171,RU-Poisson,mae,0.015163215808570385
7172,RU-Poisson,mae,0.024184809997677803
7178,RU-Poisson,mae,0.020449405536055565
7184,RU-Poisson,mae,0.026733845472335815
7202,RU-Poisson,mae,0.020494328811764717
7206,RU-Poisson,mae,0.027016008272767067
7220,RU-Poisson,mae,0.022269824519753456
7226,RU-Poisson,mae,0.02551756240427494
7229,RU-Poisson,mae,0.014057107269763947
7231,RU-Poisson,mae,0.021583257243037224
7237,RU-Poisson,mae,0.020221734419465065
7244,RU-Poisson,mae,0.015059222467243671
7256,RU-Poisson,mae,0.017336495220661163
7259,RU-Poisson,mae,0.021341616287827492
7269,RU-Poisson,mae,0.016187015920877457
7272,RU-Poisson,mae,0.01942571811378002
7274,RU-Poisson,mae,0.02002234198153019
7276,RU-Poisson,mae,0.010741825215518475
7287,RU-Poisson,mae,0.014482283033430576
7288,RU-Poisson,mae,0.021924598142504692
7290,RU-Poisson,mae,0.018166793510317802
7293,RU-Poisson,mae,0.017756866291165352
7295,RU-Poisson,mae,0.013839870691299438
7299,RU-Poisson,mae,0.013454284518957138
7301,RU-Poisson,mae,0.019849974662065506
7313,RU-Poisson,mae,0.01553574949502945
7321,RU-Poisson,mae,0.021263381466269493
7327,RU-Poisson,mae,0.035306986421346664
7328,RU-Poisson,mae,0.015128806233406067
7331,RU-Poisson,mae,0.012480582110583782
7340,RU-Poisson,mae,0.019266506657004356
7346,RU-Poisson,mae,0.019039619714021683
7350,RU-Poisson,mae,0.01838045008480549
7373,RU-Poisson,mae,0.023772941902279854
7376,RU-Poisson,mae,0.020936578512191772
7383,RU-Poisson,mae,0.020710382610559464
7404,RU-Poisson,mae,0.020336365327239037
7412,RU-Poisson,mae,0.014111432246863842
7413,RU-Poisson,mae,0.021653488278388977
7421,RU-Poisson,mae,0.012517970986664295
7422,RU-Poisson,mae,0.03084029257297516
7426,RU-Poisson,mae,0.019479993730783463
7427,RU-Poisson,mae,0.01140203233808279
7429,RU-Poisson,mae,0.014516569674015045
7432,RU-Poisson,mae,0.018250279128551483
7454,RU-Poisson,mae,0.029156675562262535
7459,RU-Poisson,mae,0.011562439613044262
7463,RU-Poisson,mae,0.017010290175676346
7464,RU-Poisson,mae,0.020177431404590607
7476,RU-Poisson,mae,0.01637997291982174
7477,RU-Poisson,mae,0.019798191264271736
7498,RU-Poisson,mae,0.03168396279215813
7509,RU-Poisson,mae,0.013915445655584335
7511,RU-Poisson,mae,0.026847457513213158
7517,RU-Poisson,mae,0.011533458717167377
7526,RU-Poisson,mae,0.017693771049380302
7528,RU-Poisson,mae,0.021665332838892937
7529,RU-Poisson,mae,0.017874255776405334
7545,RU-Poisson,mae,0.016070036217570305
7546,RU-Poisson,mae,0.01943107880651951
7548,RU-Poisson,mae,0.021987592801451683
7555,RU-Poisson,mae,0.023131882771849632
7563,RU-Poisson,mae,0.02115691639482975
7570,RU-Poisson,mae,0.016759632155299187
7572,RU-Poisson,mae,0.019419049844145775
7576,RU-Poisson,mae,0.019269151613116264
7577,RU-Poisson,mae,0.013765078037977219
7595,RU-Poisson,mae,0.03468034043908119
7606,RU-Poisson,mae,0.01934628374874592
7608,RU-Poisson,mae,0.0169083122164011
7619,RU-Poisson,mae,0.02178460918366909
7620,RU-Poisson,mae,0.028105752542614937
7624,RU-Poisson,mae,0.023417765274643898
7627,RU-Poisson,mae,0.027983566746115685
7629,RU-Poisson,mae,0.018152961507439613
7630,RU-Poisson,mae,0.020488150417804718
7632,RU-Poisson,mae,0.019862666726112366
7645,RU-Poisson,mae,0.020009972155094147
7656,RU-Poisson,mae,0.017648814246058464
7671,RU-Poisson,mae,0.01571321301162243
7676,RU-Poisson,mae,0.016891317442059517
7688,RU-Poisson,mae,0.018972286954522133
7691,RU-Poisson,mae,0.02489185333251953
7692,RU-Poisson,mae,0.0217372328042984
7709,RU-Poisson,mae,0.02131202258169651
7710,RU-Poisson,mae,0.017171407118439674
7719,RU-Poisson,mae,0.019205955788493156
7738,RU-Poisson,mae,0.023067673668265343
7740,RU-Poisson,mae,0.020210765302181244
7741,RU-Poisson,mae,0.028129473328590393
7742,RU-Poisson,mae,0.02692289836704731
7759,RU-Poisson,mae,0.029065102338790894
7764,RU-Poisson,mae,0.018766967579722404
7768,RU-Poisson,mae,0.01307158637791872
7772,RU-Poisson,mae,0.017725177109241486
7774,RU-Poisson,mae,0.019686782732605934
7775,RU-Poisson,mae,0.019538527354598045
7776,RU-Poisson,mae,0.01661803387105465
7779,RU-Poisson,mae,0.02263745106756687
7791,RU-Poisson,mae,0.013413798995316029
7808,RU-Poisson,mae,0.01660052500665188
7813,RU-Poisson,mae,0.014213417656719685
7822,RU-Poisson,mae,0.014624522067606449
7825,RU-Poisson,mae,0.01688631810247898
7829,RU-Poisson,mae,0.01965290494263172
7835,RU-Poisson,mae,0.021308371797204018
7845,RU-Poisson,mae,0.017223984003067017
7861,RU-Poisson,mae,0.011366973631083965
7863,RU-Poisson,mae,0.021156070753932
7869,RU-Poisson,mae,0.030932635068893433
7874,RU-Poisson,mae,0.011636038310825825
7891,RU-Poisson,mae,0.018471375107765198
7902,RU-Poisson,mae,0.028372639790177345
7916,RU-Poisson,mae,0.019834712147712708
7934,RU-Poisson,mae,0.017141876742243767
7940,RU-Poisson,mae,0.013903637416660786
7944,RU-Poisson,mae,0.020821673795580864
7960,RU-Poisson,mae,0.01727806217968464
7966,RU-Poisson,mae,0.019141552969813347
7967,RU-Poisson,mae,0.018845202401280403
7970,RU-Poisson,mae,0.022241199389100075
7971,RU-Poisson,mae,0.020213283598423004
7972,RU-Poisson,mae,0.02379276603460312
7977,RU-Poisson,mae,0.02555784583091736
7992,RU-Poisson,mae,0.015610843896865845
8002,RU-Poisson,mae,0.014454691670835018
8003,RU-Poisson,mae,0.023876771330833435
8004,RU-Poisson,mae,0.01849030889570713
8010,RU-Poisson,mae,0.01108530443161726
8015,RU-Poisson,mae,0.017661049962043762
8016,RU-Poisson,mae,0.02118598110973835
8024,RU-Poisson,mae,0.018001368269324303
8047,RU-Poisson,mae,0.02876879833638668
8058,RU-Poisson,mae,0.009003566578030586
8067,RU-Poisson,mae,0.01653655618429184
8073,RU-Poisson,mae,0.027937063947319984
8076,RU-Poisson,mae,0.0227347444742918
8081,RU-Poisson,mae,0.02264157496392727
8114,RU-Poisson,mae,0.028324821963906288
8115,RU-Poisson,mae,0.02317562699317932
8120,RU-Poisson,mae,0.01815616339445114
8122,RU-Poisson,mae,0.020784273743629456
8125,RU-Poisson,mae,0.01881907880306244
8136,RU-Poisson,mae,0.030962133780121803
8138,RU-Poisson,mae,0.01361596118658781
8149,RU-Poisson,mae,0.016389712691307068
8156,RU-Poisson,mae,0.02127327024936676
8157,RU-Poisson,mae,0.018111689016222954
8162,RU-Poisson,mae,0.023601943626999855
8167,RU-Poisson,mae,0.012323926202952862
8169,RU-Poisson,mae,0.020326411351561546
8170,RU-Poisson,mae,0.017381006851792336
8172,RU-Poisson,mae,0.023731375113129616
8202,RU-Poisson,mae,0.013562650419771671
8206,RU-Poisson,mae,0.027214528992772102
8217,RU-Poisson,mae,0.02075859159231186
8218,RU-Poisson,mae,0.015575532801449299
8222,RU-Poisson,mae,0.011023412458598614
8227,RU-Poisson,mae,0.019714469090104103
8249,RU-Poisson,mae,0.013255319558084011
8251,RU-Poisson,mae,0.018979383632540703
8252,RU-Poisson,mae,0.021819710731506348
8256,RU-Poisson,mae,0.018204035237431526
8263,RU-Poisson,mae,0.014767277054488659
5,RU-Poisson,rmse,0.03305872529745102
12,RU-Poisson,rmse,0.03727494180202484
24,RU-Poisson,rmse,0.03396141156554222
26,RU-Poisson,rmse,0.036794934421777725
30,RU-Poisson,rmse,0.04315370321273804
35,RU-Poisson,rmse,0.0372638963162899
39,RU-Poisson,rmse,0.04333788529038429
41,RU-Poisson,rmse,0.03364630416035652
42,RU-Poisson,rmse,0.038297709077596664
44,RU-Poisson,rmse,0.03677002340555191
48,RU-Poisson,rmse,0.030260806903243065
65,RU-Poisson,rmse,0.028826486319303513
69,RU-Poisson,rmse,0.04883422702550888
71,RU-Poisson,rmse,0.03843199834227562
73,RU-Poisson,rmse,0.03737660497426987
80,RU-Poisson,rmse,0.040120817720890045
83,RU-Poisson,rmse,0.033708613365888596
99,RU-Poisson,rmse,0.04872296378016472
100,RU-Poisson,rmse,0.04777825251221657
110,RU-Poisson,rmse,0.044218070805072784
116,RU-Poisson,rmse,0.04145442321896553
122,RU-Poisson,rmse,0.023699862882494926
132,RU-Poisson,rmse,0.03418915718793869
141,RU-Poisson,rmse,0.037298452109098434
151,RU-Poisson,rmse,0.039873939007520676
154,RU-Poisson,rmse,0.03802796080708504
156,RU-Poisson,rmse,0.04918140172958374
157,RU-Poisson,rmse,0.03546738997101784
159,RU-Poisson,rmse,0.035747867077589035
178,RU-Poisson,rmse,0.03163965418934822
197,RU-Poisson,rmse,0.025291187688708305
199,RU-Poisson,rmse,0.030553845688700676
211,RU-Poisson,rmse,0.03435715287923813
212,RU-Poisson,rmse,0.038656849414110184
214,RU-Poisson,rmse,0.03455762192606926
221,RU-Poisson,rmse,0.03506527468562126
232,RU-Poisson,rmse,0.03462997078895569
233,RU-Poisson,rmse,0.03142109513282776
240,RU-Poisson,rmse,0.04548206180334091
242,RU-Poisson,rmse,0.05812946334481239
243,RU-Poisson,rmse,0.04049637168645859
244,RU-Poisson,rmse,0.036674659699201584
260,RU-Poisson,rmse,0.017460843548178673
273,RU-Poisson,rmse,0.04488208144903183
275,RU-Poisson,rmse,0.04154370352625847
276,RU-Poisson,rmse,0.04062503203749657
283,RU-Poisson,rmse,0.04397161304950714
297,RU-Poisson,rmse,0.046178702265024185
303,RU-Poisson,rmse,0.0383848175406456
310,RU-Poisson,rmse,0.02630223147571087
318,RU-Poisson,rmse,0.0383744090795517
319,RU-Poisson,rmse,0.04125343635678291
324,RU-Poisson,rmse,0.03400391340255737
326,RU-Poisson,rmse,0.02868283912539482
328,RU-Poisson,rmse,0.024761030450463295
330,RU-Poisson,rmse,0.03282772749662399
333,RU-Poisson,rmse,0.03361327573657036
340,RU-Poisson,rmse,0.0410456545650959
347,RU-Poisson,rmse,0.04096059873700142
348,RU-Poisson,rmse,0.03608141094446182
360,RU-Poisson,rmse,0.02893834561109543
361,RU-Poisson,rmse,0.04315650463104248
364,RU-Poisson,rmse,0.04028251767158508
366,RU-Poisson,rmse,0.02717128023505211
378,RU-Poisson,rmse,0.03451529145240784
391,RU-Poisson,rmse,0.03897280618548393
394,RU-Poisson,rmse,0.03560378775000572
398,RU-Poisson,rmse,0.040295280516147614
408,RU-Poisson,rmse,0.0361483097076416
409,RU-Poisson,rmse,0.04061577841639519
410,RU-Poisson,rmse,0.0511607751250267
412,RU-Poisson,rmse,0.028368128463625908
425,RU-Poisson,rmse,0.04414438456296921
429,RU-Poisson,rmse,0.0394815094769001
438,RU-Poisson,rmse,0.03417214751243591
461,RU-Poisson,rmse,0.048720285296440125
463,RU-Poisson,rmse,0.04295637458562851
464,RU-Poisson,rmse,0.035879891365766525
477,RU-Poisson,rmse,0.04261467605829239
486,RU-Poisson,rmse,0.028538798913359642
491,RU-Poisson,rmse,0.029412833973765373
495,RU-Poisson,rmse,0.042026713490486145
516,RU-Poisson,rmse,0.038574520498514175
521,RU-Poisson,rmse,0.0384950265288353
531,RU-Poisson,rmse,0.03703188896179199
533,RU-Poisson,rmse,0.051704585552215576
537,RU-Poisson,rmse,0.03265915811061859
542,RU-Poisson,rmse,0.03827718272805214
543,RU-Poisson,rmse,0.033207062631845474
548,RU-Poisson,rmse,0.03840035945177078
554,RU-Poisson,rmse,0.036556437611579895
565,RU-Poisson,rmse,0.030176013708114624
570,RU-Poisson,rmse,0.0262531079351902
574,RU-Poisson,rmse,0.04555869847536087
590,RU-Poisson,rmse,0.03645440191030502
610,RU-Poisson,rmse,0.038365937769412994
613,RU-Poisson,rmse,0.029786761850118637
634,RU-Poisson,rmse,0.03687719628214836
637,RU-Poisson,rmse,0.031196529045701027
642,RU-Poisson,rmse,0.040060557425022125
644,RU-Poisson,rmse,0.033911872655153275
663,RU-Poisson,rmse,0.0348161943256855
670,RU-Poisson,rmse,0.05081827938556671
676,RU-Poisson,rmse,0.03479479253292084
680,RU-Poisson,rmse,0.031199011951684952
686,RU-Poisson,rmse,0.036659833043813705
695,RU-Poisson,rmse,0.03419188782572746
707,RU-Poisson,rmse,0.03485224023461342
711,RU-Poisson,rmse,0.03816605731844902
712,RU-Poisson,rmse,0.03487424552440643
713,RU-Poisson,rmse,0.041833214461803436
717,RU-Poisson,rmse,0.028573188930749893
721,RU-Poisson,rmse,0.030350418761372566
738,RU-Poisson,rmse,0.04173010215163231
748,RU-Poisson,rmse,0.0255955308675766
752,RU-Poisson,rmse,0.03274872526526451
760,RU-Poisson,rmse,0.03410971909761429
763,RU-Poisson,rmse,0.029214853420853615
770,RU-Poisson,rmse,0.037451181560754776
776,RU-Poisson,rmse,0.04353122040629387
778,RU-Poisson,rmse,0.03651507943868637
782,RU-Poisson,rmse,0.03426075354218483
787,RU-Poisson,rmse,0.040695324540138245
793,RU-Poisson,rmse,0.035415731370449066
799,RU-Poisson,rmse,0.03706613928079605
800,RU-Poisson,rmse,0.04495136812329292
804,RU-Poisson,rmse,0.03771191090345383
810,RU-Poisson,rmse,0.037813615053892136
812,RU-Poisson,rmse,0.03843465447425842
819,RU-Poisson,rmse,0.033193301409482956
823,RU-Poisson,rmse,0.032423149794340134
827,RU-Poisson,rmse,0.04813883453607559
831,RU-Poisson,rmse,0.03280184417963028
847,RU-Poisson,rmse,0.054140202701091766
849,RU-Poisson,rmse,0.028121035546064377
856,RU-Poisson,rmse,0.041104745119810104
865,RU-Poisson,rmse,0.037577513605356216
871,RU-Poisson,rmse,0.031229477375745773
873,RU-Poisson,rmse,0.03734128549695015
880,RU-Poisson,rmse,0.027868367731571198
884,RU-Poisson,rmse,0.04460422322154045
887,RU-Poisson,rmse,0.03482474759221077
893,RU-Poisson,rmse,0.04074015095829964
906,RU-Poisson,rmse,0.04206196963787079
909,RU-Poisson,rmse,0.0490921214222908
910,RU-Poisson,rmse,0.042291268706321716
913,RU-Poisson,rmse,0.03720550984144211
916,RU-Poisson,rmse,0.029670696705579758
927,RU-Poisson,rmse,0.0341520756483078
930,RU-Poisson,rmse,0.033098138868808746
939,RU-Poisson,rmse,0.031126990914344788
956,RU-Poisson,rmse,0.036669909954071045
963,RU-Poisson,rmse,0.05203382670879364
966,RU-Poisson,rmse,0.025842195376753807
969,RU-Poisson,rmse,0.05298895761370659
970,RU-Poisson,rmse,0.0357465036213398
978,RU-Poisson,rmse,0.03654056414961815
988,RU-Poisson,rmse,0.03785287216305733
989,RU-Poisson,rmse,0.03219103440642357
992,RU-Poisson,rmse,0.03539416939020157
995,RU-Poisson,rmse,0.037346042692661285
1004,RU-Poisson,rmse,0.030119698494672775
1008,RU-Poisson,rmse,0.04817596450448036
1011,RU-Poisson,rmse,0.056861430406570435
1013,RU-Poisson,rmse,0.03746967390179634
1018,RU-Poisson,rmse,0.038916170597076416
1022,RU-Poisson,rmse,0.027957795187830925
1045,RU-Poisson,rmse,0.032243866473436356
1049,RU-Poisson,rmse,0.027822403237223625
1051,RU-Poisson,rmse,0.03980031982064247
1061,RU-Poisson,rmse,0.03832153603434563
1063,RU-Poisson,rmse,0.024049075320363045
1068,RU-Poisson,rmse,0.022305959835648537
1076,RU-Poisson,rmse,0.01788190007209778
1079,RU-Poisson,rmse,0.03701771795749664
1084,RU-Poisson,rmse,0.03490707650780678
1089,RU-Poisson,rmse,0.04149477556347847
1090,RU-Poisson,rmse,0.024495450779795647
1099,RU-Poisson,rmse,0.04844794049859047
1114,RU-Poisson,rmse,0.023501373827457428
1120,RU-Poisson,rmse,0.04084274172782898
1121,RU-Poisson,rmse,0.04394303634762764
1134,RU-Poisson,rmse,0.038487084209918976
1177,RU-Poisson,rmse,0.026835443452000618
1178,RU-Poisson,rmse,0.027502868324518204
1183,RU-Poisson,rmse,0.034195199608802795
1193,RU-Poisson,rmse,0.041061751544475555
1204,RU-Poisson,rmse,0.028923440724611282
1208,RU-Poisson,rmse,0.031533483415842056
1213,RU-Poisson,rmse,0.034372277557849884
1231,RU-Poisson,rmse,0.034176304936409
1232,RU-Poisson,rmse,0.04518952593207359
1233,RU-Poisson,rmse,0.044580765068531036
1238,RU-Poisson,rmse,0.035833802074193954
1240,RU-Poisson,rmse,0.02822539396584034
1243,RU-Poisson,rmse,0.03435323387384415
1260,RU-Poisson,rmse,0.0274029653519392
1267,RU-Poisson,rmse,0.0385272353887558
1268,RU-Poisson,rmse,0.03811010345816612
1274,RU-Poisson,rmse,0.03551425039768219
1281,RU-Poisson,rmse,0.034234486520290375
1297,RU-Poisson,rmse,0.02758347988128662
1307,RU-Poisson,rmse,0.03808305412530899
1313,RU-Poisson,rmse,0.030496882274746895
1330,RU-Poisson,rmse,0.040431734174489975
1334,RU-Poisson,rmse,0.03991883993148804
1346,RU-Poisson,rmse,0.028985192999243736
1348,RU-Poisson,rmse,0.035255495458841324
1355,RU-Poisson,rmse,0.03317733481526375
1363,RU-Poisson,rmse,0.026134006679058075
1366,RU-Poisson,rmse,0.032807815819978714
1391,RU-Poisson,rmse,0.04295803979039192
1400,RU-Poisson,rmse,0.03148690611124039
1411,RU-Poisson,rmse,0.037689145654439926
1413,RU-Poisson,rmse,0.027236515656113625
1422,RU-Poisson,rmse,0.0407232791185379
1425,RU-Poisson,rmse,0.046020377427339554
1434,RU-Poisson,rmse,0.0324229821562767
1441,RU-Poisson,rmse,0.02941807545721531
1447,RU-Poisson,rmse,0.02710517682135105
1458,RU-Poisson,rmse,0.037547577172517776
1471,RU-Poisson,rmse,0.04845293238759041
1481,RU-Poisson,rmse,0.033227115869522095
1499,RU-Poisson,rmse,0.03550969436764717
1506,RU-Poisson,rmse,0.04398170858621597
1511,RU-Poisson,rmse,0.03974619880318642
1512,RU-Poisson,rmse,0.031467486172914505
1515,RU-Poisson,rmse,0.028609655797481537
1522,RU-Poisson,rmse,0.039467643946409225
1525,RU-Poisson,rmse,0.04648273438215256
1536,RU-Poisson,rmse,0.03525485470890999
1541,RU-Poisson,rmse,0.037679240107536316
1543,RU-Poisson,rmse,0.04037304222583771
1546,RU-Poisson,rmse,0.035412028431892395
1551,RU-Poisson,rmse,0.04902079701423645
1553,RU-Poisson,rmse,0.04427908733487129
1559,RU-Poisson,rmse,0.049079909920692444
1562,RU-Poisson,rmse,0.04472837597131729
1563,RU-Poisson,rmse,0.04501635581254959
1581,RU-Poisson,rmse,0.03670400381088257
1613,RU-Poisson,rmse,0.03271104395389557
1619,RU-Poisson,rmse,0.03605349734425545
1622,RU-Poisson,rmse,0.040152210742235184
1624,RU-Poisson,rmse,0.03359759598970413
1634,RU-Poisson,rmse,0.03162352368235588
1644,RU-Poisson,rmse,0.02078341692686081
1645,RU-Poisson,rmse,0.030439596623182297
1663,RU-Poisson,rmse,0.037513379007577896
1673,RU-Poisson,rmse,0.03483711928129196
1684,RU-Poisson,rmse,0.035713955760002136
1685,RU-Poisson,rmse,0.031494490802288055
1694,RU-Poisson,rmse,0.03246558457612991
1697,RU-Poisson,rmse,0.04007471352815628
1698,RU-Poisson,rmse,0.029331937432289124
1700,RU-Poisson,rmse,0.04276702180504799
1715,RU-Poisson,rmse,0.03649861365556717
1721,RU-Poisson,rmse,0.030230434611439705
1724,RU-Poisson,rmse,0.04158856347203255
1727,RU-Poisson,rmse,0.031005611643195152
1729,RU-Poisson,rmse,0.03595852851867676
1741,RU-Poisson,rmse,0.04062251001596451
1760,RU-Poisson,rmse,0.03155257925391197
1761,RU-Poisson,rmse,0.04659653082489967
1763,RU-Poisson,rmse,0.03146110847592354
1765,RU-Poisson,rmse,0.03659091144800186
1773,RU-Poisson,rmse,0.03492950275540352
1782,RU-Poisson,rmse,0.027414629235863686
1784,RU-Poisson,rmse,0.027157604694366455
1791,RU-Poisson,rmse,0.03629092872142792
1798,RU-Poisson,rmse,0.03450387343764305
1804,RU-Poisson,rmse,0.04569526016712189
1812,RU-Poisson,rmse,0.03384392708539963
1814,RU-Poisson,rmse,0.03311970457434654
1819,RU-Poisson,rmse,0.03563922643661499
1824,RU-Poisson,rmse,0.03972633183002472
1831,RU-Poisson,rmse,0.03375736624002457
1833,RU-Poisson,rmse,0.0392092689871788
1841,RU-Poisson,rmse,0.04082142934203148
1843,RU-Poisson,rmse,0.030438944697380066
1868,RU-Poisson,rmse,0.03338360786437988
1871,RU-Poisson,rmse,0.027838554233312607
1881,RU-Poisson,rmse,0.03225170075893402
1882,RU-Poisson,rmse,0.04078873619437218
1888,RU-Poisson,rmse,0.025116756558418274
1911,RU-Poisson,rmse,0.03613091632723808
1919,RU-Poisson,rmse,0.027604544535279274
1935,RU-Poisson,rmse,0.037252020090818405
1942,RU-Poisson,rmse,0.034992873668670654
1943,RU-Poisson,rmse,0.03195154666900635
1963,RU-Poisson,rmse,0.04467863589525223
1968,RU-Poisson,rmse,0.04799053445458412
1985,RU-Poisson,rmse,0.04240036755800247
1999,RU-Poisson,rmse,0.046223487704992294
2000,RU-Poisson,rmse,0.03606673702597618
2002,RU-Poisson,rmse,0.03374834358692169
2003,RU-Poisson,rmse,0.02886447310447693
2015,RU-Poisson,rmse,0.0372883640229702
2020,RU-Poisson,rmse,0.038678668439388275
2021,RU-Poisson,rmse,0.030314497649669647
2026,RU-Poisson,rmse,0.028849707916378975
2028,RU-Poisson,rmse,0.035930387675762177
2034,RU-Poisson,rmse,0.03552626073360443
2038,RU-Poisson,rmse,0.06552192568778992
2060,RU-Poisson,rmse,0.028434837237000465
2075,RU-Poisson,rmse,0.04167777672410011
2078,RU-Poisson,rmse,0.038492314517498016
2081,RU-Poisson,rmse,0.030407022684812546
2095,RU-Poisson,rmse,0.037235669791698456
2096,RU-Poisson,rmse,0.031046543270349503
2102,RU-Poisson,rmse,0.04575415328145027
2107,RU-Poisson,rmse,0.03468240424990654
2109,RU-Poisson,rmse,0.033624883741140366
2111,RU-Poisson,rmse,0.030335303395986557
2112,RU-Poisson,rmse,0.04325997084379196
2118,RU-Poisson,rmse,0.0364031121134758
2122,RU-Poisson,rmse,0.04420224949717522
2123,RU-Poisson,rmse,0.043485913425683975
2128,RU-Poisson,rmse,0.03926458954811096
2140,RU-Poisson,rmse,0.043335024267435074
2148,RU-Poisson,rmse,0.03680157661437988
2149,RU-Poisson,rmse,0.04391733184456825
2151,RU-Poisson,rmse,0.028798528015613556
2152,RU-Poisson,rmse,0.03688452020287514
2166,RU-Poisson,rmse,0.051050685346126556
2168,RU-Poisson,rmse,0.039149049669504166
2176,RU-Poisson,rmse,0.034999169409275055
2178,RU-Poisson,rmse,0.030687270686030388
2183,RU-Poisson,rmse,0.03831956535577774
2195,RU-Poisson,rmse,0.04535916820168495
2200,RU-Poisson,rmse,0.03212791681289673
2204,RU-Poisson,rmse,0.04249969497323036
2205,RU-Poisson,rmse,0.03572900965809822
2206,RU-Poisson,rmse,0.03904593363404274
2211,RU-Poisson,rmse,0.029421934857964516
2218,RU-Poisson,rmse,0.025452353060245514
2221,RU-Poisson,rmse,0.02823544293642044
2224,RU-Poisson,rmse,0.034765660762786865
2227,RU-Poisson,rmse,0.030480055138468742
2231,RU-Poisson,rmse,0.04220213741064072
2236,RU-Poisson,rmse,0.04206649214029312
2238,RU-Poisson,rmse,0.0568142794072628
2242,RU-Poisson,rmse,0.04806611314415932
2246,RU-Poisson,rmse,0.039770033210515976
2269,RU-Poisson,rmse,0.0348803736269474
2278,RU-Poisson,rmse,0.044109273701906204
2279,RU-Poisson,rmse,0.050585538148880005
2305,RU-Poisson,rmse,0.04307132586836815
2315,RU-Poisson,rmse,0.038897473365068436
2316,RU-Poisson,rmse,0.040859438478946686
2331,RU-Poisson,rmse,0.0319918692111969
2332,RU-Poisson,rmse,0.02885875105857849
2334,RU-Poisson,rmse,0.03423140197992325
2336,RU-Poisson,rmse,0.04999219998717308
2342,RU-Poisson,rmse,0.044043175876140594
2344,RU-Poisson,rmse,0.03170063719153404
2345,RU-Poisson,rmse,0.03947808966040611
2350,RU-Poisson,rmse,0.044473495334386826
2358,RU-Poisson,rmse,0.05365012586116791
2378,RU-Poisson,rmse,0.0415976382791996
2388,RU-Poisson,rmse,0.03383354842662811
2390,RU-Poisson,rmse,0.05556919425725937
2396,RU-Poisson,rmse,0.028982823714613914
2415,RU-Poisson,rmse,0.03218398988246918
2417,RU-Poisson,rmse,0.03667407110333443
2427,RU-Poisson,rmse,0.04398277774453163
2428,RU-Poisson,rmse,0.02752098999917507
2442,RU-Poisson,rmse,0.03770625218749046
2448,RU-Poisson,rmse,0.04072759300470352
2459,RU-Poisson,rmse,0.03029891662299633
2460,RU-Poisson,rmse,0.047543447464704514
2482,RU-Poisson,rmse,0.029479345306754112
2483,RU-Poisson,rmse,0.026729680597782135
2501,RU-Poisson,rmse,0.044077590107917786
2512,RU-Poisson,rmse,0.024433277547359467
2514,RU-Poisson,rmse,0.03231464698910713
2520,RU-Poisson,rmse,0.04994973912835121
2536,RU-Poisson,rmse,0.04410432279109955
2543,RU-Poisson,rmse,0.03425581380724907
2554,RU-Poisson,rmse,0.03209979459643364
2598,RU-Poisson,rmse,0.03729423135519028
2602,RU-Poisson,rmse,0.04724441096186638
2604,RU-Poisson,rmse,0.03526732325553894
2609,RU-Poisson,rmse,0.03502487391233444
2611,RU-Poisson,rmse,0.04253966733813286
2616,RU-Poisson,rmse,0.050062600523233414
2618,RU-Poisson,rmse,0.03327866271138191
2630,RU-Poisson,rmse,0.041312552988529205
2647,RU-Poisson,rmse,0.043896909803152084
2652,RU-Poisson,rmse,0.036331042647361755
2653,RU-Poisson,rmse,0.04528777301311493
2660,RU-Poisson,rmse,0.03971479833126068
2673,RU-Poisson,rmse,0.034986283630132675
2682,RU-Poisson,rmse,0.04125965014100075
2687,RU-Poisson,rmse,0.026328641921281815
2700,RU-Poisson,rmse,0.042044151574373245
2702,RU-Poisson,rmse,0.05790450796484947
2711,RU-Poisson,rmse,0.05469032749533653
2725,RU-Poisson,rmse,0.0427958108484745
2726,RU-Poisson,rmse,0.03164804354310036
2727,RU-Poisson,rmse,0.057893913239240646
2732,RU-Poisson,rmse,0.03931211307644844
2742,RU-Poisson,rmse,0.04713483154773712
2744,RU-Poisson,rmse,0.02669477090239525
2745,RU-Poisson,rmse,0.03233608976006508
2751,RU-Poisson,rmse,0.04435811564326286
2775,RU-Poisson,rmse,0.01777740567922592
2782,RU-Poisson,rmse,0.05264490097761154
2783,RU-Poisson,rmse,0.046028632670640945
2787,RU-Poisson,rmse,0.03512817621231079
2788,RU-Poisson,rmse,0.04140103608369827
2792,RU-Poisson,rmse,0.03746338188648224
2810,RU-Poisson,rmse,0.03902270272374153
2813,RU-Poisson,rmse,0.030733728781342506
2816,RU-Poisson,rmse,0.0345548652112484
2817,RU-Poisson,rmse,0.03193289786577225
2819,RU-Poisson,rmse,0.02487901970744133
2841,RU-Poisson,rmse,0.04439852386713028
2846,RU-Poisson,rmse,0.04501105472445488
2851,RU-Poisson,rmse,0.03408053517341614
2855,RU-Poisson,rmse,0.043325699865818024
2864,RU-Poisson,rmse,0.051889289170503616
2875,RU-Poisson,rmse,0.036835927516222
2886,RU-Poisson,rmse,0.043413933366537094
2897,RU-Poisson,rmse,0.046452902257442474
2911,RU-Poisson,rmse,0.04088173061609268
2915,RU-Poisson,rmse,0.03381303325295448
2929,RU-Poisson,rmse,0.0335080660879612
2938,RU-Poisson,rmse,0.04289701581001282
2945,RU-Poisson,rmse,0.04124962165951729
2959,RU-Poisson,rmse,0.052545685321092606
2966,RU-Poisson,rmse,0.04247713461518288
2971,RU-Poisson,rmse,0.03310979902744293
2973,RU-Poisson,rmse,0.03463420271873474
2975,RU-Poisson,rmse,0.03803128004074097
2976,RU-Poisson,rmse,0.03803768754005432
2986,RU-Poisson,rmse,0.03141647204756737
3010,RU-Poisson,rmse,0.040566232055425644
3020,RU-Poisson,rmse,0.043839313089847565
3027,RU-Poisson,rmse,0.0346863754093647
3032,RU-Poisson,rmse,0.04018891975283623
3039,RU-Poisson,rmse,0.04150424525141716
3048,RU-Poisson,rmse,0.03956193849444389
3049,RU-Poisson,rmse,0.03856923058629036
3056,RU-Poisson,rmse,0.04042075201869011
3062,RU-Poisson,rmse,0.03805772215127945
3065,RU-Poisson,rmse,0.02987130731344223
3068,RU-Poisson,rmse,0.036675289273262024
3071,RU-Poisson,rmse,0.03709008917212486
3072,RU-Poisson,rmse,0.03146081790328026
3073,RU-Poisson,rmse,0.04096944257616997
3074,RU-Poisson,rmse,0.03290655091404915
3085,RU-Poisson,rmse,0.031617309898138046
3086,RU-Poisson,rmse,0.05362639203667641
3089,RU-Poisson,rmse,0.03146911412477493
3095,RU-Poisson,rmse,0.042083170264959335
3105,RU-Poisson,rmse,0.03708852827548981
3107,RU-Poisson,rmse,0.03246251121163368
3111,RU-Poisson,rmse,0.04600401222705841
3118,RU-Poisson,rmse,0.04716562107205391
3126,RU-Poisson,rmse,0.03321297839283943
3132,RU-Poisson,rmse,0.03664989024400711
3134,RU-Poisson,rmse,0.03670082241296768
3142,RU-Poisson,rmse,0.02384973131120205
3149,RU-Poisson,rmse,0.037528008222579956
3151,RU-Poisson,rmse,0.038417112082242966
3152,RU-Poisson,rmse,0.03223966807126999
3165,RU-Poisson,rmse,0.03861945495009422
3167,RU-Poisson,rmse,0.048833493143320084
3168,RU-Poisson,rmse,0.03385135158896446
3178,RU-Poisson,rmse,0.04194685071706772
3183,RU-Poisson,rmse,0.033924371004104614
3185,RU-Poisson,rmse,0.021938739344477654
3217,RU-Poisson,rmse,0.03806931525468826
3219,RU-Poisson,rmse,0.03882428631186485
3222,RU-Poisson,rmse,0.04546520859003067
3225,RU-Poisson,rmse,0.04257300868630409
3236,RU-Poisson,rmse,0.03880007937550545
3240,RU-Poisson,rmse,0.03270507976412773
3242,RU-Poisson,rmse,0.031280361115932465
3243,RU-Poisson,rmse,0.04097491502761841
3250,RU-Poisson,rmse,0.029238421469926834
3253,RU-Poisson,rmse,0.04284423217177391
3276,RU-Poisson,rmse,0.03846112638711929
3280,RU-Poisson,rmse,0.04131966456770897
3289,RU-Poisson,rmse,0.03211598843336105
3297,RU-Poisson,rmse,0.028591258451342583
3313,RU-Poisson,rmse,0.033187687397003174
3317,RU-Poisson,rmse,0.0505162812769413
3328,RU-Poisson,rmse,0.04363001137971878
3333,RU-Poisson,rmse,0.034725483506917953
3341,RU-Poisson,rmse,0.0339081697165966
3342,RU-Poisson,rmse,0.04338045418262482
3345,RU-Poisson,rmse,0.04111812263727188
3363,RU-Poisson,rmse,0.03579089790582657
3367,RU-Poisson,rmse,0.027483055368065834
3381,RU-Poisson,rmse,0.04571997746825218
3395,RU-Poisson,rmse,0.03836940601468086
3397,RU-Poisson,rmse,0.037120457738637924
3402,RU-Poisson,rmse,0.047105059027671814
3403,RU-Poisson,rmse,0.02784297615289688
3404,RU-Poisson,rmse,0.047737251967191696
3427,RU-Poisson,rmse,0.03605262190103531
3436,RU-Poisson,rmse,0.044048238545656204
3443,RU-Poisson,rmse,0.041103608906269073
3461,RU-Poisson,rmse,0.03685896843671799
3462,RU-Poisson,rmse,0.0336783230304718
3465,RU-Poisson,rmse,0.03981008753180504
3487,RU-Poisson,rmse,0.033405695110559464
3495,RU-Poisson,rmse,0.031464047729969025
3509,RU-Poisson,rmse,0.041914649307727814
3510,RU-Poisson,rmse,0.03763787820935249
3511,RU-Poisson,rmse,0.045319363474845886
3512,RU-Poisson,rmse,0.038196973502635956
3516,RU-Poisson,rmse,0.04569924995303154
3527,RU-Poisson,rmse,0.048974256962537766
3543,RU-Poisson,rmse,0.03399326652288437
3551,RU-Poisson,rmse,0.026736969128251076
3554,RU-Poisson,rmse,0.03265463188290596
3557,RU-Poisson,rmse,0.02743132971227169
3559,RU-Poisson,rmse,0.03792787715792656
3561,RU-Poisson,rmse,0.04096752405166626
3567,RU-Poisson,rmse,0.03619447350502014
3580,RU-Poisson,rmse,0.04005797207355499
3592,RU-Poisson,rmse,0.027736902236938477
3594,RU-Poisson,rmse,0.035916734486818314
3597,RU-Poisson,rmse,0.021843168884515762
3598,RU-Poisson,rmse,0.03315889090299606
3610,RU-Poisson,rmse,0.04365266114473343
3612,RU-Poisson,rmse,0.03670709580183029
3625,RU-Poisson,rmse,0.05712302029132843
3634,RU-Poisson,rmse,0.02597569301724434
3636,RU-Poisson,rmse,0.04084942862391472
3644,RU-Poisson,rmse,0.04409555345773697
3646,RU-Poisson,rmse,0.028319843113422394
3647,RU-Poisson,rmse,0.04139517620205879
3668,RU-Poisson,rmse,0.04987170919775963
3674,RU-Poisson,rmse,0.03777642548084259
3676,RU-Poisson,rmse,0.029820390045642853
3694,RU-Poisson,rmse,0.038646552711725235
3701,RU-Poisson,rmse,0.045811526477336884
3712,RU-Poisson,rmse,0.042750563472509384
3714,RU-Poisson,rmse,0.04370960220694542
3719,RU-Poisson,rmse,0.037201493978500366
3721,RU-Poisson,rmse,0.03353242203593254
3723,RU-Poisson,rmse,0.048398252576589584
3725,RU-Poisson,rmse,0.034420184791088104
3728,RU-Poisson,rmse,0.028751682490110397
3730,RU-Poisson,rmse,0.035586584359407425
3739,RU-Poisson,rmse,0.028585324063897133
3741,RU-Poisson,rmse,0.03290041536092758
3745,RU-Poisson,rmse,0.030402427539229393
3746,RU-Poisson,rmse,0.04520067200064659
3754,RU-Poisson,rmse,0.033001966774463654
3758,RU-Poisson,rmse,0.037924282252788544
3759,RU-Poisson,rmse,0.027501331642270088
3779,RU-Poisson,rmse,0.029907729476690292
3791,RU-Poisson,rmse,0.040357112884521484
3792,RU-Poisson,rmse,0.04311040788888931
3794,RU-Poisson,rmse,0.03220658376812935
3803,RU-Poisson,rmse,0.028876617550849915
3804,RU-Poisson,rmse,0.037895333021879196
3807,RU-Poisson,rmse,0.034056149423122406
3809,RU-Poisson,rmse,0.03281177952885628
3812,RU-Poisson,rmse,0.04549624025821686
3813,RU-Poisson,rmse,0.03721187636256218
3815,RU-Poisson,rmse,0.03661206737160683
3823,RU-Poisson,rmse,0.039944056421518326
3824,RU-Poisson,rmse,0.02139003947377205
3827,RU-Poisson,rmse,0.039211202412843704
3830,RU-Poisson,rmse,0.031825821846723557
3834,RU-Poisson,rmse,0.04720043018460274
3838,RU-Poisson,rmse,0.04135819524526596
3845,RU-Poisson,rmse,0.021132975816726685
3846,RU-Poisson,rmse,0.023075778037309647
3849,RU-Poisson,rmse,0.034378305077552795
3850,RU-Poisson,rmse,0.036346085369586945
3859,RU-Poisson,rmse,0.03558722883462906
3883,RU-Poisson,rmse,0.03575986623764038
3886,RU-Poisson,rmse,0.045584991574287415
3887,RU-Poisson,rmse,0.03565150871872902
3892,RU-Poisson,rmse,0.05000559240579605
3894,RU-Poisson,rmse,0.04726380854845047
3897,RU-Poisson,rmse,0.034710194915533066
3917,RU-Poisson,rmse,0.034506142139434814
3927,RU-Poisson,rmse,0.03510671108961105
3928,RU-Poisson,rmse,0.03854712098836899
3933,RU-Poisson,rmse,0.04057203233242035
3937,RU-Poisson,rmse,0.03171699121594429
3938,RU-Poisson,rmse,0.033575575798749924
3951,RU-Poisson,rmse,0.04768465459346771
3969,RU-Poisson,rmse,0.04043020308017731
3972,RU-Poisson,rmse,0.04589637741446495
3978,RU-Poisson,rmse,0.03321044519543648
3982,RU-Poisson,rmse,0.035327568650245667
4000,RU-Poisson,rmse,0.04354647174477577
4001,RU-Poisson,rmse,0.045032329857349396
4006,RU-Poisson,rmse,0.030302586033940315
4010,RU-Poisson,rmse,0.030316514894366264
4018,RU-Poisson,rmse,0.03148427978157997
4020,RU-Poisson,rmse,0.042205747216939926
4023,RU-Poisson,rmse,0.028835788369178772
4028,RU-Poisson,rmse,0.032694242894649506
4035,RU-Poisson,rmse,0.04603113979101181
4038,RU-Poisson,rmse,0.0396621972322464
4039,RU-Poisson,rmse,0.03824734315276146
4047,RU-Poisson,rmse,0.02945190668106079
4050,RU-Poisson,rmse,0.03879566118121147
4052,RU-Poisson,rmse,0.03485392406582832
4055,RU-Poisson,rmse,0.03509622439742088
4069,RU-Poisson,rmse,0.024364808574318886
4073,RU-Poisson,rmse,0.03189682215452194
4078,RU-Poisson,rmse,0.03618721291422844
4079,RU-Poisson,rmse,0.04309257119894028
4080,RU-Poisson,rmse,0.03686264157295227
4091,RU-Poisson,rmse,0.04212627187371254
4096,RU-Poisson,rmse,0.04693431779742241
4098,RU-Poisson,rmse,0.03399888426065445
4121,RU-Poisson,rmse,0.039422281086444855
4134,RU-Poisson,rmse,0.03815066069364548
4135,RU-Poisson,rmse,0.03539148345589638
4137,RU-Poisson,rmse,0.03128951042890549
4145,RU-Poisson,rmse,0.03319486230611801
4149,RU-Poisson,rmse,0.02830093540251255
4153,RU-Poisson,rmse,0.05063210055232048
4181,RU-Poisson,rmse,0.0434364452958107
4188,RU-Poisson,rmse,0.051574815064668655
4196,RU-Poisson,rmse,0.04033221676945686
4204,RU-Poisson,rmse,0.050466857850551605
4209,RU-Poisson,rmse,0.035813912749290466
4211,RU-Poisson,rmse,0.03582076355814934
4212,RU-Poisson,rmse,0.03879944980144501
4218,RU-Poisson,rmse,0.04668566957116127
4228,RU-Poisson,rmse,0.03719020634889603
4229,RU-Poisson,rmse,0.031492963433265686
4250,RU-Poisson,rmse,0.03449246659874916
4254,RU-Poisson,rmse,0.029498836025595665
4261,RU-Poisson,rmse,0.03251586854457855
4264,RU-Poisson,rmse,0.03701311722397804
4265,RU-Poisson,rmse,0.03579791635274887
4284,RU-Poisson,rmse,0.039188630878925323
4294,RU-Poisson,rmse,0.028689678758382797
4296,RU-Poisson,rmse,0.033039212226867676
4306,RU-Poisson,rmse,0.04225045070052147
4321,RU-Poisson,rmse,0.039992544800043106
4327,RU-Poisson,rmse,0.03359223157167435
4331,RU-Poisson,rmse,0.03217678517103195
4334,RU-Poisson,rmse,0.04514916241168976
4339,RU-Poisson,rmse,0.032927170395851135
4340,RU-Poisson,rmse,0.040380820631980896
4344,RU-Poisson,rmse,0.045131366699934006
4349,RU-Poisson,rmse,0.04095151275396347
4361,RU-Poisson,rmse,0.028401164337992668
4370,RU-Poisson,rmse,0.038384415209293365
4371,RU-Poisson,rmse,0.02883835695683956
4376,RU-Poisson,rmse,0.03336883336305618
4390,RU-Poisson,rmse,0.03941286727786064
4403,RU-Poisson,rmse,0.03821404278278351
4408,RU-Poisson,rmse,0.03143645077943802
4412,RU-Poisson,rmse,0.03375985100865364
4419,RU-Poisson,rmse,0.03265631943941116
4433,RU-Poisson,rmse,0.03761211782693863
4437,RU-Poisson,rmse,0.035993579775094986
4446,RU-Poisson,rmse,0.04002859815955162
4450,RU-Poisson,rmse,0.031315818428993225
4460,RU-Poisson,rmse,0.027525411918759346
4464,RU-Poisson,rmse,0.04143029451370239
4466,RU-Poisson,rmse,0.02931816503405571
4474,RU-Poisson,rmse,0.04158706218004227
4491,RU-Poisson,rmse,0.03219073265790939
4499,RU-Poisson,rmse,0.03263989835977554
4527,RU-Poisson,rmse,0.04218573123216629
4535,RU-Poisson,rmse,0.046547532081604004
4542,RU-Poisson,rmse,0.05007268488407135
4544,RU-Poisson,rmse,0.04230043664574623
4547,RU-Poisson,rmse,0.025098297744989395
4554,RU-Poisson,rmse,0.034459084272384644
4555,RU-Poisson,rmse,0.02355373278260231
4561,RU-Poisson,rmse,0.03327246755361557
4566,RU-Poisson,rmse,0.02889551781117916
4568,RU-Poisson,rmse,0.03632224723696709
4586,RU-Poisson,rmse,0.03980531543493271
4589,RU-Poisson,rmse,0.05302317440509796
4590,RU-Poisson,rmse,0.04345729947090149
4597,RU-Poisson,rmse,0.046175211668014526
4602,RU-Poisson,rmse,0.03430201858282089
4613,RU-Poisson,rmse,0.045300111174583435
4614,RU-Poisson,rmse,0.03249172866344452
4619,RU-Poisson,rmse,0.03482045605778694
4627,RU-Poisson,rmse,0.03617223724722862
4629,RU-Poisson,rmse,0.04272705689072609
4633,RU-Poisson,rmse,0.035340406000614166
4635,RU-Poisson,rmse,0.03724299371242523
4650,RU-Poisson,rmse,0.03184480965137482
4656,RU-Poisson,rmse,0.0250755175948143
4677,RU-Poisson,rmse,0.03297385573387146
4682,RU-Poisson,rmse,0.046830929815769196
4685,RU-Poisson,rmse,0.04271961748600006
4691,RU-Poisson,rmse,0.04917656257748604
4703,RU-Poisson,rmse,0.03348236903548241
4712,RU-Poisson,rmse,0.039216842502355576
4716,RU-Poisson,rmse,0.028229426592588425
4725,RU-Poisson,rmse,0.03357778862118721
4727,RU-Poisson,rmse,0.045885730534791946
4734,RU-Poisson,rmse,0.037983667105436325
4750,RU-Poisson,rmse,0.028424104675650597
4751,RU-Poisson,rmse,0.03841123357415199
4752,RU-Poisson,rmse,0.04668275639414787
4753,RU-Poisson,rmse,0.03605203330516815
4760,RU-Poisson,rmse,0.033433642238378525
4761,RU-Poisson,rmse,0.04421962797641754
4770,RU-Poisson,rmse,0.04145358130335808
4774,RU-Poisson,rmse,0.03408460691571236
4777,RU-Poisson,rmse,0.0430593304336071
4791,RU-Poisson,rmse,0.032930463552474976
4793,RU-Poisson,rmse,0.03216303512454033
4796,RU-Poisson,rmse,0.040692318230867386
4801,RU-Poisson,rmse,0.034465283155441284
4809,RU-Poisson,rmse,0.03128831833600998
4811,RU-Poisson,rmse,0.03050997108221054
4813,RU-Poisson,rmse,0.03522581607103348
4821,RU-Poisson,rmse,0.033046722412109375
4828,RU-Poisson,rmse,0.04702894762158394
4839,RU-Poisson,rmse,0.0325784832239151
4842,RU-Poisson,rmse,0.04868128523230553
4851,RU-Poisson,rmse,0.034697119146585464
4854,RU-Poisson,rmse,0.04119955003261566
4859,RU-Poisson,rmse,0.0344855859875679
4862,RU-Poisson,rmse,0.04058239981532097
4866,RU-Poisson,rmse,0.035509247332811356
4881,RU-Poisson,rmse,0.04169995337724686
4901,RU-Poisson,rmse,0.03740643709897995
4905,RU-Poisson,rmse,0.03673296421766281
4907,RU-Poisson,rmse,0.04580531269311905
4911,RU-Poisson,rmse,0.03359613195061684
4923,RU-Poisson,rmse,0.04250066354870796
4926,RU-Poisson,rmse,0.03903229907155037
4936,RU-Poisson,rmse,0.034212395548820496
4937,RU-Poisson,rmse,0.04339500144124031
4939,RU-Poisson,rmse,0.030884088948369026
4943,RU-Poisson,rmse,0.04006827250123024
4973,RU-Poisson,rmse,0.03057156316936016
4975,RU-Poisson,rmse,0.026659738272428513
4980,RU-Poisson,rmse,0.03597089648246765
4987,RU-Poisson,rmse,0.03923515975475311
4995,RU-Poisson,rmse,0.03732861578464508
4997,RU-Poisson,rmse,0.04440227523446083
5010,RU-Poisson,rmse,0.05105113610625267
5013,RU-Poisson,rmse,0.030307669192552567
5017,RU-Poisson,rmse,0.022869106382131577
5025,RU-Poisson,rmse,0.034909382462501526
5028,RU-Poisson,rmse,0.04998067393898964
5039,RU-Poisson,rmse,0.029564835131168365
5041,RU-Poisson,rmse,0.03750442713499069
5053,RU-Poisson,rmse,0.03863425925374031
5058,RU-Poisson,rmse,0.03791384771466255
5064,RU-Poisson,rmse,0.02977498061954975
5069,RU-Poisson,rmse,0.034558869898319244
5073,RU-Poisson,rmse,0.03516063094139099
5084,RU-Poisson,rmse,0.039053983986377716
5096,RU-Poisson,rmse,0.04171517491340637
5099,RU-Poisson,rmse,0.034050971269607544
5101,RU-Poisson,rmse,0.04263533279299736
5103,RU-Poisson,rmse,0.03195679932832718
5105,RU-Poisson,rmse,0.039318956434726715
5106,RU-Poisson,rmse,0.04063985124230385
5120,RU-Poisson,rmse,0.03127812221646309
5125,RU-Poisson,rmse,0.046322837471961975
5139,RU-Poisson,rmse,0.02679809182882309
5151,RU-Poisson,rmse,0.03819449245929718
5154,RU-Poisson,rmse,0.043203189969062805
5160,RU-Poisson,rmse,0.031477611511945724
5162,RU-Poisson,rmse,0.03178321570158005
5182,RU-Poisson,rmse,0.04929721727967262
5183,RU-Poisson,rmse,0.026536503806710243
5190,RU-Poisson,rmse,0.038570336997509
5199,RU-Poisson,rmse,0.0533754900097847
5216,RU-Poisson,rmse,0.05247477814555168
5220,RU-Poisson,rmse,0.039445918053388596
5221,RU-Poisson,rmse,0.04207628592848778
5227,RU-Poisson,rmse,0.04075903818011284
5234,RU-Poisson,rmse,0.024168310686945915
5235,RU-Poisson,rmse,0.043432556092739105
5250,RU-Poisson,rmse,0.044300105422735214
5254,RU-Poisson,rmse,0.03500955179333687
5259,RU-Poisson,rmse,0.02730308473110199
5263,RU-Poisson,rmse,0.037984978407621384
5265,RU-Poisson,rmse,0.031506020575761795
5268,RU-Poisson,rmse,0.03450104966759682
5275,RU-Poisson,rmse,0.025638490915298462
5281,RU-Poisson,rmse,0.044386234134435654
5290,RU-Poisson,rmse,0.038227614015340805
5293,RU-Poisson,rmse,0.03796914592385292
5302,RU-Poisson,rmse,0.036826442927122116
5313,RU-Poisson,rmse,0.036627545952796936
5336,RU-Poisson,rmse,0.04489699378609657
5337,RU-Poisson,rmse,0.033277347683906555
5347,RU-Poisson,rmse,0.023860258981585503
5357,RU-Poisson,rmse,0.031971681863069534
5360,RU-Poisson,rmse,0.03309326246380806
5362,RU-Poisson,rmse,0.035281579941511154
5370,RU-Poisson,rmse,0.04190314933657646
5372,RU-Poisson,rmse,0.043944548815488815
5378,RU-Poisson,rmse,0.04994910582900047
5383,RU-Poisson,rmse,0.027282308787107468
5400,RU-Poisson,rmse,0.05217325687408447
5408,RU-Poisson,rmse,0.03942745551466942
5413,RU-Poisson,rmse,0.039478495717048645
5415,RU-Poisson,rmse,0.03758964687585831
5417,RU-Poisson,rmse,0.04157758131623268
5425,RU-Poisson,rmse,0.03819414973258972
5435,RU-Poisson,rmse,0.031051797792315483
5437,RU-Poisson,rmse,0.04573390632867813
5443,RU-Poisson,rmse,0.038545019924640656
5450,RU-Poisson,rmse,0.035454731434583664
5452,RU-Poisson,rmse,0.03648534417152405
5456,RU-Poisson,rmse,0.035489872097969055
5459,RU-Poisson,rmse,0.037092067301273346
5479,RU-Poisson,rmse,0.03047536127269268
5485,RU-Poisson,rmse,0.04399693012237549
5493,RU-Poisson,rmse,0.024241868406534195
5496,RU-Poisson,rmse,0.029365606606006622
5497,RU-Poisson,rmse,0.047995567321777344
5519,RU-Poisson,rmse,0.04639105498790741
5521,RU-Poisson,rmse,0.03476223722100258
5522,RU-Poisson,rmse,0.041383277624845505
5532,RU-Poisson,rmse,0.042878489941358566
5544,RU-Poisson,rmse,0.03870483487844467
5545,RU-Poisson,rmse,0.04238864779472351
5551,RU-Poisson,rmse,0.038950540125370026
5555,RU-Poisson,rmse,0.03383316844701767
5556,RU-Poisson,rmse,0.031116491183638573
5557,RU-Poisson,rmse,0.02929358370602131
5560,RU-Poisson,rmse,0.044619522988796234
5569,RU-Poisson,rmse,0.03432604670524597
5572,RU-Poisson,rmse,0.05398973822593689
5573,RU-Poisson,rmse,0.030553825199604034
5578,RU-Poisson,rmse,0.04078076034784317
5584,RU-Poisson,rmse,0.029730606824159622
5585,RU-Poisson,rmse,0.03708576783537865
5587,RU-Poisson,rmse,0.04345283284783363
5589,RU-Poisson,rmse,0.030482560396194458
5596,RU-Poisson,rmse,0.03166723623871803
5603,RU-Poisson,rmse,0.02432597056031227
5608,RU-Poisson,rmse,0.021182429045438766
5610,RU-Poisson,rmse,0.04821553826332092
5615,RU-Poisson,rmse,0.03425496816635132
5618,RU-Poisson,rmse,0.0364321731030941
5623,RU-Poisson,rmse,0.028941607102751732
5633,RU-Poisson,rmse,0.04093959927558899
5646,RU-Poisson,rmse,0.029787370935082436
5648,RU-Poisson,rmse,0.029696768149733543
5657,RU-Poisson,rmse,0.04643275588750839
5662,RU-Poisson,rmse,0.032658178359270096
5667,RU-Poisson,rmse,0.04441313445568085
5674,RU-Poisson,rmse,0.03910583630204201
5677,RU-Poisson,rmse,0.04199054464697838
5697,RU-Poisson,rmse,0.03752497583627701
5712,RU-Poisson,rmse,0.03468945249915123
5715,RU-Poisson,rmse,0.03294664993882179
5728,RU-Poisson,rmse,0.03812963142991066
5737,RU-Poisson,rmse,0.044546179473400116
5742,RU-Poisson,rmse,0.034893326461315155
5744,RU-Poisson,rmse,0.033479396253824234
5758,RU-Poisson,rmse,0.03788308426737785
5763,RU-Poisson,rmse,0.029869727790355682
5770,RU-Poisson,rmse,0.02288026176393032
5774,RU-Poisson,rmse,0.03627384826540947
5785,RU-Poisson,rmse,0.031136777251958847
5793,RU-Poisson,rmse,0.03204657509922981
5802,RU-Poisson,rmse,0.03936575725674629
5803,RU-Poisson,rmse,0.06093725934624672
5804,RU-Poisson,rmse,0.03149103373289108
5810,RU-Poisson,rmse,0.057189758867025375
5813,RU-Poisson,rmse,0.05388066545128822
5819,RU-Poisson,rmse,0.03105461224913597
5831,RU-Poisson,rmse,0.04286089539527893
5838,RU-Poisson,rmse,0.032659150660037994
5848,RU-Poisson,rmse,0.04903639853000641
5850,RU-Poisson,rmse,0.03559291362762451
5851,RU-Poisson,rmse,0.06210660934448242
5860,RU-Poisson,rmse,0.02957276813685894
5877,RU-Poisson,rmse,0.030460700392723083
5878,RU-Poisson,rmse,0.029050974175333977
5880,RU-Poisson,rmse,0.030098585411906242
5884,RU-Poisson,rmse,0.032171327620744705
5890,RU-Poisson,rmse,0.03523046523332596
5892,RU-Poisson,rmse,0.027674563229084015
5895,RU-Poisson,rmse,0.04340977221727371
5899,RU-Poisson,rmse,0.028011402115225792
5903,RU-Poisson,rmse,0.043946772813797
5904,RU-Poisson,rmse,0.03584522381424904
5906,RU-Poisson,rmse,0.03364739194512367
5916,RU-Poisson,rmse,0.041890550404787064
5919,RU-Poisson,rmse,0.035855308175086975
5939,RU-Poisson,rmse,0.04062889143824577
5941,RU-Poisson,rmse,0.05141624063253403
5961,RU-Poisson,rmse,0.03008320927619934
5966,RU-Poisson,rmse,0.0378318689763546
5967,RU-Poisson,rmse,0.042532436549663544
5968,RU-Poisson,rmse,0.04340158402919769
5969,RU-Poisson,rmse,0.0377531535923481
5976,RU-Poisson,rmse,0.03723191097378731
5980,RU-Poisson,rmse,0.03640810772776604
5994,RU-Poisson,rmse,0.030992282554507256
6006,RU-Poisson,rmse,0.03240736201405525
6013,RU-Poisson,rmse,0.03684231638908386
6018,RU-Poisson,rmse,0.041673969477415085
6020,RU-Poisson,rmse,0.03222785145044327
6021,RU-Poisson,rmse,0.036866381764411926
6022,RU-Poisson,rmse,0.04381530359387398
6025,RU-Poisson,rmse,0.034987304359674454
6027,RU-Poisson,rmse,0.03608342632651329
6042,RU-Poisson,rmse,0.025457419455051422
6047,RU-Poisson,rmse,0.04226136952638626
6048,RU-Poisson,rmse,0.02958657220005989
6060,RU-Poisson,rmse,0.03391319885849953
6063,RU-Poisson,rmse,0.04394960030913353
6067,RU-Poisson,rmse,0.03535865992307663
6071,RU-Poisson,rmse,0.04854068532586098
6075,RU-Poisson,rmse,0.03331109136343002
6083,RU-Poisson,rmse,0.05123966187238693
6085,RU-Poisson,rmse,0.03862859681248665
6089,RU-Poisson,rmse,0.03558122366666794
6091,RU-Poisson,rmse,0.05347934365272522
6110,RU-Poisson,rmse,0.03624169901013374
6117,RU-Poisson,rmse,0.03388993814587593
6129,RU-Poisson,rmse,0.041571035981178284
6135,RU-Poisson,rmse,0.04399118572473526
6137,RU-Poisson,rmse,0.04134410619735718
6139,RU-Poisson,rmse,0.038865868002176285
6147,RU-Poisson,rmse,0.04093807563185692
6156,RU-Poisson,rmse,0.03434891253709793
6157,RU-Poisson,rmse,0.02701539918780327
6158,RU-Poisson,rmse,0.05349648743867874
6162,RU-Poisson,rmse,0.030583295971155167
6171,RU-Poisson,rmse,0.031692057847976685
6177,RU-Poisson,rmse,0.02930602803826332
6181,RU-Poisson,rmse,0.027391431853175163
6182,RU-Poisson,rmse,0.03870631009340286
6184,RU-Poisson,rmse,0.04376966506242752
6189,RU-Poisson,rmse,0.04526996985077858
6199,RU-Poisson,rmse,0.028950218111276627
6204,RU-Poisson,rmse,0.042188338935375214
6208,RU-Poisson,rmse,0.037498679012060165
6209,RU-Poisson,rmse,0.030534878373146057
6217,RU-Poisson,rmse,0.04804932326078415
6218,RU-Poisson,rmse,0.04645387455821037
6222,RU-Poisson,rmse,0.03817211836576462
6226,RU-Poisson,rmse,0.035132355988025665
6233,RU-Poisson,rmse,0.029852192848920822
6241,RU-Poisson,rmse,0.027820250019431114
6243,RU-Poisson,rmse,0.043817199766635895
6264,RU-Poisson,rmse,0.02954382449388504
6265,RU-Poisson,rmse,0.04003625363111496
6275,RU-Poisson,rmse,0.04570279270410538
6277,RU-Poisson,rmse,0.04185948520898819
6287,RU-Poisson,rmse,0.03714422136545181
6292,RU-Poisson,rmse,0.025106681510806084
6301,RU-Poisson,rmse,0.031407758593559265
6309,RU-Poisson,rmse,0.02715086191892624
6318,RU-Poisson,rmse,0.022396743297576904
6325,RU-Poisson,rmse,0.033441368490457535
6335,RU-Poisson,rmse,0.03749539703130722
6339,RU-Poisson,rmse,0.03532642498612404
6353,RU-Poisson,rmse,0.03130946680903435
6362,RU-Poisson,rmse,0.03188028931617737
6364,RU-Poisson,rmse,0.04663161188364029
6366,RU-Poisson,rmse,0.030793381854891777
6368,RU-Poisson,rmse,0.038068901747465134
6386,RU-Poisson,rmse,0.03509019687771797
6402,RU-Poisson,rmse,0.037407588213682175
6403,RU-Poisson,rmse,0.04449661076068878
6410,RU-Poisson,rmse,0.04278920963406563
6416,RU-Poisson,rmse,0.02878880314528942
6421,RU-Poisson,rmse,0.0256180576980114
6422,RU-Poisson,rmse,0.03331666812300682
6423,RU-Poisson,rmse,0.04023856669664383
6427,RU-Poisson,rmse,0.030587660148739815
6428,RU-Poisson,rmse,0.04139870032668114
6432,RU-Poisson,rmse,0.032261863350868225
6446,RU-Poisson,rmse,0.03393532335758209
6457,RU-Poisson,rmse,0.029620561748743057
6471,RU-Poisson,rmse,0.03278697282075882
6484,RU-Poisson,rmse,0.03886799514293671
6496,RU-Poisson,rmse,0.03345762565732002
6498,RU-Poisson,rmse,0.03853977099061012
6503,RU-Poisson,rmse,0.026567699387669563
6509,RU-Poisson,rmse,0.039587486535310745
6513,RU-Poisson,rmse,0.036285094916820526
6522,RU-Poisson,rmse,0.05011419579386711
6539,RU-Poisson,rmse,0.03244062885642052
6545,RU-Poisson,rmse,0.03438829258084297
6547,RU-Poisson,rmse,0.03347760811448097
6552,RU-Poisson,rmse,0.030460376292467117
6559,RU-Poisson,rmse,0.033371683210134506
6564,RU-Poisson,rmse,0.035438358783721924
6566,RU-Poisson,rmse,0.036587249487638474
6570,RU-Poisson,rmse,0.037151630967855453
6584,RU-Poisson,rmse,0.02876063995063305
6588,RU-Poisson,rmse,0.053780119866132736
6594,RU-Poisson,rmse,0.05667524039745331
6612,RU-Poisson,rmse,0.030845003202557564
6628,RU-Poisson,rmse,0.042787715792655945
6637,RU-Poisson,rmse,0.04013344272971153
6642,RU-Poisson,rmse,0.03515229374170303
6647,RU-Poisson,rmse,0.02654661238193512
6648,RU-Poisson,rmse,0.03358231112360954
6649,RU-Poisson,rmse,0.03664645552635193
6653,RU-Poisson,rmse,0.04457729682326317
6656,RU-Poisson,rmse,0.03766053169965744
6660,RU-Poisson,rmse,0.032888684421777725
6672,RU-Poisson,rmse,0.04057544842362404
6676,RU-Poisson,rmse,0.03354558348655701
6682,RU-Poisson,rmse,0.037895333021879196
6683,RU-Poisson,rmse,0.03325006365776062
6691,RU-Poisson,rmse,0.026660842821002007
6695,RU-Poisson,rmse,0.03342499956488609
6700,RU-Poisson,rmse,0.05222275108098984
6705,RU-Poisson,rmse,0.04863162711262703
6706,RU-Poisson,rmse,0.028118222951889038
6711,RU-Poisson,rmse,0.03248013183474541
6732,RU-Poisson,rmse,0.03772996366024017
6742,RU-Poisson,rmse,0.045361217111349106
6744,RU-Poisson,rmse,0.019671037793159485
6747,RU-Poisson,rmse,0.038722239434719086
6757,RU-Poisson,rmse,0.03307221084833145
6769,RU-Poisson,rmse,0.03137051314115524
6786,RU-Poisson,rmse,0.0357668362557888
6787,RU-Poisson,rmse,0.03457378223538399
6800,RU-Poisson,rmse,0.030843542888760567
6808,RU-Poisson,rmse,0.03179493919014931
6826,RU-Poisson,rmse,0.038965560495853424
6831,RU-Poisson,rmse,0.034727249294519424
6833,RU-Poisson,rmse,0.032424554228782654
6835,RU-Poisson,rmse,0.044088270515203476
6837,RU-Poisson,rmse,0.014839834533631802
6845,RU-Poisson,rmse,0.033138975501060486
6848,RU-Poisson,rmse,0.05040266364812851
6855,RU-Poisson,rmse,0.04612714424729347
6860,RU-Poisson,rmse,0.03933733329176903
6865,RU-Poisson,rmse,0.0533851683139801
6872,RU-Poisson,rmse,0.03758285567164421
6880,RU-Poisson,rmse,0.03301365673542023
6887,RU-Poisson,rmse,0.03428060933947563
6889,RU-Poisson,rmse,0.03758539259433746
6894,RU-Poisson,rmse,0.04117048904299736
6904,RU-Poisson,rmse,0.033867619931697845
6913,RU-Poisson,rmse,0.03180195763707161
6928,RU-Poisson,rmse,0.022594068199396133
6936,RU-Poisson,rmse,0.028382541611790657
6963,RU-Poisson,rmse,0.0430377796292305
6971,RU-Poisson,rmse,0.021098550409078598
6992,RU-Poisson,rmse,0.04518742859363556
7011,RU-Poisson,rmse,0.041765086352825165
7013,RU-Poisson,rmse,0.03008999116718769
7018,RU-Poisson,rmse,0.0440305694937706
7023,RU-Poisson,rmse,0.04085106402635574
7035,RU-Poisson,rmse,0.04613223671913147
7038,RU-Poisson,rmse,0.045676760375499725
7041,RU-Poisson,rmse,0.038730379194021225
7042,RU-Poisson,rmse,0.03267614170908928
7047,RU-Poisson,rmse,0.03489571437239647
7057,RU-Poisson,rmse,0.02898849919438362
7068,RU-Poisson,rmse,0.04123298451304436
7088,RU-Poisson,rmse,0.04999728128314018
7092,RU-Poisson,rmse,0.039244070649147034
7100,RU-Poisson,rmse,0.03875479847192764
7114,RU-Poisson,rmse,0.04015906900167465
7119,RU-Poisson,rmse,0.041750773787498474
7126,RU-Poisson,rmse,0.04196031391620636
7131,RU-Poisson,rmse,0.028270166367292404
7140,RU-Poisson,rmse,0.04137759655714035
7142,RU-Poisson,rmse,0.03494591638445854
7143,RU-Poisson,rmse,0.034637175500392914
7153,RU-Poisson,rmse,0.03340901434421539
7154,RU-Poisson,rmse,0.03405730426311493
7169,RU-Poisson,rmse,0.03152891620993614
7171,RU-Poisson,rmse,0.03113635443150997
7172,RU-Poisson,rmse,0.04697195440530777
7178,RU-Poisson,rmse,0.04087970778346062
7184,RU-Poisson,rmse,0.04421888291835785
7202,RU-Poisson,rmse,0.03722796216607094
7206,RU-Poisson,rmse,0.04275454208254814
7220,RU-Poisson,rmse,0.04328042268753052
7226,RU-Poisson,rmse,0.04347715899348259
7229,RU-Poisson,rmse,0.03038657084107399
7231,RU-Poisson,rmse,0.03818884119391441
7237,RU-Poisson,rmse,0.03486631065607071
7244,RU-Poisson,rmse,0.031742554157972336
7256,RU-Poisson,rmse,0.032133881002664566
7259,RU-Poisson,rmse,0.03624091297388077
7269,RU-Poisson,rmse,0.034748513251543045
7272,RU-Poisson,rmse,0.041206181049346924
7274,RU-Poisson,rmse,0.037004005163908005
7276,RU-Poisson,rmse,0.025932742282748222
7287,RU-Poisson,rmse,0.02727133221924305
7288,RU-Poisson,rmse,0.03695342317223549
7290,RU-Poisson,rmse,0.03655267506837845
7293,RU-Poisson,rmse,0.029601020738482475
7295,RU-Poisson,rmse,0.02695087529718876
7299,RU-Poisson,rmse,0.024811401963233948
7301,RU-Poisson,rmse,0.03422856330871582
7313,RU-Poisson,rmse,0.028603442013263702
7321,RU-Poisson,rmse,0.03926335647702217
7327,RU-Poisson,rmse,0.05692229047417641
7328,RU-Poisson,rmse,0.027381189167499542
7331,RU-Poisson,rmse,0.026652667671442032
7340,RU-Poisson,rmse,0.03344525769352913
7346,RU-Poisson,rmse,0.033658768981695175
7350,RU-Poisson,rmse,0.03726252540946007
7373,RU-Poisson,rmse,0.04452795162796974
7376,RU-Poisson,rmse,0.03586805984377861
7383,RU-Poisson,rmse,0.038087621331214905
7404,RU-Poisson,rmse,0.040744468569755554
7412,RU-Poisson,rmse,0.026482071727514267
7413,RU-Poisson,rmse,0.036638494580984116
7421,RU-Poisson,rmse,0.02668330818414688
7422,RU-Poisson,rmse,0.05147011950612068
7426,RU-Poisson,rmse,0.03976006805896759
7427,RU-Poisson,rmse,0.026754584163427353
7429,RU-Poisson,rmse,0.03285747393965721
7432,RU-Poisson,rmse,0.034747809171676636
7454,RU-Poisson,rmse,0.04618700593709946
7459,RU-Poisson,rmse,0.027021260932087898
7463,RU-Poisson,rmse,0.03495941683650017
7464,RU-Poisson,rmse,0.03784855455160141
7476,RU-Poisson,rmse,0.031666114926338196
7477,RU-Poisson,rmse,0.03337656334042549
7498,RU-Poisson,rmse,0.04945240914821625
7509,RU-Poisson,rmse,0.034800563007593155
7511,RU-Poisson,rmse,0.05023719742894173
7517,RU-Poisson,rmse,0.025139084085822105
7526,RU-Poisson,rmse,0.03926052898168564
7528,RU-Poisson,rmse,0.04076492041349411
7529,RU-Poisson,rmse,0.03585459664463997
7545,RU-Poisson,rmse,0.03371429443359375
7546,RU-Poisson,rmse,0.03761221468448639
7548,RU-Poisson,rmse,0.036418020725250244
7555,RU-Poisson,rmse,0.03943125158548355
7563,RU-Poisson,rmse,0.04216580092906952
7570,RU-Poisson,rmse,0.03187895193696022
7572,RU-Poisson,rmse,0.034158214926719666
7576,RU-Poisson,rmse,0.03747875615954399
7577,RU-Poisson,rmse,0.026823783293366432
7595,RU-Poisson,rmse,0.05818086490035057
7606,RU-Poisson,rmse,0.03865563124418259
7608,RU-Poisson,rmse,0.03654292970895767
7619,RU-Poisson,rmse,0.040472663938999176
7620,RU-Poisson,rmse,0.04553878307342529
7624,RU-Poisson,rmse,0.0397934727370739
7627,RU-Poisson,rmse,0.04654194787144661
7629,RU-Poisson,rmse,0.031110024079680443
7630,RU-Poisson,rmse,0.036991626024246216
7632,RU-Poisson,rmse,0.03325542062520981
7645,RU-Poisson,rmse,0.0406251922249794
7656,RU-Poisson,rmse,0.03490651771426201
7671,RU-Poisson,rmse,0.036453183740377426
7676,RU-Poisson,rmse,0.03748451545834541
7688,RU-Poisson,rmse,0.03377179056406021
7691,RU-Poisson,rmse,0.0410652756690979
7692,RU-Poisson,rmse,0.03657599911093712
7709,RU-Poisson,rmse,0.03635632246732712
7710,RU-Poisson,rmse,0.03791157528758049
7719,RU-Poisson,rmse,0.03864096850156784
7738,RU-Poisson,rmse,0.04365108162164688
7740,RU-Poisson,rmse,0.03485116735100746
7741,RU-Poisson,rmse,0.04444510489702225
7742,RU-Poisson,rmse,0.04622724652290344
7759,RU-Poisson,rmse,0.04931069165468216
7764,RU-Poisson,rmse,0.03209957480430603
7768,RU-Poisson,rmse,0.028639571741223335
7772,RU-Poisson,rmse,0.03556259348988533
7774,RU-Poisson,rmse,0.03579823300242424
7775,RU-Poisson,rmse,0.03722645714879036
7776,RU-Poisson,rmse,0.03463592007756233
7779,RU-Poisson,rmse,0.03687513619661331
7791,RU-Poisson,rmse,0.031128035858273506
7808,RU-Poisson,rmse,0.03294207900762558
7813,RU-Poisson,rmse,0.028283435851335526
7822,RU-Poisson,rmse,0.031517352908849716
7825,RU-Poisson,rmse,0.032916758209466934
7829,RU-Poisson,rmse,0.036275241523981094
7835,RU-Poisson,rmse,0.036106813699007034
7845,RU-Poisson,rmse,0.036850444972515106
7861,RU-Poisson,rmse,0.024980219081044197
7863,RU-Poisson,rmse,0.03933427110314369
7869,RU-Poisson,rmse,0.05039481818675995
7874,RU-Poisson,rmse,0.0253503005951643
7891,RU-Poisson,rmse,0.031037133187055588
7902,RU-Poisson,rmse,0.045211490243673325
7916,RU-Poisson,rmse,0.037701316177845
7934,RU-Poisson,rmse,0.03701421618461609
7940,RU-Poisson,rmse,0.032179657369852066
7944,RU-Poisson,rmse,0.034482717514038086
7960,RU-Poisson,rmse,0.038766637444496155
7966,RU-Poisson,rmse,0.034488365054130554
7967,RU-Poisson,rmse,0.030385341495275497
7970,RU-Poisson,rmse,0.044807709753513336
7971,RU-Poisson,rmse,0.037282779812812805
7972,RU-Poisson,rmse,0.03904308006167412
7977,RU-Poisson,rmse,0.04498067498207092
7992,RU-Poisson,rmse,0.034111253917217255
8002,RU-Poisson,rmse,0.02766377106308937
8003,RU-Poisson,rmse,0.04495284706354141
8004,RU-Poisson,rmse,0.038528721779584885
8010,RU-Poisson,rmse,0.028595369309186935
8015,RU-Poisson,rmse,0.038966547697782516
8016,RU-Poisson,rmse,0.03559838980436325
8024,RU-Poisson,rmse,0.03369351476430893
8047,RU-Poisson,rmse,0.04470747709274292
8058,RU-Poisson,rmse,0.01869882456958294
8067,RU-Poisson,rmse,0.03264334052801132
8073,RU-Poisson,rmse,0.04384392872452736
8076,RU-Poisson,rmse,0.04466373100876808
8081,RU-Poisson,rmse,0.04415705054998398
8114,RU-Poisson,rmse,0.04520148038864136
8115,RU-Poisson,rmse,0.04005936160683632
8120,RU-Poisson,rmse,0.039597589522600174
8122,RU-Poisson,rmse,0.043663520365953445
8125,RU-Poisson,rmse,0.03620987758040428
8136,RU-Poisson,rmse,0.048949819058179855
8138,RU-Poisson,rmse,0.027234302833676338
8149,RU-Poisson,rmse,0.03124876134097576
8156,RU-Poisson,rmse,0.0432748906314373
8157,RU-Poisson,rmse,0.037230245769023895
8162,RU-Poisson,rmse,0.044674936681985855
8167,RU-Poisson,rmse,0.029944216832518578
8169,RU-Poisson,rmse,0.036989975720644
8170,RU-Poisson,rmse,0.036280062049627304
8172,RU-Poisson,rmse,0.03757374733686447
8202,RU-Poisson,rmse,0.03279222175478935
8206,RU-Poisson,rmse,0.0442812405526638
8217,RU-Poisson,rmse,0.03870590403676033
8218,RU-Poisson,rmse,0.03142372891306877
8222,RU-Poisson,rmse,0.02434629388153553
8227,RU-Poisson,rmse,0.03561186417937279
8249,RU-Poisson,rmse,0.02660846710205078
8251,RU-Poisson,rmse,0.03854253888130188
8252,RU-Poisson,rmse,0.03846241906285286
8256,RU-Poisson,rmse,0.03703993931412697
8263,RU-Poisson,rmse,0.029597394168376923
5,RU-Poisson,nrmse,0.20784571766853333
12,RU-Poisson,nrmse,0.1850069761276245
24,RU-Poisson,nrmse,0.17772135138511658
26,RU-Poisson,nrmse,0.1913221776485443
30,RU-Poisson,nrmse,0.18211348354816437
35,RU-Poisson,nrmse,0.25371602177619934
39,RU-Poisson,nrmse,0.1705145686864853
41,RU-Poisson,nrmse,0.2963026762008667
42,RU-Poisson,nrmse,0.11395954340696335
44,RU-Poisson,nrmse,0.18410508334636688
48,RU-Poisson,nrmse,0.20681160688400269
65,RU-Poisson,nrmse,0.2078428566455841
69,RU-Poisson,nrmse,0.18656331300735474
71,RU-Poisson,nrmse,0.16643014550209045
73,RU-Poisson,nrmse,0.23162302374839783
80,RU-Poisson,nrmse,0.1730518639087677
83,RU-Poisson,nrmse,0.19840998947620392
99,RU-Poisson,nrmse,0.19589348137378693
100,RU-Poisson,nrmse,0.18821606040000916
110,RU-Poisson,nrmse,0.15691068768501282
116,RU-Poisson,nrmse,0.17619037628173828
122,RU-Poisson,nrmse,0.16716158390045166
132,RU-Poisson,nrmse,0.1761212944984436
141,RU-Poisson,nrmse,0.16150274872779846
151,RU-Poisson,nrmse,0.18254321813583374
154,RU-Poisson,nrmse,0.1822623908519745
156,RU-Poisson,nrmse,0.2136646956205368
157,RU-Poisson,nrmse,0.22137469053268433
159,RU-Poisson,nrmse,0.21344135701656342
178,RU-Poisson,nrmse,0.22159306704998016
197,RU-Poisson,nrmse,0.12921574711799622
199,RU-Poisson,nrmse,0.16311052441596985
211,RU-Poisson,nrmse,0.14130480587482452
212,RU-Poisson,nrmse,0.14716961979866028
214,RU-Poisson,nrmse,0.21278581023216248
221,RU-Poisson,nrmse,0.17347589135169983
232,RU-Poisson,nrmse,0.1911211907863617
233,RU-Poisson,nrmse,0.1828385293483734
240,RU-Poisson,nrmse,0.17152293026447296
242,RU-Poisson,nrmse,0.17125432193279266
243,RU-Poisson,nrmse,0.15858498215675354
244,RU-Poisson,nrmse,0.1757495254278183
260,RU-Poisson,nrmse,0.23349402844905853
273,RU-Poisson,nrmse,0.1600174605846405
275,RU-Poisson,nrmse,0.22060614824295044
276,RU-Poisson,nrmse,0.17614850401878357
283,RU-Poisson,nrmse,0.17495189607143402
297,RU-Poisson,nrmse,0.2640308439731598
303,RU-Poisson,nrmse,0.15007691085338593
310,RU-Poisson,nrmse,0.18702290952205658
318,RU-Poisson,nrmse,0.19973689317703247
319,RU-Poisson,nrmse,0.13306020200252533
324,RU-Poisson,nrmse,0.17795658111572266
326,RU-Poisson,nrmse,0.13656297326087952
328,RU-Poisson,nrmse,0.17180287837982178
330,RU-Poisson,nrmse,0.15511949360370636
333,RU-Poisson,nrmse,0.17410729825496674
340,RU-Poisson,nrmse,0.1886139214038849
347,RU-Poisson,nrmse,0.14832466840744019
348,RU-Poisson,nrmse,0.16688238084316254
360,RU-Poisson,nrmse,0.18998748064041138
361,RU-Poisson,nrmse,0.16320070624351501
364,RU-Poisson,nrmse,0.19015514850616455
366,RU-Poisson,nrmse,0.17335370182991028
378,RU-Poisson,nrmse,0.1927439272403717
391,RU-Poisson,nrmse,0.15474271774291992
394,RU-Poisson,nrmse,0.21380911767482758
398,RU-Poisson,nrmse,0.17712153494358063
408,RU-Poisson,nrmse,0.18725068867206573
409,RU-Poisson,nrmse,0.15163885056972504
410,RU-Poisson,nrmse,0.18103133141994476
412,RU-Poisson,nrmse,0.22226451337337494
425,RU-Poisson,nrmse,0.1985519677400589
429,RU-Poisson,nrmse,0.1804286688566208
438,RU-Poisson,nrmse,0.20221829414367676
461,RU-Poisson,nrmse,0.17015862464904785
463,RU-Poisson,nrmse,0.19990718364715576
464,RU-Poisson,nrmse,0.19524747133255005
477,RU-Poisson,nrmse,0.16555529832839966
486,RU-Poisson,nrmse,0.18021896481513977
491,RU-Poisson,nrmse,0.23903341591358185
495,RU-Poisson,nrmse,0.21143631637096405
516,RU-Poisson,nrmse,0.17798453569412231
521,RU-Poisson,nrmse,0.20456485450267792
531,RU-Poisson,nrmse,0.18156099319458008
533,RU-Poisson,nrmse,0.16908735036849976
537,RU-Poisson,nrmse,0.1712813377380371
542,RU-Poisson,nrmse,0.20591577887535095
543,RU-Poisson,nrmse,0.18427838385105133
548,RU-Poisson,nrmse,0.14148633182048798
554,RU-Poisson,nrmse,0.20773790776729584
565,RU-Poisson,nrmse,0.18079592287540436
570,RU-Poisson,nrmse,0.188635915517807
574,RU-Poisson,nrmse,0.20571093261241913
590,RU-Poisson,nrmse,0.17695224285125732
610,RU-Poisson,nrmse,0.16649968922138214
613,RU-Poisson,nrmse,0.17222586274147034
634,RU-Poisson,nrmse,0.15882527828216553
637,RU-Poisson,nrmse,0.20956270396709442
642,RU-Poisson,nrmse,0.1842564046382904
644,RU-Poisson,nrmse,0.1976785957813263
663,RU-Poisson,nrmse,0.21414434909820557
670,RU-Poisson,nrmse,0.19068366289138794
676,RU-Poisson,nrmse,0.1802506446838379
680,RU-Poisson,nrmse,0.20046807825565338
686,RU-Poisson,nrmse,0.2062830626964569
695,RU-Poisson,nrmse,0.16742752492427826
707,RU-Poisson,nrmse,0.17785218358039856
711,RU-Poisson,nrmse,0.15694420039653778
712,RU-Poisson,nrmse,0.18610386550426483
713,RU-Poisson,nrmse,0.18058055639266968
717,RU-Poisson,nrmse,0.23450246453285217
721,RU-Poisson,nrmse,0.22956520318984985
738,RU-Poisson,nrmse,0.17080184817314148
748,RU-Poisson,nrmse,0.14537791907787323
752,RU-Poisson,nrmse,0.17273202538490295
760,RU-Poisson,nrmse,0.24731148779392242
763,RU-Poisson,nrmse,0.20489737391471863
770,RU-Poisson,nrmse,0.196178138256073
776,RU-Poisson,nrmse,0.19664700329303741
778,RU-Poisson,nrmse,0.18541046977043152
782,RU-Poisson,nrmse,0.1837104856967926
787,RU-Poisson,nrmse,0.1718638688325882
793,RU-Poisson,nrmse,0.2281496673822403
799,RU-Poisson,nrmse,0.20626701414585114
800,RU-Poisson,nrmse,0.1870056539773941
804,RU-Poisson,nrmse,0.21427413821220398
810,RU-Poisson,nrmse,0.19744181632995605
812,RU-Poisson,nrmse,0.18338365852832794
819,RU-Poisson,nrmse,0.15317782759666443
823,RU-Poisson,nrmse,0.18718229234218597
827,RU-Poisson,nrmse,0.17346355319023132
831,RU-Poisson,nrmse,0.19203044474124908
847,RU-Poisson,nrmse,0.17121447622776031
849,RU-Poisson,nrmse,0.22838062047958374
856,RU-Poisson,nrmse,0.20908062160015106
865,RU-Poisson,nrmse,0.2142421007156372
871,RU-Poisson,nrmse,0.21817946434020996
873,RU-Poisson,nrmse,0.21010832488536835
880,RU-Poisson,nrmse,0.19303959608078003
884,RU-Poisson,nrmse,0.17346106469631195
887,RU-Poisson,nrmse,0.1730821579694748
893,RU-Poisson,nrmse,0.1822887361049652
906,RU-Poisson,nrmse,0.20878925919532776
909,RU-Poisson,nrmse,0.15376801788806915
910,RU-Poisson,nrmse,0.17929813265800476
913,RU-Poisson,nrmse,0.16344237327575684
916,RU-Poisson,nrmse,0.19542434811592102
927,RU-Poisson,nrmse,0.17630451917648315
930,RU-Poisson,nrmse,0.17929551005363464
939,RU-Poisson,nrmse,0.1553618609905243
956,RU-Poisson,nrmse,0.16800856590270996
963,RU-Poisson,nrmse,0.18980872631072998
966,RU-Poisson,nrmse,0.1438327580690384
969,RU-Poisson,nrmse,0.17054027318954468
970,RU-Poisson,nrmse,0.2448422610759735
978,RU-Poisson,nrmse,0.22378575801849365
988,RU-Poisson,nrmse,0.18262901902198792
989,RU-Poisson,nrmse,0.19122156500816345
992,RU-Poisson,nrmse,0.2331564575433731
995,RU-Poisson,nrmse,0.17702269554138184
1004,RU-Poisson,nrmse,0.22366590797901154
1008,RU-Poisson,nrmse,0.16490651667118073
1011,RU-Poisson,nrmse,0.18093249201774597
1013,RU-Poisson,nrmse,0.17944209277629852
1018,RU-Poisson,nrmse,0.1763533353805542
1022,RU-Poisson,nrmse,0.2362389862537384
1045,RU-Poisson,nrmse,0.20197762548923492
1049,RU-Poisson,nrmse,0.19651396572589874
1051,RU-Poisson,nrmse,0.19964176416397095
1061,RU-Poisson,nrmse,0.19102133810520172
1063,RU-Poisson,nrmse,0.20981426537036896
1068,RU-Poisson,nrmse,0.2835499048233032
1076,RU-Poisson,nrmse,0.18453627824783325
1079,RU-Poisson,nrmse,0.21249929070472717
1084,RU-Poisson,nrmse,0.20818796753883362
1089,RU-Poisson,nrmse,0.19694872200489044
1090,RU-Poisson,nrmse,0.24000787734985352
1099,RU-Poisson,nrmse,0.1832229346036911
1114,RU-Poisson,nrmse,0.1912764012813568
1120,RU-Poisson,nrmse,0.21039921045303345
1121,RU-Poisson,nrmse,0.17398734390735626
1134,RU-Poisson,nrmse,0.22995412349700928
1177,RU-Poisson,nrmse,0.1980987936258316
1178,RU-Poisson,nrmse,0.1549932360649109
1183,RU-Poisson,nrmse,0.1494700163602829
1193,RU-Poisson,nrmse,0.1756308227777481
1204,RU-Poisson,nrmse,0.22023963928222656
1208,RU-Poisson,nrmse,0.20277662575244904
1213,RU-Poisson,nrmse,0.22353585064411163
1231,RU-Poisson,nrmse,0.20740117132663727
1232,RU-Poisson,nrmse,0.17938147485256195
1233,RU-Poisson,nrmse,0.21177388727664948
1238,RU-Poisson,nrmse,0.16320942342281342
1240,RU-Poisson,nrmse,0.21938744187355042
1243,RU-Poisson,nrmse,0.21376171708106995
1260,RU-Poisson,nrmse,0.21129415929317474
1267,RU-Poisson,nrmse,0.2025495022535324
1268,RU-Poisson,nrmse,0.18044358491897583
1274,RU-Poisson,nrmse,0.2153729349374771
1281,RU-Poisson,nrmse,0.14481472969055176
1297,RU-Poisson,nrmse,0.1526086926460266
1307,RU-Poisson,nrmse,0.18822993338108063
1313,RU-Poisson,nrmse,0.16405390202999115
1330,RU-Poisson,nrmse,0.1616348773241043
1334,RU-Poisson,nrmse,0.22649066150188446
1346,RU-Poisson,nrmse,0.172281414270401
1348,RU-Poisson,nrmse,0.22664135694503784
1355,RU-Poisson,nrmse,0.15358036756515503
1363,RU-Poisson,nrmse,0.21213363111019135
1366,RU-Poisson,nrmse,0.18309654295444489
1391,RU-Poisson,nrmse,0.203338623046875
1400,RU-Poisson,nrmse,0.15513189136981964
1411,RU-Poisson,nrmse,0.18589577078819275
1413,RU-Poisson,nrmse,0.20732316374778748
1422,RU-Poisson,nrmse,0.17878000438213348
1425,RU-Poisson,nrmse,0.156768798828125
1434,RU-Poisson,nrmse,0.18773187696933746
1441,RU-Poisson,nrmse,0.23293137550354004
1447,RU-Poisson,nrmse,0.15037310123443604
1458,RU-Poisson,nrmse,0.18839535117149353
1471,RU-Poisson,nrmse,0.17058975994586945
1481,RU-Poisson,nrmse,0.18212026357650757
1499,RU-Poisson,nrmse,0.16715969145298004
1506,RU-Poisson,nrmse,0.24242480099201202
1511,RU-Poisson,nrmse,0.2115238904953003
1512,RU-Poisson,nrmse,0.2126493901014328
1515,RU-Poisson,nrmse,0.17968714237213135
1522,RU-Poisson,nrmse,0.1732899695634842
1525,RU-Poisson,nrmse,0.1862272471189499
1536,RU-Poisson,nrmse,0.1729288250207901
1541,RU-Poisson,nrmse,0.22294119000434875
1543,RU-Poisson,nrmse,0.1932191252708435
1546,RU-Poisson,nrmse,0.1711745709180832
1551,RU-Poisson,nrmse,0.1656859666109085
1553,RU-Poisson,nrmse,0.19718439877033234
1559,RU-Poisson,nrmse,0.19858911633491516
1562,RU-Poisson,nrmse,0.1309249997138977
1563,RU-Poisson,nrmse,0.2136523425579071
1581,RU-Poisson,nrmse,0.20475684106349945
1613,RU-Poisson,nrmse,0.17762087285518646
1619,RU-Poisson,nrmse,0.1606343537569046
1622,RU-Poisson,nrmse,0.213738813996315
1624,RU-Poisson,nrmse,0.1661028414964676
1634,RU-Poisson,nrmse,0.19883856177330017
1644,RU-Poisson,nrmse,0.22738783061504364
1645,RU-Poisson,nrmse,0.19752377271652222
1663,RU-Poisson,nrmse,0.1738482266664505
1673,RU-Poisson,nrmse,0.14511176943778992
1684,RU-Poisson,nrmse,0.1918884813785553
1685,RU-Poisson,nrmse,0.17070068418979645
1694,RU-Poisson,nrmse,0.20576229691505432
1697,RU-Poisson,nrmse,0.16529056429862976
1698,RU-Poisson,nrmse,0.17168620228767395
1700,RU-Poisson,nrmse,0.16218489408493042
1715,RU-Poisson,nrmse,0.1897866129875183
1721,RU-Poisson,nrmse,0.1369166523218155
1724,RU-Poisson,nrmse,0.16853590309619904
1727,RU-Poisson,nrmse,0.16915124654769897
1729,RU-Poisson,nrmse,0.20447441935539246
1741,RU-Poisson,nrmse,0.19376525282859802
1760,RU-Poisson,nrmse,0.16623511910438538
1761,RU-Poisson,nrmse,0.19131135940551758
1763,RU-Poisson,nrmse,0.21989530324935913
1765,RU-Poisson,nrmse,0.20995567739009857
1773,RU-Poisson,nrmse,0.17259684205055237
1782,RU-Poisson,nrmse,0.11340167373418808
1784,RU-Poisson,nrmse,0.20157574117183685
1791,RU-Poisson,nrmse,0.15560787916183472
1798,RU-Poisson,nrmse,0.18846683204174042
1804,RU-Poisson,nrmse,0.18420864641666412
1812,RU-Poisson,nrmse,0.19861018657684326
1814,RU-Poisson,nrmse,0.20374831557273865
1819,RU-Poisson,nrmse,0.2011062502861023
1824,RU-Poisson,nrmse,0.18993954360485077
1831,RU-Poisson,nrmse,0.20576520264148712
1833,RU-Poisson,nrmse,0.19036848843097687
1841,RU-Poisson,nrmse,0.21563425660133362
1843,RU-Poisson,nrmse,0.2361476570367813
1868,RU-Poisson,nrmse,0.21384678781032562
1871,RU-Poisson,nrmse,0.19562609493732452
1881,RU-Poisson,nrmse,0.22865286469459534
1882,RU-Poisson,nrmse,0.14945843815803528
1888,RU-Poisson,nrmse,0.2140701711177826
1911,RU-Poisson,nrmse,0.227776899933815
1919,RU-Poisson,nrmse,0.15608149766921997
1935,RU-Poisson,nrmse,0.19480687379837036
1942,RU-Poisson,nrmse,0.18031519651412964
1943,RU-Poisson,nrmse,0.18709440529346466
1963,RU-Poisson,nrmse,0.2001124769449234
1968,RU-Poisson,nrmse,0.17869800329208374
1985,RU-Poisson,nrmse,0.16614098846912384
1999,RU-Poisson,nrmse,0.22091111540794373
2000,RU-Poisson,nrmse,0.20302824676036835
2002,RU-Poisson,nrmse,0.20787642896175385
2003,RU-Poisson,nrmse,0.17539764940738678
2015,RU-Poisson,nrmse,0.16303864121437073
2020,RU-Poisson,nrmse,0.19003213942050934
2021,RU-Poisson,nrmse,0.19270025193691254
2026,RU-Poisson,nrmse,0.1998339146375656
2028,RU-Poisson,nrmse,0.19491156935691833
2034,RU-Poisson,nrmse,0.18763843178749084
2038,RU-Poisson,nrmse,0.15237820148468018
2060,RU-Poisson,nrmse,0.20477139949798584
2075,RU-Poisson,nrmse,0.1955825835466385
2078,RU-Poisson,nrmse,0.2017252892255783
2081,RU-Poisson,nrmse,0.14417925477027893
2095,RU-Poisson,nrmse,0.17898178100585938
2096,RU-Poisson,nrmse,0.16532506048679352
2102,RU-Poisson,nrmse,0.1723950058221817
2107,RU-Poisson,nrmse,0.19084350764751434
2109,RU-Poisson,nrmse,0.17679333686828613
2111,RU-Poisson,nrmse,0.23201248049736023
2112,RU-Poisson,nrmse,0.18301798403263092
2118,RU-Poisson,nrmse,0.2030787318944931
2122,RU-Poisson,nrmse,0.17341384291648865
2123,RU-Poisson,nrmse,0.17411136627197266
2128,RU-Poisson,nrmse,0.18383491039276123
2140,RU-Poisson,nrmse,0.14878258109092712
2148,RU-Poisson,nrmse,0.1757308691740036
2149,RU-Poisson,nrmse,0.18686094880104065
2151,RU-Poisson,nrmse,0.22164058685302734
2152,RU-Poisson,nrmse,0.1633499562740326
2166,RU-Poisson,nrmse,0.19039595127105713
2168,RU-Poisson,nrmse,0.1958567053079605
2176,RU-Poisson,nrmse,0.1580783575773239
2178,RU-Poisson,nrmse,0.21074366569519043
2183,RU-Poisson,nrmse,0.16417771577835083
2195,RU-Poisson,nrmse,0.20290225744247437
2200,RU-Poisson,nrmse,0.23004041612148285
2204,RU-Poisson,nrmse,0.18459878861904144
2205,RU-Poisson,nrmse,0.20256781578063965
2206,RU-Poisson,nrmse,0.20173099637031555
2211,RU-Poisson,nrmse,0.17011184990406036
2218,RU-Poisson,nrmse,0.19007807970046997
2221,RU-Poisson,nrmse,0.19727738201618195
2224,RU-Poisson,nrmse,0.2489178329706192
2227,RU-Poisson,nrmse,0.19532395899295807
2231,RU-Poisson,nrmse,0.21540577709674835
2236,RU-Poisson,nrmse,0.16989891231060028
2238,RU-Poisson,nrmse,0.1969004124403
2242,RU-Poisson,nrmse,0.2221803367137909
2246,RU-Poisson,nrmse,0.18973907828330994
2269,RU-Poisson,nrmse,0.21385712921619415
2278,RU-Poisson,nrmse,0.18983833491802216
2279,RU-Poisson,nrmse,0.19227564334869385
2305,RU-Poisson,nrmse,0.18499253690242767
2315,RU-Poisson,nrmse,0.15321139991283417
2316,RU-Poisson,nrmse,0.2158365696668625
2331,RU-Poisson,nrmse,0.1988479644060135
2332,RU-Poisson,nrmse,0.21147799491882324
2334,RU-Poisson,nrmse,0.19013947248458862
2336,RU-Poisson,nrmse,0.19551825523376465
2342,RU-Poisson,nrmse,0.17871376872062683
2344,RU-Poisson,nrmse,0.14723804593086243
2345,RU-Poisson,nrmse,0.18610791862010956
2350,RU-Poisson,nrmse,0.1982894241809845
2358,RU-Poisson,nrmse,0.17403900623321533
2378,RU-Poisson,nrmse,0.11726510524749756
2388,RU-Poisson,nrmse,0.19823813438415527
2390,RU-Poisson,nrmse,0.18615970015525818
2396,RU-Poisson,nrmse,0.1982540637254715
2415,RU-Poisson,nrmse,0.2236500233411789
2417,RU-Poisson,nrmse,0.18964096903800964
2427,RU-Poisson,nrmse,0.15833579003810883
2428,RU-Poisson,nrmse,0.2137163281440735
2442,RU-Poisson,nrmse,0.17641717195510864
2448,RU-Poisson,nrmse,0.13547484576702118
2459,RU-Poisson,nrmse,0.17280344665050507
2460,RU-Poisson,nrmse,0.1446230262517929
2482,RU-Poisson,nrmse,0.1571635901927948
2483,RU-Poisson,nrmse,0.152764692902565
2501,RU-Poisson,nrmse,0.2071000039577484
2512,RU-Poisson,nrmse,0.19108425080776215
2514,RU-Poisson,nrmse,0.1933552324771881
2520,RU-Poisson,nrmse,0.18071192502975464
2536,RU-Poisson,nrmse,0.19874566793441772
2543,RU-Poisson,nrmse,0.20907016098499298
2554,RU-Poisson,nrmse,0.17409701645374298
2598,RU-Poisson,nrmse,0.17488200962543488
2602,RU-Poisson,nrmse,0.17723865807056427
2604,RU-Poisson,nrmse,0.20648407936096191
2609,RU-Poisson,nrmse,0.228469580411911
2611,RU-Poisson,nrmse,0.2022104263305664
2616,RU-Poisson,nrmse,0.1862439066171646
2618,RU-Poisson,nrmse,0.1937091201543808
2630,RU-Poisson,nrmse,0.15008185803890228
2647,RU-Poisson,nrmse,0.21421721577644348
2652,RU-Poisson,nrmse,0.20530635118484497
2653,RU-Poisson,nrmse,0.18929103016853333
2660,RU-Poisson,nrmse,0.23196406662464142
2673,RU-Poisson,nrmse,0.1505313515663147
2682,RU-Poisson,nrmse,0.16365158557891846
2687,RU-Poisson,nrmse,0.1920834332704544
2700,RU-Poisson,nrmse,0.2015697956085205
2702,RU-Poisson,nrmse,0.15269947052001953
2711,RU-Poisson,nrmse,0.17520380020141602
2725,RU-Poisson,nrmse,0.1921243667602539
2726,RU-Poisson,nrmse,0.1952439844608307
2727,RU-Poisson,nrmse,0.17661167681217194
2732,RU-Poisson,nrmse,0.19540348649024963
2742,RU-Poisson,nrmse,0.17565515637397766
2744,RU-Poisson,nrmse,0.1880708932876587
2745,RU-Poisson,nrmse,0.20209945738315582
2751,RU-Poisson,nrmse,0.2141566127538681
2775,RU-Poisson,nrmse,0.1942431926727295
2782,RU-Poisson,nrmse,0.13775062561035156
2783,RU-Poisson,nrmse,0.19351604580879211
2787,RU-Poisson,nrmse,0.19872653484344482
2788,RU-Poisson,nrmse,0.18160298466682434
2792,RU-Poisson,nrmse,0.17083223164081573
2810,RU-Poisson,nrmse,0.18756769597530365
2813,RU-Poisson,nrmse,0.19038993120193481
2816,RU-Poisson,nrmse,0.1897846907377243
2817,RU-Poisson,nrmse,0.20253852009773254
2819,RU-Poisson,nrmse,0.15753990411758423
2841,RU-Poisson,nrmse,0.18690358102321625
2846,RU-Poisson,nrmse,0.16098684072494507
2851,RU-Poisson,nrmse,0.1986083686351776
2855,RU-Poisson,nrmse,0.20804429054260254
2864,RU-Poisson,nrmse,0.17294631898403168
2875,RU-Poisson,nrmse,0.22744013369083405
2886,RU-Poisson,nrmse,0.1881318837404251
2897,RU-Poisson,nrmse,0.1620868295431137
2911,RU-Poisson,nrmse,0.19274300336837769
2915,RU-Poisson,nrmse,0.16445976495742798
2929,RU-Poisson,nrmse,0.1847352385520935
2938,RU-Poisson,nrmse,0.17927639186382294
2945,RU-Poisson,nrmse,0.20241980254650116
2959,RU-Poisson,nrmse,0.1707465499639511
2966,RU-Poisson,nrmse,0.1843390315771103
2971,RU-Poisson,nrmse,0.176616370677948
2973,RU-Poisson,nrmse,0.17420828342437744
2975,RU-Poisson,nrmse,0.21825553476810455
2976,RU-Poisson,nrmse,0.1742778718471527
2986,RU-Poisson,nrmse,0.1897924244403839
3010,RU-Poisson,nrmse,0.18722261488437653
3020,RU-Poisson,nrmse,0.18892215192317963
3027,RU-Poisson,nrmse,0.17537608742713928
3032,RU-Poisson,nrmse,0.21720388531684875
3039,RU-Poisson,nrmse,0.17689673602581024
3048,RU-Poisson,nrmse,0.18022094666957855
3049,RU-Poisson,nrmse,0.18223756551742554
3056,RU-Poisson,nrmse,0.20156900584697723
3062,RU-Poisson,nrmse,0.15736474096775055
3065,RU-Poisson,nrmse,0.2121611088514328
3068,RU-Poisson,nrmse,0.16837239265441895
3071,RU-Poisson,nrmse,0.19342142343521118
3072,RU-Poisson,nrmse,0.17295384407043457
3073,RU-Poisson,nrmse,0.19764986634254456
3074,RU-Poisson,nrmse,0.21558363735675812
3085,RU-Poisson,nrmse,0.206213116645813
3086,RU-Poisson,nrmse,0.1680505871772766
3089,RU-Poisson,nrmse,0.20451603829860687
3095,RU-Poisson,nrmse,0.20290961861610413
3105,RU-Poisson,nrmse,0.20614267885684967
3107,RU-Poisson,nrmse,0.19371798634529114
3111,RU-Poisson,nrmse,0.1784367710351944
3118,RU-Poisson,nrmse,0.1847681850194931
3126,RU-Poisson,nrmse,0.1684296578168869
3132,RU-Poisson,nrmse,0.19332878291606903
3134,RU-Poisson,nrmse,0.2036992609500885
3142,RU-Poisson,nrmse,0.1393115371465683
3149,RU-Poisson,nrmse,0.19889989495277405
3151,RU-Poisson,nrmse,0.17144547402858734
3152,RU-Poisson,nrmse,0.22577451169490814
3165,RU-Poisson,nrmse,0.1791650801897049
3167,RU-Poisson,nrmse,0.1730455756187439
3168,RU-Poisson,nrmse,0.1940334439277649
3178,RU-Poisson,nrmse,0.2175459861755371
3183,RU-Poisson,nrmse,0.2110506296157837
3185,RU-Poisson,nrmse,0.18294982612133026
3217,RU-Poisson,nrmse,0.19068580865859985
3219,RU-Poisson,nrmse,0.2210637778043747
3222,RU-Poisson,nrmse,0.1736087054014206
3225,RU-Poisson,nrmse,0.17780815064907074
3236,RU-Poisson,nrmse,0.20232181251049042
3240,RU-Poisson,nrmse,0.209767147898674
3242,RU-Poisson,nrmse,0.16246415674686432
3243,RU-Poisson,nrmse,0.1960424929857254
3250,RU-Poisson,nrmse,0.2120734006166458
3253,RU-Poisson,nrmse,0.2247978001832962
3276,RU-Poisson,nrmse,0.1700533628463745
3280,RU-Poisson,nrmse,0.17750076949596405
3289,RU-Poisson,nrmse,0.1982564479112625
3297,RU-Poisson,nrmse,0.18692804872989655
3313,RU-Poisson,nrmse,0.2526715397834778
3317,RU-Poisson,nrmse,0.1668466180562973
3328,RU-Poisson,nrmse,0.20274683833122253
3333,RU-Poisson,nrmse,0.15237241983413696
3341,RU-Poisson,nrmse,0.25194457173347473
3342,RU-Poisson,nrmse,0.21828223764896393
3345,RU-Poisson,nrmse,0.15260078012943268
3363,RU-Poisson,nrmse,0.1518213152885437
3367,RU-Poisson,nrmse,0.16620001196861267
3381,RU-Poisson,nrmse,0.17626048624515533
3395,RU-Poisson,nrmse,0.2267342358827591
3397,RU-Poisson,nrmse,0.1976342797279358
3402,RU-Poisson,nrmse,0.21793721616268158
3403,RU-Poisson,nrmse,0.1813059151172638
3404,RU-Poisson,nrmse,0.1754242181777954
3427,RU-Poisson,nrmse,0.15446704626083374
3436,RU-Poisson,nrmse,0.1843041479587555
3443,RU-Poisson,nrmse,0.16934984922409058
3461,RU-Poisson,nrmse,0.22095942497253418
3462,RU-Poisson,nrmse,0.23288212716579437
3465,RU-Poisson,nrmse,0.20067402720451355
3487,RU-Poisson,nrmse,0.1286018341779709
3495,RU-Poisson,nrmse,0.1634805053472519
3509,RU-Poisson,nrmse,0.1505294293165207
3510,RU-Poisson,nrmse,0.20839856564998627
3511,RU-Poisson,nrmse,0.20891506969928741
3512,RU-Poisson,nrmse,0.17178961634635925
3516,RU-Poisson,nrmse,0.2255401611328125
3527,RU-Poisson,nrmse,0.1912025362253189
3543,RU-Poisson,nrmse,0.15139958262443542
3551,RU-Poisson,nrmse,0.19815579056739807
3554,RU-Poisson,nrmse,0.1606069654226303
3557,RU-Poisson,nrmse,0.15343210101127625
3559,RU-Poisson,nrmse,0.1710144430398941
3561,RU-Poisson,nrmse,0.15150822699069977
3567,RU-Poisson,nrmse,0.17427386343479156
3580,RU-Poisson,nrmse,0.14235122501850128
3592,RU-Poisson,nrmse,0.1891152709722519
3594,RU-Poisson,nrmse,0.1865939199924469
3597,RU-Poisson,nrmse,0.2764311134815216
3598,RU-Poisson,nrmse,0.24786576628684998
3610,RU-Poisson,nrmse,0.18586112558841705
3612,RU-Poisson,nrmse,0.2043152004480362
3625,RU-Poisson,nrmse,0.14902226626873016
3634,RU-Poisson,nrmse,0.1483984738588333
3636,RU-Poisson,nrmse,0.19966012239456177
3644,RU-Poisson,nrmse,0.1869698017835617
3646,RU-Poisson,nrmse,0.1778866946697235
3647,RU-Poisson,nrmse,0.1553218960762024
3668,RU-Poisson,nrmse,0.1405116319656372
3674,RU-Poisson,nrmse,0.20124006271362305
3676,RU-Poisson,nrmse,0.22482840716838837
3694,RU-Poisson,nrmse,0.22005394101142883
3701,RU-Poisson,nrmse,0.21536332368850708
3712,RU-Poisson,nrmse,0.17985562980175018
3714,RU-Poisson,nrmse,0.16908785700798035
3719,RU-Poisson,nrmse,0.19355835020542145
3721,RU-Poisson,nrmse,0.2301427572965622
3723,RU-Poisson,nrmse,0.19822821021080017
3725,RU-Poisson,nrmse,0.1525525599718094
3728,RU-Poisson,nrmse,0.21543170511722565
3730,RU-Poisson,nrmse,0.16697253286838531
3739,RU-Poisson,nrmse,0.20353098213672638
3741,RU-Poisson,nrmse,0.19043222069740295
3745,RU-Poisson,nrmse,0.19744740426540375
3746,RU-Poisson,nrmse,0.1586907058954239
3754,RU-Poisson,nrmse,0.1898820400238037
3758,RU-Poisson,nrmse,0.1793300211429596
3759,RU-Poisson,nrmse,0.1920802742242813
3779,RU-Poisson,nrmse,0.17373931407928467
3791,RU-Poisson,nrmse,0.1466624140739441
3792,RU-Poisson,nrmse,0.1705552041530609
3794,RU-Poisson,nrmse,0.1752910017967224
3803,RU-Poisson,nrmse,0.13931390643119812
3804,RU-Poisson,nrmse,0.18118925392627716
3807,RU-Poisson,nrmse,0.24118739366531372
3809,RU-Poisson,nrmse,0.15463338792324066
3812,RU-Poisson,nrmse,0.1890333592891693
3813,RU-Poisson,nrmse,0.21714863181114197
3815,RU-Poisson,nrmse,0.19518324732780457
3823,RU-Poisson,nrmse,0.19321945309638977
3824,RU-Poisson,nrmse,0.1561308652162552
3827,RU-Poisson,nrmse,0.17576627433300018
3830,RU-Poisson,nrmse,0.17634420096874237
3834,RU-Poisson,nrmse,0.2011461704969406
3838,RU-Poisson,nrmse,0.1827980875968933
3845,RU-Poisson,nrmse,0.24779903888702393
3846,RU-Poisson,nrmse,0.17812654376029968
3849,RU-Poisson,nrmse,0.20315663516521454
3850,RU-Poisson,nrmse,0.18118229508399963
3859,RU-Poisson,nrmse,0.19083566963672638
3883,RU-Poisson,nrmse,0.21767225861549377
3886,RU-Poisson,nrmse,0.20312732458114624
3887,RU-Poisson,nrmse,0.1831052601337433
3892,RU-Poisson,nrmse,0.15326116979122162
3894,RU-Poisson,nrmse,0.16383247077465057
3897,RU-Poisson,nrmse,0.22651484608650208
3917,RU-Poisson,nrmse,0.13473166525363922
3927,RU-Poisson,nrmse,0.19496724009513855
3928,RU-Poisson,nrmse,0.19324959814548492
3933,RU-Poisson,nrmse,0.19360746443271637
3937,RU-Poisson,nrmse,0.21789534389972687
3938,RU-Poisson,nrmse,0.205372616648674
3951,RU-Poisson,nrmse,0.21920673549175262
3969,RU-Poisson,nrmse,0.18287619948387146
3972,RU-Poisson,nrmse,0.18515996634960175
3978,RU-Poisson,nrmse,0.19817189872264862
3982,RU-Poisson,nrmse,0.16856108605861664
4000,RU-Poisson,nrmse,0.1606428623199463
4001,RU-Poisson,nrmse,0.19557949900627136
4006,RU-Poisson,nrmse,0.21243922412395477
4010,RU-Poisson,nrmse,0.1857888549566269
4018,RU-Poisson,nrmse,0.19636544585227966
4020,RU-Poisson,nrmse,0.17054885625839233
4023,RU-Poisson,nrmse,0.16486932337284088
4028,RU-Poisson,nrmse,0.1687333732843399
4035,RU-Poisson,nrmse,0.2155480980873108
4038,RU-Poisson,nrmse,0.12758640944957733
4039,RU-Poisson,nrmse,0.18828940391540527
4047,RU-Poisson,nrmse,0.21062785387039185
4050,RU-Poisson,nrmse,0.18076813220977783
4052,RU-Poisson,nrmse,0.15170444548130035
4055,RU-Poisson,nrmse,0.18190635740756989
4069,RU-Poisson,nrmse,0.3060864508152008
4073,RU-Poisson,nrmse,0.20201528072357178
4078,RU-Poisson,nrmse,0.16854572296142578
4079,RU-Poisson,nrmse,0.1649916172027588
4080,RU-Poisson,nrmse,0.20361560583114624
4091,RU-Poisson,nrmse,0.16504374146461487
4096,RU-Poisson,nrmse,0.17896974086761475
4098,RU-Poisson,nrmse,0.2086048722267151
4121,RU-Poisson,nrmse,0.19924764335155487
4134,RU-Poisson,nrmse,0.1818375438451767
4135,RU-Poisson,nrmse,0.20219142735004425
4137,RU-Poisson,nrmse,0.17193429172039032
4145,RU-Poisson,nrmse,0.16471460461616516
4149,RU-Poisson,nrmse,0.19331400096416473
4153,RU-Poisson,nrmse,0.17315983772277832
4181,RU-Poisson,nrmse,0.19248665869235992
4188,RU-Poisson,nrmse,0.20515088737010956
4196,RU-Poisson,nrmse,0.20375478267669678
4204,RU-Poisson,nrmse,0.18478572368621826
4209,RU-Poisson,nrmse,0.2148115187883377
4211,RU-Poisson,nrmse,0.20341743528842926
4212,RU-Poisson,nrmse,0.21092069149017334
4218,RU-Poisson,nrmse,0.15582725405693054
4228,RU-Poisson,nrmse,0.20739112794399261
4229,RU-Poisson,nrmse,0.2072426676750183
4250,RU-Poisson,nrmse,0.23171551525592804
4254,RU-Poisson,nrmse,0.17639532685279846
4261,RU-Poisson,nrmse,0.1715773046016693
4264,RU-Poisson,nrmse,0.17405545711517334
4265,RU-Poisson,nrmse,0.17980176210403442
4284,RU-Poisson,nrmse,0.1908852458000183
4294,RU-Poisson,nrmse,0.19926811754703522
4296,RU-Poisson,nrmse,0.1915719360113144
4306,RU-Poisson,nrmse,0.19929690659046173
4321,RU-Poisson,nrmse,0.17251569032669067
4327,RU-Poisson,nrmse,0.2207825779914856
4331,RU-Poisson,nrmse,0.2093619406223297
4334,RU-Poisson,nrmse,0.16529086232185364
4339,RU-Poisson,nrmse,0.16504038870334625
4340,RU-Poisson,nrmse,0.19301775097846985
4344,RU-Poisson,nrmse,0.17573803663253784
4349,RU-Poisson,nrmse,0.20233504474163055
4361,RU-Poisson,nrmse,0.22139374911785126
4370,RU-Poisson,nrmse,0.190447598695755
4371,RU-Poisson,nrmse,0.1548142284154892
4376,RU-Poisson,nrmse,0.2220800817012787
4390,RU-Poisson,nrmse,0.18558280169963837
4403,RU-Poisson,nrmse,0.1842864453792572
4408,RU-Poisson,nrmse,0.17197607457637787
4412,RU-Poisson,nrmse,0.18060573935508728
4419,RU-Poisson,nrmse,0.14748460054397583
4433,RU-Poisson,nrmse,0.2026781439781189
4437,RU-Poisson,nrmse,0.1782536655664444
4446,RU-Poisson,nrmse,0.16665461659431458
4450,RU-Poisson,nrmse,0.1927313208580017
4460,RU-Poisson,nrmse,0.23573517799377441
4464,RU-Poisson,nrmse,0.1762603521347046
4466,RU-Poisson,nrmse,0.2198793888092041
4474,RU-Poisson,nrmse,0.19252429902553558
4491,RU-Poisson,nrmse,0.15960758924484253
4499,RU-Poisson,nrmse,0.22028031945228577
4527,RU-Poisson,nrmse,0.17520397901535034
4535,RU-Poisson,nrmse,0.19764885306358337
4542,RU-Poisson,nrmse,0.16062356531620026
4544,RU-Poisson,nrmse,0.15388600528240204
4547,RU-Poisson,nrmse,0.1921459138393402
4554,RU-Poisson,nrmse,0.20234446227550507
4555,RU-Poisson,nrmse,0.21275459229946136
4561,RU-Poisson,nrmse,0.17565113306045532
4566,RU-Poisson,nrmse,0.19560720026493073
4568,RU-Poisson,nrmse,0.2066461145877838
4586,RU-Poisson,nrmse,0.2278614491224289
4589,RU-Poisson,nrmse,0.16789937019348145
4590,RU-Poisson,nrmse,0.1759866178035736
4597,RU-Poisson,nrmse,0.1773318350315094
4602,RU-Poisson,nrmse,0.22173847258090973
4613,RU-Poisson,nrmse,0.20816677808761597
4614,RU-Poisson,nrmse,0.19911080598831177
4619,RU-Poisson,nrmse,0.1612781435251236
4627,RU-Poisson,nrmse,0.18592552840709686
4629,RU-Poisson,nrmse,0.17363005876541138
4633,RU-Poisson,nrmse,0.1654868870973587
4635,RU-Poisson,nrmse,0.19889770448207855
4650,RU-Poisson,nrmse,0.2073691338300705
4656,RU-Poisson,nrmse,0.24884891510009766
4677,RU-Poisson,nrmse,0.15360388159751892
4682,RU-Poisson,nrmse,0.16328085958957672
4685,RU-Poisson,nrmse,0.13320192694664001
4691,RU-Poisson,nrmse,0.19720683991909027
4703,RU-Poisson,nrmse,0.20335954427719116
4712,RU-Poisson,nrmse,0.13350345194339752
4716,RU-Poisson,nrmse,0.13218894600868225
4725,RU-Poisson,nrmse,0.18670031428337097
4727,RU-Poisson,nrmse,0.19376599788665771
4734,RU-Poisson,nrmse,0.20717720687389374
4750,RU-Poisson,nrmse,0.20956160128116608
4751,RU-Poisson,nrmse,0.16154679656028748
4752,RU-Poisson,nrmse,0.20151343941688538
4753,RU-Poisson,nrmse,0.1581237018108368
4760,RU-Poisson,nrmse,0.2378273904323578
4761,RU-Poisson,nrmse,0.1837908923625946
4770,RU-Poisson,nrmse,0.16326592862606049
4774,RU-Poisson,nrmse,0.182279571890831
4777,RU-Poisson,nrmse,0.21239055693149567
4791,RU-Poisson,nrmse,0.23944853246212006
4793,RU-Poisson,nrmse,0.15885329246520996
4796,RU-Poisson,nrmse,0.16853435337543488
4801,RU-Poisson,nrmse,0.1951618790626526
4809,RU-Poisson,nrmse,0.1734846830368042
4811,RU-Poisson,nrmse,0.2109300196170807
4813,RU-Poisson,nrmse,0.1642778366804123
4821,RU-Poisson,nrmse,0.19091147184371948
4828,RU-Poisson,nrmse,0.14731962978839874
4839,RU-Poisson,nrmse,0.17589998245239258
4842,RU-Poisson,nrmse,0.19234274327754974
4851,RU-Poisson,nrmse,0.1529645472764969
4854,RU-Poisson,nrmse,0.1748986840248108
4859,RU-Poisson,nrmse,0.1347578763961792
4862,RU-Poisson,nrmse,0.17570306360721588
4866,RU-Poisson,nrmse,0.21530784666538239
4881,RU-Poisson,nrmse,0.20374184846878052
4901,RU-Poisson,nrmse,0.18733061850070953
4905,RU-Poisson,nrmse,0.21069981157779694
4907,RU-Poisson,nrmse,0.19155877828598022
4911,RU-Poisson,nrmse,0.1998554915189743
4923,RU-Poisson,nrmse,0.19215930998325348
4926,RU-Poisson,nrmse,0.17125281691551208
4936,RU-Poisson,nrmse,0.18753598630428314
4937,RU-Poisson,nrmse,0.1655927300453186
4939,RU-Poisson,nrmse,0.21516354382038116
4943,RU-Poisson,nrmse,0.20861217379570007
4973,RU-Poisson,nrmse,0.20796401798725128
4975,RU-Poisson,nrmse,0.13246150314807892
4980,RU-Poisson,nrmse,0.20501326024532318
4987,RU-Poisson,nrmse,0.23641519248485565
4995,RU-Poisson,nrmse,0.20894776284694672
4997,RU-Poisson,nrmse,0.15762534737586975
5010,RU-Poisson,nrmse,0.16741275787353516
5013,RU-Poisson,nrmse,0.20139478147029877
5017,RU-Poisson,nrmse,0.14110073447227478
5025,RU-Poisson,nrmse,0.22442804276943207
5028,RU-Poisson,nrmse,0.1814752221107483
5039,RU-Poisson,nrmse,0.21422383189201355
5041,RU-Poisson,nrmse,0.1802566796541214
5053,RU-Poisson,nrmse,0.1685687154531479
5058,RU-Poisson,nrmse,0.12853817641735077
5064,RU-Poisson,nrmse,0.17957255244255066
5069,RU-Poisson,nrmse,0.16952134668827057
5073,RU-Poisson,nrmse,0.17610479891300201
5084,RU-Poisson,nrmse,0.21564890444278717
5096,RU-Poisson,nrmse,0.16846391558647156
5099,RU-Poisson,nrmse,0.1790008842945099
5101,RU-Poisson,nrmse,0.1986195147037506
5103,RU-Poisson,nrmse,0.21262507140636444
5105,RU-Poisson,nrmse,0.2031204104423523
5106,RU-Poisson,nrmse,0.1932716965675354
5120,RU-Poisson,nrmse,0.1731698364019394
5125,RU-Poisson,nrmse,0.20647817850112915
5139,RU-Poisson,nrmse,0.19292739033699036
5151,RU-Poisson,nrmse,0.19584713876247406
5154,RU-Poisson,nrmse,0.16556493937969208
5160,RU-Poisson,nrmse,0.2440815567970276
5162,RU-Poisson,nrmse,0.1656063199043274
5182,RU-Poisson,nrmse,0.21157655119895935
5183,RU-Poisson,nrmse,0.1653795838356018
5190,RU-Poisson,nrmse,0.15881620347499847
5199,RU-Poisson,nrmse,0.17499373853206635
5216,RU-Poisson,nrmse,0.16507934033870697
5220,RU-Poisson,nrmse,0.20668476819992065
5221,RU-Poisson,nrmse,0.17035123705863953
5227,RU-Poisson,nrmse,0.1200614720582962
5234,RU-Poisson,nrmse,0.22367501258850098
5235,RU-Poisson,nrmse,0.16022531688213348
5250,RU-Poisson,nrmse,0.1801348477602005
5254,RU-Poisson,nrmse,0.13820905983448029
5259,RU-Poisson,nrmse,0.19901996850967407
5263,RU-Poisson,nrmse,0.19103454053401947
5265,RU-Poisson,nrmse,0.22599709033966064
5268,RU-Poisson,nrmse,0.15994852781295776
5275,RU-Poisson,nrmse,0.18288420140743256
5281,RU-Poisson,nrmse,0.16792413592338562
5290,RU-Poisson,nrmse,0.17073461413383484
5293,RU-Poisson,nrmse,0.20857766270637512
5302,RU-Poisson,nrmse,0.22923636436462402
5313,RU-Poisson,nrmse,0.18506331741809845
5336,RU-Poisson,nrmse,0.19213180243968964
5337,RU-Poisson,nrmse,0.17387935519218445
5347,RU-Poisson,nrmse,0.2592538595199585
5357,RU-Poisson,nrmse,0.17594337463378906
5360,RU-Poisson,nrmse,0.27303245663642883
5362,RU-Poisson,nrmse,0.13818860054016113
5370,RU-Poisson,nrmse,0.31302204728126526
5372,RU-Poisson,nrmse,0.21242043375968933
5378,RU-Poisson,nrmse,0.21578803658485413
5383,RU-Poisson,nrmse,0.22208695113658905
5400,RU-Poisson,nrmse,0.20108908414840698
5408,RU-Poisson,nrmse,0.18462760746479034
5413,RU-Poisson,nrmse,0.16568022966384888
5415,RU-Poisson,nrmse,0.1928057074546814
5417,RU-Poisson,nrmse,0.2005964070558548
5425,RU-Poisson,nrmse,0.2069757729768753
5435,RU-Poisson,nrmse,0.21382150053977966
5437,RU-Poisson,nrmse,0.19544164836406708
5443,RU-Poisson,nrmse,0.2398255169391632
5450,RU-Poisson,nrmse,0.21562302112579346
5452,RU-Poisson,nrmse,0.1978198140859604
5456,RU-Poisson,nrmse,0.1940515786409378
5459,RU-Poisson,nrmse,0.19153481721878052
5479,RU-Poisson,nrmse,0.22776639461517334
5485,RU-Poisson,nrmse,0.20542891323566437
5493,RU-Poisson,nrmse,0.2203211933374405
5496,RU-Poisson,nrmse,0.1719362884759903
5497,RU-Poisson,nrmse,0.20001499354839325
5519,RU-Poisson,nrmse,0.15211112797260284
5521,RU-Poisson,nrmse,0.21939677000045776
5522,RU-Poisson,nrmse,0.19693733751773834
5532,RU-Poisson,nrmse,0.20306499302387238
5544,RU-Poisson,nrmse,0.1709267646074295
5545,RU-Poisson,nrmse,0.1559772938489914
5551,RU-Poisson,nrmse,0.19515201449394226
5555,RU-Poisson,nrmse,0.20487052202224731
5556,RU-Poisson,nrmse,0.13441313803195953
5557,RU-Poisson,nrmse,0.16542044281959534
5560,RU-Poisson,nrmse,0.20050573348999023
5569,RU-Poisson,nrmse,0.18677663803100586
5572,RU-Poisson,nrmse,0.20344114303588867
5573,RU-Poisson,nrmse,0.20218318700790405
5578,RU-Poisson,nrmse,0.17199952900409698
5584,RU-Poisson,nrmse,0.1942165195941925
5585,RU-Poisson,nrmse,0.2041967660188675
5587,RU-Poisson,nrmse,0.18350404500961304
5589,RU-Poisson,nrmse,0.15660040080547333
5596,RU-Poisson,nrmse,0.20692609250545502
5603,RU-Poisson,nrmse,0.1897137463092804
5608,RU-Poisson,nrmse,0.21294812858104706
5610,RU-Poisson,nrmse,0.2000560164451599
5615,RU-Poisson,nrmse,0.1274445652961731
5618,RU-Poisson,nrmse,0.1903543770313263
5623,RU-Poisson,nrmse,0.1375473439693451
5633,RU-Poisson,nrmse,0.1653560996055603
5646,RU-Poisson,nrmse,0.18462885916233063
5648,RU-Poisson,nrmse,0.19562843441963196
5657,RU-Poisson,nrmse,0.1907319575548172
5662,RU-Poisson,nrmse,0.19425377249717712
5667,RU-Poisson,nrmse,0.18422283232212067
5674,RU-Poisson,nrmse,0.19240064918994904
5677,RU-Poisson,nrmse,0.21267782151699066
5697,RU-Poisson,nrmse,0.22173595428466797
5712,RU-Poisson,nrmse,0.17673105001449585
5715,RU-Poisson,nrmse,0.19096173346042633
5728,RU-Poisson,nrmse,0.18828517198562622
5737,RU-Poisson,nrmse,0.19622616469860077
5742,RU-Poisson,nrmse,0.18588609993457794
5744,RU-Poisson,nrmse,0.1850402057170868
5758,RU-Poisson,nrmse,0.18570901453495026
5763,RU-Poisson,nrmse,0.22063587605953217
5770,RU-Poisson,nrmse,0.26369065046310425
5774,RU-Poisson,nrmse,0.21911942958831787
5785,RU-Poisson,nrmse,0.21543818712234497
5793,RU-Poisson,nrmse,0.20265699923038483
5802,RU-Poisson,nrmse,0.19614550471305847
5803,RU-Poisson,nrmse,0.1845361739397049
5804,RU-Poisson,nrmse,0.192486971616745
5810,RU-Poisson,nrmse,0.17997150123119354
5813,RU-Poisson,nrmse,0.14494748413562775
5819,RU-Poisson,nrmse,0.15548250079154968
5831,RU-Poisson,nrmse,0.19438259303569794
5838,RU-Poisson,nrmse,0.2072480469942093
5848,RU-Poisson,nrmse,0.18137644231319427
5850,RU-Poisson,nrmse,0.2381862848997116
5851,RU-Poisson,nrmse,0.16325052082538605
5860,RU-Poisson,nrmse,0.18501968681812286
5877,RU-Poisson,nrmse,0.21995459496974945
5878,RU-Poisson,nrmse,0.2130974978208542
5880,RU-Poisson,nrmse,0.20566967129707336
5884,RU-Poisson,nrmse,0.18580111861228943
5890,RU-Poisson,nrmse,0.16087910532951355
5892,RU-Poisson,nrmse,0.252804160118103
5895,RU-Poisson,nrmse,0.19696494936943054
5899,RU-Poisson,nrmse,0.19961313903331757
5903,RU-Poisson,nrmse,0.1628003865480423
5904,RU-Poisson,nrmse,0.20068810880184174
5906,RU-Poisson,nrmse,0.18960979580879211
5916,RU-Poisson,nrmse,0.23088020086288452
5919,RU-Poisson,nrmse,0.22538962960243225
5939,RU-Poisson,nrmse,0.2083846777677536
5941,RU-Poisson,nrmse,0.19227492809295654
5961,RU-Poisson,nrmse,0.21652618050575256
5966,RU-Poisson,nrmse,0.16384725272655487
5967,RU-Poisson,nrmse,0.19079695641994476
5968,RU-Poisson,nrmse,0.16328081488609314
5969,RU-Poisson,nrmse,0.21454700827598572
5976,RU-Poisson,nrmse,0.19054657220840454
5980,RU-Poisson,nrmse,0.176570862531662
5994,RU-Poisson,nrmse,0.17333227396011353
6006,RU-Poisson,nrmse,0.17559893429279327
6013,RU-Poisson,nrmse,0.17915450036525726
6018,RU-Poisson,nrmse,0.18796378374099731
6020,RU-Poisson,nrmse,0.1903669536113739
6021,RU-Poisson,nrmse,0.18653792142868042
6022,RU-Poisson,nrmse,0.18581169843673706
6025,RU-Poisson,nrmse,0.21050503849983215
6027,RU-Poisson,nrmse,0.17675645649433136
6042,RU-Poisson,nrmse,0.1312381625175476
6047,RU-Poisson,nrmse,0.1918170303106308
6048,RU-Poisson,nrmse,0.16801978647708893
6060,RU-Poisson,nrmse,0.13739214837551117
6063,RU-Poisson,nrmse,0.17487110197544098
6067,RU-Poisson,nrmse,0.19089125096797943
6071,RU-Poisson,nrmse,0.17121826112270355
6075,RU-Poisson,nrmse,0.1835417002439499
6083,RU-Poisson,nrmse,0.1751149296760559
6085,RU-Poisson,nrmse,0.19309334456920624
6089,RU-Poisson,nrmse,0.187318354845047
6091,RU-Poisson,nrmse,0.15427358448505402
6110,RU-Poisson,nrmse,0.18094570934772491
6117,RU-Poisson,nrmse,0.22240588068962097
6129,RU-Poisson,nrmse,0.18302443623542786
6135,RU-Poisson,nrmse,0.16328702867031097
6137,RU-Poisson,nrmse,0.19799365103244781
6139,RU-Poisson,nrmse,0.17910243570804596
6147,RU-Poisson,nrmse,0.17230339348316193
6156,RU-Poisson,nrmse,0.14248712360858917
6157,RU-Poisson,nrmse,0.1447446495294571
6158,RU-Poisson,nrmse,0.1920958310365677
6162,RU-Poisson,nrmse,0.20724725723266602
6171,RU-Poisson,nrmse,0.17368625104427338
6177,RU-Poisson,nrmse,0.15261335670948029
6181,RU-Poisson,nrmse,0.2102045714855194
6182,RU-Poisson,nrmse,0.17259804904460907
6184,RU-Poisson,nrmse,0.20344874262809753
6189,RU-Poisson,nrmse,0.1707627773284912
6199,RU-Poisson,nrmse,0.18411825597286224
6204,RU-Poisson,nrmse,0.160546213388443
6208,RU-Poisson,nrmse,0.18973025679588318
6209,RU-Poisson,nrmse,0.1989498883485794
6217,RU-Poisson,nrmse,0.17865058779716492
6218,RU-Poisson,nrmse,0.1904805600643158
6222,RU-Poisson,nrmse,0.22240984439849854
6226,RU-Poisson,nrmse,0.20330116152763367
6233,RU-Poisson,nrmse,0.1851702332496643
6241,RU-Poisson,nrmse,0.13913163542747498
6243,RU-Poisson,nrmse,0.15784038603305817
6264,RU-Poisson,nrmse,0.2349691241979599
6265,RU-Poisson,nrmse,0.18006156384944916
6275,RU-Poisson,nrmse,0.17126889526844025
6277,RU-Poisson,nrmse,0.1914474368095398
6287,RU-Poisson,nrmse,0.1670776903629303
6292,RU-Poisson,nrmse,0.16859130561351776
6301,RU-Poisson,nrmse,0.18420128524303436
6309,RU-Poisson,nrmse,0.18071205914020538
6318,RU-Poisson,nrmse,0.1698981523513794
6325,RU-Poisson,nrmse,0.1881079226732254
6335,RU-Poisson,nrmse,0.18200162053108215
6339,RU-Poisson,nrmse,0.1740170568227768
6353,RU-Poisson,nrmse,0.18475237488746643
6362,RU-Poisson,nrmse,0.21430887281894684
6364,RU-Poisson,nrmse,0.13995414972305298
6366,RU-Poisson,nrmse,0.17085766792297363
6368,RU-Poisson,nrmse,0.1745065152645111
6386,RU-Poisson,nrmse,0.1838396042585373
6402,RU-Poisson,nrmse,0.14209485054016113
6403,RU-Poisson,nrmse,0.19013679027557373
6410,RU-Poisson,nrmse,0.20373095571994781
6416,RU-Poisson,nrmse,0.22180257737636566
6421,RU-Poisson,nrmse,0.13519077003002167
6422,RU-Poisson,nrmse,0.22387388348579407
6423,RU-Poisson,nrmse,0.20512863993644714
6427,RU-Poisson,nrmse,0.19765399396419525
6428,RU-Poisson,nrmse,0.16633161902427673
6432,RU-Poisson,nrmse,0.2197045087814331
6446,RU-Poisson,nrmse,0.2162502557039261
6457,RU-Poisson,nrmse,0.1516404151916504
6471,RU-Poisson,nrmse,0.1720169633626938
6484,RU-Poisson,nrmse,0.17151685059070587
6496,RU-Poisson,nrmse,0.21555423736572266
6498,RU-Poisson,nrmse,0.2001645863056183
6503,RU-Poisson,nrmse,0.20211640000343323
6509,RU-Poisson,nrmse,0.18107308447360992
6513,RU-Poisson,nrmse,0.19842837750911713
6522,RU-Poisson,nrmse,0.1631162166595459
6539,RU-Poisson,nrmse,0.1748684048652649
6545,RU-Poisson,nrmse,0.18347133696079254
6547,RU-Poisson,nrmse,0.16983254253864288
6552,RU-Poisson,nrmse,0.22579169273376465
6559,RU-Poisson,nrmse,0.2581162452697754
6564,RU-Poisson,nrmse,0.19975771009922028
6566,RU-Poisson,nrmse,0.2047644704580307
6570,RU-Poisson,nrmse,0.15091225504875183
6584,RU-Poisson,nrmse,0.22685924172401428
6588,RU-Poisson,nrmse,0.17032432556152344
6594,RU-Poisson,nrmse,0.15376372635364532
6612,RU-Poisson,nrmse,0.15572966635227203
6628,RU-Poisson,nrmse,0.14767397940158844
6637,RU-Poisson,nrmse,0.19619593024253845
6642,RU-Poisson,nrmse,0.1726614385843277
6647,RU-Poisson,nrmse,0.19792959094047546
6648,RU-Poisson,nrmse,0.19995379447937012
6649,RU-Poisson,nrmse,0.18194909393787384
6653,RU-Poisson,nrmse,0.17769160866737366
6656,RU-Poisson,nrmse,0.18704095482826233
6660,RU-Poisson,nrmse,0.2186129093170166
6672,RU-Poisson,nrmse,0.17963118851184845
6676,RU-Poisson,nrmse,0.1863107532262802
6682,RU-Poisson,nrmse,0.18371570110321045
6683,RU-Poisson,nrmse,0.1795101910829544
6691,RU-Poisson,nrmse,0.23047176003456116
6695,RU-Poisson,nrmse,0.23820450901985168
6700,RU-Poisson,nrmse,0.1830081343650818
6705,RU-Poisson,nrmse,0.20677810907363892
6706,RU-Poisson,nrmse,0.19119714200496674
6711,RU-Poisson,nrmse,0.15496395528316498
6732,RU-Poisson,nrmse,0.16480164229869843
6742,RU-Poisson,nrmse,0.181737020611763
6744,RU-Poisson,nrmse,0.27894604206085205
6747,RU-Poisson,nrmse,0.19774986803531647
6757,RU-Poisson,nrmse,0.17478647828102112
6769,RU-Poisson,nrmse,0.16551993787288666
6786,RU-Poisson,nrmse,0.18480224907398224
6787,RU-Poisson,nrmse,0.17771519720554352
6800,RU-Poisson,nrmse,0.16403639316558838
6808,RU-Poisson,nrmse,0.18331031501293182
6826,RU-Poisson,nrmse,0.18361946940422058
6831,RU-Poisson,nrmse,0.1856149584054947
6833,RU-Poisson,nrmse,0.21739943325519562
6835,RU-Poisson,nrmse,0.1606188267469406
6837,RU-Poisson,nrmse,0.20613664388656616
6845,RU-Poisson,nrmse,0.2045210599899292
6848,RU-Poisson,nrmse,0.19844168424606323
6855,RU-Poisson,nrmse,0.20780889689922333
6860,RU-Poisson,nrmse,0.20432788133621216
6865,RU-Poisson,nrmse,0.16908128559589386
6872,RU-Poisson,nrmse,0.17580437660217285
6880,RU-Poisson,nrmse,0.21717260777950287
6887,RU-Poisson,nrmse,0.18911856412887573
6889,RU-Poisson,nrmse,0.19568613171577454
6894,RU-Poisson,nrmse,0.17966288328170776
6904,RU-Poisson,nrmse,0.16337351500988007
6913,RU-Poisson,nrmse,0.206233948469162
6928,RU-Poisson,nrmse,0.13388149440288544
6936,RU-Poisson,nrmse,0.2071269005537033
6963,RU-Poisson,nrmse,0.1948896199464798
6971,RU-Poisson,nrmse,0.32040494680404663
6992,RU-Poisson,nrmse,0.18980199098587036
7011,RU-Poisson,nrmse,0.20436133444309235
7013,RU-Poisson,nrmse,0.21072347462177277
7018,RU-Poisson,nrmse,0.1918724775314331
7023,RU-Poisson,nrmse,0.18008477985858917
7035,RU-Poisson,nrmse,0.19959506392478943
7038,RU-Poisson,nrmse,0.1671096533536911
7041,RU-Poisson,nrmse,0.19879192113876343
7042,RU-Poisson,nrmse,0.1773054450750351
7047,RU-Poisson,nrmse,0.14527110755443573
7057,RU-Poisson,nrmse,0.1741560846567154
7068,RU-Poisson,nrmse,0.1353832632303238
7088,RU-Poisson,nrmse,0.15907062590122223
7092,RU-Poisson,nrmse,0.1667008399963379
7100,RU-Poisson,nrmse,0.16724880039691925
7114,RU-Poisson,nrmse,0.20652036368846893
7119,RU-Poisson,nrmse,0.1607923060655594
7126,RU-Poisson,nrmse,0.18333116173744202
7131,RU-Poisson,nrmse,0.2026880383491516
7140,RU-Poisson,nrmse,0.19760434329509735
7142,RU-Poisson,nrmse,0.22056564688682556
7143,RU-Poisson,nrmse,0.17837247252464294
7153,RU-Poisson,nrmse,0.19902899861335754
7154,RU-Poisson,nrmse,0.20896457135677338
7169,RU-Poisson,nrmse,0.22476771473884583
7171,RU-Poisson,nrmse,0.1621895283460617
7172,RU-Poisson,nrmse,0.18106475472450256
7178,RU-Poisson,nrmse,0.15877939760684967
7184,RU-Poisson,nrmse,0.191008523106575
7202,RU-Poisson,nrmse,0.1903914511203766
7206,RU-Poisson,nrmse,0.21945229172706604
7220,RU-Poisson,nrmse,0.21568864583969116
7226,RU-Poisson,nrmse,0.19405138492584229
7229,RU-Poisson,nrmse,0.2162807285785675
7231,RU-Poisson,nrmse,0.17167650163173676
7237,RU-Poisson,nrmse,0.2004641592502594
7244,RU-Poisson,nrmse,0.18303877115249634
7256,RU-Poisson,nrmse,0.18428191542625427
7259,RU-Poisson,nrmse,0.17386355996131897
7269,RU-Poisson,nrmse,0.1937459260225296
7272,RU-Poisson,nrmse,0.20713068544864655
7274,RU-Poisson,nrmse,0.2011568397283554
7276,RU-Poisson,nrmse,0.15592890977859497
7287,RU-Poisson,nrmse,0.21991392970085144
7288,RU-Poisson,nrmse,0.19846773147583008
7290,RU-Poisson,nrmse,0.19517120718955994
7293,RU-Poisson,nrmse,0.20327691733837128
7295,RU-Poisson,nrmse,0.15950994193553925
7299,RU-Poisson,nrmse,0.21203306317329407
7301,RU-Poisson,nrmse,0.17836609482765198
7313,RU-Poisson,nrmse,0.21852916479110718
7321,RU-Poisson,nrmse,0.19708530604839325
7327,RU-Poisson,nrmse,0.1682409942150116
7328,RU-Poisson,nrmse,0.2133553922176361
7331,RU-Poisson,nrmse,0.137261763215065
7340,RU-Poisson,nrmse,0.19011647999286652
7346,RU-Poisson,nrmse,0.1866268664598465
7350,RU-Poisson,nrmse,0.19134321808815002
7373,RU-Poisson,nrmse,0.16315561532974243
7376,RU-Poisson,nrmse,0.17122365534305573
7383,RU-Poisson,nrmse,0.17313791811466217
7404,RU-Poisson,nrmse,0.20279231667518616
7412,RU-Poisson,nrmse,0.2214699238538742
7413,RU-Poisson,nrmse,0.1853439211845398
7421,RU-Poisson,nrmse,0.20419137179851532
7422,RU-Poisson,nrmse,0.21229897439479828
7426,RU-Poisson,nrmse,0.22641099989414215
7427,RU-Poisson,nrmse,0.168480783700943
7429,RU-Poisson,nrmse,0.19605161249637604
7432,RU-Poisson,nrmse,0.13237732648849487
7454,RU-Poisson,nrmse,0.1961652934551239
7459,RU-Poisson,nrmse,0.243906632065773
7463,RU-Poisson,nrmse,0.1964855194091797
7464,RU-Poisson,nrmse,0.1740000993013382
7476,RU-Poisson,nrmse,0.13622456789016724
7477,RU-Poisson,nrmse,0.20744936168193817
7498,RU-Poisson,nrmse,0.1867007613182068
7509,RU-Poisson,nrmse,0.18639546632766724
7511,RU-Poisson,nrmse,0.18927718698978424
7517,RU-Poisson,nrmse,0.1318577527999878
7526,RU-Poisson,nrmse,0.14381718635559082
7528,RU-Poisson,nrmse,0.16944441199302673
7529,RU-Poisson,nrmse,0.1751997321844101
7545,RU-Poisson,nrmse,0.16915784776210785
7546,RU-Poisson,nrmse,0.19198821485042572
7548,RU-Poisson,nrmse,0.1878998875617981
7555,RU-Poisson,nrmse,0.18675349652767181
7563,RU-Poisson,nrmse,0.16328346729278564
7570,RU-Poisson,nrmse,0.21754445135593414
7572,RU-Poisson,nrmse,0.19754640758037567
7576,RU-Poisson,nrmse,0.1939903050661087
7577,RU-Poisson,nrmse,0.21469034254550934
7595,RU-Poisson,nrmse,0.19999052584171295
7606,RU-Poisson,nrmse,0.13700833916664124
7608,RU-Poisson,nrmse,0.1506415754556656
7619,RU-Poisson,nrmse,0.17666228115558624
7620,RU-Poisson,nrmse,0.16370545327663422
7624,RU-Poisson,nrmse,0.1740007996559143
7627,RU-Poisson,nrmse,0.18951253592967987
7629,RU-Poisson,nrmse,0.2367948442697525
7630,RU-Poisson,nrmse,0.18649889528751373
7632,RU-Poisson,nrmse,0.19435857236385345
7645,RU-Poisson,nrmse,0.1871185451745987
7656,RU-Poisson,nrmse,0.17224876582622528
7671,RU-Poisson,nrmse,0.17301662266254425
7676,RU-Poisson,nrmse,0.1728779524564743
7688,RU-Poisson,nrmse,0.19000020623207092
7691,RU-Poisson,nrmse,0.1825086772441864
7692,RU-Poisson,nrmse,0.14417225122451782
7709,RU-Poisson,nrmse,0.1671828180551529
7710,RU-Poisson,nrmse,0.21075917780399323
7719,RU-Poisson,nrmse,0.1786106675863266
7738,RU-Poisson,nrmse,0.18170328438282013
7740,RU-Poisson,nrmse,0.18314401805400848
7741,RU-Poisson,nrmse,0.17674796283245087
7742,RU-Poisson,nrmse,0.15312324464321136
7759,RU-Poisson,nrmse,0.14348770678043365
7764,RU-Poisson,nrmse,0.1777772456407547
7768,RU-Poisson,nrmse,0.18035006523132324
7772,RU-Poisson,nrmse,0.15678805112838745
7774,RU-Poisson,nrmse,0.215088352560997
7775,RU-Poisson,nrmse,0.20587849617004395
7776,RU-Poisson,nrmse,0.17776651680469513
7779,RU-Poisson,nrmse,0.21162636578083038
7791,RU-Poisson,nrmse,0.14571361243724823
7808,RU-Poisson,nrmse,0.175260528922081
7813,RU-Poisson,nrmse,0.17159363627433777
7822,RU-Poisson,nrmse,0.1650296300649643
7825,RU-Poisson,nrmse,0.19214271008968353
7829,RU-Poisson,nrmse,0.18218721449375153
7835,RU-Poisson,nrmse,0.18705740571022034
7845,RU-Poisson,nrmse,0.1927245855331421
7861,RU-Poisson,nrmse,0.16553311049938202
7863,RU-Poisson,nrmse,0.1777554601430893
7869,RU-Poisson,nrmse,0.2003781944513321
7874,RU-Poisson,nrmse,0.1345505267381668
7891,RU-Poisson,nrmse,0.21733532845973969
7902,RU-Poisson,nrmse,0.19503360986709595
7916,RU-Poisson,nrmse,0.2038160115480423
7934,RU-Poisson,nrmse,0.15406158566474915
7940,RU-Poisson,nrmse,0.15977691113948822
7944,RU-Poisson,nrmse,0.19478221237659454
7960,RU-Poisson,nrmse,0.16993534564971924
7966,RU-Poisson,nrmse,0.20815932750701904
7967,RU-Poisson,nrmse,0.20599456131458282
7970,RU-Poisson,nrmse,0.14698900282382965
7971,RU-Poisson,nrmse,0.17506083846092224
7972,RU-Poisson,nrmse,0.2045801430940628
7977,RU-Poisson,nrmse,0.19144780933856964
7992,RU-Poisson,nrmse,0.16591928899288177
8002,RU-Poisson,nrmse,0.14975419640541077
8003,RU-Poisson,nrmse,0.17654690146446228
8004,RU-Poisson,nrmse,0.1747717410326004
8010,RU-Poisson,nrmse,0.21907444298267365
8015,RU-Poisson,nrmse,0.17198382318019867
8016,RU-Poisson,nrmse,0.22079648077487946
8024,RU-Poisson,nrmse,0.21284720301628113
8047,RU-Poisson,nrmse,0.1874329149723053
8058,RU-Poisson,nrmse,0.2721291780471802
8067,RU-Poisson,nrmse,0.21710848808288574
8073,RU-Poisson,nrmse,0.17903189361095428
8076,RU-Poisson,nrmse,0.2081289291381836
8081,RU-Poisson,nrmse,0.26711028814315796
8114,RU-Poisson,nrmse,0.1871269941329956
8115,RU-Poisson,nrmse,0.17926059663295746
8120,RU-Poisson,nrmse,0.20224305987358093
8122,RU-Poisson,nrmse,0.18858230113983154
8125,RU-Poisson,nrmse,0.15944461524486542
8136,RU-Poisson,nrmse,0.18089884519577026
8138,RU-Poisson,nrmse,0.19830456376075745
8149,RU-Poisson,nrmse,0.2672029733657837
8156,RU-Poisson,nrmse,0.18722113966941833
8157,RU-Poisson,nrmse,0.13974879682064056
8162,RU-Poisson,nrmse,0.19539880752563477
8167,RU-Poisson,nrmse,0.18805155158042908
8169,RU-Poisson,nrmse,0.1980544924736023
8170,RU-Poisson,nrmse,0.18803845345973969
8172,RU-Poisson,nrmse,0.2096204310655594
8202,RU-Poisson,nrmse,0.15950259566307068
8206,RU-Poisson,nrmse,0.19826436042785645
8217,RU-Poisson,nrmse,0.19772236049175262
8218,RU-Poisson,nrmse,0.17833606898784637
8222,RU-Poisson,nrmse,0.18968427181243896
8227,RU-Poisson,nrmse,0.19386012852191925
8249,RU-Poisson,nrmse,0.2219735085964203
8251,RU-Poisson,nrmse,0.1976182758808136
8252,RU-Poisson,nrmse,0.2281695008277893
8256,RU-Poisson,nrmse,0.22136686742305756
8263,RU-Poisson,nrmse,0.22715634107589722
5,RU-Poisson,pearson,0.9728549718856812
12,RU-Poisson,pearson,0.9793420433998108
24,RU-Poisson,pearson,0.9827176928520203
26,RU-Poisson,pearson,0.9795911908149719
30,RU-Poisson,pearson,0.9740951657295227
35,RU-Poisson,pearson,0.9473334550857544
39,RU-Poisson,pearson,0.9806978702545166
41,RU-Poisson,pearson,0.9435558319091797
42,RU-Poisson,pearson,0.9919996857643127
44,RU-Poisson,pearson,0.9813440442085266
48,RU-Poisson,pearson,0.971892237663269
65,RU-Poisson,pearson,0.9634431600570679
69,RU-Poisson,pearson,0.9679190516471863
71,RU-Poisson,pearson,0.9833436608314514
73,RU-Poisson,pearson,0.9682482481002808
80,RU-Poisson,pearson,0.9755613207817078
83,RU-Poisson,pearson,0.9729579091072083
99,RU-Poisson,pearson,0.9707134366035461
100,RU-Poisson,pearson,0.9673956632614136
110,RU-Poisson,pearson,0.9822219610214233
116,RU-Poisson,pearson,0.9781708121299744
122,RU-Poisson,pearson,0.9838880896568298
132,RU-Poisson,pearson,0.982598066329956
141,RU-Poisson,pearson,0.9839493036270142
151,RU-Poisson,pearson,0.9752574563026428
154,RU-Poisson,pearson,0.9770210385322571
156,RU-Poisson,pearson,0.9642703533172607
157,RU-Poisson,pearson,0.9684728980064392
159,RU-Poisson,pearson,0.9673961997032166
178,RU-Poisson,pearson,0.9699208736419678
197,RU-Poisson,pearson,0.9917358756065369
199,RU-Poisson,pearson,0.9838268756866455
211,RU-Poisson,pearson,0.9869784712791443
212,RU-Poisson,pearson,0.9794352054595947
214,RU-Poisson,pearson,0.9727967381477356
221,RU-Poisson,pearson,0.9760096669197083
232,RU-Poisson,pearson,0.979943573474884
233,RU-Poisson,pearson,0.9820785522460938
240,RU-Poisson,pearson,0.9814974069595337
242,RU-Poisson,pearson,0.9796951413154602
243,RU-Poisson,pearson,0.9866843819618225
244,RU-Poisson,pearson,0.9836040139198303
260,RU-Poisson,pearson,0.9385879039764404
273,RU-Poisson,pearson,0.9833281636238098
275,RU-Poisson,pearson,0.9606569409370422
276,RU-Poisson,pearson,0.9804390668869019
283,RU-Poisson,pearson,0.9742782711982727
297,RU-Poisson,pearson,0.9589614272117615
303,RU-Poisson,pearson,0.9879252314567566
310,RU-Poisson,pearson,0.9803758859634399
318,RU-Poisson,pearson,0.970882773399353
319,RU-Poisson,pearson,0.9902385473251343
324,RU-Poisson,pearson,0.9830518960952759
326,RU-Poisson,pearson,0.9902144074440002
328,RU-Poisson,pearson,0.9839077591896057
330,RU-Poisson,pearson,0.9843524098396301
333,RU-Poisson,pearson,0.9847292900085449
340,RU-Poisson,pearson,0.9700790643692017
347,RU-Poisson,pearson,0.9839924573898315
348,RU-Poisson,pearson,0.9822741746902466
360,RU-Poisson,pearson,0.9831908941268921
361,RU-Poisson,pearson,0.9785818457603455
364,RU-Poisson,pearson,0.9736018776893616
366,RU-Poisson,pearson,0.9715089797973633
378,RU-Poisson,pearson,0.9770075082778931
391,RU-Poisson,pearson,0.9861893653869629
394,RU-Poisson,pearson,0.9746236801147461
398,RU-Poisson,pearson,0.9779034852981567
408,RU-Poisson,pearson,0.9811161756515503
409,RU-Poisson,pearson,0.9816945791244507
410,RU-Poisson,pearson,0.9696044325828552
412,RU-Poisson,pearson,0.9712703824043274
425,RU-Poisson,pearson,0.9683869481086731
429,RU-Poisson,pearson,0.9832015037536621
438,RU-Poisson,pearson,0.9761347770690918
461,RU-Poisson,pearson,0.9750569462776184
463,RU-Poisson,pearson,0.9703032970428467
464,RU-Poisson,pearson,0.974303662776947
477,RU-Poisson,pearson,0.9784377813339233
486,RU-Poisson,pearson,0.9839802980422974
491,RU-Poisson,pearson,0.9601415991783142
495,RU-Poisson,pearson,0.9624937772750854
516,RU-Poisson,pearson,0.9790646433830261
521,RU-Poisson,pearson,0.969357430934906
531,RU-Poisson,pearson,0.981587290763855
533,RU-Poisson,pearson,0.983211874961853
537,RU-Poisson,pearson,0.9811763167381287
542,RU-Poisson,pearson,0.9693893790245056
543,RU-Poisson,pearson,0.9791180491447449
548,RU-Poisson,pearson,0.9894120693206787
554,RU-Poisson,pearson,0.9688947796821594
565,RU-Poisson,pearson,0.9787014722824097
570,RU-Poisson,pearson,0.9817241430282593
574,RU-Poisson,pearson,0.9648981094360352
590,RU-Poisson,pearson,0.9833546280860901
610,RU-Poisson,pearson,0.9799960851669312
613,RU-Poisson,pearson,0.9849448204040527
634,RU-Poisson,pearson,0.9871835112571716
637,RU-Poisson,pearson,0.9777708649635315
642,RU-Poisson,pearson,0.9750967025756836
644,RU-Poisson,pearson,0.9672229290008545
663,RU-Poisson,pearson,0.9747838973999023
670,RU-Poisson,pearson,0.9717779159545898
676,RU-Poisson,pearson,0.979966402053833
680,RU-Poisson,pearson,0.9761879444122314
686,RU-Poisson,pearson,0.9749861359596252
695,RU-Poisson,pearson,0.9842640161514282
707,RU-Poisson,pearson,0.9840562343597412
711,RU-Poisson,pearson,0.9872860908508301
712,RU-Poisson,pearson,0.9700600504875183
713,RU-Poisson,pearson,0.9799975156784058
717,RU-Poisson,pearson,0.9642904996871948
721,RU-Poisson,pearson,0.9629450440406799
738,RU-Poisson,pearson,0.9770137071609497
748,RU-Poisson,pearson,0.9889330267906189
752,RU-Poisson,pearson,0.9812222719192505
760,RU-Poisson,pearson,0.9643054008483887
763,RU-Poisson,pearson,0.9759164452552795
770,RU-Poisson,pearson,0.9739329218864441
776,RU-Poisson,pearson,0.9658613801002502
778,RU-Poisson,pearson,0.9799725413322449
782,RU-Poisson,pearson,0.9768105149269104
787,RU-Poisson,pearson,0.9818902611732483
793,RU-Poisson,pearson,0.9722090363502502
799,RU-Poisson,pearson,0.9719107151031494
800,RU-Poisson,pearson,0.9747816920280457
804,RU-Poisson,pearson,0.9701898097991943
810,RU-Poisson,pearson,0.9659208059310913
812,RU-Poisson,pearson,0.9822590947151184
819,RU-Poisson,pearson,0.9881463646888733
823,RU-Poisson,pearson,0.9818177819252014
827,RU-Poisson,pearson,0.9775198698043823
831,RU-Poisson,pearson,0.9798797965049744
847,RU-Poisson,pearson,0.9784649610519409
849,RU-Poisson,pearson,0.9662489295005798
856,RU-Poisson,pearson,0.9709314107894897
865,RU-Poisson,pearson,0.9673768877983093
871,RU-Poisson,pearson,0.976165235042572
873,RU-Poisson,pearson,0.9710031151771545
880,RU-Poisson,pearson,0.9776118397712708
884,RU-Poisson,pearson,0.9791749119758606
887,RU-Poisson,pearson,0.98006272315979
893,RU-Poisson,pearson,0.9722988605499268
906,RU-Poisson,pearson,0.9694430232048035
909,RU-Poisson,pearson,0.9845395088195801
910,RU-Poisson,pearson,0.9772042036056519
913,RU-Poisson,pearson,0.9807864427566528
916,RU-Poisson,pearson,0.974484384059906
927,RU-Poisson,pearson,0.9845778346061707
930,RU-Poisson,pearson,0.9776282906532288
939,RU-Poisson,pearson,0.9880815148353577
956,RU-Poisson,pearson,0.981959879398346
963,RU-Poisson,pearson,0.9720711708068848
966,RU-Poisson,pearson,0.990352988243103
969,RU-Poisson,pearson,0.9728782176971436
970,RU-Poisson,pearson,0.9592825770378113
978,RU-Poisson,pearson,0.9635722637176514
988,RU-Poisson,pearson,0.9758237600326538
989,RU-Poisson,pearson,0.9819460511207581
992,RU-Poisson,pearson,0.9662266969680786
995,RU-Poisson,pearson,0.9770460724830627
1004,RU-Poisson,pearson,0.9702622890472412
1008,RU-Poisson,pearson,0.9750813245773315
1011,RU-Poisson,pearson,0.970969557762146
1013,RU-Poisson,pearson,0.9797168970108032
1018,RU-Poisson,pearson,0.9739996194839478
1022,RU-Poisson,pearson,0.973825991153717
1045,RU-Poisson,pearson,0.9711155295372009
1049,RU-Poisson,pearson,0.9777736663818359
1051,RU-Poisson,pearson,0.9718268513679504
1061,RU-Poisson,pearson,0.9747411012649536
1063,RU-Poisson,pearson,0.9746305346488953
1068,RU-Poisson,pearson,0.9514003396034241
1076,RU-Poisson,pearson,0.9657833576202393
1079,RU-Poisson,pearson,0.966640293598175
1084,RU-Poisson,pearson,0.968725860118866
1089,RU-Poisson,pearson,0.973951518535614
1090,RU-Poisson,pearson,0.9686381220817566
1099,RU-Poisson,pearson,0.9729567766189575
1114,RU-Poisson,pearson,0.9827027320861816
1120,RU-Poisson,pearson,0.9674539566040039
1121,RU-Poisson,pearson,0.9736579060554504
1134,RU-Poisson,pearson,0.969179093837738
1177,RU-Poisson,pearson,0.9786491394042969
1178,RU-Poisson,pearson,0.9854170680046082
1183,RU-Poisson,pearson,0.987621009349823
1193,RU-Poisson,pearson,0.9760614037513733
1204,RU-Poisson,pearson,0.9697126150131226
1208,RU-Poisson,pearson,0.9753194451332092
1213,RU-Poisson,pearson,0.9614667296409607
1231,RU-Poisson,pearson,0.9745612144470215
1232,RU-Poisson,pearson,0.9761704802513123
1233,RU-Poisson,pearson,0.9697005748748779
1238,RU-Poisson,pearson,0.9839495420455933
1240,RU-Poisson,pearson,0.9707667827606201
1243,RU-Poisson,pearson,0.977159321308136
1260,RU-Poisson,pearson,0.9774479269981384
1267,RU-Poisson,pearson,0.9724453091621399
1268,RU-Poisson,pearson,0.9825053811073303
1274,RU-Poisson,pearson,0.9662173986434937
1281,RU-Poisson,pearson,0.9893564581871033
1297,RU-Poisson,pearson,0.9887686371803284
1307,RU-Poisson,pearson,0.9766730666160583
1313,RU-Poisson,pearson,0.9871600866317749
1330,RU-Poisson,pearson,0.9853084087371826
1334,RU-Poisson,pearson,0.9665982127189636
1346,RU-Poisson,pearson,0.9844962954521179
1348,RU-Poisson,pearson,0.9603199362754822
1355,RU-Poisson,pearson,0.9861544370651245
1363,RU-Poisson,pearson,0.979293704032898
1366,RU-Poisson,pearson,0.981713056564331
1391,RU-Poisson,pearson,0.9693248271942139
1400,RU-Poisson,pearson,0.987267792224884
1411,RU-Poisson,pearson,0.972510039806366
1413,RU-Poisson,pearson,0.9792331457138062
1422,RU-Poisson,pearson,0.9832320213317871
1425,RU-Poisson,pearson,0.982252836227417
1434,RU-Poisson,pearson,0.9818055629730225
1441,RU-Poisson,pearson,0.9470774531364441
1447,RU-Poisson,pearson,0.9887588620185852
1458,RU-Poisson,pearson,0.9750842452049255
1471,RU-Poisson,pearson,0.9802014231681824
1481,RU-Poisson,pearson,0.979426920413971
1499,RU-Poisson,pearson,0.9812002778053284
1506,RU-Poisson,pearson,0.9545862078666687
1511,RU-Poisson,pearson,0.964073657989502
1512,RU-Poisson,pearson,0.9750126600265503
1515,RU-Poisson,pearson,0.9838334918022156
1522,RU-Poisson,pearson,0.9784489274024963
1525,RU-Poisson,pearson,0.9756759405136108
1536,RU-Poisson,pearson,0.9813735485076904
1541,RU-Poisson,pearson,0.9584410190582275
1543,RU-Poisson,pearson,0.975030779838562
1546,RU-Poisson,pearson,0.9822753667831421
1551,RU-Poisson,pearson,0.9751480221748352
1553,RU-Poisson,pearson,0.9731281399726868
1559,RU-Poisson,pearson,0.9670895934104919
1562,RU-Poisson,pearson,0.9868388772010803
1563,RU-Poisson,pearson,0.9678789973258972
1581,RU-Poisson,pearson,0.9742583632469177
1613,RU-Poisson,pearson,0.9801430702209473
1619,RU-Poisson,pearson,0.9860951900482178
1622,RU-Poisson,pearson,0.9709930419921875
1624,RU-Poisson,pearson,0.9857425093650818
1634,RU-Poisson,pearson,0.9818060994148254
1644,RU-Poisson,pearson,0.9751455783843994
1645,RU-Poisson,pearson,0.977658212184906
1663,RU-Poisson,pearson,0.981349766254425
1673,RU-Poisson,pearson,0.9892969727516174
1684,RU-Poisson,pearson,0.9735913276672363
1685,RU-Poisson,pearson,0.98609858751297
1694,RU-Poisson,pearson,0.9733226299285889
1697,RU-Poisson,pearson,0.984573483467102
1698,RU-Poisson,pearson,0.9858865141868591
1700,RU-Poisson,pearson,0.9806264638900757
1715,RU-Poisson,pearson,0.9767135381698608
1721,RU-Poisson,pearson,0.9901183247566223
1724,RU-Poisson,pearson,0.9843592047691345
1727,RU-Poisson,pearson,0.9857991933822632
1729,RU-Poisson,pearson,0.9699645042419434
1741,RU-Poisson,pearson,0.9679943323135376
1760,RU-Poisson,pearson,0.9823524951934814
1761,RU-Poisson,pearson,0.9742909669876099
1763,RU-Poisson,pearson,0.9684301614761353
1765,RU-Poisson,pearson,0.9668912887573242
1773,RU-Poisson,pearson,0.9839062690734863
1782,RU-Poisson,pearson,0.992645800113678
1784,RU-Poisson,pearson,0.9751546382904053
1791,RU-Poisson,pearson,0.9861247539520264
1798,RU-Poisson,pearson,0.9771867990493774
1804,RU-Poisson,pearson,0.968751072883606
1812,RU-Poisson,pearson,0.9781621694564819
1814,RU-Poisson,pearson,0.9745938777923584
1819,RU-Poisson,pearson,0.973668098449707
1824,RU-Poisson,pearson,0.9784004092216492
1831,RU-Poisson,pearson,0.9755704998970032
1833,RU-Poisson,pearson,0.9740498661994934
1841,RU-Poisson,pearson,0.96366286277771
1843,RU-Poisson,pearson,0.9645746946334839
1868,RU-Poisson,pearson,0.9681558609008789
1871,RU-Poisson,pearson,0.9761348962783813
1881,RU-Poisson,pearson,0.9587299823760986
1882,RU-Poisson,pearson,0.9881219267845154
1888,RU-Poisson,pearson,0.970459520816803
1911,RU-Poisson,pearson,0.9574054479598999
1919,RU-Poisson,pearson,0.9872561097145081
1935,RU-Poisson,pearson,0.9746180772781372
1942,RU-Poisson,pearson,0.9818642735481262
1943,RU-Poisson,pearson,0.9809091687202454
1963,RU-Poisson,pearson,0.9704853892326355
1968,RU-Poisson,pearson,0.9738383889198303
1985,RU-Poisson,pearson,0.9688535928726196
1999,RU-Poisson,pearson,0.9585492014884949
2000,RU-Poisson,pearson,0.9546139240264893
2002,RU-Poisson,pearson,0.9760996103286743
2003,RU-Poisson,pearson,0.9838488101959229
2015,RU-Poisson,pearson,0.9848884344100952
2020,RU-Poisson,pearson,0.9764167070388794
2021,RU-Poisson,pearson,0.9783972501754761
2026,RU-Poisson,pearson,0.9724150896072388
2028,RU-Poisson,pearson,0.9806454181671143
2034,RU-Poisson,pearson,0.9771514534950256
2038,RU-Poisson,pearson,0.9782224893569946
2060,RU-Poisson,pearson,0.9727041721343994
2075,RU-Poisson,pearson,0.9710907340049744
2078,RU-Poisson,pearson,0.9722078442573547
2081,RU-Poisson,pearson,0.9897101521492004
2095,RU-Poisson,pearson,0.9776657223701477
2096,RU-Poisson,pearson,0.9826346039772034
2102,RU-Poisson,pearson,0.9755464196205139
2107,RU-Poisson,pearson,0.9763413667678833
2109,RU-Poisson,pearson,0.9793534874916077
2111,RU-Poisson,pearson,0.9684624671936035
2112,RU-Poisson,pearson,0.965848982334137
2118,RU-Poisson,pearson,0.9766275882720947
2122,RU-Poisson,pearson,0.9766755104064941
2123,RU-Poisson,pearson,0.9830426573753357
2128,RU-Poisson,pearson,0.974561870098114
2140,RU-Poisson,pearson,0.9846357107162476
2148,RU-Poisson,pearson,0.9828086495399475
2149,RU-Poisson,pearson,0.973376989364624
2151,RU-Poisson,pearson,0.9685788154602051
2152,RU-Poisson,pearson,0.9858821630477905
2166,RU-Poisson,pearson,0.9662674069404602
2168,RU-Poisson,pearson,0.9778276681900024
2176,RU-Poisson,pearson,0.9791303277015686
2178,RU-Poisson,pearson,0.9721009731292725
2183,RU-Poisson,pearson,0.981206476688385
2195,RU-Poisson,pearson,0.9695234298706055
2200,RU-Poisson,pearson,0.9642658829689026
2204,RU-Poisson,pearson,0.9781596660614014
2205,RU-Poisson,pearson,0.9738360047340393
2206,RU-Poisson,pearson,0.9725095629692078
2211,RU-Poisson,pearson,0.9823805689811707
2218,RU-Poisson,pearson,0.9814286828041077
2221,RU-Poisson,pearson,0.9793599247932434
2224,RU-Poisson,pearson,0.9592617154121399
2227,RU-Poisson,pearson,0.9796668887138367
2231,RU-Poisson,pearson,0.9627852439880371
2236,RU-Poisson,pearson,0.9792466163635254
2238,RU-Poisson,pearson,0.9643992781639099
2242,RU-Poisson,pearson,0.9530622959136963
2246,RU-Poisson,pearson,0.9732109308242798
2269,RU-Poisson,pearson,0.9750790596008301
2278,RU-Poisson,pearson,0.980416476726532
2279,RU-Poisson,pearson,0.9765176177024841
2305,RU-Poisson,pearson,0.9764891862869263
2315,RU-Poisson,pearson,0.9843417406082153
2316,RU-Poisson,pearson,0.9593896865844727
2331,RU-Poisson,pearson,0.9778628349304199
2332,RU-Poisson,pearson,0.9784461259841919
2334,RU-Poisson,pearson,0.979144275188446
2336,RU-Poisson,pearson,0.9686459302902222
2342,RU-Poisson,pearson,0.9766472578048706
2344,RU-Poisson,pearson,0.988201379776001
2345,RU-Poisson,pearson,0.9802665710449219
2350,RU-Poisson,pearson,0.9734381437301636
2358,RU-Poisson,pearson,0.9770444631576538
2378,RU-Poisson,pearson,0.9919608235359192
2388,RU-Poisson,pearson,0.9737856388092041
2390,RU-Poisson,pearson,0.9719740152359009
2396,RU-Poisson,pearson,0.9811708331108093
2415,RU-Poisson,pearson,0.9592540860176086
2417,RU-Poisson,pearson,0.9809228181838989
2427,RU-Poisson,pearson,0.9864794015884399
2428,RU-Poisson,pearson,0.9761238694190979
2442,RU-Poisson,pearson,0.983203649520874
2448,RU-Poisson,pearson,0.9902430772781372
2459,RU-Poisson,pearson,0.9841573238372803
2460,RU-Poisson,pearson,0.9834685325622559
2482,RU-Poisson,pearson,0.9870918989181519
2483,RU-Poisson,pearson,0.9893864989280701
2501,RU-Poisson,pearson,0.962226927280426
2512,RU-Poisson,pearson,0.980070948600769
2514,RU-Poisson,pearson,0.9753467440605164
2520,RU-Poisson,pearson,0.9703775644302368
2536,RU-Poisson,pearson,0.9678216576576233
2543,RU-Poisson,pearson,0.9764266014099121
2554,RU-Poisson,pearson,0.9791840314865112
2598,RU-Poisson,pearson,0.9784923195838928
2602,RU-Poisson,pearson,0.9736984968185425
2604,RU-Poisson,pearson,0.9693781137466431
2609,RU-Poisson,pearson,0.9526129961013794
2611,RU-Poisson,pearson,0.9703974723815918
2616,RU-Poisson,pearson,0.9788773059844971
2618,RU-Poisson,pearson,0.9716305732727051
2630,RU-Poisson,pearson,0.9869806170463562
2647,RU-Poisson,pearson,0.9653319716453552
2652,RU-Poisson,pearson,0.9716920256614685
2653,RU-Poisson,pearson,0.9750820398330688
2660,RU-Poisson,pearson,0.9619022607803345
2673,RU-Poisson,pearson,0.9871651530265808
2682,RU-Poisson,pearson,0.9840143918991089
2687,RU-Poisson,pearson,0.9829230308532715
2700,RU-Poisson,pearson,0.9763453602790833
2702,RU-Poisson,pearson,0.9750548601150513
2711,RU-Poisson,pearson,0.976081132888794
2725,RU-Poisson,pearson,0.9723992347717285
2726,RU-Poisson,pearson,0.9777141809463501
2727,RU-Poisson,pearson,0.9776679277420044
2732,RU-Poisson,pearson,0.9722724556922913
2742,RU-Poisson,pearson,0.9773181080818176
2744,RU-Poisson,pearson,0.9780821800231934
2745,RU-Poisson,pearson,0.9769859910011292
2751,RU-Poisson,pearson,0.9627934694290161
2775,RU-Poisson,pearson,0.942317545413971
2782,RU-Poisson,pearson,0.9868331551551819
2783,RU-Poisson,pearson,0.9739239811897278
2787,RU-Poisson,pearson,0.9740850329399109
2788,RU-Poisson,pearson,0.982316792011261
2792,RU-Poisson,pearson,0.9776391983032227
2810,RU-Poisson,pearson,0.9761203527450562
2813,RU-Poisson,pearson,0.9743295311927795
2816,RU-Poisson,pearson,0.9738266468048096
2817,RU-Poisson,pearson,0.9725075364112854
2819,RU-Poisson,pearson,0.9882181286811829
2841,RU-Poisson,pearson,0.9670594930648804
2846,RU-Poisson,pearson,0.9833584427833557
2851,RU-Poisson,pearson,0.9748567938804626
2855,RU-Poisson,pearson,0.9634847044944763
2864,RU-Poisson,pearson,0.9815053939819336
2875,RU-Poisson,pearson,0.9650826454162598
2886,RU-Poisson,pearson,0.9738257527351379
2897,RU-Poisson,pearson,0.9834234714508057
2911,RU-Poisson,pearson,0.9767141938209534
2915,RU-Poisson,pearson,0.9847781658172607
2929,RU-Poisson,pearson,0.9807292222976685
2938,RU-Poisson,pearson,0.981065034866333
2945,RU-Poisson,pearson,0.9637411236763
2959,RU-Poisson,pearson,0.9745575785636902
2966,RU-Poisson,pearson,0.9784179925918579
2971,RU-Poisson,pearson,0.9807223081588745
2973,RU-Poisson,pearson,0.9802675247192383
2975,RU-Poisson,pearson,0.9662590622901917
2976,RU-Poisson,pearson,0.9811661839485168
2986,RU-Poisson,pearson,0.978837251663208
3010,RU-Poisson,pearson,0.973263144493103
3020,RU-Poisson,pearson,0.974668562412262
3027,RU-Poisson,pearson,0.981568455696106
3032,RU-Poisson,pearson,0.9674293994903564
3039,RU-Poisson,pearson,0.9759509563446045
3048,RU-Poisson,pearson,0.9777573943138123
3049,RU-Poisson,pearson,0.9811730980873108
3056,RU-Poisson,pearson,0.9711148738861084
3062,RU-Poisson,pearson,0.9859915971755981
3065,RU-Poisson,pearson,0.9714304804801941
3068,RU-Poisson,pearson,0.981552243232727
3071,RU-Poisson,pearson,0.963880181312561
3072,RU-Poisson,pearson,0.9819638729095459
3073,RU-Poisson,pearson,0.9673771262168884
3074,RU-Poisson,pearson,0.972834587097168
3085,RU-Poisson,pearson,0.9754671454429626
3086,RU-Poisson,pearson,0.9767890572547913
3089,RU-Poisson,pearson,0.9725744724273682
3095,RU-Poisson,pearson,0.9695349335670471
3105,RU-Poisson,pearson,0.9730031490325928
3107,RU-Poisson,pearson,0.9768691062927246
3111,RU-Poisson,pearson,0.9785040020942688
3118,RU-Poisson,pearson,0.9765470027923584
3126,RU-Poisson,pearson,0.9792662858963013
3132,RU-Poisson,pearson,0.9745365381240845
3134,RU-Poisson,pearson,0.9771319627761841
3142,RU-Poisson,pearson,0.9906577467918396
3149,RU-Poisson,pearson,0.9733850359916687
3151,RU-Poisson,pearson,0.9815025925636292
3152,RU-Poisson,pearson,0.9667099714279175
3165,RU-Poisson,pearson,0.9814189076423645
3167,RU-Poisson,pearson,0.9713215827941895
3168,RU-Poisson,pearson,0.9762681722640991
3178,RU-Poisson,pearson,0.9714388847351074
3183,RU-Poisson,pearson,0.9743228554725647
3185,RU-Poisson,pearson,0.9834016561508179
3217,RU-Poisson,pearson,0.9730945825576782
3219,RU-Poisson,pearson,0.961283802986145
3222,RU-Poisson,pearson,0.9697842001914978
3225,RU-Poisson,pearson,0.9828432202339172
3236,RU-Poisson,pearson,0.9717559814453125
3240,RU-Poisson,pearson,0.9781338572502136
3242,RU-Poisson,pearson,0.9836997389793396
3243,RU-Poisson,pearson,0.9686040878295898
3250,RU-Poisson,pearson,0.980175256729126
3253,RU-Poisson,pearson,0.9702886343002319
3276,RU-Poisson,pearson,0.9832291603088379
3280,RU-Poisson,pearson,0.9765043258666992
3289,RU-Poisson,pearson,0.9744768142700195
3297,RU-Poisson,pearson,0.9829252362251282
3313,RU-Poisson,pearson,0.9570315480232239
3317,RU-Poisson,pearson,0.9748953580856323
3328,RU-Poisson,pearson,0.9659853577613831
3333,RU-Poisson,pearson,0.9864159822463989
3341,RU-Poisson,pearson,0.9509336948394775
3342,RU-Poisson,pearson,0.9741529226303101
3345,RU-Poisson,pearson,0.9802172780036926
3363,RU-Poisson,pearson,0.9841043949127197
3367,RU-Poisson,pearson,0.9861876964569092
3381,RU-Poisson,pearson,0.9796575903892517
3395,RU-Poisson,pearson,0.9704200625419617
3397,RU-Poisson,pearson,0.9782716035842896
3402,RU-Poisson,pearson,0.9590080380439758
3403,RU-Poisson,pearson,0.9789581298828125
3404,RU-Poisson,pearson,0.9791960120201111
3427,RU-Poisson,pearson,0.9859999418258667
3436,RU-Poisson,pearson,0.9666528701782227
3443,RU-Poisson,pearson,0.96585613489151
3461,RU-Poisson,pearson,0.973882794380188
3462,RU-Poisson,pearson,0.9664530754089355
3465,RU-Poisson,pearson,0.9726660251617432
3487,RU-Poisson,pearson,0.9917901754379272
3495,RU-Poisson,pearson,0.9868035316467285
3509,RU-Poisson,pearson,0.9846935868263245
3510,RU-Poisson,pearson,0.9676371216773987
3511,RU-Poisson,pearson,0.9620174169540405
3512,RU-Poisson,pearson,0.981937825679779
3516,RU-Poisson,pearson,0.959518313407898
3527,RU-Poisson,pearson,0.9757048487663269
3543,RU-Poisson,pearson,0.9880922436714172
3551,RU-Poisson,pearson,0.9803617000579834
3554,RU-Poisson,pearson,0.9786322712898254
3557,RU-Poisson,pearson,0.9872676730155945
3559,RU-Poisson,pearson,0.9824604392051697
3561,RU-Poisson,pearson,0.987188458442688
3567,RU-Poisson,pearson,0.9815474152565002
3580,RU-Poisson,pearson,0.9878414273262024
3592,RU-Poisson,pearson,0.9674796462059021
3594,RU-Poisson,pearson,0.9774954915046692
3597,RU-Poisson,pearson,0.9647397398948669
3598,RU-Poisson,pearson,0.9533368349075317
3610,RU-Poisson,pearson,0.9720250964164734
3612,RU-Poisson,pearson,0.970967710018158
3625,RU-Poisson,pearson,0.9808705449104309
3634,RU-Poisson,pearson,0.9869564175605774
3636,RU-Poisson,pearson,0.9745295643806458
3644,RU-Poisson,pearson,0.9776883721351624
3646,RU-Poisson,pearson,0.9833069443702698
3647,RU-Poisson,pearson,0.985175609588623
3668,RU-Poisson,pearson,0.9810879230499268
3674,RU-Poisson,pearson,0.9699805378913879
3676,RU-Poisson,pearson,0.9601935148239136
3694,RU-Poisson,pearson,0.9708954095840454
3701,RU-Poisson,pearson,0.9654709696769714
3712,RU-Poisson,pearson,0.9772689938545227
3714,RU-Poisson,pearson,0.9823289513587952
3719,RU-Poisson,pearson,0.9734870195388794
3721,RU-Poisson,pearson,0.963274359703064
3723,RU-Poisson,pearson,0.9674956202507019
3725,RU-Poisson,pearson,0.9881996512413025
3728,RU-Poisson,pearson,0.9792091250419617
3730,RU-Poisson,pearson,0.9847028851509094
3739,RU-Poisson,pearson,0.976043701171875
3741,RU-Poisson,pearson,0.9779475331306458
3745,RU-Poisson,pearson,0.9787190556526184
3746,RU-Poisson,pearson,0.984970211982727
3754,RU-Poisson,pearson,0.9744411706924438
3758,RU-Poisson,pearson,0.9833164215087891
3759,RU-Poisson,pearson,0.976777195930481
3779,RU-Poisson,pearson,0.9845921993255615
3791,RU-Poisson,pearson,0.9853387475013733
3792,RU-Poisson,pearson,0.9825522899627686
3794,RU-Poisson,pearson,0.9813404083251953
3803,RU-Poisson,pearson,0.9901572465896606
3804,RU-Poisson,pearson,0.9761413335800171
3807,RU-Poisson,pearson,0.9599946737289429
3809,RU-Poisson,pearson,0.9845066070556641
3812,RU-Poisson,pearson,0.9719289541244507
3813,RU-Poisson,pearson,0.9674387574195862
3815,RU-Poisson,pearson,0.9717997908592224
3823,RU-Poisson,pearson,0.9696810245513916
3824,RU-Poisson,pearson,0.989442765712738
3827,RU-Poisson,pearson,0.9819169044494629
3830,RU-Poisson,pearson,0.9812779426574707
3834,RU-Poisson,pearson,0.9691588878631592
3838,RU-Poisson,pearson,0.9773901104927063
3845,RU-Poisson,pearson,0.9614748954772949
3846,RU-Poisson,pearson,0.9573870897293091
3849,RU-Poisson,pearson,0.9674786925315857
3850,RU-Poisson,pearson,0.9726146459579468
3859,RU-Poisson,pearson,0.9779561161994934
3883,RU-Poisson,pearson,0.966534435749054
3886,RU-Poisson,pearson,0.9618725180625916
3887,RU-Poisson,pearson,0.9760631322860718
3892,RU-Poisson,pearson,0.986184298992157
3894,RU-Poisson,pearson,0.9799060821533203
3897,RU-Poisson,pearson,0.9554862976074219
3917,RU-Poisson,pearson,0.989240288734436
3927,RU-Poisson,pearson,0.9770334362983704
3928,RU-Poisson,pearson,0.9731773734092712
3933,RU-Poisson,pearson,0.972752571105957
3937,RU-Poisson,pearson,0.9736502170562744
3938,RU-Poisson,pearson,0.9732962846755981
3951,RU-Poisson,pearson,0.9586293697357178
3969,RU-Poisson,pearson,0.9775307774543762
3972,RU-Poisson,pearson,0.9794020056724548
3978,RU-Poisson,pearson,0.9781696796417236
3982,RU-Poisson,pearson,0.9808699488639832
4000,RU-Poisson,pearson,0.9726980328559875
4001,RU-Poisson,pearson,0.9749050736427307
4006,RU-Poisson,pearson,0.9739020466804504
4010,RU-Poisson,pearson,0.9766722917556763
4018,RU-Poisson,pearson,0.9802572727203369
4020,RU-Poisson,pearson,0.9805863499641418
4023,RU-Poisson,pearson,0.9868394732475281
4028,RU-Poisson,pearson,0.9820732474327087
4035,RU-Poisson,pearson,0.9630023837089539
4038,RU-Poisson,pearson,0.9901929497718811
4039,RU-Poisson,pearson,0.9749963879585266
4047,RU-Poisson,pearson,0.9716866612434387
4050,RU-Poisson,pearson,0.9817641377449036
4052,RU-Poisson,pearson,0.9878664612770081
4055,RU-Poisson,pearson,0.978888213634491
4069,RU-Poisson,pearson,0.9450639486312866
4073,RU-Poisson,pearson,0.9734560251235962
4078,RU-Poisson,pearson,0.9824131727218628
4079,RU-Poisson,pearson,0.9808730483055115
4080,RU-Poisson,pearson,0.9751834273338318
4091,RU-Poisson,pearson,0.9803746938705444
4096,RU-Poisson,pearson,0.9811988472938538
4098,RU-Poisson,pearson,0.9721724987030029
4121,RU-Poisson,pearson,0.9721977114677429
4134,RU-Poisson,pearson,0.9730299115180969
4135,RU-Poisson,pearson,0.9753286838531494
4137,RU-Poisson,pearson,0.982804000377655
4145,RU-Poisson,pearson,0.9865937232971191
4149,RU-Poisson,pearson,0.9710420370101929
4153,RU-Poisson,pearson,0.9753342270851135
4181,RU-Poisson,pearson,0.9708487391471863
4188,RU-Poisson,pearson,0.9541787505149841
4196,RU-Poisson,pearson,0.9698162078857422
4204,RU-Poisson,pearson,0.9751569628715515
4209,RU-Poisson,pearson,0.9610709547996521
4211,RU-Poisson,pearson,0.972533106803894
4212,RU-Poisson,pearson,0.9688515067100525
4218,RU-Poisson,pearson,0.9712305665016174
4228,RU-Poisson,pearson,0.9754317402839661
4229,RU-Poisson,pearson,0.9690417647361755
4250,RU-Poisson,pearson,0.9628406167030334
4254,RU-Poisson,pearson,0.9812473058700562
4261,RU-Poisson,pearson,0.9802544116973877
4264,RU-Poisson,pearson,0.9765556454658508
4265,RU-Poisson,pearson,0.9791078567504883
4284,RU-Poisson,pearson,0.9797518253326416
4294,RU-Poisson,pearson,0.9759849309921265
4296,RU-Poisson,pearson,0.972981333732605
4306,RU-Poisson,pearson,0.9725777506828308
4321,RU-Poisson,pearson,0.9818861484527588
4327,RU-Poisson,pearson,0.9676191210746765
4331,RU-Poisson,pearson,0.9718868136405945
4334,RU-Poisson,pearson,0.9808520674705505
4339,RU-Poisson,pearson,0.9851459860801697
4340,RU-Poisson,pearson,0.9732627868652344
4344,RU-Poisson,pearson,0.979198694229126
4349,RU-Poisson,pearson,0.9660592675209045
4361,RU-Poisson,pearson,0.9626353979110718
4370,RU-Poisson,pearson,0.9804818630218506
4371,RU-Poisson,pearson,0.9872846007347107
4376,RU-Poisson,pearson,0.9684958457946777
4390,RU-Poisson,pearson,0.9796884059906006
4403,RU-Poisson,pearson,0.9819813370704651
4408,RU-Poisson,pearson,0.9825862050056458
4412,RU-Poisson,pearson,0.982343316078186
4419,RU-Poisson,pearson,0.9876542687416077
4433,RU-Poisson,pearson,0.9657471179962158
4437,RU-Poisson,pearson,0.9819909334182739
4446,RU-Poisson,pearson,0.9806751608848572
4450,RU-Poisson,pearson,0.97025465965271
4460,RU-Poisson,pearson,0.9726312756538391
4464,RU-Poisson,pearson,0.9747465252876282
4466,RU-Poisson,pearson,0.9729706645011902
4474,RU-Poisson,pearson,0.967655599117279
4491,RU-Poisson,pearson,0.9827188849449158
4499,RU-Poisson,pearson,0.970845639705658
4527,RU-Poisson,pearson,0.9828957319259644
4535,RU-Poisson,pearson,0.9688152074813843
4542,RU-Poisson,pearson,0.983258843421936
4544,RU-Poisson,pearson,0.9871556758880615
4547,RU-Poisson,pearson,0.9827435612678528
4554,RU-Poisson,pearson,0.969079852104187
4555,RU-Poisson,pearson,0.9592612385749817
4561,RU-Poisson,pearson,0.9839690923690796
4566,RU-Poisson,pearson,0.9795291423797607
4568,RU-Poisson,pearson,0.9678964614868164
4586,RU-Poisson,pearson,0.9690167307853699
4589,RU-Poisson,pearson,0.9815616011619568
4590,RU-Poisson,pearson,0.9814643859863281
4597,RU-Poisson,pearson,0.9751994013786316
4602,RU-Poisson,pearson,0.9676488637924194
4613,RU-Poisson,pearson,0.965458333492279
4614,RU-Poisson,pearson,0.9792436957359314
4619,RU-Poisson,pearson,0.9856615662574768
4627,RU-Poisson,pearson,0.9767664670944214
4629,RU-Poisson,pearson,0.97843998670578
4633,RU-Poisson,pearson,0.9833275079727173
4635,RU-Poisson,pearson,0.9762601256370544
4650,RU-Poisson,pearson,0.9680483341217041
4656,RU-Poisson,pearson,0.9703885912895203
4677,RU-Poisson,pearson,0.9875171184539795
4682,RU-Poisson,pearson,0.9853713512420654
4685,RU-Poisson,pearson,0.9897142052650452
4691,RU-Poisson,pearson,0.9683375954627991
4703,RU-Poisson,pearson,0.9741250276565552
4712,RU-Poisson,pearson,0.9901067018508911
4716,RU-Poisson,pearson,0.9900296330451965
4725,RU-Poisson,pearson,0.9771663546562195
4727,RU-Poisson,pearson,0.9653330445289612
4734,RU-Poisson,pearson,0.9696367979049683
4750,RU-Poisson,pearson,0.9771594405174255
4751,RU-Poisson,pearson,0.985595703125
4752,RU-Poisson,pearson,0.9697931408882141
4753,RU-Poisson,pearson,0.9852087497711182
4760,RU-Poisson,pearson,0.967949628829956
4761,RU-Poisson,pearson,0.9742454290390015
4770,RU-Poisson,pearson,0.9834608435630798
4774,RU-Poisson,pearson,0.9829642176628113
4777,RU-Poisson,pearson,0.9650682210922241
4791,RU-Poisson,pearson,0.9695955514907837
4793,RU-Poisson,pearson,0.9833027124404907
4796,RU-Poisson,pearson,0.981331467628479
4801,RU-Poisson,pearson,0.9738561511039734
4809,RU-Poisson,pearson,0.9811288714408875
4811,RU-Poisson,pearson,0.9720380306243896
4813,RU-Poisson,pearson,0.9858173727989197
4821,RU-Poisson,pearson,0.9762948155403137
4828,RU-Poisson,pearson,0.987316906452179
4839,RU-Poisson,pearson,0.9845296740531921
4842,RU-Poisson,pearson,0.9626676440238953
4851,RU-Poisson,pearson,0.9878259897232056
4854,RU-Poisson,pearson,0.9810032844543457
4859,RU-Poisson,pearson,0.9874079823493958
4862,RU-Poisson,pearson,0.9754059314727783
4866,RU-Poisson,pearson,0.9707344174385071
4881,RU-Poisson,pearson,0.9674392938613892
4901,RU-Poisson,pearson,0.9751257300376892
4905,RU-Poisson,pearson,0.9693607091903687
4907,RU-Poisson,pearson,0.9716304540634155
4911,RU-Poisson,pearson,0.9687542915344238
4923,RU-Poisson,pearson,0.9737086892127991
4926,RU-Poisson,pearson,0.9802828431129456
4936,RU-Poisson,pearson,0.9763706922531128
4937,RU-Poisson,pearson,0.9859277606010437
4939,RU-Poisson,pearson,0.965272068977356
4943,RU-Poisson,pearson,0.9615909457206726
4973,RU-Poisson,pearson,0.9764528870582581
4975,RU-Poisson,pearson,0.9914560317993164
4980,RU-Poisson,pearson,0.9689388275146484
4987,RU-Poisson,pearson,0.9575701355934143
4995,RU-Poisson,pearson,0.9659538865089417
4997,RU-Poisson,pearson,0.981236457824707
5010,RU-Poisson,pearson,0.9742193818092346
5013,RU-Poisson,pearson,0.9784889221191406
5017,RU-Poisson,pearson,0.9890262484550476
5025,RU-Poisson,pearson,0.9641010165214539
5028,RU-Poisson,pearson,0.9738627672195435
5039,RU-Poisson,pearson,0.973408043384552
5041,RU-Poisson,pearson,0.9820946455001831
5053,RU-Poisson,pearson,0.9830204844474792
5058,RU-Poisson,pearson,0.9891842603683472
5064,RU-Poisson,pearson,0.984175980091095
5069,RU-Poisson,pearson,0.9814853072166443
5073,RU-Poisson,pearson,0.9795709848403931
5084,RU-Poisson,pearson,0.962877631187439
5096,RU-Poisson,pearson,0.9818825721740723
5099,RU-Poisson,pearson,0.977808952331543
5101,RU-Poisson,pearson,0.9724074602127075
5103,RU-Poisson,pearson,0.9735223650932312
5105,RU-Poisson,pearson,0.9660735130310059
5106,RU-Poisson,pearson,0.9783773422241211
5120,RU-Poisson,pearson,0.9710530638694763
5125,RU-Poisson,pearson,0.961752712726593
5139,RU-Poisson,pearson,0.9798027276992798
5151,RU-Poisson,pearson,0.9715665578842163
5154,RU-Poisson,pearson,0.9741377234458923
5160,RU-Poisson,pearson,0.9696789979934692
5162,RU-Poisson,pearson,0.9769411087036133
5182,RU-Poisson,pearson,0.9635950326919556
5183,RU-Poisson,pearson,0.983299970626831
5190,RU-Poisson,pearson,0.985920786857605
5199,RU-Poisson,pearson,0.9761172533035278
5216,RU-Poisson,pearson,0.9778357148170471
5220,RU-Poisson,pearson,0.9748985171318054
5221,RU-Poisson,pearson,0.9834095239639282
5227,RU-Poisson,pearson,0.9914382696151733
5234,RU-Poisson,pearson,0.9769642353057861
5235,RU-Poisson,pearson,0.9824404716491699
5250,RU-Poisson,pearson,0.9761245846748352
5254,RU-Poisson,pearson,0.9886267781257629
5259,RU-Poisson,pearson,0.9775078892707825
5263,RU-Poisson,pearson,0.982235848903656
5265,RU-Poisson,pearson,0.8593541979789734
5268,RU-Poisson,pearson,0.9867932200431824
5275,RU-Poisson,pearson,0.9825218915939331
5281,RU-Poisson,pearson,0.9701589345932007
5290,RU-Poisson,pearson,0.9834067821502686
5293,RU-Poisson,pearson,0.97113037109375
5302,RU-Poisson,pearson,0.9573594927787781
5313,RU-Poisson,pearson,0.9802664518356323
5336,RU-Poisson,pearson,0.9731658697128296
5337,RU-Poisson,pearson,0.9840286374092102
5347,RU-Poisson,pearson,0.9552516937255859
5357,RU-Poisson,pearson,0.983471691608429
5360,RU-Poisson,pearson,0.9435049295425415
5362,RU-Poisson,pearson,0.9882077574729919
5370,RU-Poisson,pearson,0.9489307403564453
5372,RU-Poisson,pearson,0.9652890563011169
5378,RU-Poisson,pearson,0.9639707803726196
5383,RU-Poisson,pearson,0.9691656827926636
5400,RU-Poisson,pearson,0.9659826755523682
5408,RU-Poisson,pearson,0.9813608527183533
5413,RU-Poisson,pearson,0.9852656722068787
5415,RU-Poisson,pearson,0.9758268594741821
5417,RU-Poisson,pearson,0.9799398183822632
5425,RU-Poisson,pearson,0.9661402702331543
5435,RU-Poisson,pearson,0.9757534861564636
5437,RU-Poisson,pearson,0.9647548794746399
5443,RU-Poisson,pearson,0.9702483415603638
5450,RU-Poisson,pearson,0.9695810079574585
5452,RU-Poisson,pearson,0.9774399399757385
5456,RU-Poisson,pearson,0.9771163463592529
5459,RU-Poisson,pearson,0.9800091981887817
5479,RU-Poisson,pearson,0.9610378742218018
5485,RU-Poisson,pearson,0.9738855361938477
5493,RU-Poisson,pearson,0.9746596813201904
5496,RU-Poisson,pearson,0.9854074120521545
5497,RU-Poisson,pearson,0.9665488600730896
5519,RU-Poisson,pearson,0.986663818359375
5521,RU-Poisson,pearson,0.9735191464424133
5522,RU-Poisson,pearson,0.9765377640724182
5532,RU-Poisson,pearson,0.9661354422569275
5544,RU-Poisson,pearson,0.9845856428146362
5545,RU-Poisson,pearson,0.9843283891677856
5551,RU-Poisson,pearson,0.9716604948043823
5555,RU-Poisson,pearson,0.9661838412284851
5556,RU-Poisson,pearson,0.9907634854316711
5557,RU-Poisson,pearson,0.9819456934928894
5560,RU-Poisson,pearson,0.9697673320770264
5569,RU-Poisson,pearson,0.9783550500869751
5572,RU-Poisson,pearson,0.9671807885169983
5573,RU-Poisson,pearson,0.9697211980819702
5578,RU-Poisson,pearson,0.9779457449913025
5584,RU-Poisson,pearson,0.9805570840835571
5585,RU-Poisson,pearson,0.9703651666641235
5587,RU-Poisson,pearson,0.9733253717422485
5589,RU-Poisson,pearson,0.9817642569541931
5596,RU-Poisson,pearson,0.9663040637969971
5603,RU-Poisson,pearson,0.9846678376197815
5608,RU-Poisson,pearson,0.9617636203765869
5610,RU-Poisson,pearson,0.9662837982177734
5615,RU-Poisson,pearson,0.9891563653945923
5618,RU-Poisson,pearson,0.9736101627349854
5623,RU-Poisson,pearson,0.9867223501205444
5633,RU-Poisson,pearson,0.9813724160194397
5646,RU-Poisson,pearson,0.9767834544181824
5648,RU-Poisson,pearson,0.9777277708053589
5657,RU-Poisson,pearson,0.9742543697357178
5662,RU-Poisson,pearson,0.9806057214736938
5667,RU-Poisson,pearson,0.974452793598175
5674,RU-Poisson,pearson,0.9769250154495239
5677,RU-Poisson,pearson,0.962932825088501
5697,RU-Poisson,pearson,0.9581621289253235
5712,RU-Poisson,pearson,0.9793891906738281
5715,RU-Poisson,pearson,0.9795604348182678
5728,RU-Poisson,pearson,0.9817002415657043
5737,RU-Poisson,pearson,0.9731267094612122
5742,RU-Poisson,pearson,0.9771645069122314
5744,RU-Poisson,pearson,0.982585608959198
5758,RU-Poisson,pearson,0.9757192730903625
5763,RU-Poisson,pearson,0.9740738868713379
5770,RU-Poisson,pearson,0.9508950114250183
5774,RU-Poisson,pearson,0.9647526741027832
5785,RU-Poisson,pearson,0.9701268672943115
5793,RU-Poisson,pearson,0.9733316898345947
5802,RU-Poisson,pearson,0.9794607162475586
5803,RU-Poisson,pearson,0.9705352187156677
5804,RU-Poisson,pearson,0.9752923250198364
5810,RU-Poisson,pearson,0.9740719795227051
5813,RU-Poisson,pearson,0.9859787225723267
5819,RU-Poisson,pearson,0.9869417548179626
5831,RU-Poisson,pearson,0.9780145287513733
5838,RU-Poisson,pearson,0.9759030342102051
5848,RU-Poisson,pearson,0.9747108817100525
5850,RU-Poisson,pearson,0.9610277414321899
5851,RU-Poisson,pearson,0.9752572178840637
5860,RU-Poisson,pearson,0.9823973178863525
5877,RU-Poisson,pearson,0.9630875587463379
5878,RU-Poisson,pearson,0.9731876254081726
5880,RU-Poisson,pearson,0.9740323424339294
5884,RU-Poisson,pearson,0.9826003909111023
5890,RU-Poisson,pearson,0.9812310338020325
5892,RU-Poisson,pearson,0.9659867882728577
5895,RU-Poisson,pearson,0.9717764854431152
5899,RU-Poisson,pearson,0.9810505509376526
5903,RU-Poisson,pearson,0.9822070002555847
5904,RU-Poisson,pearson,0.971557080745697
5906,RU-Poisson,pearson,0.9783992171287537
5916,RU-Poisson,pearson,0.9598886966705322
5919,RU-Poisson,pearson,0.9648172855377197
5939,RU-Poisson,pearson,0.970812976360321
5941,RU-Poisson,pearson,0.9715609550476074
5961,RU-Poisson,pearson,0.9779752492904663
5966,RU-Poisson,pearson,0.9835452437400818
5967,RU-Poisson,pearson,0.965785801410675
5968,RU-Poisson,pearson,0.9853171706199646
5969,RU-Poisson,pearson,0.9688681960105896
5976,RU-Poisson,pearson,0.9774229526519775
5980,RU-Poisson,pearson,0.9828822612762451
5994,RU-Poisson,pearson,0.9849609732627869
6006,RU-Poisson,pearson,0.9806011319160461
6013,RU-Poisson,pearson,0.977878212928772
6018,RU-Poisson,pearson,0.9755465984344482
6020,RU-Poisson,pearson,0.9808587431907654
6021,RU-Poisson,pearson,0.972747802734375
6022,RU-Poisson,pearson,0.9650413990020752
6025,RU-Poisson,pearson,0.9657958149909973
6027,RU-Poisson,pearson,0.9835582375526428
6042,RU-Poisson,pearson,0.9915799498558044
6047,RU-Poisson,pearson,0.969188928604126
6048,RU-Poisson,pearson,0.985726535320282
6060,RU-Poisson,pearson,0.98947674036026
6063,RU-Poisson,pearson,0.9790477156639099
6067,RU-Poisson,pearson,0.9818693399429321
6071,RU-Poisson,pearson,0.9835771918296814
6075,RU-Poisson,pearson,0.9831241965293884
6083,RU-Poisson,pearson,0.9792312383651733
6085,RU-Poisson,pearson,0.9741129279136658
6089,RU-Poisson,pearson,0.977440357208252
6091,RU-Poisson,pearson,0.9839000105857849
6110,RU-Poisson,pearson,0.9737610816955566
6117,RU-Poisson,pearson,0.9680520296096802
6129,RU-Poisson,pearson,0.9765393733978271
6135,RU-Poisson,pearson,0.9825055599212646
6137,RU-Poisson,pearson,0.9791438579559326
6139,RU-Poisson,pearson,0.9773810505867004
6147,RU-Poisson,pearson,0.9821402430534363
6156,RU-Poisson,pearson,0.9844098687171936
6157,RU-Poisson,pearson,0.9878338575363159
6158,RU-Poisson,pearson,0.9665749669075012
6162,RU-Poisson,pearson,0.9736575484275818
6171,RU-Poisson,pearson,0.9833164215087891
6177,RU-Poisson,pearson,0.988561749458313
6181,RU-Poisson,pearson,0.9731552600860596
6182,RU-Poisson,pearson,0.9843230843544006
6184,RU-Poisson,pearson,0.9744465947151184
6189,RU-Poisson,pearson,0.9775300025939941
6199,RU-Poisson,pearson,0.9786436557769775
6204,RU-Poisson,pearson,0.9860672354698181
6208,RU-Poisson,pearson,0.9762935042381287
6209,RU-Poisson,pearson,0.9758018851280212
6217,RU-Poisson,pearson,0.966194748878479
6218,RU-Poisson,pearson,0.9713212251663208
6222,RU-Poisson,pearson,0.9507672786712646
6226,RU-Poisson,pearson,0.9727340936660767
6233,RU-Poisson,pearson,0.9775176048278809
6241,RU-Poisson,pearson,0.9903143644332886
6243,RU-Poisson,pearson,0.9837939739227295
6264,RU-Poisson,pearson,0.9621366858482361
6265,RU-Poisson,pearson,0.9835115671157837
6275,RU-Poisson,pearson,0.9783636331558228
6277,RU-Poisson,pearson,0.9760134816169739
6287,RU-Poisson,pearson,0.9800877571105957
6292,RU-Poisson,pearson,0.9857031106948853
6301,RU-Poisson,pearson,0.9759411811828613
6309,RU-Poisson,pearson,0.9807265400886536
6318,RU-Poisson,pearson,0.9801912903785706
6325,RU-Poisson,pearson,0.9804117679595947
6335,RU-Poisson,pearson,0.9808018803596497
6339,RU-Poisson,pearson,0.9852591753005981
6353,RU-Poisson,pearson,0.9806470274925232
6362,RU-Poisson,pearson,0.9740955233573914
6364,RU-Poisson,pearson,0.9869970083236694
6366,RU-Poisson,pearson,0.982584536075592
6368,RU-Poisson,pearson,0.9815372824668884
6386,RU-Poisson,pearson,0.9758870601654053
6402,RU-Poisson,pearson,0.9787182807922363
6403,RU-Poisson,pearson,0.9752799272537231
6410,RU-Poisson,pearson,0.9649254083633423
6416,RU-Poisson,pearson,0.9696652889251709
6421,RU-Poisson,pearson,0.9907137155532837
6422,RU-Poisson,pearson,0.9679402709007263
6423,RU-Poisson,pearson,0.9694494605064392
6427,RU-Poisson,pearson,0.9769837260246277
6428,RU-Poisson,pearson,0.9800060391426086
6432,RU-Poisson,pearson,0.9718025326728821
6446,RU-Poisson,pearson,0.9666139483451843
6457,RU-Poisson,pearson,0.9858551025390625
6471,RU-Poisson,pearson,0.9824923276901245
6484,RU-Poisson,pearson,0.9814766645431519
6496,RU-Poisson,pearson,0.9638322591781616
6498,RU-Poisson,pearson,0.970328688621521
6503,RU-Poisson,pearson,0.9793513417243958
6509,RU-Poisson,pearson,0.980940580368042
6513,RU-Poisson,pearson,0.9686564207077026
6522,RU-Poisson,pearson,0.9790271520614624
6539,RU-Poisson,pearson,0.9828999638557434
6545,RU-Poisson,pearson,0.9829859137535095
6547,RU-Poisson,pearson,0.9848888516426086
6552,RU-Poisson,pearson,0.9647169709205627
6559,RU-Poisson,pearson,0.9551950097084045
6564,RU-Poisson,pearson,0.9760071039199829
6566,RU-Poisson,pearson,0.977564811706543
6570,RU-Poisson,pearson,0.988024890422821
6584,RU-Poisson,pearson,0.9732421040534973
6588,RU-Poisson,pearson,0.9818705916404724
6594,RU-Poisson,pearson,0.9793073534965515
6612,RU-Poisson,pearson,0.985748291015625
6628,RU-Poisson,pearson,0.9847700595855713
6637,RU-Poisson,pearson,0.96916264295578
6642,RU-Poisson,pearson,0.9775482416152954
6647,RU-Poisson,pearson,0.9774945378303528
6648,RU-Poisson,pearson,0.9744880199432373
6649,RU-Poisson,pearson,0.9800570011138916
6653,RU-Poisson,pearson,0.9827069640159607
6656,RU-Poisson,pearson,0.9775881171226501
6660,RU-Poisson,pearson,0.9729058146476746
6672,RU-Poisson,pearson,0.9768657088279724
6676,RU-Poisson,pearson,0.9789003133773804
6682,RU-Poisson,pearson,0.9768306612968445
6683,RU-Poisson,pearson,0.9807945489883423
6691,RU-Poisson,pearson,0.9712617993354797
6695,RU-Poisson,pearson,0.9532386064529419
6700,RU-Poisson,pearson,0.9711563587188721
6705,RU-Poisson,pearson,0.9653997421264648
6706,RU-Poisson,pearson,0.9830062389373779
6711,RU-Poisson,pearson,0.9854748845100403
6732,RU-Poisson,pearson,0.9852461814880371
6742,RU-Poisson,pearson,0.9721359610557556
6744,RU-Poisson,pearson,0.7998979687690735
6747,RU-Poisson,pearson,0.9723211526870728
6757,RU-Poisson,pearson,0.9795017242431641
6769,RU-Poisson,pearson,0.9860528111457825
6786,RU-Poisson,pearson,0.9750443696975708
6787,RU-Poisson,pearson,0.9816438555717468
6800,RU-Poisson,pearson,0.9818604588508606
6808,RU-Poisson,pearson,0.9755232930183411
6826,RU-Poisson,pearson,0.9789689779281616
6831,RU-Poisson,pearson,0.9816848039627075
6833,RU-Poisson,pearson,0.973951518535614
6835,RU-Poisson,pearson,0.9760148525238037
6837,RU-Poisson,pearson,0.4243606925010681
6845,RU-Poisson,pearson,0.9721987247467041
6848,RU-Poisson,pearson,0.9778832197189331
6855,RU-Poisson,pearson,0.9662331938743591
6860,RU-Poisson,pearson,0.968678891658783
6865,RU-Poisson,pearson,0.9782419800758362
6872,RU-Poisson,pearson,0.9788900017738342
6880,RU-Poisson,pearson,0.9637048244476318
6887,RU-Poisson,pearson,0.9749125242233276
6889,RU-Poisson,pearson,0.9721328616142273
6894,RU-Poisson,pearson,0.9788166284561157
6904,RU-Poisson,pearson,0.9843690991401672
6913,RU-Poisson,pearson,0.9721576571464539
6928,RU-Poisson,pearson,0.9914337396621704
6936,RU-Poisson,pearson,0.9789026975631714
6963,RU-Poisson,pearson,0.9668015241622925
6971,RU-Poisson,pearson,0.9491501450538635
6992,RU-Poisson,pearson,0.975158154964447
7011,RU-Poisson,pearson,0.9673572778701782
7013,RU-Poisson,pearson,0.9734667539596558
7018,RU-Poisson,pearson,0.9670471549034119
7023,RU-Poisson,pearson,0.9793312549591064
7035,RU-Poisson,pearson,0.9571792483329773
7038,RU-Poisson,pearson,0.9816945791244507
7041,RU-Poisson,pearson,0.9753109216690063
7042,RU-Poisson,pearson,0.9827895760536194
7047,RU-Poisson,pearson,0.9881449937820435
7057,RU-Poisson,pearson,0.9829956293106079
7068,RU-Poisson,pearson,0.9890585541725159
7088,RU-Poisson,pearson,0.9728828072547913
7092,RU-Poisson,pearson,0.9825072288513184
7100,RU-Poisson,pearson,0.9785876274108887
7114,RU-Poisson,pearson,0.9615550637245178
7119,RU-Poisson,pearson,0.9800003170967102
7126,RU-Poisson,pearson,0.9733880162239075
7131,RU-Poisson,pearson,0.9814260601997375
7140,RU-Poisson,pearson,0.9723565578460693
7142,RU-Poisson,pearson,0.9729190468788147
7143,RU-Poisson,pearson,0.9795631766319275
7153,RU-Poisson,pearson,0.9748694896697998
7154,RU-Poisson,pearson,0.9588066935539246
7169,RU-Poisson,pearson,0.9746295809745789
7171,RU-Poisson,pearson,0.9820109605789185
7172,RU-Poisson,pearson,0.9798604249954224
7178,RU-Poisson,pearson,0.9852659702301025
7184,RU-Poisson,pearson,0.9689222574234009
7202,RU-Poisson,pearson,0.9759197235107422
7206,RU-Poisson,pearson,0.9591675400733948
7220,RU-Poisson,pearson,0.9720215797424316
7226,RU-Poisson,pearson,0.9729113578796387
7229,RU-Poisson,pearson,0.9712263345718384
7231,RU-Poisson,pearson,0.9798302054405212
7237,RU-Poisson,pearson,0.9722234010696411
7244,RU-Poisson,pearson,0.98045814037323
7256,RU-Poisson,pearson,0.9786759614944458
7259,RU-Poisson,pearson,0.9746678471565247
7269,RU-Poisson,pearson,0.979911208152771
7272,RU-Poisson,pearson,0.976364016532898
7274,RU-Poisson,pearson,0.9749414920806885
7276,RU-Poisson,pearson,0.9886913895606995
7287,RU-Poisson,pearson,0.9722254872322083
7288,RU-Poisson,pearson,0.9665852785110474
7290,RU-Poisson,pearson,0.9764379262924194
7293,RU-Poisson,pearson,0.9681130647659302
7295,RU-Poisson,pearson,0.9854188561439514
7299,RU-Poisson,pearson,0.9629315137863159
7301,RU-Poisson,pearson,0.9767121076583862
7313,RU-Poisson,pearson,0.9697307348251343
7321,RU-Poisson,pearson,0.9734460711479187
7327,RU-Poisson,pearson,0.9703470468521118
7328,RU-Poisson,pearson,0.9734408259391785
7331,RU-Poisson,pearson,0.9910258650779724
7340,RU-Poisson,pearson,0.9729355573654175
7346,RU-Poisson,pearson,0.9755610227584839
7350,RU-Poisson,pearson,0.9788376688957214
7373,RU-Poisson,pearson,0.978267252445221
7376,RU-Poisson,pearson,0.980902910232544
7383,RU-Poisson,pearson,0.981295645236969
7404,RU-Poisson,pearson,0.9765779376029968
7412,RU-Poisson,pearson,0.9708810448646545
7413,RU-Poisson,pearson,0.9703962802886963
7421,RU-Poisson,pearson,0.978020191192627
7422,RU-Poisson,pearson,0.9632481932640076
7426,RU-Poisson,pearson,0.9721503853797913
7427,RU-Poisson,pearson,0.9858913421630859
7429,RU-Poisson,pearson,0.9797067642211914
7432,RU-Poisson,pearson,0.9895742535591125
7454,RU-Poisson,pearson,0.9664262533187866
7459,RU-Poisson,pearson,0.9737492203712463
7463,RU-Poisson,pearson,0.9769521951675415
7464,RU-Poisson,pearson,0.9783632159233093
7476,RU-Poisson,pearson,0.9897450804710388
7477,RU-Poisson,pearson,0.9659225940704346
7498,RU-Poisson,pearson,0.9695026874542236
7509,RU-Poisson,pearson,0.9832400679588318
7511,RU-Poisson,pearson,0.9764342904090881
7517,RU-Poisson,pearson,0.9913987517356873
7526,RU-Poisson,pearson,0.9888982176780701
7528,RU-Poisson,pearson,0.9815386533737183
7529,RU-Poisson,pearson,0.9809212684631348
7545,RU-Poisson,pearson,0.9838196635246277
7546,RU-Poisson,pearson,0.9785532355308533
7548,RU-Poisson,pearson,0.9756119847297668
7555,RU-Poisson,pearson,0.9745969176292419
7563,RU-Poisson,pearson,0.9830283522605896
7570,RU-Poisson,pearson,0.9730140566825867
7572,RU-Poisson,pearson,0.9738122820854187
7576,RU-Poisson,pearson,0.9777103662490845
7577,RU-Poisson,pearson,0.9745506644248962
7595,RU-Poisson,pearson,0.96349036693573
7606,RU-Poisson,pearson,0.9886452555656433
7608,RU-Poisson,pearson,0.9877417683601379
7619,RU-Poisson,pearson,0.9809095859527588
7620,RU-Poisson,pearson,0.9773876070976257
7624,RU-Poisson,pearson,0.9771521091461182
7627,RU-Poisson,pearson,0.966742753982544
7629,RU-Poisson,pearson,0.9601390361785889
7630,RU-Poisson,pearson,0.9778959155082703
7632,RU-Poisson,pearson,0.9727025032043457
7645,RU-Poisson,pearson,0.978344738483429
7656,RU-Poisson,pearson,0.9792806506156921
7671,RU-Poisson,pearson,0.9848583936691284
7676,RU-Poisson,pearson,0.9842163920402527
7688,RU-Poisson,pearson,0.977163553237915
7691,RU-Poisson,pearson,0.9734705090522766
7692,RU-Poisson,pearson,0.9852063059806824
7709,RU-Poisson,pearson,0.982639491558075
7710,RU-Poisson,pearson,0.9770415425300598
7719,RU-Poisson,pearson,0.9817004799842834
7738,RU-Poisson,pearson,0.9799319505691528
7740,RU-Poisson,pearson,0.9758735299110413
7741,RU-Poisson,pearson,0.9662278294563293
7742,RU-Poisson,pearson,0.983494758605957
7759,RU-Poisson,pearson,0.98360276222229
7764,RU-Poisson,pearson,0.9783852100372314
7768,RU-Poisson,pearson,0.983548641204834
7772,RU-Poisson,pearson,0.9846317768096924
7774,RU-Poisson,pearson,0.9699763059616089
7775,RU-Poisson,pearson,0.9725345969200134
7776,RU-Poisson,pearson,0.9814428687095642
7779,RU-Poisson,pearson,0.9664499163627625
7791,RU-Poisson,pearson,0.9883179068565369
7808,RU-Poisson,pearson,0.9808526635169983
7813,RU-Poisson,pearson,0.9842749834060669
7822,RU-Poisson,pearson,0.9858629107475281
7825,RU-Poisson,pearson,0.9782148599624634
7829,RU-Poisson,pearson,0.9790030121803284
7835,RU-Poisson,pearson,0.9699828028678894
7845,RU-Poisson,pearson,0.9750778675079346
7861,RU-Poisson,pearson,0.9868168234825134
7863,RU-Poisson,pearson,0.9805130958557129
7869,RU-Poisson,pearson,0.9676292538642883
7874,RU-Poisson,pearson,0.9908843636512756
7891,RU-Poisson,pearson,0.9676873087882996
7902,RU-Poisson,pearson,0.9648357033729553
7916,RU-Poisson,pearson,0.9732784628868103
7934,RU-Poisson,pearson,0.9877360463142395
7940,RU-Poisson,pearson,0.9873811602592468
7944,RU-Poisson,pearson,0.9722120761871338
7960,RU-Poisson,pearson,0.9839644432067871
7966,RU-Poisson,pearson,0.9711586833000183
7967,RU-Poisson,pearson,0.9659351706504822
7970,RU-Poisson,pearson,0.9867141842842102
7971,RU-Poisson,pearson,0.9816287755966187
7972,RU-Poisson,pearson,0.9622206091880798
7977,RU-Poisson,pearson,0.9750143885612488
7992,RU-Poisson,pearson,0.9859799742698669
8002,RU-Poisson,pearson,0.9876695871353149
8003,RU-Poisson,pearson,0.9802326560020447
8004,RU-Poisson,pearson,0.9828442335128784
8010,RU-Poisson,pearson,0.9735459089279175
8015,RU-Poisson,pearson,0.9831733703613281
8016,RU-Poisson,pearson,0.9650344848632812
8024,RU-Poisson,pearson,0.9702244400978088
8047,RU-Poisson,pearson,0.9695851802825928
8058,RU-Poisson,pearson,0.9575813412666321
8067,RU-Poisson,pearson,0.9715380668640137
8073,RU-Poisson,pearson,0.96706622838974
8076,RU-Poisson,pearson,0.9704208970069885
8081,RU-Poisson,pearson,0.9596421718597412
8114,RU-Poisson,pearson,0.9706980586051941
8115,RU-Poisson,pearson,0.975236713886261
8120,RU-Poisson,pearson,0.9762658476829529
8122,RU-Poisson,pearson,0.9800078272819519
8125,RU-Poisson,pearson,0.9845819473266602
8136,RU-Poisson,pearson,0.9726930856704712
8138,RU-Poisson,pearson,0.9748930931091309
8149,RU-Poisson,pearson,0.952817440032959
8156,RU-Poisson,pearson,0.980245053768158
8157,RU-Poisson,pearson,0.9890825152397156
8162,RU-Poisson,pearson,0.9751123189926147
8167,RU-Poisson,pearson,0.9827867150306702
8169,RU-Poisson,pearson,0.9731835126876831
8170,RU-Poisson,pearson,0.9805260896682739
8172,RU-Poisson,pearson,0.9656339287757874
8202,RU-Poisson,pearson,0.9869007468223572
8206,RU-Poisson,pearson,0.9678841233253479
8217,RU-Poisson,pearson,0.9743096232414246
8218,RU-Poisson,pearson,0.9825096726417542
8222,RU-Poisson,pearson,0.9832627177238464
8227,RU-Poisson,pearson,0.976794421672821
8249,RU-Poisson,pearson,0.9719028472900391
8251,RU-Poisson,pearson,0.9772183895111084
8252,RU-Poisson,pearson,0.9648212194442749
8256,RU-Poisson,pearson,0.9688313603401184
8263,RU-Poisson,pearson,0.9689655900001526
5,RU-Poisson,psnr,29.61427792573059
12,RU-Poisson,psnr,28.57166051891006
24,RU-Poisson,psnr,29.380285342421757
26,RU-Poisson,psnr,28.684239335277994
30,RU-Poisson,psnr,27.299638591861456
35,RU-Poisson,psnr,28.574234743923938
39,RU-Poisson,psnr,27.262645685484973
41,RU-Poisson,psnr,29.461252667976417
42,RU-Poisson,psnr,28.33654408444767
44,RU-Poisson,psnr,28.690121873713963
48,RU-Poisson,psnr,30.38238991425816
65,RU-Poisson,psnr,30.804165816914846
69,RU-Poisson,psnr,26.225513642763154
71,RU-Poisson,psnr,28.30614066020059
73,RU-Poisson,psnr,28.54800298793045
80,RU-Poisson,psnr,27.932604480105567
83,RU-Poisson,psnr,29.445182244109787
99,RU-Poisson,psnr,26.24532603549129
100,RU-Poisson,psnr,26.41539477199916
110,RU-Poisson,psnr,27.088004184484955
116,RU-Poisson,psnr,27.648582461694986
122,RU-Poisson,psnr,32.50508333258112
132,RU-Poisson,psnr,29.322232101142713
141,RU-Poisson,psnr,28.566183821963502
151,RU-Poisson,psnr,27.98621719559028
154,RU-Poisson,psnr,28.39793924721134
156,RU-Poisson,psnr,26.16398195003143
157,RU-Poisson,psnr,29.003415397683327
159,RU-Poisson,psnr,28.934997311701384
178,RU-Poisson,psnr,29.995365436785942
197,RU-Poisson,psnr,31.94061550916508
199,RU-Poisson,psnr,30.29868238190206
211,RU-Poisson,psnr,29.279656652384986
212,RU-Poisson,psnr,28.255470889141357
214,RU-Poisson,psnr,29.229123020576
221,RU-Poisson,psnr,29.102455093677094
232,RU-Poisson,psnr,29.210957495722134
233,RU-Poisson,psnr,30.05557364762961
240,RU-Poisson,psnr,26.843197120003776
242,RU-Poisson,psnr,24.712073729230227
243,RU-Poisson,psnr,27.851677721947766
244,RU-Poisson,psnr,28.712678144891743
260,RU-Poisson,psnr,35.15869557976846
273,RU-Poisson,psnr,26.95854020933936
275,RU-Poisson,psnr,27.629895794284174
276,RU-Poisson,psnr,27.82412567043862
283,RU-Poisson,psnr,27.136552049602418
297,RU-Poisson,psnr,26.711165519783584
303,RU-Poisson,psnr,28.316810388770186
310,RU-Poisson,psnr,31.600148089918374
318,RU-Poisson,psnr,28.319165981677997
319,RU-Poisson,psnr,27.690797389006043
324,RU-Poisson,psnr,29.36942197013527
326,RU-Poisson,psnr,30.84755725850435
328,RU-Poisson,psnr,32.124625715140155
330,RU-Poisson,psnr,29.675183606354953
333,RU-Poisson,psnr,29.469783237671464
340,RU-Poisson,psnr,27.734656282848942
347,RU-Poisson,psnr,27.75267407468975
348,RU-Poisson,psnr,28.85432975884751
360,RU-Poisson,psnr,30.77052601755986
361,RU-Poisson,psnr,27.299074746382715
364,RU-Poisson,psnr,27.89766787423202
366,RU-Poisson,psnr,31.317797967071037
378,RU-Poisson,psnr,29.239769100221288
391,RU-Poisson,psnr,28.18476644560681
394,RU-Poisson,psnr,28.9700759330028
398,RU-Poisson,psnr,27.894916330686325
408,RU-Poisson,psnr,28.838240109467385
409,RU-Poisson,psnr,27.826104378714366
410,RU-Poisson,psnr,25.821257684973325
412,RU-Poisson,psnr,30.943386301164946
425,RU-Poisson,psnr,27.102490670005295
429,RU-Poisson,psnr,28.072125030404496
438,RU-Poisson,psnr,29.326554551332716
461,RU-Poisson,psnr,26.245803544487664
463,RU-Poisson,psnr,27.33944758336563
464,RU-Poisson,psnr,28.902977610953315
477,RU-Poisson,psnr,27.40881617124019
486,RU-Poisson,psnr,30.891286171923326
491,RU-Poisson,psnr,30.62926257012894
495,RU-Poisson,psnr,27.529491414144612
516,RU-Poisson,psnr,28.273989274781
521,RU-Poisson,psnr,28.29190753482071
531,RU-Poisson,psnr,28.628482688657712
533,RU-Poisson,psnr,25.72941877382275
537,RU-Poisson,psnr,29.71990029439073
542,RU-Poisson,psnr,28.341200692034892
543,RU-Poisson,psnr,29.575390774211243
548,RU-Poisson,psnr,28.313294206821297
554,RU-Poisson,psnr,28.7407226488154
565,RU-Poisson,psnr,30.40676263309896
570,RU-Poisson,psnr,31.61638551814681
574,RU-Poisson,psnr,26.82857382752281
590,RU-Poisson,psnr,28.765000452583145
610,RU-Poisson,psnr,28.321083639553546
613,RU-Poisson,psnr,30.519534136479948
634,RU-Poisson,psnr,28.6648421024106
637,RU-Poisson,psnr,30.11787446588379
642,RU-Poisson,psnr,27.945660239677153
644,RU-Poisson,psnr,29.39296454572763
663,RU-Poisson,psnr,29.16437404615566
670,RU-Poisson,psnr,25.879600869146294
676,RU-Poisson,psnr,29.16971497362291
680,RU-Poisson,psnr,30.117183190609154
686,RU-Poisson,psnr,28.71619034465855
695,RU-Poisson,psnr,29.321538399591862
707,RU-Poisson,psnr,29.155386021183798
711,RU-Poisson,psnr,28.36645403616648
712,RU-Poisson,psnr,29.149903584406417
713,RU-Poisson,psnr,27.569575259481354
717,RU-Poisson,psnr,30.88082574345354
721,RU-Poisson,psnr,30.356706246964794
738,RU-Poisson,psnr,27.59101104344331
748,RU-Poisson,psnr,31.836717169535337
752,RU-Poisson,psnr,29.69611200262621
760,RU-Poisson,psnr,29.342437142112033
763,RU-Poisson,psnr,30.68792576651917
770,RU-Poisson,psnr,28.53068952072098
776,RU-Poisson,psnr,27.223983142820565
778,RU-Poisson,psnr,28.75055500424599
782,RU-Poisson,psnr,29.304061785020323
787,RU-Poisson,psnr,27.809109674491566
793,RU-Poisson,psnr,29.01607570310851
799,RU-Poisson,psnr,28.620452933502794
800,RU-Poisson,psnr,26.94514171405236
804,RU-Poisson,psnr,28.470429217281787
810,RU-Poisson,psnr,28.44703602539814
812,RU-Poisson,psnr,28.30554037728386
819,RU-Poisson,psnr,29.578991009305216
823,RU-Poisson,psnr,29.782895945299916
827,RU-Poisson,psnr,26.350088568165475
831,RU-Poisson,psnr,29.68203477544804
847,RU-Poisson,psnr,25.329602451250835
849,RU-Poisson,psnr,31.019373812688077
856,RU-Poisson,psnr,27.722160808027503
865,RU-Poisson,psnr,28.501439185719633
871,RU-Poisson,psnr,30.10870567225091
873,RU-Poisson,psnr,28.556214705445182
880,RU-Poisson,psnr,31.097769349042956
884,RU-Poisson,psnr,27.0124803885469
887,RU-Poisson,psnr,29.162240452685758
893,RU-Poisson,psnr,27.799547322016522
906,RU-Poisson,psnr,27.522207888899647
909,RU-Poisson,psnr,26.17976400575661
910,RU-Poisson,psnr,27.474985722983053
913,RU-Poisson,psnr,28.587854795619357
916,RU-Poisson,psnr,30.55344511556654
927,RU-Poisson,psnr,29.331657924443952
930,RU-Poisson,psnr,29.603928524323134
939,RU-Poisson,psnr,30.137257221723942
956,RU-Poisson,psnr,28.71380312966609
963,RU-Poisson,psnr,25.674284674698743
966,RU-Poisson,psnr,31.753411888221848
969,RU-Poisson,psnr,25.516292474807933
970,RU-Poisson,psnr,28.935328605770913
978,RU-Poisson,psnr,28.744495037220364
988,RU-Poisson,psnr,28.43802323886994
989,RU-Poisson,psnr,29.84530135489663
992,RU-Poisson,psnr,29.021365499721256
995,RU-Poisson,psnr,28.555108213139434
1004,RU-Poisson,psnr,30.42298759680739
1008,RU-Poisson,psnr,26.34339163629171
1011,RU-Poisson,psnr,24.903644387858183
1013,RU-Poisson,psnr,28.52640173100724
1018,RU-Poisson,psnr,28.197398029112293
1022,RU-Poisson,psnr,31.069941619553173
1045,RU-Poisson,psnr,29.831057719848125
1049,RU-Poisson,psnr,31.112107186673235
1051,RU-Poisson,psnr,28.002268761650786
1061,RU-Poisson,psnr,28.33114183014194
1063,RU-Poisson,psnr,32.37803234919936
1068,RU-Poisson,psnr,33.031581682603836
1076,RU-Poisson,psnr,34.951726727597666
1079,RU-Poisson,psnr,28.631807156835016
1084,RU-Poisson,psnr,29.141730442618304
1089,RU-Poisson,psnr,27.640131601557208
1090,RU-Poisson,psnr,32.21829127979584
1099,RU-Poisson,psnr,26.294493597902413
1114,RU-Poisson,psnr,32.57813498584668
1120,RU-Poisson,psnr,27.77770223801971
1121,RU-Poisson,psnr,27.14219875556529
1134,RU-Poisson,psnr,28.293699798118258
1177,RU-Poisson,psnr,31.425824473225074
1178,RU-Poisson,psnr,31.212440208812737
1183,RU-Poisson,psnr,29.32069713603176
1193,RU-Poisson,psnr,27.731250583051224
1204,RU-Poisson,psnr,30.77500089502671
1208,RU-Poisson,psnr,30.02456102607182
1213,RU-Poisson,psnr,29.275833798317432
1231,RU-Poisson,psnr,29.325497879979974
1232,RU-Poisson,psnr,26.89924429360806
1233,RU-Poisson,psnr,27.017049653773213
1238,RU-Poisson,psnr,28.914142188762955
1240,RU-Poisson,psnr,30.98719975086135
1243,RU-Poisson,psnr,29.280647479245047
1260,RU-Poisson,psnr,31.244048768189753
1267,RU-Poisson,psnr,28.284643073560297
1268,RU-Poisson,psnr,28.379197444787742
1274,RU-Poisson,psnr,28.99194695171852
1281,RU-Poisson,psnr,29.31072363376403
1297,RU-Poisson,psnr,31.18701889815229
1307,RU-Poisson,psnr,28.385364600403868
1313,RU-Poisson,psnr,30.314891134429573
1330,RU-Poisson,psnr,27.86555261519654
1334,RU-Poisson,psnr,27.976441761858588
1346,RU-Poisson,psnr,30.756476070275088
1348,RU-Poisson,psnr,29.055463552781564
1355,RU-Poisson,psnr,29.58317008866463
1363,RU-Poisson,psnr,31.655880044863625
1366,RU-Poisson,psnr,29.68045363604972
1391,RU-Poisson,psnr,27.339110881197392
1400,RU-Poisson,psnr,30.037400216819712
1411,RU-Poisson,psnr,28.475674142367797
1413,RU-Poisson,psnr,31.296969042462557
1422,RU-Poisson,psnr,27.803145180346785
1425,RU-Poisson,psnr,26.74099647738978
1434,RU-Poisson,psnr,29.782940854245883
1441,RU-Poisson,psnr,30.627714848111836
1447,RU-Poisson,psnr,31.338955104847916
1458,RU-Poisson,psnr,28.50836162835133
1471,RU-Poisson,psnr,26.29359868342567
1481,RU-Poisson,psnr,29.57014708132411
1499,RU-Poisson,psnr,28.9930613131992
1506,RU-Poisson,psnr,27.134558066511293
1511,RU-Poisson,psnr,28.01408799058477
1512,RU-Poisson,psnr,30.042758999274977
1515,RU-Poisson,psnr,30.86974734312834
1522,RU-Poisson,psnr,28.07517596796704
1525,RU-Poisson,psnr,26.65416664327061
1536,RU-Poisson,psnr,29.055621415653498
1541,RU-Poisson,psnr,28.477957287663664
1543,RU-Poisson,psnr,27.878170480154466
1546,RU-Poisson,psnr,29.016983915249025
1551,RU-Poisson,psnr,26.192392639291633
1553,RU-Poisson,psnr,27.07602678455377
1559,RU-Poisson,psnr,26.18192486062117
1562,RU-Poisson,psnr,26.98833740408524
1563,RU-Poisson,psnr,26.93259330290668
1581,RU-Poisson,psnr,28.70573117374284
1613,RU-Poisson,psnr,29.706111907973373
1619,RU-Poisson,psnr,28.861052009381886
1622,RU-Poisson,psnr,27.925810757782365
1624,RU-Poisson,psnr,29.47383593182066
1634,RU-Poisson,psnr,29.999794800320664
1644,RU-Poisson,psnr,33.64566100228676
1645,RU-Poisson,psnr,30.33122214018882
1663,RU-Poisson,psnr,28.516276302561778
1673,RU-Poisson,psnr,29.159155289110664
1684,RU-Poisson,psnr,28.943240873716874
1685,RU-Poisson,psnr,30.035308177172265
1694,RU-Poisson,psnr,29.77153545606982
1697,RU-Poisson,psnr,27.942591469849717
1698,RU-Poisson,psnr,30.653185001307456
1700,RU-Poisson,psnr,27.377819838758
1715,RU-Poisson,psnr,28.75447262493715
1721,RU-Poisson,psnr,30.391112181820276
1724,RU-Poisson,psnr,27.620521610467147
1727,RU-Poisson,psnr,30.17119393936788
1729,RU-Poisson,psnr,28.883961772199058
1741,RU-Poisson,psnr,27.824664911384147
1760,RU-Poisson,psnr,30.019302674541603
1761,RU-Poisson,psnr,26.63292831842629
1763,RU-Poisson,psnr,30.044519597067037
1765,RU-Poisson,psnr,28.73253544956398
1773,RU-Poisson,psnr,29.13615193575637
1782,RU-Poisson,psnr,31.240352465540578
1784,RU-Poisson,psnr,31.322170751080854
1791,RU-Poisson,psnr,28.804038352478038
1798,RU-Poisson,psnr,29.242642957567885
1804,RU-Poisson,psnr,26.80257691327283
1812,RU-Poisson,psnr,29.410384985612087
1814,RU-Poisson,psnr,29.59827091497946
1819,RU-Poisson,psnr,28.961434621297812
1824,RU-Poisson,psnr,28.01843068204167
1831,RU-Poisson,psnr,29.432628890242647
1833,RU-Poisson,psnr,28.132225091151646
1841,RU-Poisson,psnr,27.78223585497164
1843,RU-Poisson,psnr,30.33140816815361
1868,RU-Poisson,psnr,29.529334592847746
1871,RU-Poisson,psnr,31.107066462262946
1881,RU-Poisson,psnr,29.828947567399503
1882,RU-Poisson,psnr,27.78919501467469
1888,RU-Poisson,psnr,32.00072887491295
1911,RU-Poisson,psnr,28.842420480338014
1919,RU-Poisson,psnr,31.180388283243943
1935,RU-Poisson,psnr,28.57700342985332
1942,RU-Poisson,psnr,29.12040782241933
1943,RU-Poisson,psnr,29.910162284661293
1963,RU-Poisson,psnr,26.998001900120684
1968,RU-Poisson,psnr,26.376888268955557
1985,RU-Poisson,psnr,27.452607572050837
1999,RU-Poisson,psnr,26.702745775196533
2000,RU-Poisson,psnr,28.857862934455397
2002,RU-Poisson,psnr,29.434950761081772
2003,RU-Poisson,psnr,30.79272731512181
2015,RU-Poisson,psnr,28.568533406188905
2020,RU-Poisson,psnr,28.250569709040306
2021,RU-Poisson,psnr,30.366992483783402
2026,RU-Poisson,psnr,30.797171588429812
2028,RU-Poisson,psnr,28.890761937824085
2034,RU-Poisson,psnr,28.989010023150037
2038,RU-Poisson,psnr,23.67226694311782
2060,RU-Poisson,psnr,30.92298506673451
2075,RU-Poisson,psnr,27.601909125364557
2078,RU-Poisson,psnr,28.292519485587224
2081,RU-Poisson,psnr,30.340522037668865
2095,RU-Poisson,psnr,28.580816594047565
2096,RU-Poisson,psnr,30.159734944971
2102,RU-Poisson,psnr,26.79138954436744
2107,RU-Poisson,psnr,29.19781608073582
2109,RU-Poisson,psnr,29.466784171415096
2111,RU-Poisson,psnr,30.361033142769266
2112,RU-Poisson,psnr,27.278275552022933
2118,RU-Poisson,psnr,28.77722973584596
2122,RU-Poisson,psnr,27.09111256806296
2123,RU-Poisson,psnr,27.233028061944946
2128,RU-Poisson,psnr,28.119978761595807
2140,RU-Poisson,psnr,27.263219117938657
2148,RU-Poisson,psnr,28.682671506824136
2149,RU-Poisson,psnr,27.147281058035425
2151,RU-Poisson,psnr,30.812594196922248
2152,RU-Poisson,psnr,28.66311723020341
2166,RU-Poisson,psnr,25.839968464276755
2168,RU-Poisson,psnr,28.145575516718274
2176,RU-Poisson,psnr,29.118845241708083
2178,RU-Poisson,psnr,30.26083471667214
2183,RU-Poisson,psnr,28.331588512046192
2195,RU-Poisson,psnr,26.86669836304838
2200,RU-Poisson,psnr,29.862348667304023
2204,RU-Poisson,psnr,27.432283738720017
2205,RU-Poisson,psnr,28.939580429370665
2206,RU-Poisson,psnr,28.16848376441574
2211,RU-Poisson,psnr,30.62657540816799
2218,RU-Poisson,psnr,31.885441222268888
2221,RU-Poisson,psnr,30.984107899760822
2224,RU-Poisson,psnr,29.17699023832146
2227,RU-Poisson,psnr,30.319685033846213
2231,RU-Poisson,psnr,27.493311055581927
2236,RU-Poisson,psnr,27.52127403236321
2238,RU-Poisson,psnr,24.910849944796748
2242,RU-Poisson,psnr,26.363219911616046
2246,RU-Poisson,psnr,28.00888092700516
2269,RU-Poisson,psnr,29.148377433933625
2278,RU-Poisson,psnr,27.109401864087815
2279,RU-Poisson,psnr,25.919472508992925
2305,RU-Poisson,psnr,27.316235182136804
2315,RU-Poisson,psnr,28.201572158188245
2316,RU-Poisson,psnr,27.77415212126213
2331,RU-Poisson,psnr,29.899207686975306
2332,RU-Poisson,psnr,30.79444936235882
2334,RU-Poisson,psnr,29.311506271010636
2336,RU-Poisson,psnr,26.02195501999267
2342,RU-Poisson,psnr,27.122427447160273
2344,RU-Poisson,psnr,29.978640165117547
2345,RU-Poisson,psnr,28.07287741894224
2350,RU-Poisson,psnr,27.03797472841178
2358,RU-Poisson,psnr,25.408585097167837
2378,RU-Poisson,psnr,27.618626517959186
2388,RU-Poisson,psnr,29.413049029585512
2390,RU-Poisson,psnr,25.10331800712597
2396,RU-Poisson,psnr,30.757186094388167
2415,RU-Poisson,psnr,29.847202339278095
2417,RU-Poisson,psnr,28.712817546860606
2427,RU-Poisson,psnr,27.134346922411595
2428,RU-Poisson,psnr,31.206718949831167
2442,RU-Poisson,psnr,28.471732642887204
2448,RU-Poisson,psnr,27.80222511802691
2459,RU-Poisson,psnr,30.37145799963454
2460,RU-Poisson,psnr,26.458186599143104
2482,RU-Poisson,psnr,30.609643315052992
2483,RU-Poisson,psnr,31.46012461495492
2501,RU-Poisson,psnr,27.11564316127592
2512,RU-Poisson,psnr,32.2403654331409
2514,RU-Poisson,psnr,29.812011680495498
2520,RU-Poisson,psnr,26.02933551228887
2536,RU-Poisson,psnr,27.11037683997882
2543,RU-Poisson,psnr,29.305314211819486
2554,RU-Poisson,psnr,29.869954931915544
2598,RU-Poisson,psnr,28.56716678707408
2602,RU-Poisson,psnr,26.512991227534428
2604,RU-Poisson,psnr,29.052550029481928
2609,RU-Poisson,psnr,29.112468389523816
2611,RU-Poisson,psnr,27.424118212397875
2616,RU-Poisson,psnr,26.009731890578113
2618,RU-Poisson,psnr,29.556682679318897
2630,RU-Poisson,psnr,27.678359322656
2647,RU-Poisson,psnr,27.15132103145646
2652,RU-Poisson,psnr,28.794442766941607
2653,RU-Poisson,psnr,26.880380696914887
2660,RU-Poisson,psnr,28.020952768469837
2673,RU-Poisson,psnr,29.122043748024332
2682,RU-Poisson,psnr,27.689489178482262
2687,RU-Poisson,psnr,31.591430840138162
2700,RU-Poisson,psnr,27.525888137927623
2702,RU-Poisson,psnr,24.745752487783456
2711,RU-Poisson,psnr,25.24178951971086
2725,RU-Poisson,psnr,27.371974813396648
2726,RU-Poisson,psnr,29.993062651130487
2727,RU-Poisson,psnr,24.747341881087507
2732,RU-Poisson,psnr,28.10947223335286
2742,RU-Poisson,psnr,26.53316081356013
2744,RU-Poisson,psnr,31.4714760391089
2745,RU-Poisson,psnr,29.806249965833924
2751,RU-Poisson,psnr,27.060538223908832
2775,RU-Poisson,psnr,35.00263233796189
2782,RU-Poisson,psnr,25.572873737253335
2783,RU-Poisson,psnr,26.739438521853547
2787,RU-Poisson,psnr,29.08688794722261
2788,RU-Poisson,psnr,27.659775805696714
2792,RU-Poisson,psnr,28.527860413031426
2810,RU-Poisson,psnr,28.173653090753128
2813,RU-Poisson,psnr,30.24769491207335
2816,RU-Poisson,psnr,29.2298159350319
2817,RU-Poisson,psnr,29.915233361119856
2819,RU-Poisson,psnr,32.083334717595655
2841,RU-Poisson,psnr,27.0526293756431
2846,RU-Poisson,psnr,26.93361620617427
2851,RU-Poisson,psnr,29.349871880784807
2855,RU-Poisson,psnr,27.26508826280236
2864,RU-Poisson,psnr,25.698445572974585
2875,RU-Poisson,psnr,28.674567805658974
2886,RU-Poisson,psnr,27.247417293133616
2897,RU-Poisson,psnr,26.659742944486588
2911,RU-Poisson,psnr,27.769414556336383
2915,RU-Poisson,psnr,29.41831736792497
2929,RU-Poisson,psnr,29.497012733395103
2938,RU-Poisson,psnr,27.3514583811647
2945,RU-Poisson,psnr,27.69160060867504
2959,RU-Poisson,psnr,25.58925878707133
2966,RU-Poisson,psnr,27.43689574379831
2971,RU-Poisson,psnr,29.600869107119575
2973,RU-Poisson,psnr,29.20989610790211
2975,RU-Poisson,psnr,28.397181140848055
2976,RU-Poisson,psnr,28.39571786787898
2986,RU-Poisson,psnr,30.056851724112626
3010,RU-Poisson,psnr,27.836706586624246
3020,RU-Poisson,psnr,27.16272518701842
3027,RU-Poisson,psnr,29.19682159725216
3032,RU-Poisson,psnr,27.91787334303534
3039,RU-Poisson,psnr,27.638149586254098
3048,RU-Poisson,psnr,28.054448731378724
3049,RU-Poisson,psnr,28.27518049489143
3056,RU-Poisson,psnr,27.8679122159545
3062,RU-Poisson,psnr,28.391144177382543
3065,RU-Poisson,psnr,30.494915402895707
3068,RU-Poisson,psnr,28.712529040198834
3071,RU-Poisson,psnr,28.614842450755802
3072,RU-Poisson,psnr,30.044599819719352
3073,RU-Poisson,psnr,27.750798898989558
3074,RU-Poisson,psnr,29.65435271418253
3085,RU-Poisson,psnr,30.00150167991313
3086,RU-Poisson,psnr,25.41242842444254
3089,RU-Poisson,psnr,30.042309651514465
3095,RU-Poisson,psnr,27.517831015529232
3105,RU-Poisson,psnr,28.615207994800084
3107,RU-Poisson,psnr,29.772357747391563
3111,RU-Poisson,psnr,26.74408579589717
3118,RU-Poisson,psnr,26.527488848849508
3126,RU-Poisson,psnr,29.573843540982786
3132,RU-Poisson,psnr,28.718546432186088
3134,RU-Poisson,psnr,28.706484074406795
3142,RU-Poisson,psnr,32.45033018633026
3149,RU-Poisson,psnr,28.51288969809458
3151,RU-Poisson,psnr,28.309505706657735
3152,RU-Poisson,psnr,29.832188763863698
3165,RU-Poisson,psnr,28.263877197272738
3167,RU-Poisson,psnr,26.225644175546925
3168,RU-Poisson,psnr,29.408479729585288
3178,RU-Poisson,psnr,27.54601279088479
3183,RU-Poisson,psnr,29.389763918009415
3185,RU-Poisson,psnr,33.17576663410207
3217,RU-Poisson,psnr,28.388498693702072
3219,RU-Poisson,psnr,28.217930379041633
3222,RU-Poisson,psnr,26.8464162414112
3225,RU-Poisson,psnr,27.417313132380656
3236,RU-Poisson,psnr,28.223347718884536
3240,RU-Poisson,psnr,29.70769574667561
3242,RU-Poisson,psnr,30.094564837466603
3243,RU-Poisson,psnr,27.74963876763234
3250,RU-Poisson,psnr,30.68092155726965
3253,RU-Poisson,psnr,27.362152718491206
3276,RU-Poisson,psnr,28.299560019971
3280,RU-Poisson,psnr,27.67686425465741
3289,RU-Poisson,psnr,29.865574143370623
3297,RU-Poisson,psnr,30.87533457283628
3313,RU-Poisson,psnr,29.580460185761275
3317,RU-Poisson,psnr,25.931372544894316
3328,RU-Poisson,psnr,27.20429347478185
3333,RU-Poisson,psnr,29.18703397131764
3341,RU-Poisson,psnr,29.393913035718107
3342,RU-Poisson,psnr,27.25411810684446
3345,RU-Poisson,psnr,27.71933444975275
3363,RU-Poisson,psnr,28.924548121803607
3367,RU-Poisson,psnr,31.218699743946097
3381,RU-Poisson,psnr,26.797879846119613
3395,RU-Poisson,psnr,28.320298478657158
3397,RU-Poisson,psnr,28.60773354123004
3402,RU-Poisson,psnr,26.538648953042436
3403,RU-Poisson,psnr,31.105686891503602
3404,RU-Poisson,psnr,26.422851702326877
3427,RU-Poisson,psnr,28.861262920835017
3436,RU-Poisson,psnr,27.121429079974924
3443,RU-Poisson,psnr,27.722400905899313
3461,RU-Poisson,psnr,28.669136468888073
3462,RU-Poisson,psnr,29.452990835576305
3465,RU-Poisson,psnr,28.00013735033355
3487,RU-Poisson,psnr,29.523589739071078
3495,RU-Poisson,psnr,30.0437081557353
3509,RU-Poisson,psnr,27.55268326306524
3510,RU-Poisson,psnr,28.48749734779848
3511,RU-Poisson,psnr,26.874323971452313
3512,RU-Poisson,psnr,28.35942093191008
3516,RU-Poisson,psnr,26.801818556122775
3527,RU-Poisson,psnr,26.200642887988735
3543,RU-Poisson,psnr,29.372142013016067
3551,RU-Poisson,psnr,31.457756508032446
3554,RU-Poisson,psnr,29.72110415392653
3557,RU-Poisson,psnr,31.235062795991595
3559,RU-Poisson,psnr,28.420829285885475
3561,RU-Poisson,psnr,27.751205652932157
3567,RU-Poisson,psnr,28.827154727182563
3580,RU-Poisson,psnr,27.94622081106226
3592,RU-Poisson,psnr,31.13884088438049
3594,RU-Poisson,psnr,28.894063116499918
3597,RU-Poisson,psnr,33.21368712774678
3598,RU-Poisson,psnr,29.588000082799656
3610,RU-Poisson,psnr,27.19978551557365
3612,RU-Poisson,psnr,28.7049994944112
3625,RU-Poisson,psnr,24.86377675951855
3634,RU-Poisson,psnr,31.70865713755226
3636,RU-Poisson,psnr,27.776280274536514
3644,RU-Poisson,psnr,27.112104041087875
3646,RU-Poisson,psnr,30.958183137698807
3647,RU-Poisson,psnr,27.66100528912095
3668,RU-Poisson,psnr,26.04291494867248
3674,RU-Poisson,psnr,28.45558277444003
3676,RU-Poisson,psnr,30.50973360695455
3694,RU-Poisson,psnr,28.25778478526032
3701,RU-Poisson,psnr,26.780504738746313
3712,RU-Poisson,psnr,27.38116313385591
3714,RU-Poisson,psnr,27.188462918532117
3719,RU-Poisson,psnr,28.588792377851043
3721,RU-Poisson,psnr,29.490701529782562
3723,RU-Poisson,psnr,26.30340636630371
3725,RU-Poisson,psnr,29.2637360482491
3728,RU-Poisson,psnr,30.826734723980262
3730,RU-Poisson,psnr,28.974273881422462
3739,RU-Poisson,psnr,30.87713759891228
3741,RU-Poisson,psnr,29.65597238275118
3745,RU-Poisson,psnr,30.341834758877006
3746,RU-Poisson,psnr,26.89710216925767
3754,RU-Poisson,psnr,29.629203545567037
3758,RU-Poisson,psnr,28.421652596640342
3759,RU-Poisson,psnr,31.212925533658016
3779,RU-Poisson,psnr,30.484331126316967
3791,RU-Poisson,psnr,27.881598208053326
3792,RU-Poisson,psnr,27.30835736103598
3794,RU-Poisson,psnr,29.84110678850825
3803,RU-Poisson,psnr,30.78907358010332
3804,RU-Poisson,psnr,28.428285440557943
3807,RU-Poisson,psnr,29.356089146743386
3809,RU-Poisson,psnr,29.67940430504648
3812,RU-Poisson,psnr,26.840489826231586
3813,RU-Poisson,psnr,28.586368613349777
3815,RU-Poisson,psnr,28.727514942865938
3823,RU-Poisson,psnr,27.970956670114028
3824,RU-Poisson,psnr,33.39576827937303
3827,RU-Poisson,psnr,28.131796796813386
3830,RU-Poisson,psnr,29.944407452534996
3834,RU-Poisson,psnr,26.521080863781044
3838,RU-Poisson,psnr,27.668768417684227
3845,RU-Poisson,psnr,33.50078687884328
3846,RU-Poisson,psnr,32.736872942237014
3849,RU-Poisson,psnr,29.27431077497543
3850,RU-Poisson,psnr,28.790847153561305
3859,RU-Poisson,psnr,28.97411658085366
3883,RU-Poisson,psnr,28.93208228765848
3886,RU-Poisson,psnr,26.823562422745812
3887,RU-Poisson,psnr,28.958441734556803
3892,RU-Poisson,psnr,26.0196284672147
3894,RU-Poisson,psnr,26.509425711232183
3897,RU-Poisson,psnr,29.190858950713064
3917,RU-Poisson,psnr,29.242071860945828
3927,RU-Poisson,psnr,29.09219709485008
3928,RU-Poisson,psnr,28.280161060720275
3933,RU-Poisson,psnr,27.83546474182236
3937,RU-Poisson,psnr,29.974160361697532
3938,RU-Poisson,psnr,29.47953061468872
3951,RU-Poisson,psnr,26.432427177103147
3969,RU-Poisson,psnr,27.865881544150714
3972,RU-Poisson,psnr,26.764431836529393
3978,RU-Poisson,psnr,29.574506050437897
3982,RU-Poisson,psnr,29.037725019837993
4000,RU-Poisson,psnr,27.220940539348454
4001,RU-Poisson,psnr,26.929511663444032
4006,RU-Poisson,psnr,30.37040614127665
4010,RU-Poisson,psnr,30.366414510100327
4018,RU-Poisson,psnr,30.03812473897293
4020,RU-Poisson,psnr,27.49256813021927
4023,RU-Poisson,psnr,30.80136340997681
4028,RU-Poisson,psnr,29.710574304108466
4035,RU-Poisson,psnr,26.738965425510294
4038,RU-Poisson,psnr,28.032464602711336
4039,RU-Poisson,psnr,28.347974553564235
4047,RU-Poisson,psnr,30.61773168527339
4050,RU-Poisson,psnr,28.224336844004117
4052,RU-Poisson,psnr,29.154966386213164
4055,RU-Poisson,psnr,29.094792036246126
4069,RU-Poisson,psnr,32.26473992734762
4073,RU-Poisson,psnr,29.925051661428878
4078,RU-Poisson,psnr,28.828897286486033
4079,RU-Poisson,psnr,27.31195184290322
4080,RU-Poisson,psnr,28.66827093011379
4091,RU-Poisson,psnr,27.508939474627446
4096,RU-Poisson,psnr,26.570189806721306
4098,RU-Poisson,psnr,29.370706698797136
4121,RU-Poisson,psnr,28.08516499606105
4134,RU-Poisson,psnr,28.369958730528086
4135,RU-Poisson,psnr,29.02202466518836
4137,RU-Poisson,psnr,30.092024639721195
4145,RU-Poisson,psnr,29.57858256975358
4149,RU-Poisson,psnr,30.96398419874673
4153,RU-Poisson,psnr,25.911481096996248
4181,RU-Poisson,psnr,27.242914465613435
4188,RU-Poisson,psnr,25.751246412627154
4196,RU-Poisson,psnr,27.88695814636629
4204,RU-Poisson,psnr,25.93987468624467
4209,RU-Poisson,psnr,28.918964575239634
4211,RU-Poisson,psnr,28.917303218675233
4212,RU-Poisson,psnr,28.22348865816255
4218,RU-Poisson,psnr,26.61632816223612
4228,RU-Poisson,psnr,28.591428239253315
4229,RU-Poisson,psnr,30.035729421654317
4250,RU-Poisson,psnr,29.245514951780965
4254,RU-Poisson,psnr,30.603902404256395
4261,RU-Poisson,psnr,29.758092817695
4264,RU-Poisson,psnr,28.632886746537068
4265,RU-Poisson,psnr,28.922845021780944
4284,RU-Poisson,psnr,28.136798181376644
4294,RU-Poisson,psnr,30.8454862914361
4296,RU-Poisson,psnr,29.6194063272771
4306,RU-Poisson,psnr,27.483373078330526
4321,RU-Poisson,psnr,27.960419200423946
4327,RU-Poisson,psnr,29.475222890078157
4331,RU-Poisson,psnr,29.84914698113883
4334,RU-Poisson,psnr,26.90700604249362
4339,RU-Poisson,psnr,29.648911777664924
4340,RU-Poisson,psnr,27.876497188620473
4344,RU-Poisson,psnr,26.9104302933673
4349,RU-Poisson,psnr,27.75460101430364
4361,RU-Poisson,psnr,30.933277103847992
4370,RU-Poisson,psnr,28.316901430600314
4371,RU-Poisson,psnr,30.800589736822708
4376,RU-Poisson,psnr,29.533179536573876
4390,RU-Poisson,psnr,28.087239383045066
4403,RU-Poisson,psnr,28.355540290263455
4408,RU-Poisson,psnr,30.05132984674635
4412,RU-Poisson,psnr,29.431989574021465
4419,RU-Poisson,psnr,29.720655288023686
4433,RU-Poisson,psnr,28.493444241066463
4437,RU-Poisson,psnr,28.875499160714078
4446,RU-Poisson,psnr,27.952592380876517
4450,RU-Poisson,psnr,30.084724673313247
4460,RU-Poisson,psnr,31.20532346150707
4464,RU-Poisson,psnr,27.653639588815118
4466,RU-Poisson,psnr,30.65726429625411
4474,RU-Poisson,psnr,27.620835165224115
4491,RU-Poisson,psnr,29.845382774044072
4499,RU-Poisson,psnr,29.72502404607024
4527,RU-Poisson,psnr,27.49668837176963
4535,RU-Poisson,psnr,26.642066801388026
4542,RU-Poisson,psnr,26.00798242443841
4544,RU-Poisson,psnr,27.47310299204554
4547,RU-Poisson,psnr,32.00711465805065
4554,RU-Poisson,psnr,29.25392535652619
4555,RU-Poisson,psnr,32.55880512660668
4561,RU-Poisson,psnr,29.5582997955599
4566,RU-Poisson,psnr,30.783390370362895
4568,RU-Poisson,psnr,28.796545795297362
4586,RU-Poisson,psnr,28.00117860379156
4589,RU-Poisson,psnr,25.510685507407977
4590,RU-Poisson,psnr,27.2387453032118
4597,RU-Poisson,psnr,26.71182210138625
4602,RU-Poisson,psnr,29.293606442535065
4613,RU-Poisson,psnr,26.878014642988894
4614,RU-Poisson,psnr,29.7645436438153
4619,RU-Poisson,psnr,29.163310900971553
4627,RU-Poisson,psnr,28.832492587234828
4629,RU-Poisson,psnr,27.38594042127728
4633,RU-Poisson,psnr,29.034569310046585
4635,RU-Poisson,psnr,28.579108325817103
4650,RU-Poisson,psnr,29.939226854300657
4656,RU-Poisson,psnr,32.0150018750229
4677,RU-Poisson,psnr,29.63660533009015
4682,RU-Poisson,psnr,26.589344386596746
4685,RU-Poisson,psnr,27.387452893215073
4691,RU-Poisson,psnr,26.164836631020254
4703,RU-Poisson,psnr,29.503676424185905
4712,RU-Poisson,psnr,28.130547519333973
4716,RU-Poisson,psnr,30.985958866536556
4725,RU-Poisson,psnr,29.478958183756873
4727,RU-Poisson,psnr,26.766446992300178
4734,RU-Poisson,psnr,28.40806217861789
4750,RU-Poisson,psnr,30.926264123339852
4751,RU-Poisson,psnr,28.31083490546263
4752,RU-Poisson,psnr,26.61687017702926
4753,RU-Poisson,psnr,28.861404728010406
4760,RU-Poisson,psnr,29.516326181659778
4761,RU-Poisson,psnr,27.08769830998492
4770,RU-Poisson,psnr,27.64875886893318
4774,RU-Poisson,psnr,29.348834203661937
4777,RU-Poisson,psnr,27.31865455353468
4791,RU-Poisson,psnr,29.64804311618092
4793,RU-Poisson,psnr,29.852859499688435
4796,RU-Poisson,psnr,27.809751355947554
4801,RU-Poisson,psnr,29.252362982687625
4809,RU-Poisson,psnr,30.092355568023898
4811,RU-Poisson,psnr,30.3111640797591
4813,RU-Poisson,psnr,29.062778737379183
4821,RU-Poisson,psnr,29.61743215105313
4828,RU-Poisson,psnr,26.552694789208793
4839,RU-Poisson,psnr,29.74138278533724
4842,RU-Poisson,psnr,26.25275929005141
4851,RU-Poisson,psnr,29.194131651548414
4854,RU-Poisson,psnr,27.702150543133037
4859,RU-Poisson,psnr,29.247247799471502
4862,RU-Poisson,psnr,27.833245496110056
4866,RU-Poisson,psnr,28.993170661357745
4881,RU-Poisson,psnr,27.597288611803382
4901,RU-Poisson,psnr,28.54107311320319
4905,RU-Poisson,psnr,28.698880484860673
4907,RU-Poisson,psnr,26.781682955426184
4911,RU-Poisson,psnr,29.47421443387226
4923,RU-Poisson,psnr,27.43208578803248
4926,RU-Poisson,psnr,28.171517345022576
4936,RU-Poisson,psnr,29.316330309803817
4937,RU-Poisson,psnr,27.25120585744984
4939,RU-Poisson,psnr,30.2053041083369
4943,RU-Poisson,psnr,27.943987625693858
4973,RU-Poisson,psnr,30.293647091705807
4975,RU-Poisson,psnr,31.482882370309667
4980,RU-Poisson,psnr,28.88097476737892
4987,RU-Poisson,psnr,28.12649149447518
4995,RU-Poisson,psnr,28.55916228464363
4997,RU-Poisson,psnr,27.051895509214553
5010,RU-Poisson,psnr,25.839891771174656
5013,RU-Poisson,psnr,30.368949234201853
5017,RU-Poisson,psnr,32.81501610523409
5025,RU-Poisson,psnr,29.141156673387044
5028,RU-Poisson,psnr,26.023957842938465
5039,RU-Poisson,psnr,30.5844907701813
5041,RU-Poisson,psnr,28.518349276478606
5053,RU-Poisson,psnr,28.260548203954098
5058,RU-Poisson,psnr,28.424042772853745
5064,RU-Poisson,psnr,30.522970250522732
5069,RU-Poisson,psnr,29.22880935450442
5073,RU-Poisson,psnr,29.078866806262262
5084,RU-Poisson,psnr,28.16669312303462
5096,RU-Poisson,psnr,27.594118621242192
5099,RU-Poisson,psnr,29.357409915250066
5101,RU-Poisson,psnr,27.404606855045166
5103,RU-Poisson,psnr,29.90873448932227
5105,RU-Poisson,psnr,28.10796034612359
5106,RU-Poisson,psnr,27.820957808166217
5120,RU-Poisson,psnr,30.09518655438409
5125,RU-Poisson,psnr,26.684096921418497
5139,RU-Poisson,psnr,31.437922580406497
5151,RU-Poisson,psnr,28.359985132854888
5154,RU-Poisson,psnr,27.28968370499149
5160,RU-Poisson,psnr,30.03996457742589
5162,RU-Poisson,psnr,29.95604329373706
5182,RU-Poisson,psnr,26.143551900131413
5183,RU-Poisson,psnr,31.523125922930074
5190,RU-Poisson,psnr,28.274931331821396
5199,RU-Poisson,psnr,25.45316249879742
5216,RU-Poisson,psnr,25.600987777299565
5220,RU-Poisson,psnr,28.07995863672641
5221,RU-Poisson,psnr,27.519252046264487
5227,RU-Poisson,psnr,27.795521457982527
5234,RU-Poisson,psnr,32.335074095676205
5235,RU-Poisson,psnr,27.243692215746222
5250,RU-Poisson,psnr,27.07190480535455
5254,RU-Poisson,psnr,29.116268984314637
5259,RU-Poisson,psnr,31.275765662837934
5263,RU-Poisson,psnr,28.407762322644786
5265,RU-Poisson,psnr,30.032128954055747
5268,RU-Poisson,psnr,29.243353833079215
5275,RU-Poisson,psnr,31.822150820542024
5281,RU-Poisson,psnr,27.055034006008746
5290,RU-Poisson,psnr,28.352456154350627
5293,RU-Poisson,psnr,28.41138343499152
5302,RU-Poisson,psnr,28.67680455405964
5313,RU-Poisson,psnr,28.72384356220539
5336,RU-Poisson,psnr,26.955654750453938
5337,RU-Poisson,psnr,29.55702591454155
5347,RU-Poisson,psnr,32.446496935305916
5357,RU-Poisson,psnr,29.904690343294305
5360,RU-Poisson,psnr,29.60520832547224
5362,RU-Poisson,psnr,29.049039499990094
5370,RU-Poisson,psnr,27.55506670625998
5372,RU-Poisson,psnr,27.14189980255844
5378,RU-Poisson,psnr,26.029445639053016
5383,RU-Poisson,psnr,31.28237759887965
5400,RU-Poisson,psnr,25.65104103887261
5408,RU-Poisson,psnr,28.0840249919342
5413,RU-Poisson,psnr,28.07278807963844
5415,RU-Poisson,psnr,28.498635082205
5417,RU-Poisson,psnr,27.6228155677995
5425,RU-Poisson,psnr,28.360063073403943
5435,RU-Poisson,psnr,30.158265012047668
5437,RU-Poisson,psnr,26.79523404169106
5443,RU-Poisson,psnr,28.280634509957906
5450,RU-Poisson,psnr,29.006516000131057
5452,RU-Poisson,psnr,28.75763105258767
5456,RU-Poisson,psnr,28.9979113160892
5459,RU-Poisson,psnr,28.61437921775492
5479,RU-Poisson,psnr,30.321022745983633
5485,RU-Poisson,psnr,27.13155250546913
5493,RU-Poisson,psnr,32.308678212081425
5496,RU-Poisson,psnr,30.643220469946556
5497,RU-Poisson,psnr,26.375977409399134
5519,RU-Poisson,psnr,26.67131501989129
5521,RU-Poisson,psnr,29.177845621757342
5522,RU-Poisson,psnr,27.66350230916563
5532,RU-Poisson,psnr,27.355210353284775
5544,RU-Poisson,psnr,28.244695619582405
5545,RU-Poisson,psnr,27.45500874561442
5551,RU-Poisson,psnr,28.189730312156286
5555,RU-Poisson,psnr,29.41314658008341
5556,RU-Poisson,psnr,30.14018763306774
5557,RU-Poisson,psnr,30.664549890680878
5560,RU-Poisson,psnr,27.00950153825606
5569,RU-Poisson,psnr,29.28752421867385
5572,RU-Poisson,psnr,25.353775564783977
5573,RU-Poisson,psnr,30.298688206572834
5578,RU-Poisson,psnr,27.79089362324477
5584,RU-Poisson,psnr,30.535924528518493
5585,RU-Poisson,psnr,28.615854495796423
5587,RU-Poisson,psnr,27.239638101186475
5589,RU-Poisson,psnr,30.318971140849925
5596,RU-Poisson,psnr,29.987796761390364
5603,RU-Poisson,psnr,32.278596463675946
5608,RU-Poisson,psnr,33.48048479340662
5610,RU-Poisson,psnr,26.336259610930654
5615,RU-Poisson,psnr,29.305528634813946
5618,RU-Poisson,psnr,28.770298464519378
5623,RU-Poisson,psnr,30.769547130906233
5633,RU-Poisson,psnr,27.757128252157216
5646,RU-Poisson,psnr,30.519356527691414
5648,RU-Poisson,psnr,30.54581623325754
5657,RU-Poisson,psnr,26.663510784475967
5662,RU-Poisson,psnr,29.720160868766424
5667,RU-Poisson,psnr,27.04977150848379
5674,RU-Poisson,psnr,28.155168440512313
5677,RU-Poisson,psnr,27.53696984439612
5697,RU-Poisson,psnr,28.513591574858363
5712,RU-Poisson,psnr,29.196051090777054
5715,RU-Poisson,psnr,29.643774769836465
5728,RU-Poisson,psnr,28.37474785399662
5737,RU-Poisson,psnr,27.023790750508812
5742,RU-Poisson,psnr,29.1451525256668
5744,RU-Poisson,psnr,29.50444764798224
5758,RU-Poisson,psnr,28.43109339919669
5763,RU-Poisson,psnr,30.49537470405076
5770,RU-Poisson,psnr,32.81078022521995
5774,RU-Poisson,psnr,28.808127359978492
5785,RU-Poisson,psnr,30.134526803964793
5793,RU-Poisson,psnr,29.88436755690309
5802,RU-Poisson,psnr,28.09762779729933
5803,RU-Poisson,psnr,24.302341641442233
5804,RU-Poisson,psnr,30.036261657309332
5810,RU-Poisson,psnr,24.8536346918821
5813,RU-Poisson,psnr,25.371340983540136
5819,RU-Poisson,psnr,30.157477780541797
5831,RU-Poisson,psnr,27.35877520943635
5838,RU-Poisson,psnr,29.71990227591542
5848,RU-Poisson,psnr,26.189628680062413
5850,RU-Poisson,psnr,28.97272918591539
5851,RU-Poisson,psnr,24.137243600623258
5860,RU-Poisson,psnr,30.582160435215663
5877,RU-Poisson,psnr,30.325202300237372
5878,RU-Poisson,psnr,30.736785993956136
5880,RU-Poisson,psnr,30.429078302235936
5884,RU-Poisson,psnr,29.85062033218352
5890,RU-Poisson,psnr,29.06163243473894
5892,RU-Poisson,psnr,31.158384492052917
5895,RU-Poisson,psnr,27.248249860300703
5899,RU-Poisson,psnr,31.05330303904793
5903,RU-Poisson,psnr,27.14146022778573
5904,RU-Poisson,psnr,28.911374071501225
5906,RU-Poisson,psnr,29.460971857767287
5916,RU-Poisson,psnr,27.557678667117237
5919,RU-Poisson,psnr,28.90893080801472
5939,RU-Poisson,psnr,27.82330054526145
5941,RU-Poisson,psnr,25.77799361112959
5961,RU-Poisson,psnr,30.4335167016359
5966,RU-Poisson,psnr,28.4428440617646
5967,RU-Poisson,psnr,27.425594744137932
5968,RU-Poisson,psnr,27.249888394733297
5969,RU-Poisson,psnr,28.46093530159587
5976,RU-Poisson,psnr,28.581693450183835
5980,RU-Poisson,psnr,28.776037849360275
5994,RU-Poisson,psnr,30.174928743480216
6006,RU-Poisson,psnr,29.78712638914711
6013,RU-Poisson,psnr,28.673061443894973
6018,RU-Poisson,psnr,27.60270261382907
6020,RU-Poisson,psnr,29.835372936802464
6021,RU-Poisson,psnr,28.667389679045993
6022,RU-Poisson,psnr,27.16748349514633
6025,RU-Poisson,psnr,29.1217903397197
6027,RU-Poisson,psnr,28.85384460882863
6042,RU-Poisson,psnr,31.883712432525073
6047,RU-Poisson,psnr,27.48112866525998
6048,RU-Poisson,psnr,30.578106956221017
6060,RU-Poisson,psnr,29.39262487027584
6063,RU-Poisson,psnr,27.140901403534375
6067,RU-Poisson,psnr,29.03008405815754
6071,RU-Poisson,psnr,26.27788192673243
6075,RU-Poisson,psnr,29.548222767760983
6083,RU-Poisson,psnr,25.807874896049388
6085,RU-Poisson,psnr,28.261821347153912
6089,RU-Poisson,psnr,28.975582405231144
6091,RU-Poisson,psnr,25.436278628705487
6110,RU-Poisson,psnr,28.815829016024892
6117,RU-Poisson,psnr,29.3985844762647
6129,RU-Poisson,psnr,27.62418304833957
6135,RU-Poisson,psnr,27.13268664054023
6137,RU-Poisson,psnr,27.671727849629658
6139,RU-Poisson,psnr,28.208632572628808
6147,RU-Poisson,psnr,27.757451519795705
6156,RU-Poisson,psnr,29.281740157016465
6157,RU-Poisson,psnr,31.367772216184882
6158,RU-Poisson,psnr,25.433494653436934
6162,RU-Poisson,psnr,30.290314247048183
6171,RU-Poisson,psnr,29.98099120041317
6177,RU-Poisson,psnr,30.660860784392256
6181,RU-Poisson,psnr,31.24770529892992
6182,RU-Poisson,psnr,28.24436456765634
6184,RU-Poisson,psnr,27.1765355343112
6189,RU-Poisson,psnr,26.88379589478453
6199,RU-Poisson,psnr,30.766963198891833
6204,RU-Poisson,psnr,27.49615147169491
6208,RU-Poisson,psnr,28.519680622980452
6209,RU-Poisson,psnr,30.30407611102186
6217,RU-Poisson,psnr,26.366254493385025
6218,RU-Poisson,psnr,26.659561142954885
6222,RU-Poisson,psnr,28.365074763274162
6226,RU-Poisson,psnr,29.085854505844438
6233,RU-Poisson,psnr,30.500475228911966
6241,RU-Poisson,psnr,31.11277942679937
6243,RU-Poisson,psnr,27.167107608421297
6264,RU-Poisson,psnr,30.5906657058172
6265,RU-Poisson,psnr,27.950931362843207
6275,RU-Poisson,psnr,26.801145224456143
6277,RU-Poisson,psnr,27.5641223389961
6287,RU-Poisson,psnr,28.60217482208009
6292,RU-Poisson,psnr,32.004213732031296
6301,RU-Poisson,psnr,30.059261116144768
6309,RU-Poisson,psnr,31.324327578819926
6318,RU-Poisson,psnr,32.996302553600614
6325,RU-Poisson,psnr,29.51431917269062
6335,RU-Poisson,psnr,28.520440867632736
6339,RU-Poisson,psnr,29.03800621386067
6353,RU-Poisson,psnr,30.086486564535466
6362,RU-Poisson,psnr,29.92955492001711
6364,RU-Poisson,psnr,26.62639144640167
6366,RU-Poisson,psnr,30.230852249695257
6368,RU-Poisson,psnr,28.388593039964594
6386,RU-Poisson,psnr,29.096283902339547
6402,RU-Poisson,psnr,28.540805824944783
6403,RU-Poisson,psnr,27.03346134621802
6410,RU-Poisson,psnr,27.37331470721505
6416,RU-Poisson,psnr,30.815527798791965
6421,RU-Poisson,psnr,31.82907601096195
6422,RU-Poisson,psnr,29.546768745632406
6423,RU-Poisson,psnr,27.907149946132385
6427,RU-Poisson,psnr,30.28907487570826
6428,RU-Poisson,psnr,27.66026585864995
6432,RU-Poisson,psnr,29.826211052871887
6446,RU-Poisson,psnr,29.386960164314285
6457,RU-Poisson,psnr,30.56813418836512
6471,RU-Poisson,psnr,29.685973586667593
6484,RU-Poisson,psnr,28.208157204259177
6496,RU-Poisson,psnr,29.510097645542906
6498,RU-Poisson,psnr,28.281817406382373
6503,RU-Poisson,psnr,31.51292102809022
6509,RU-Poisson,psnr,28.048841426687332
6513,RU-Poisson,psnr,28.80543473052574
6522,RU-Poisson,psnr,26.0007846915725
6539,RU-Poisson,psnr,29.778214712999237
6545,RU-Poisson,psnr,29.271787737486235
6547,RU-Poisson,psnr,29.504911574979673
6552,RU-Poisson,psnr,30.325294718139624
6559,RU-Poisson,psnr,29.532437754565173
6564,RU-Poisson,psnr,29.010527986082245
6566,RU-Poisson,psnr,28.733404763118603
6570,RU-Poisson,psnr,28.600442316511284
6584,RU-Poisson,psnr,30.82402909461722
6588,RU-Poisson,psnr,25.387564682960182
6594,RU-Poisson,psnr,24.932132581306004
6612,RU-Poisson,psnr,30.21630360656635
6628,RU-Poisson,psnr,27.37361795114577
6637,RU-Poisson,psnr,27.929871679788377
6642,RU-Poisson,psnr,29.080926626616655
6647,RU-Poisson,psnr,31.519817828900678
6648,RU-Poisson,psnr,29.477788383320693
6649,RU-Poisson,psnr,28.71936048582544
6653,RU-Poisson,psnr,27.017725415336677
6656,RU-Poisson,psnr,28.482271056223937
6660,RU-Poisson,psnr,29.659069967129838
6672,RU-Poisson,psnr,27.834733436526623
6676,RU-Poisson,psnr,29.487292993461974
6682,RU-Poisson,psnr,28.428285440557943
6683,RU-Poisson,psnr,29.564150377931696
6691,RU-Poisson,psnr,31.48252250975249
6695,RU-Poisson,psnr,29.51857179438916
6700,RU-Poisson,psnr,25.642805067794132
6705,RU-Poisson,psnr,26.261623992056656
6706,RU-Poisson,psnr,31.020242596639946
6711,RU-Poisson,psnr,29.767644333083837
6732,RU-Poisson,psnr,28.466272261824123
6742,RU-Poisson,psnr,26.86630602337383
6744,RU-Poisson,psnr,34.12345454441629
6747,RU-Poisson,psnr,28.240790679123627
6757,RU-Poisson,psnr,29.61073543820187
6769,RU-Poisson,psnr,30.069567546000798
6786,RU-Poisson,psnr,28.930389470668636
6787,RU-Poisson,psnr,29.225062155113072
6800,RU-Poisson,psnr,30.21671483767111
6808,RU-Poisson,psnr,29.95284002590983
6826,RU-Poisson,psnr,28.18638144636558
6831,RU-Poisson,psnr,29.186592305867904
6833,RU-Poisson,psnr,29.78251971725122
6835,RU-Poisson,psnr,27.11353874492312
6837,RU-Poisson,psnr,36.57141882956474
6845,RU-Poisson,psnr,29.593218440430018
6848,RU-Poisson,psnr,25.950930232551286
6855,RU-Poisson,psnr,26.72086863860994
6860,RU-Poisson,psnr,28.10390169154877
6865,RU-Poisson,psnr,25.451587673694704
6872,RU-Poisson,psnr,28.500204476557315
6880,RU-Poisson,psnr,29.626127373400358
6887,RU-Poisson,psnr,29.299029341499583
6889,RU-Poisson,psnr,28.499618180320525
6894,RU-Poisson,psnr,27.70827948423598
6904,RU-Poisson,psnr,29.40430645202003
6913,RU-Poisson,psnr,29.950922905462555
6928,RU-Poisson,psnr,32.92011129351992
6936,RU-Poisson,psnr,30.938974335039383
6963,RU-Poisson,psnr,27.32300285075858
6971,RU-Poisson,psnr,33.514947643775535
6992,RU-Poisson,psnr,26.89964743288854
7011,RU-Poisson,psnr,27.58373232633728
7013,RU-Poisson,psnr,30.431558794910725
7018,RU-Poisson,psnr,27.124913946315928
7023,RU-Poisson,psnr,27.775932542848306
7035,RU-Poisson,psnr,26.719909762711332
7038,RU-Poisson,psnr,26.806094120172684
7041,RU-Poisson,psnr,28.238965019707823
7042,RU-Poisson,psnr,29.71538458341356
7047,RU-Poisson,psnr,29.144558130561833
7057,RU-Poisson,psnr,30.75548537104406
7068,RU-Poisson,psnr,27.695104581859727
7088,RU-Poisson,psnr,26.021072215612335
7092,RU-Poisson,psnr,28.12451902239011
7100,RU-Poisson,psnr,28.23349034270901
7114,RU-Poisson,psnr,27.92432727787929
7119,RU-Poisson,psnr,27.58670942227746
7126,RU-Poisson,psnr,27.54322542788884
7131,RU-Poisson,psnr,30.973432714408787
7140,RU-Poisson,psnr,27.664694783935346
7142,RU-Poisson,psnr,29.132071331306072
7143,RU-Poisson,psnr,29.209150597878182
7153,RU-Poisson,psnr,29.522726740564387
7154,RU-Poisson,psnr,29.355794614248477
7169,RU-Poisson,psnr,30.025819152840157
7171,RU-Poisson,psnr,30.13464475440847
7172,RU-Poisson,psnr,26.563227387017506
7178,RU-Poisson,psnr,27.769844345766362
7184,RU-Poisson,psnr,27.08784466007642
7202,RU-Poisson,psnr,28.582614722450682
7206,RU-Poisson,psnr,27.380354813288147
7220,RU-Poisson,psnr,27.274170129025272
7226,RU-Poisson,psnr,27.23477685094439
7229,RU-Poisson,psnr,30.346366155576913
7231,RU-Poisson,psnr,28.361270394054472
7237,RU-Poisson,psnr,29.1518800926171
7244,RU-Poisson,psnr,29.967162615212544
7256,RU-Poisson,psnr,29.860736378323203
7259,RU-Poisson,psnr,28.816017403941892
7269,RU-Poisson,psnr,29.18127544764356
7272,RU-Poisson,psnr,27.700752672405258
7274,RU-Poisson,psnr,28.63502534220224
7276,RU-Poisson,psnr,31.723031118300867
7287,RU-Poisson,psnr,31.285872920423834
7288,RU-Poisson,psnr,28.646906492635118
7290,RU-Poisson,psnr,28.74161668333003
7293,RU-Poisson,psnr,30.57386625622184
7295,RU-Poisson,psnr,31.388542508939217
7299,RU-Poisson,psnr,32.10697390625746
7301,RU-Poisson,psnr,29.3122265864457
7313,RU-Poisson,psnr,30.87163405250882
7321,RU-Poisson,psnr,28.120251538866476
7327,RU-Poisson,psnr,24.894352656547053
7328,RU-Poisson,psnr,31.25095388688335
7331,RU-Poisson,psnr,31.48518631660945
7340,RU-Poisson,psnr,29.51330906975599
7346,RU-Poisson,psnr,29.458035434603378
7350,RU-Poisson,psnr,28.57455429624253
7373,RU-Poisson,psnr,27.02734565593422
7376,RU-Poisson,psnr,28.90584228634645
7383,RU-Poisson,psnr,28.384322985733583
7404,RU-Poisson,psnr,27.798626846548675
7412,RU-Poisson,psnr,31.540960849425744
7413,RU-Poisson,psnr,28.721247582509008
7421,RU-Poisson,psnr,31.47520655578885
7422,RU-Poisson,psnr,25.768896467602588
7426,RU-Poisson,psnr,28.011057617482024
7427,RU-Poisson,psnr,31.452035894304586
7429,RU-Poisson,psnr,29.667316557664382
7432,RU-Poisson,psnr,29.181451444294982
7454,RU-Poisson,psnr,26.709603797780158
7459,RU-Poisson,psnr,31.365887774621335
7463,RU-Poisson,psnr,29.12871641022774
7464,RU-Poisson,psnr,28.439014033846316
7476,RU-Poisson,psnr,29.988104327480038
7477,RU-Poisson,psnr,29.531167660580895
7498,RU-Poisson,psnr,26.116250924899052
7509,RU-Poisson,psnr,29.168274598589583
7511,RU-Poisson,psnr,25.979491929643043
7517,RU-Poisson,psnr,31.993010987829813
7526,RU-Poisson,psnr,28.120877063503023
7528,RU-Poisson,psnr,27.794268024490208
7529,RU-Poisson,psnr,28.90910317680959
7545,RU-Poisson,psnr,29.443718494507742
7546,RU-Poisson,psnr,28.49342187346432
7548,RU-Poisson,psnr,28.773673225440504
7555,RU-Poisson,psnr,28.083188755749564
7563,RU-Poisson,psnr,27.500792918822604
7570,RU-Poisson,psnr,29.929919301024725
7572,RU-Poisson,psnr,29.33009666348495
7576,RU-Poisson,psnr,28.524296617163436
7577,RU-Poisson,psnr,31.42959936372559
7595,RU-Poisson,psnr,24.704396538830515
7606,RU-Poisson,psnr,28.255744606643688
7608,RU-Poisson,psnr,28.743932749177535
7619,RU-Poisson,psnr,27.856764182032006
7620,RU-Poisson,psnr,26.832371583138553
7624,RU-Poisson,psnr,28.00376317498265
7627,RU-Poisson,psnr,26.6431088919277
7629,RU-Poisson,psnr,30.141993054799062
7630,RU-Poisson,psnr,28.63793156356134
7632,RU-Poisson,psnr,29.5627510939881
7645,RU-Poisson,psnr,27.824091421405836
7656,RU-Poisson,psnr,29.141869487717315
7671,RU-Poisson,psnr,28.76529070741625
7676,RU-Poisson,psnr,28.522961973335853
7688,RU-Poisson,psnr,29.42891825340036
7691,RU-Poisson,psnr,27.73050514860418
7692,RU-Poisson,psnr,28.736076036826557
7709,RU-Poisson,psnr,28.788401063963494
7710,RU-Poisson,psnr,28.424563391139003
7719,RU-Poisson,psnr,28.259039938290613
7738,RU-Poisson,psnr,27.200099810534613
7740,RU-Poisson,psnr,29.155653409792745
7741,RU-Poisson,psnr,27.043521289276725
7742,RU-Poisson,psnr,26.702039481669793
7759,RU-Poisson,psnr,26.141178116197285
7764,RU-Poisson,psnr,29.870014405713544
7768,RU-Poisson,psnr,30.8606696098354
7772,RU-Poisson,psnr,28.98013149100241
7774,RU-Poisson,psnr,28.92276819127654
7775,RU-Poisson,psnr,28.582965874581735
7776,RU-Poisson,psnr,29.20946542325348
7779,RU-Poisson,psnr,28.665327339283948
7791,RU-Poisson,psnr,30.13696563827714
7808,RU-Poisson,psnr,29.64497991082528
7813,RU-Poisson,psnr,30.96935667781532
7822,RU-Poisson,psnr,30.029005306743265
7825,RU-Poisson,psnr,29.651658852588724
7829,RU-Poisson,psnr,28.807793746139172
7835,RU-Poisson,psnr,28.848216697259424
7845,RU-Poisson,psnr,28.671145272548443
7861,RU-Poisson,psnr,32.04807514207885
7863,RU-Poisson,psnr,28.104577865186478
7869,RU-Poisson,psnr,25.952282345927618
7874,RU-Poisson,psnr,31.92033773170391
7891,RU-Poisson,psnr,30.16236800249162
7902,RU-Poisson,psnr,26.895023553657204
7916,RU-Poisson,psnr,28.472869760447775
7934,RU-Poisson,psnr,28.63262885663668
7940,RU-Poisson,psnr,29.848371686514028
7944,RU-Poisson,psnr,29.247970312372622
7960,RU-Poisson,psnr,28.23083734721836
7966,RU-Poisson,psnr,29.246547863767994
7967,RU-Poisson,psnr,30.34671756666548
7970,RU-Poisson,psnr,26.972945070335594
7971,RU-Poisson,psnr,28.56983428024658
7972,RU-Poisson,psnr,28.16911857368035
7977,RU-Poisson,psnr,26.93948063617166
7992,RU-Poisson,psnr,29.342046315857328
8002,RU-Poisson,psnr,31.161772362872398
8003,RU-Poisson,psnr,26.944855945209284
8004,RU-Poisson,psnr,28.284307976127824
8010,RU-Poisson,psnr,30.874085803359442
8015,RU-Poisson,psnr,28.186161390031785
8016,RU-Poisson,psnr,28.97139291407903
8024,RU-Poisson,psnr,29.449073658011446
8047,RU-Poisson,psnr,26.992396746059203
8058,RU-Poisson,psnr,34.56371385749295
8067,RU-Poisson,psnr,29.72410808987846
8073,RU-Poisson,psnr,27.16181073876934
8076,RU-Poisson,psnr,27.00090001452612
8081,RU-Poisson,psnr,27.09999885623169
8114,RU-Poisson,psnr,26.896946828511417
8115,RU-Poisson,psnr,27.945919519639375
8120,RU-Poisson,psnr,28.04662501325552
8122,RU-Poisson,psnr,27.197625045522706
8125,RU-Poisson,psnr,28.823458869163645
8136,RU-Poisson,psnr,26.20497818433812
8138,RU-Poisson,psnr,31.297674753594585
8149,RU-Poisson,psnr,30.103343856600176
8156,RU-Poisson,psnr,27.27528042085879
8157,RU-Poisson,psnr,28.582081937045743
8162,RU-Poisson,psnr,26.998721086993037
8167,RU-Poisson,psnr,30.47374082124875
8169,RU-Poisson,psnr,28.63831907490531
8170,RU-Poisson,psnr,28.806639576788076
8172,RU-Poisson,psnr,28.502309787013182
8202,RU-Poisson,psnr,29.684583155995206
8206,RU-Poisson,psnr,27.07560441457023
8217,RU-Poisson,psnr,28.244455689276453
8218,RU-Poisson,psnr,30.05484560916773
8222,RU-Poisson,psnr,32.271342799294075
8227,RU-Poisson,psnr,28.968105833100545
8249,RU-Poisson,psnr,31.499602883490393
8251,RU-Poisson,psnr,28.281193616225355
8252,RU-Poisson,psnr,28.299268092741308
8256,RU-Poisson,psnr,28.62659467066674
8263,RU-Poisson,psnr,30.574930473491527
5,SA-Joint,mae,0.010840888135135174
12,SA-Joint,mae,0.011483362875878811
24,SA-Joint,mae,0.008794358931481838
26,SA-Joint,mae,0.009196135215461254
30,SA-Joint,mae,0.016920190304517746
35,SA-Joint,mae,0.012183568440377712
39,SA-Joint,mae,0.015495119616389275
41,SA-Joint,mae,0.013215224258601665
42,SA-Joint,mae,0.01116303913295269
44,SA-Joint,mae,0.01038298849016428
48,SA-Joint,mae,0.007686107885092497
65,SA-Joint,mae,0.009631415829062462
69,SA-Joint,mae,0.021044110879302025
71,SA-Joint,mae,0.010875243693590164
73,SA-Joint,mae,0.011188408359885216
80,SA-Joint,mae,0.015246476046741009
83,SA-Joint,mae,0.011735962703824043
99,SA-Joint,mae,0.0196678526699543
100,SA-Joint,mae,0.020311426371335983
110,SA-Joint,mae,0.017043976113200188
116,SA-Joint,mae,0.014867296442389488
122,SA-Joint,mae,0.006351816467940807
132,SA-Joint,mae,0.008730346336960793
141,SA-Joint,mae,0.011230657808482647
151,SA-Joint,mae,0.01544275414198637
154,SA-Joint,mae,0.013307169079780579
156,SA-Joint,mae,0.019639238715171814
157,SA-Joint,mae,0.012682254426181316
159,SA-Joint,mae,0.014996873214840889
178,SA-Joint,mae,0.010212213732302189
197,SA-Joint,mae,0.005118131171911955
199,SA-Joint,mae,0.00679358933120966
211,SA-Joint,mae,0.011870317161083221
212,SA-Joint,mae,0.016184868291020393
214,SA-Joint,mae,0.011155886575579643
221,SA-Joint,mae,0.012504151090979576
232,SA-Joint,mae,0.009287132881581783
233,SA-Joint,mae,0.008210306987166405
240,SA-Joint,mae,0.014319397509098053
242,SA-Joint,mae,0.02170119807124138
243,SA-Joint,mae,0.008898450061678886
244,SA-Joint,mae,0.010114097036421299
260,SA-Joint,mae,0.0023677232675254345
273,SA-Joint,mae,0.01607479527592659
275,SA-Joint,mae,0.016956670209765434
276,SA-Joint,mae,0.012895057909190655
283,SA-Joint,mae,0.017594777047634125
297,SA-Joint,mae,0.011664144694805145
303,SA-Joint,mae,0.009951098822057247
310,SA-Joint,mae,0.007347898092120886
318,SA-Joint,mae,0.014864414930343628
319,SA-Joint,mae,0.011530104093253613
324,SA-Joint,mae,0.008190186694264412
326,SA-Joint,mae,0.005308321677148342
328,SA-Joint,mae,0.004259590990841389
330,SA-Joint,mae,0.011001071892678738
333,SA-Joint,mae,0.007914653047919273
340,SA-Joint,mae,0.016962476074695587
347,SA-Joint,mae,0.013691055588424206
348,SA-Joint,mae,0.011390462517738342
360,SA-Joint,mae,0.005494042299687862
361,SA-Joint,mae,0.017257485538721085
364,SA-Joint,mae,0.015515640377998352
366,SA-Joint,mae,0.007559154182672501
378,SA-Joint,mae,0.011325925588607788
391,SA-Joint,mae,0.0112649817019701
394,SA-Joint,mae,0.010392213240265846
398,SA-Joint,mae,0.015490539371967316
408,SA-Joint,mae,0.00984310545027256
409,SA-Joint,mae,0.016879212111234665
410,SA-Joint,mae,0.02286907285451889
412,SA-Joint,mae,0.00823896937072277
425,SA-Joint,mae,0.017705950886011124
429,SA-Joint,mae,0.009374856017529964
438,SA-Joint,mae,0.010261135175824165
461,SA-Joint,mae,0.021130457520484924
463,SA-Joint,mae,0.014359191060066223
464,SA-Joint,mae,0.01227133721113205
477,SA-Joint,mae,0.018219836056232452
486,SA-Joint,mae,0.005701146088540554
491,SA-Joint,mae,0.00769469141960144
495,SA-Joint,mae,0.017756309360265732
516,SA-Joint,mae,0.013599119149148464
521,SA-Joint,mae,0.014214083552360535
531,SA-Joint,mae,0.01099290233105421
533,SA-Joint,mae,0.014896899461746216
537,SA-Joint,mae,0.010843458585441113
542,SA-Joint,mae,0.015361806377768517
543,SA-Joint,mae,0.01101396232843399
548,SA-Joint,mae,0.0093903299421072
554,SA-Joint,mae,0.014185696840286255
565,SA-Joint,mae,0.006833286490291357
570,SA-Joint,mae,0.005993526428937912
574,SA-Joint,mae,0.019415883347392082
590,SA-Joint,mae,0.009366746060550213
610,SA-Joint,mae,0.015957897529006004
613,SA-Joint,mae,0.0068380627781152725
634,SA-Joint,mae,0.008465169928967953
637,SA-Joint,mae,0.006393024232238531
642,SA-Joint,mae,0.014305632561445236
644,SA-Joint,mae,0.01511593721807003
663,SA-Joint,mae,0.008466153405606747
670,SA-Joint,mae,0.01915002055466175
676,SA-Joint,mae,0.010223710909485817
680,SA-Joint,mae,0.009904216043651104
686,SA-Joint,mae,0.011248094961047173
695,SA-Joint,mae,0.010271767154335976
707,SA-Joint,mae,0.007749069482088089
711,SA-Joint,mae,0.010790292173624039
712,SA-Joint,mae,0.012731349095702171
713,SA-Joint,mae,0.013176526874303818
717,SA-Joint,mae,0.01022376399487257
721,SA-Joint,mae,0.007534033618867397
738,SA-Joint,mae,0.016870412975549698
748,SA-Joint,mae,0.004926739260554314
752,SA-Joint,mae,0.012689272873103619
760,SA-Joint,mae,0.010874910280108452
763,SA-Joint,mae,0.007510323077440262
770,SA-Joint,mae,0.013483911752700806
776,SA-Joint,mae,0.018515300005674362
778,SA-Joint,mae,0.010935477912425995
782,SA-Joint,mae,0.012873086147010326
787,SA-Joint,mae,0.013827572576701641
793,SA-Joint,mae,0.009025502018630505
799,SA-Joint,mae,0.013225173577666283
800,SA-Joint,mae,0.017117386683821678
804,SA-Joint,mae,0.012579716742038727
810,SA-Joint,mae,0.01646045781672001
812,SA-Joint,mae,0.010024701245129108
819,SA-Joint,mae,0.0077393557876348495
823,SA-Joint,mae,0.009075834415853024
827,SA-Joint,mae,0.017170768231153488
831,SA-Joint,mae,0.008659731596708298
847,SA-Joint,mae,0.020895715802907944
849,SA-Joint,mae,0.009111220017075539
856,SA-Joint,mae,0.013722386211156845
865,SA-Joint,mae,0.013430753722786903
871,SA-Joint,mae,0.00641389936208725
873,SA-Joint,mae,0.012082105502486229
880,SA-Joint,mae,0.007887475192546844
884,SA-Joint,mae,0.016243599355220795
887,SA-Joint,mae,0.01277111005038023
893,SA-Joint,mae,0.016958607360720634
906,SA-Joint,mae,0.014421980828046799
909,SA-Joint,mae,0.015872593969106674
910,SA-Joint,mae,0.015556382946670055
913,SA-Joint,mae,0.014010414481163025
916,SA-Joint,mae,0.01050608977675438
927,SA-Joint,mae,0.006094162818044424
930,SA-Joint,mae,0.01108413003385067
939,SA-Joint,mae,0.00631263991817832
956,SA-Joint,mae,0.013218030333518982
963,SA-Joint,mae,0.021110592409968376
966,SA-Joint,mae,0.00521010160446167
969,SA-Joint,mae,0.02215307205915451
970,SA-Joint,mae,0.013156915083527565
978,SA-Joint,mae,0.014143081381917
988,SA-Joint,mae,0.014360351487994194
989,SA-Joint,mae,0.00761436065658927
992,SA-Joint,mae,0.012023454532027245
995,SA-Joint,mae,0.013861025683581829
1004,SA-Joint,mae,0.010329845361411572
1008,SA-Joint,mae,0.021214764565229416
1011,SA-Joint,mae,0.02426045760512352
1013,SA-Joint,mae,0.011680546216666698
1018,SA-Joint,mae,0.015492279082536697
1022,SA-Joint,mae,0.005669652484357357
1045,SA-Joint,mae,0.011196411214768887
1049,SA-Joint,mae,0.008623250760138035
1051,SA-Joint,mae,0.015187136828899384
1061,SA-Joint,mae,0.01326035987585783
1063,SA-Joint,mae,0.005478649400174618
1068,SA-Joint,mae,0.004669972695410252
1076,SA-Joint,mae,0.0032026423141360283
1079,SA-Joint,mae,0.01378888450562954
1084,SA-Joint,mae,0.01272069476544857
1089,SA-Joint,mae,0.014633119106292725
1090,SA-Joint,mae,0.006334912963211536
1099,SA-Joint,mae,0.01950039342045784
1114,SA-Joint,mae,0.005001540761440992
1120,SA-Joint,mae,0.01556781493127346
1121,SA-Joint,mae,0.017369084060192108
1134,SA-Joint,mae,0.010760626755654812
1177,SA-Joint,mae,0.005612052511423826
1178,SA-Joint,mae,0.008153598755598068
1183,SA-Joint,mae,0.010681672021746635
1193,SA-Joint,mae,0.0167454332113266
1204,SA-Joint,mae,0.010051475837826729
1208,SA-Joint,mae,0.009395613335072994
1213,SA-Joint,mae,0.012513301335275173
1231,SA-Joint,mae,0.00912929605692625
1232,SA-Joint,mae,0.01874295249581337
1233,SA-Joint,mae,0.01503773033618927
1238,SA-Joint,mae,0.011340692639350891
1240,SA-Joint,mae,0.008235509507358074
1243,SA-Joint,mae,0.007905852049589157
1260,SA-Joint,mae,0.006107035558670759
1267,SA-Joint,mae,0.01405648048967123
1268,SA-Joint,mae,0.011721819639205933
1274,SA-Joint,mae,0.014256796799600124
1281,SA-Joint,mae,0.007444837596267462
1297,SA-Joint,mae,0.005815555807203054
1307,SA-Joint,mae,0.012871772050857544
1313,SA-Joint,mae,0.006496358197182417
1330,SA-Joint,mae,0.009614218026399612
1334,SA-Joint,mae,0.012105892412364483
1346,SA-Joint,mae,0.007207838352769613
1348,SA-Joint,mae,0.014832726679742336
1355,SA-Joint,mae,0.009861214086413383
1363,SA-Joint,mae,0.004368671216070652
1366,SA-Joint,mae,0.00797402672469616
1391,SA-Joint,mae,0.017304599285125732
1400,SA-Joint,mae,0.007683420088142157
1411,SA-Joint,mae,0.01473415456712246
1413,SA-Joint,mae,0.006077410187572241
1422,SA-Joint,mae,0.008917884901165962
1425,SA-Joint,mae,0.018341606482863426
1434,SA-Joint,mae,0.0075869495049119
1441,SA-Joint,mae,0.010093292221426964
1447,SA-Joint,mae,0.005006878636777401
1458,SA-Joint,mae,0.014378557913005352
1471,SA-Joint,mae,0.017443079501390457
1481,SA-Joint,mae,0.011054242961108685
1499,SA-Joint,mae,0.013006836175918579
1506,SA-Joint,mae,0.01645560935139656
1511,SA-Joint,mae,0.01588781550526619
1512,SA-Joint,mae,0.007114291191101074
1515,SA-Joint,mae,0.005076870787888765
1522,SA-Joint,mae,0.01532018929719925
1525,SA-Joint,mae,0.018011581152677536
1536,SA-Joint,mae,0.01129264198243618
1541,SA-Joint,mae,0.014166108332574368
1543,SA-Joint,mae,0.013599834404885769
1546,SA-Joint,mae,0.012266322039067745
1551,SA-Joint,mae,0.022174835205078125
1553,SA-Joint,mae,0.01626652479171753
1559,SA-Joint,mae,0.02088835835456848
1562,SA-Joint,mae,0.020148865878582
1563,SA-Joint,mae,0.0158596932888031
1581,SA-Joint,mae,0.011594287119805813
1613,SA-Joint,mae,0.009513052180409431
1619,SA-Joint,mae,0.009784817695617676
1622,SA-Joint,mae,0.01357305608689785
1624,SA-Joint,mae,0.009412823244929314
1634,SA-Joint,mae,0.005676104687154293
1644,SA-Joint,mae,0.0028636339120566845
1645,SA-Joint,mae,0.007660945877432823
1663,SA-Joint,mae,0.011952306143939495
1673,SA-Joint,mae,0.009280975908041
1684,SA-Joint,mae,0.01295433845371008
1685,SA-Joint,mae,0.006432668771594763
1694,SA-Joint,mae,0.01076459139585495
1697,SA-Joint,mae,0.009648839011788368
1698,SA-Joint,mae,0.005648758262395859
1700,SA-Joint,mae,0.016031809151172638
1715,SA-Joint,mae,0.011796708218753338
1721,SA-Joint,mae,0.006265919655561447
1724,SA-Joint,mae,0.010900363326072693
1727,SA-Joint,mae,0.0074975802563130856
1729,SA-Joint,mae,0.012999041005969048
1741,SA-Joint,mae,0.01781414821743965
1760,SA-Joint,mae,0.00888804905116558
1761,SA-Joint,mae,0.017697971314191818
1763,SA-Joint,mae,0.011486622504889965
1765,SA-Joint,mae,0.010486014187335968
1773,SA-Joint,mae,0.008873272687196732
1782,SA-Joint,mae,0.0062041389755904675
1784,SA-Joint,mae,0.009044503793120384
1791,SA-Joint,mae,0.010548397898674011
1798,SA-Joint,mae,0.012608587741851807
1804,SA-Joint,mae,0.019484177231788635
1812,SA-Joint,mae,0.008275885134935379
1814,SA-Joint,mae,0.011755596846342087
1819,SA-Joint,mae,0.010820290073752403
1824,SA-Joint,mae,0.013497035950422287
1831,SA-Joint,mae,0.010281149297952652
1833,SA-Joint,mae,0.01502662431448698
1841,SA-Joint,mae,0.015830321237444878
1843,SA-Joint,mae,0.007930539548397064
1868,SA-Joint,mae,0.01328074187040329
1871,SA-Joint,mae,0.00796799547970295
1881,SA-Joint,mae,0.013830848038196564
1882,SA-Joint,mae,0.010728996247053146
1888,SA-Joint,mae,0.004753665998578072
1911,SA-Joint,mae,0.015484903007745743
1919,SA-Joint,mae,0.007353238761425018
1935,SA-Joint,mae,0.012998941354453564
1942,SA-Joint,mae,0.010063499212265015
1943,SA-Joint,mae,0.00924814585596323
1963,SA-Joint,mae,0.01661187969148159
1968,SA-Joint,mae,0.01961061917245388
1985,SA-Joint,mae,0.019387230277061462
1999,SA-Joint,mae,0.01854250580072403
2000,SA-Joint,mae,0.016417749226093292
2002,SA-Joint,mae,0.00898437388241291
2003,SA-Joint,mae,0.006775157060474157
2015,SA-Joint,mae,0.011898880824446678
2020,SA-Joint,mae,0.012772130779922009
2021,SA-Joint,mae,0.007807382382452488
2026,SA-Joint,mae,0.010438673198223114
2028,SA-Joint,mae,0.009251333773136139
2034,SA-Joint,mae,0.013090423308312893
2038,SA-Joint,mae,0.03113546594977379
2060,SA-Joint,mae,0.009754780679941177
2075,SA-Joint,mae,0.01620221510529518
2078,SA-Joint,mae,0.01436118595302105
2081,SA-Joint,mae,0.0057357545010745525
2095,SA-Joint,mae,0.01393972709774971
2096,SA-Joint,mae,0.008912965655326843
2102,SA-Joint,mae,0.01809702441096306
2107,SA-Joint,mae,0.01138579472899437
2109,SA-Joint,mae,0.011363225057721138
2111,SA-Joint,mae,0.007620153483003378
2112,SA-Joint,mae,0.018764492124319077
2118,SA-Joint,mae,0.01016904041171074
2122,SA-Joint,mae,0.01838626340031624
2123,SA-Joint,mae,0.012733365409076214
2128,SA-Joint,mae,0.015503628179430962
2140,SA-Joint,mae,0.018566640093922615
2148,SA-Joint,mae,0.009542775340378284
2149,SA-Joint,mae,0.017216291278600693
2151,SA-Joint,mae,0.009090266190469265
2152,SA-Joint,mae,0.010150915011763573
2166,SA-Joint,mae,0.019302545115351677
2168,SA-Joint,mae,0.010980678722262383
2176,SA-Joint,mae,0.011561332270503044
2178,SA-Joint,mae,0.008778467774391174
2183,SA-Joint,mae,0.012634656392037868
2195,SA-Joint,mae,0.017845436930656433
2200,SA-Joint,mae,0.012508328072726727
2204,SA-Joint,mae,0.014658721163868904
2205,SA-Joint,mae,0.012216627597808838
2206,SA-Joint,mae,0.014077842235565186
2211,SA-Joint,mae,0.010146803222596645
2218,SA-Joint,mae,0.0052411966025829315
2221,SA-Joint,mae,0.006698963697999716
2224,SA-Joint,mae,0.01013954821974039
2227,SA-Joint,mae,0.0072095198556780815
2231,SA-Joint,mae,0.014765444211661816
2236,SA-Joint,mae,0.015712102875113487
2238,SA-Joint,mae,0.023954804986715317
2242,SA-Joint,mae,0.02070954255759716
2246,SA-Joint,mae,0.015262703411281109
2269,SA-Joint,mae,0.009913323447108269
2278,SA-Joint,mae,0.011827990412712097
2279,SA-Joint,mae,0.018129980191588402
2305,SA-Joint,mae,0.016168642789125443
2315,SA-Joint,mae,0.013557655736804008
2316,SA-Joint,mae,0.017796218395233154
2331,SA-Joint,mae,0.009369220584630966
2332,SA-Joint,mae,0.0067417314276099205
2334,SA-Joint,mae,0.009054645895957947
2336,SA-Joint,mae,0.01992775872349739
2342,SA-Joint,mae,0.01623702235519886
2344,SA-Joint,mae,0.00855129212141037
2345,SA-Joint,mae,0.010626895353198051
2350,SA-Joint,mae,0.015330538153648376
2358,SA-Joint,mae,0.02125077322125435
2378,SA-Joint,mae,0.011529704555869102
2388,SA-Joint,mae,0.009355845861136913
2390,SA-Joint,mae,0.018353700637817383
2396,SA-Joint,mae,0.005808704532682896
2415,SA-Joint,mae,0.012780806049704552
2417,SA-Joint,mae,0.009584351442754269
2427,SA-Joint,mae,0.012083823792636395
2428,SA-Joint,mae,0.0065575940534472466
2442,SA-Joint,mae,0.010971899144351482
2448,SA-Joint,mae,0.01114597450941801
2459,SA-Joint,mae,0.007057607173919678
2460,SA-Joint,mae,0.016275769099593163
2482,SA-Joint,mae,0.00784267671406269
2483,SA-Joint,mae,0.0048100296407938
2501,SA-Joint,mae,0.018519116565585136
2512,SA-Joint,mae,0.005814555566757917
2514,SA-Joint,mae,0.009846344590187073
2520,SA-Joint,mae,0.021304210647940636
2536,SA-Joint,mae,0.018128691241145134
2543,SA-Joint,mae,0.009256621822714806
2554,SA-Joint,mae,0.009240953251719475
2598,SA-Joint,mae,0.012150156311690807
2602,SA-Joint,mae,0.019522320479154587
2604,SA-Joint,mae,0.01388203352689743
2609,SA-Joint,mae,0.014130307361483574
2611,SA-Joint,mae,0.01591215282678604
2616,SA-Joint,mae,0.015319034457206726
2618,SA-Joint,mae,0.011050122790038586
2630,SA-Joint,mae,0.013247435912489891
2647,SA-Joint,mae,0.017961649224162102
2652,SA-Joint,mae,0.012985958717763424
2653,SA-Joint,mae,0.015867814421653748
2660,SA-Joint,mae,0.01619712822139263
2673,SA-Joint,mae,0.009686155244708061
2682,SA-Joint,mae,0.013018976897001266
2687,SA-Joint,mae,0.0049148560501635075
2700,SA-Joint,mae,0.013002946972846985
2702,SA-Joint,mae,0.027974693104624748
2711,SA-Joint,mae,0.02123328298330307
2725,SA-Joint,mae,0.017477361485362053
2726,SA-Joint,mae,0.0074897874146699905
2727,SA-Joint,mae,0.01842505857348442
2732,SA-Joint,mae,0.013830192387104034
2742,SA-Joint,mae,0.018084794282913208
2744,SA-Joint,mae,0.006513723637908697
2745,SA-Joint,mae,0.009174074977636337
2751,SA-Joint,mae,0.017706001177430153
2775,SA-Joint,mae,0.0036480817943811417
2782,SA-Joint,mae,0.02188604697585106
2783,SA-Joint,mae,0.017481345683336258
2787,SA-Joint,mae,0.011191369965672493
2788,SA-Joint,mae,0.010342339053750038
2792,SA-Joint,mae,0.013240776024758816
2810,SA-Joint,mae,0.013983278535306454
2813,SA-Joint,mae,0.00982458796352148
2816,SA-Joint,mae,0.012629873119294643
2817,SA-Joint,mae,0.010447989217936993
2819,SA-Joint,mae,0.0048586344346404076
2841,SA-Joint,mae,0.01995127648115158
2846,SA-Joint,mae,0.016474949195981026
2851,SA-Joint,mae,0.010947763919830322
2855,SA-Joint,mae,0.015454172156751156
2864,SA-Joint,mae,0.017898639664053917
2875,SA-Joint,mae,0.01262354850769043
2886,SA-Joint,mae,0.0164507906883955
2897,SA-Joint,mae,0.012092667631804943
2911,SA-Joint,mae,0.014911304228007793
2915,SA-Joint,mae,0.009698914363980293
2929,SA-Joint,mae,0.00960381980985403
2938,SA-Joint,mae,0.010586908087134361
2945,SA-Joint,mae,0.017178742215037346
2959,SA-Joint,mae,0.020907333120703697
2966,SA-Joint,mae,0.013398751616477966
2971,SA-Joint,mae,0.009218360297381878
2973,SA-Joint,mae,0.011989596299827099
2975,SA-Joint,mae,0.014122892171144485
2976,SA-Joint,mae,0.012847749516367912
2986,SA-Joint,mae,0.009347078390419483
3010,SA-Joint,mae,0.015369562432169914
3020,SA-Joint,mae,0.01633409783244133
3027,SA-Joint,mae,0.010857662186026573
3032,SA-Joint,mae,0.013939596712589264
3039,SA-Joint,mae,0.015643639490008354
3048,SA-Joint,mae,0.013368453830480576
3049,SA-Joint,mae,0.011914375238120556
3056,SA-Joint,mae,0.014681316912174225
3062,SA-Joint,mae,0.011367028579115868
3065,SA-Joint,mae,0.010010900907218456
3068,SA-Joint,mae,0.011917628347873688
3071,SA-Joint,mae,0.014255097135901451
3072,SA-Joint,mae,0.008604582399129868
3073,SA-Joint,mae,0.015548557043075562
3074,SA-Joint,mae,0.00973869301378727
3085,SA-Joint,mae,0.009604768827557564
3086,SA-Joint,mae,0.0234178826212883
3089,SA-Joint,mae,0.01136071514338255
3095,SA-Joint,mae,0.017181802541017532
3105,SA-Joint,mae,0.012036445550620556
3107,SA-Joint,mae,0.010376930236816406
3111,SA-Joint,mae,0.015447805635631084
3118,SA-Joint,mae,0.017449764534831047
3126,SA-Joint,mae,0.012967049144208431
3132,SA-Joint,mae,0.013933813199400902
3134,SA-Joint,mae,0.010225625708699226
3142,SA-Joint,mae,0.0051110535860061646
3149,SA-Joint,mae,0.012824341654777527
3151,SA-Joint,mae,0.012641671113669872
3152,SA-Joint,mae,0.012144098989665508
3165,SA-Joint,mae,0.011098453775048256
3167,SA-Joint,mae,0.02135593444108963
3168,SA-Joint,mae,0.010501383803784847
3178,SA-Joint,mae,0.012796583585441113
3183,SA-Joint,mae,0.01005435548722744
3185,SA-Joint,mae,0.003907275386154652
3217,SA-Joint,mae,0.01464445423334837
3219,SA-Joint,mae,0.015418736264109612
3222,SA-Joint,mae,0.01991874724626541
3225,SA-Joint,mae,0.011610230430960655
3236,SA-Joint,mae,0.01611795462667942
3240,SA-Joint,mae,0.0082870963960886
3242,SA-Joint,mae,0.009979482740163803
3243,SA-Joint,mae,0.017147842794656754
3250,SA-Joint,mae,0.005612730048596859
3253,SA-Joint,mae,0.012540939263999462
3276,SA-Joint,mae,0.011679910123348236
3280,SA-Joint,mae,0.01687934622168541
3289,SA-Joint,mae,0.009246408939361572
3297,SA-Joint,mae,0.006054837256669998
3313,SA-Joint,mae,0.013365030288696289
3317,SA-Joint,mae,0.0212001483887434
3328,SA-Joint,mae,0.017384015023708344
3333,SA-Joint,mae,0.009692996740341187
3341,SA-Joint,mae,0.01412135362625122
3342,SA-Joint,mae,0.01191565953195095
3345,SA-Joint,mae,0.013494245707988739
3363,SA-Joint,mae,0.01380910910665989
3367,SA-Joint,mae,0.006295356433838606
3381,SA-Joint,mae,0.01607472077012062
3395,SA-Joint,mae,0.012628021650016308
3397,SA-Joint,mae,0.010929303243756294
3402,SA-Joint,mae,0.019519703462719917
3403,SA-Joint,mae,0.005043608136475086
3404,SA-Joint,mae,0.017294473946094513
3427,SA-Joint,mae,0.011221565306186676
3436,SA-Joint,mae,0.018947122618556023
3443,SA-Joint,mae,0.01800229400396347
3461,SA-Joint,mae,0.009323257952928543
3462,SA-Joint,mae,0.010986283421516418
3465,SA-Joint,mae,0.013924380764365196
3487,SA-Joint,mae,0.007567705120891333
3495,SA-Joint,mae,0.0074720620177686214
3509,SA-Joint,mae,0.015154416672885418
3510,SA-Joint,mae,0.014745841734111309
3511,SA-Joint,mae,0.019278112798929214
3512,SA-Joint,mae,0.01246691681444645
3516,SA-Joint,mae,0.01837330125272274
3527,SA-Joint,mae,0.01695363223552704
3543,SA-Joint,mae,0.008088810369372368
3551,SA-Joint,mae,0.0057322136126458645
3554,SA-Joint,mae,0.011612467467784882
3557,SA-Joint,mae,0.006071248557418585
3559,SA-Joint,mae,0.011065351776778698
3561,SA-Joint,mae,0.011575933545827866
3567,SA-Joint,mae,0.011874210089445114
3580,SA-Joint,mae,0.01297423243522644
3592,SA-Joint,mae,0.006046445574611425
3594,SA-Joint,mae,0.012015371583402157
3597,SA-Joint,mae,0.002882816595956683
3598,SA-Joint,mae,0.011377822607755661
3610,SA-Joint,mae,0.018258308991789818
3612,SA-Joint,mae,0.014007064513862133
3625,SA-Joint,mae,0.022861815989017487
3634,SA-Joint,mae,0.005628240294754505
3636,SA-Joint,mae,0.01290445402264595
3644,SA-Joint,mae,0.01751408353447914
3646,SA-Joint,mae,0.006088281981647015
3647,SA-Joint,mae,0.015095541253685951
3668,SA-Joint,mae,0.01624894142150879
3674,SA-Joint,mae,0.014430216513574123
3676,SA-Joint,mae,0.010315044783055782
3694,SA-Joint,mae,0.012069439515471458
3701,SA-Joint,mae,0.018286200240254402
3712,SA-Joint,mae,0.0161262396723032
3714,SA-Joint,mae,0.014249618165194988
3719,SA-Joint,mae,0.013225659728050232
3721,SA-Joint,mae,0.012988090515136719
3723,SA-Joint,mae,0.01833089254796505
3725,SA-Joint,mae,0.007613672874867916
3728,SA-Joint,mae,0.005224219523370266
3730,SA-Joint,mae,0.011030048131942749
3739,SA-Joint,mae,0.007391590159386396
3741,SA-Joint,mae,0.010572954080998898
3745,SA-Joint,mae,0.00782815646380186
3746,SA-Joint,mae,0.015802159905433655
3754,SA-Joint,mae,0.01273151021450758
3758,SA-Joint,mae,0.009135856293141842
3759,SA-Joint,mae,0.009559400379657745
3779,SA-Joint,mae,0.005611631087958813
3791,SA-Joint,mae,0.015292185358703136
3792,SA-Joint,mae,0.012741404585540295
3794,SA-Joint,mae,0.008536088280379772
3803,SA-Joint,mae,0.006799578666687012
3804,SA-Joint,mae,0.013407870195806026
3807,SA-Joint,mae,0.012293212115764618
3809,SA-Joint,mae,0.011584307998418808
3812,SA-Joint,mae,0.018704889342188835
3813,SA-Joint,mae,0.013489129953086376
3815,SA-Joint,mae,0.01223414670675993
3823,SA-Joint,mae,0.015809256583452225
3824,SA-Joint,mae,0.004126050043851137
3827,SA-Joint,mae,0.011291971430182457
3830,SA-Joint,mae,0.006827681325376034
3834,SA-Joint,mae,0.01847407966852188
3838,SA-Joint,mae,0.014802582561969757
3845,SA-Joint,mae,0.0065875062718987465
3846,SA-Joint,mae,0.00519787659868598
3849,SA-Joint,mae,0.012202268466353416
3850,SA-Joint,mae,0.014546582475304604
3859,SA-Joint,mae,0.011096250265836716
3883,SA-Joint,mae,0.013088895939290524
3886,SA-Joint,mae,0.014034312218427658
3887,SA-Joint,mae,0.012668928131461143
3892,SA-Joint,mae,0.014639439061284065
3894,SA-Joint,mae,0.01855955272912979
3897,SA-Joint,mae,0.012107066810131073
3917,SA-Joint,mae,0.00981752760708332
3927,SA-Joint,mae,0.011059022508561611
3928,SA-Joint,mae,0.014937925152480602
3933,SA-Joint,mae,0.01555137149989605
3937,SA-Joint,mae,0.007964910939335823
3938,SA-Joint,mae,0.01036794763058424
3951,SA-Joint,mae,0.019442586228251457
3969,SA-Joint,mae,0.015132228843867779
3972,SA-Joint,mae,0.014502066187560558
3978,SA-Joint,mae,0.007669331040233374
3982,SA-Joint,mae,0.012257590889930725
4000,SA-Joint,mae,0.019388196989893913
4001,SA-Joint,mae,0.015083102509379387
4006,SA-Joint,mae,0.008813368156552315
4010,SA-Joint,mae,0.010482403449714184
4018,SA-Joint,mae,0.006362036801874638
4020,SA-Joint,mae,0.01352713257074356
4023,SA-Joint,mae,0.006678886245936155
4028,SA-Joint,mae,0.010952644050121307
4035,SA-Joint,mae,0.018579833209514618
4038,SA-Joint,mae,0.01279815100133419
4039,SA-Joint,mae,0.01448885165154934
4047,SA-Joint,mae,0.009866070002317429
4050,SA-Joint,mae,0.011098521761596203
4052,SA-Joint,mae,0.009174320846796036
4055,SA-Joint,mae,0.01219440158456564
4069,SA-Joint,mae,0.004813984036445618
4073,SA-Joint,mae,0.010825589299201965
4078,SA-Joint,mae,0.011623434722423553
4079,SA-Joint,mae,0.0176674984395504
4080,SA-Joint,mae,0.011282902210950851
4091,SA-Joint,mae,0.015630854293704033
4096,SA-Joint,mae,0.015372658148407936
4098,SA-Joint,mae,0.010992388240993023
4121,SA-Joint,mae,0.014620861038565636
4134,SA-Joint,mae,0.0159301720559597
4135,SA-Joint,mae,0.010562720708549023
4137,SA-Joint,mae,0.009865609928965569
4145,SA-Joint,mae,0.008485137484967709
4149,SA-Joint,mae,0.007965072058141232
4153,SA-Joint,mae,0.020006295293569565
4181,SA-Joint,mae,0.017604287713766098
4188,SA-Joint,mae,0.0210159569978714
4196,SA-Joint,mae,0.0183816310018301
4204,SA-Joint,mae,0.02002396434545517
4209,SA-Joint,mae,0.015580562874674797
4211,SA-Joint,mae,0.01267655473202467
4212,SA-Joint,mae,0.014823690056800842
4218,SA-Joint,mae,0.021138940006494522
4228,SA-Joint,mae,0.01071656122803688
4229,SA-Joint,mae,0.010477150790393353
4250,SA-Joint,mae,0.012829158455133438
4254,SA-Joint,mae,0.007184568792581558
4261,SA-Joint,mae,0.00716945668682456
4264,SA-Joint,mae,0.014387933537364006
4265,SA-Joint,mae,0.01104610227048397
4284,SA-Joint,mae,0.00955487322062254
4294,SA-Joint,mae,0.009733136743307114
4296,SA-Joint,mae,0.011575001291930676
4306,SA-Joint,mae,0.010934805497527122
4321,SA-Joint,mae,0.010822157375514507
4327,SA-Joint,mae,0.010988961905241013
4331,SA-Joint,mae,0.010062584653496742
4334,SA-Joint,mae,0.018032822757959366
4339,SA-Joint,mae,0.008435141295194626
4340,SA-Joint,mae,0.015303947031497955
4344,SA-Joint,mae,0.01850280724465847
4349,SA-Joint,mae,0.01733066700398922
4361,SA-Joint,mae,0.008846700191497803
4370,SA-Joint,mae,0.00956326350569725
4371,SA-Joint,mae,0.007648400031030178
4376,SA-Joint,mae,0.0078120604157447815
4390,SA-Joint,mae,0.012996954843401909
4403,SA-Joint,mae,0.010326454415917397
4408,SA-Joint,mae,0.008800499141216278
4412,SA-Joint,mae,0.007021821103990078
4419,SA-Joint,mae,0.010069803334772587
4433,SA-Joint,mae,0.015034887008368969
4437,SA-Joint,mae,0.009430203586816788
4446,SA-Joint,mae,0.015240071341395378
4450,SA-Joint,mae,0.011389906518161297
4460,SA-Joint,mae,0.005851216614246368
4464,SA-Joint,mae,0.015034469775855541
4466,SA-Joint,mae,0.0074319313280284405
4474,SA-Joint,mae,0.017618030309677124
4491,SA-Joint,mae,0.011854881420731544
4499,SA-Joint,mae,0.00995758455246687
4527,SA-Joint,mae,0.011252341791987419
4535,SA-Joint,mae,0.019022418186068535
4542,SA-Joint,mae,0.01801960915327072
4544,SA-Joint,mae,0.010468507185578346
4547,SA-Joint,mae,0.004264875780791044
4554,SA-Joint,mae,0.011055896058678627
4555,SA-Joint,mae,0.006183295510709286
4561,SA-Joint,mae,0.008254044689238071
4566,SA-Joint,mae,0.007192783989012241
4568,SA-Joint,mae,0.01470085047185421
4586,SA-Joint,mae,0.011946678161621094
4589,SA-Joint,mae,0.018925659358501434
4590,SA-Joint,mae,0.013429216109216213
4597,SA-Joint,mae,0.01843252405524254
4602,SA-Joint,mae,0.01275244913995266
4613,SA-Joint,mae,0.01891840249300003
4614,SA-Joint,mae,0.006875950843095779
4619,SA-Joint,mae,0.010030551813542843
4627,SA-Joint,mae,0.012191916815936565
4629,SA-Joint,mae,0.016625380143523216
4633,SA-Joint,mae,0.009263823740184307
4635,SA-Joint,mae,0.011759947054088116
4650,SA-Joint,mae,0.011922664940357208
4656,SA-Joint,mae,0.005611474625766277
4677,SA-Joint,mae,0.008576521649956703
4682,SA-Joint,mae,0.012513257563114166
4685,SA-Joint,mae,0.012012983672320843
4691,SA-Joint,mae,0.019556645303964615
4703,SA-Joint,mae,0.010156938806176186
4712,SA-Joint,mae,0.01173457782715559
4716,SA-Joint,mae,0.005505812354385853
4725,SA-Joint,mae,0.010411355644464493
4727,SA-Joint,mae,0.018437793478369713
4734,SA-Joint,mae,0.014923013746738434
4750,SA-Joint,mae,0.006683142855763435
4751,SA-Joint,mae,0.009915316477417946
4752,SA-Joint,mae,0.01731809601187706
4753,SA-Joint,mae,0.010029764845967293
4760,SA-Joint,mae,0.009412994608283043
4761,SA-Joint,mae,0.017440954223275185
4770,SA-Joint,mae,0.01217440515756607
4774,SA-Joint,mae,0.007932784035801888
4777,SA-Joint,mae,0.016602886840701103
4791,SA-Joint,mae,0.007451219018548727
4793,SA-Joint,mae,0.008784627541899681
4796,SA-Joint,mae,0.01303189154714346
4801,SA-Joint,mae,0.012309621088206768
4809,SA-Joint,mae,0.01024938840419054
4811,SA-Joint,mae,0.008907239884138107
4813,SA-Joint,mae,0.008290798403322697
4821,SA-Joint,mae,0.011061025783419609
4828,SA-Joint,mae,0.015337062999606133
4839,SA-Joint,mae,0.006754104048013687
4842,SA-Joint,mae,0.021808912977576256
4851,SA-Joint,mae,0.009842801839113235
4854,SA-Joint,mae,0.012687621638178825
4859,SA-Joint,mae,0.012082323431968689
4862,SA-Joint,mae,0.014425783418118954
4866,SA-Joint,mae,0.011319744400680065
4881,SA-Joint,mae,0.015345610678195953
4901,SA-Joint,mae,0.013537808321416378
4905,SA-Joint,mae,0.013377463445067406
4907,SA-Joint,mae,0.016328398138284683
4911,SA-Joint,mae,0.01178538054227829
4923,SA-Joint,mae,0.014300241135060787
4926,SA-Joint,mae,0.013046368956565857
4936,SA-Joint,mae,0.012573925778269768
4937,SA-Joint,mae,0.011729603633284569
4939,SA-Joint,mae,0.012782159261405468
4943,SA-Joint,mae,0.016286328434944153
4973,SA-Joint,mae,0.005623250268399715
4975,SA-Joint,mae,0.00696334894746542
4980,SA-Joint,mae,0.013487196527421474
4987,SA-Joint,mae,0.016534166410565376
4995,SA-Joint,mae,0.012703846208751202
4997,SA-Joint,mae,0.018281813710927963
5010,SA-Joint,mae,0.02265235036611557
5013,SA-Joint,mae,0.007471485994756222
5017,SA-Joint,mae,0.004350003786385059
5025,SA-Joint,mae,0.012641171924769878
5028,SA-Joint,mae,0.020694775506854057
5039,SA-Joint,mae,0.008970696479082108
5041,SA-Joint,mae,0.00971077661961317
5053,SA-Joint,mae,0.01021807175129652
5058,SA-Joint,mae,0.013719523325562477
5064,SA-Joint,mae,0.007011551409959793
5069,SA-Joint,mae,0.012698202393949032
5073,SA-Joint,mae,0.011929860338568687
5084,SA-Joint,mae,0.0158754363656044
5096,SA-Joint,mae,0.012386595830321312
5099,SA-Joint,mae,0.011749451979994774
5101,SA-Joint,mae,0.015260464511811733
5103,SA-Joint,mae,0.009117063134908676
5105,SA-Joint,mae,0.01582949236035347
5106,SA-Joint,mae,0.012147280387580395
5120,SA-Joint,mae,0.00924649927765131
5125,SA-Joint,mae,0.019996490329504013
5139,SA-Joint,mae,0.007076581474393606
5151,SA-Joint,mae,0.015228289179503918
5154,SA-Joint,mae,0.019340530037879944
5160,SA-Joint,mae,0.006945296190679073
5162,SA-Joint,mae,0.011208117008209229
5182,SA-Joint,mae,0.01993556320667267
5183,SA-Joint,mae,0.008321542292833328
5190,SA-Joint,mae,0.012232497334480286
5199,SA-Joint,mae,0.018737174570560455
5216,SA-Joint,mae,0.021798117086291313
5220,SA-Joint,mae,0.01220072340220213
5221,SA-Joint,mae,0.01127217710018158
5227,SA-Joint,mae,0.012309687212109566
5234,SA-Joint,mae,0.0044355192221701145
5235,SA-Joint,mae,0.017215237021446228
5250,SA-Joint,mae,0.015040935948491096
5254,SA-Joint,mae,0.00854530930519104
5259,SA-Joint,mae,0.005143485963344574
5263,SA-Joint,mae,0.007544567342847586
5265,SA-Joint,mae,0.01131188403815031
5268,SA-Joint,mae,0.00854212325066328
5275,SA-Joint,mae,0.0043622213415801525
5281,SA-Joint,mae,0.01962973177433014
5290,SA-Joint,mae,0.012299890629947186
5293,SA-Joint,mae,0.014367824420332909
5302,SA-Joint,mae,0.01571817323565483
5313,SA-Joint,mae,0.010097632184624672
5336,SA-Joint,mae,0.01619499735534191
5337,SA-Joint,mae,0.008687040768563747
5347,SA-Joint,mae,0.007729440461844206
5357,SA-Joint,mae,0.008592861704528332
5360,SA-Joint,mae,0.012274302542209625
5362,SA-Joint,mae,0.00857330672442913
5370,SA-Joint,mae,0.007338063791394234
5372,SA-Joint,mae,0.017331305891275406
5378,SA-Joint,mae,0.01984773948788643
5383,SA-Joint,mae,0.008011235855519772
5400,SA-Joint,mae,0.02094191312789917
5408,SA-Joint,mae,0.009332772344350815
5413,SA-Joint,mae,0.010716691613197327
5415,SA-Joint,mae,0.013234743848443031
5417,SA-Joint,mae,0.009707024320960045
5425,SA-Joint,mae,0.016074826940894127
5435,SA-Joint,mae,0.008018511347472668
5437,SA-Joint,mae,0.019655702635645866
5443,SA-Joint,mae,0.009962963871657848
5450,SA-Joint,mae,0.012698548845946789
5452,SA-Joint,mae,0.009865125641226768
5456,SA-Joint,mae,0.009667543694376945
5459,SA-Joint,mae,0.008627397008240223
5479,SA-Joint,mae,0.011292727664113045
5485,SA-Joint,mae,0.014230909757316113
5493,SA-Joint,mae,0.005172915756702423
5496,SA-Joint,mae,0.007724163122475147
5497,SA-Joint,mae,0.01983419805765152
5519,SA-Joint,mae,0.01458494272083044
5521,SA-Joint,mae,0.00855168979614973
5522,SA-Joint,mae,0.013096973299980164
5532,SA-Joint,mae,0.01698897033929825
5544,SA-Joint,mae,0.009870002046227455
5545,SA-Joint,mae,0.014566175639629364
5551,SA-Joint,mae,0.014884069561958313
5555,SA-Joint,mae,0.014881988987326622
5556,SA-Joint,mae,0.005719793029129505
5557,SA-Joint,mae,0.00972543191164732
5560,SA-Joint,mae,0.015800707042217255
5569,SA-Joint,mae,0.011912953108549118
5572,SA-Joint,mae,0.021573811769485474
5573,SA-Joint,mae,0.011105789802968502
5578,SA-Joint,mae,0.015828937292099
5584,SA-Joint,mae,0.0055302781984210014
5585,SA-Joint,mae,0.01396322250366211
5587,SA-Joint,mae,0.017268246039748192
5589,SA-Joint,mae,0.008032958954572678
5596,SA-Joint,mae,0.011062747798860073
5603,SA-Joint,mae,0.004338579252362251
5608,SA-Joint,mae,0.003806952852755785
5610,SA-Joint,mae,0.020341183990240097
5615,SA-Joint,mae,0.009913777932524681
5618,SA-Joint,mae,0.013462584465742111
5623,SA-Joint,mae,0.00638506468385458
5633,SA-Joint,mae,0.01367158256471157
5646,SA-Joint,mae,0.008710464462637901
5648,SA-Joint,mae,0.009360773488879204
5657,SA-Joint,mae,0.017776278778910637
5662,SA-Joint,mae,0.008428491652011871
5667,SA-Joint,mae,0.01866278611123562
5674,SA-Joint,mae,0.013968326151371002
5677,SA-Joint,mae,0.016270078718662262
5697,SA-Joint,mae,0.015902820974588394
5712,SA-Joint,mae,0.009600011631846428
5715,SA-Joint,mae,0.010362221859395504
5728,SA-Joint,mae,0.008487476035952568
5737,SA-Joint,mae,0.01611965149641037
5742,SA-Joint,mae,0.01221026387065649
5744,SA-Joint,mae,0.007688333746045828
5758,SA-Joint,mae,0.01307204645127058
5763,SA-Joint,mae,0.005585139617323875
5770,SA-Joint,mae,0.005953813903033733
5774,SA-Joint,mae,0.008500181138515472
5785,SA-Joint,mae,0.011212421581149101
5793,SA-Joint,mae,0.010133175179362297
5802,SA-Joint,mae,0.009884268045425415
5803,SA-Joint,mae,0.024326086044311523
5804,SA-Joint,mae,0.009515651501715183
5810,SA-Joint,mae,0.02258257567882538
5813,SA-Joint,mae,0.0219422634691
5819,SA-Joint,mae,0.005564674735069275
5831,SA-Joint,mae,0.013975836336612701
5838,SA-Joint,mae,0.009683932177722454
5848,SA-Joint,mae,0.019548488780856133
5850,SA-Joint,mae,0.013547500595450401
5851,SA-Joint,mae,0.029734043404459953
5860,SA-Joint,mae,0.007565261796116829
5877,SA-Joint,mae,0.009826095774769783
5878,SA-Joint,mae,0.0064502861350774765
5880,SA-Joint,mae,0.008813376538455486
5884,SA-Joint,mae,0.007215919904410839
5890,SA-Joint,mae,0.012173421680927277
5892,SA-Joint,mae,0.005566521547734737
5895,SA-Joint,mae,0.017105232924222946
5899,SA-Joint,mae,0.0053027658723294735
5903,SA-Joint,mae,0.015345150604844093
5904,SA-Joint,mae,0.011967165395617485
5906,SA-Joint,mae,0.010321253910660744
5916,SA-Joint,mae,0.014257170259952545
5919,SA-Joint,mae,0.013602150604128838
5939,SA-Joint,mae,0.015251396223902702
5941,SA-Joint,mae,0.020628929138183594
5961,SA-Joint,mae,0.00569011177867651
5966,SA-Joint,mae,0.011952806264162064
5967,SA-Joint,mae,0.017663000151515007
5968,SA-Joint,mae,0.012841587886214256
5969,SA-Joint,mae,0.013583458960056305
5976,SA-Joint,mae,0.01501154899597168
5980,SA-Joint,mae,0.00957879051566124
5994,SA-Joint,mae,0.005529944784939289
6006,SA-Joint,mae,0.010547671467065811
6013,SA-Joint,mae,0.01328220497816801
6018,SA-Joint,mae,0.016457926481962204
6020,SA-Joint,mae,0.008915217593312263
6021,SA-Joint,mae,0.015261946246027946
6022,SA-Joint,mae,0.018657652661204338
6025,SA-Joint,mae,0.013983386568725109
6027,SA-Joint,mae,0.008595733903348446
6042,SA-Joint,mae,0.005202163942158222
6047,SA-Joint,mae,0.016940947622060776
6048,SA-Joint,mae,0.0066671124659478664
6060,SA-Joint,mae,0.008546349592506886
6063,SA-Joint,mae,0.0150676891207695
6067,SA-Joint,mae,0.007907267659902573
6071,SA-Joint,mae,0.015135142020881176
6075,SA-Joint,mae,0.007305918261408806
6083,SA-Joint,mae,0.01817009598016739
6085,SA-Joint,mae,0.014635647647082806
6089,SA-Joint,mae,0.009525757282972336
6091,SA-Joint,mae,0.020366046577692032
6110,SA-Joint,mae,0.013613894581794739
6117,SA-Joint,mae,0.008947951719164848
6129,SA-Joint,mae,0.016140975058078766
6135,SA-Joint,mae,0.015783438459038734
6137,SA-Joint,mae,0.010321437381207943
6139,SA-Joint,mae,0.014632749371230602
6147,SA-Joint,mae,0.013342331163585186
6156,SA-Joint,mae,0.013361034914851189
6157,SA-Joint,mae,0.005138438660651445
6158,SA-Joint,mae,0.0233695637434721
6162,SA-Joint,mae,0.009224588051438332
6171,SA-Joint,mae,0.009072519838809967
6177,SA-Joint,mae,0.006623058579862118
6181,SA-Joint,mae,0.007156526204198599
6182,SA-Joint,mae,0.011607607826590538
6184,SA-Joint,mae,0.01340434979647398
6189,SA-Joint,mae,0.018808189779520035
6199,SA-Joint,mae,0.0070861270651221275
6204,SA-Joint,mae,0.010419275611639023
6208,SA-Joint,mae,0.012319603934884071
6209,SA-Joint,mae,0.01015645544975996
6217,SA-Joint,mae,0.021893154829740524
6218,SA-Joint,mae,0.018636107444763184
6222,SA-Joint,mae,0.016528071835637093
6226,SA-Joint,mae,0.010145183652639389
6233,SA-Joint,mae,0.010560966096818447
6241,SA-Joint,mae,0.00580604188144207
6243,SA-Joint,mae,0.013360726647078991
6264,SA-Joint,mae,0.011243464425206184
6265,SA-Joint,mae,0.00984615832567215
6275,SA-Joint,mae,0.01767197996377945
6277,SA-Joint,mae,0.013962375931441784
6287,SA-Joint,mae,0.013748912140727043
6292,SA-Joint,mae,0.004480776377022266
6301,SA-Joint,mae,0.011440560221672058
6309,SA-Joint,mae,0.008837468922138214
6318,SA-Joint,mae,0.004351574461907148
6325,SA-Joint,mae,0.008092723786830902
6335,SA-Joint,mae,0.01159738376736641
6339,SA-Joint,mae,0.006389973219484091
6353,SA-Joint,mae,0.007990187965333462
6362,SA-Joint,mae,0.007430598139762878
6364,SA-Joint,mae,0.017140530049800873
6366,SA-Joint,mae,0.009556355886161327
6368,SA-Joint,mae,0.010756505653262138
6386,SA-Joint,mae,0.012386209331452847
6402,SA-Joint,mae,0.01586136594414711
6403,SA-Joint,mae,0.014223270118236542
6410,SA-Joint,mae,0.01775929145514965
6416,SA-Joint,mae,0.007030110340565443
6421,SA-Joint,mae,0.00674379151314497
6422,SA-Joint,mae,0.011349193751811981
6423,SA-Joint,mae,0.016205210238695145
6427,SA-Joint,mae,0.00813993439078331
6428,SA-Joint,mae,0.01582135632634163
6432,SA-Joint,mae,0.009532755240797997
6446,SA-Joint,mae,0.012970349751412868
6457,SA-Joint,mae,0.008962898515164852
6471,SA-Joint,mae,0.009956330060958862
6484,SA-Joint,mae,0.01228740718215704
6496,SA-Joint,mae,0.01388648059219122
6498,SA-Joint,mae,0.014565753750503063
6503,SA-Joint,mae,0.005534937139600515
6509,SA-Joint,mae,0.009589411318302155
6513,SA-Joint,mae,0.015893954783678055
6522,SA-Joint,mae,0.020667972043156624
6539,SA-Joint,mae,0.007967951707541943
6545,SA-Joint,mae,0.008959169499576092
6547,SA-Joint,mae,0.007898452691733837
6552,SA-Joint,mae,0.007832968607544899
6559,SA-Joint,mae,0.011584170162677765
6564,SA-Joint,mae,0.010788755491375923
6566,SA-Joint,mae,0.009733682498335838
6570,SA-Joint,mae,0.009316198527812958
6584,SA-Joint,mae,0.006432311609387398
6588,SA-Joint,mae,0.014380089938640594
6594,SA-Joint,mae,0.025271331891417503
6612,SA-Joint,mae,0.009343581274151802
6628,SA-Joint,mae,0.015887193381786346
6637,SA-Joint,mae,0.01618875563144684
6642,SA-Joint,mae,0.010847143828868866
6647,SA-Joint,mae,0.006249898578971624
6648,SA-Joint,mae,0.011592550203204155
6649,SA-Joint,mae,0.010480616241693497
6653,SA-Joint,mae,0.012692882679402828
6656,SA-Joint,mae,0.013281062245368958
6660,SA-Joint,mae,0.010493703186511993
6672,SA-Joint,mae,0.01557810790836811
6676,SA-Joint,mae,0.00972057320177555
6682,SA-Joint,mae,0.011906425468623638
6683,SA-Joint,mae,0.009833430871367455
6691,SA-Joint,mae,0.007064959965646267
6695,SA-Joint,mae,0.015234442427754402
6700,SA-Joint,mae,0.02292029559612274
6705,SA-Joint,mae,0.01909560151398182
6706,SA-Joint,mae,0.005263452418148518
6711,SA-Joint,mae,0.010492449626326561
6732,SA-Joint,mae,0.010739577934145927
6742,SA-Joint,mae,0.019448254257440567
6744,SA-Joint,mae,0.0026756504084914923
6747,SA-Joint,mae,0.01491885632276535
6757,SA-Joint,mae,0.010286645963788033
6769,SA-Joint,mae,0.008533897809684277
6786,SA-Joint,mae,0.013256751000881195
6787,SA-Joint,mae,0.011730318889021873
6800,SA-Joint,mae,0.01146790012717247
6808,SA-Joint,mae,0.01138310693204403
6826,SA-Joint,mae,0.01339905709028244
6831,SA-Joint,mae,0.007921623066067696
6833,SA-Joint,mae,0.008709453046321869
6835,SA-Joint,mae,0.019705448299646378
6837,SA-Joint,mae,0.0019333197269588709
6845,SA-Joint,mae,0.011090805754065514
6848,SA-Joint,mae,0.014628717675805092
6855,SA-Joint,mae,0.01803785189986229
6860,SA-Joint,mae,0.014872841536998749
6865,SA-Joint,mae,0.02180667594075203
6872,SA-Joint,mae,0.01401672512292862
6880,SA-Joint,mae,0.013561703264713287
6887,SA-Joint,mae,0.0132938576862216
6889,SA-Joint,mae,0.013726483099162579
6894,SA-Joint,mae,0.013351067900657654
6904,SA-Joint,mae,0.009555921889841557
6913,SA-Joint,mae,0.009577549993991852
6928,SA-Joint,mae,0.004465991631150246
6936,SA-Joint,mae,0.006192687898874283
6963,SA-Joint,mae,0.016872620210051537
6971,SA-Joint,mae,0.004119076766073704
6992,SA-Joint,mae,0.015008868649601936
7011,SA-Joint,mae,0.01612255722284317
7013,SA-Joint,mae,0.009148611687123775
7018,SA-Joint,mae,0.019071875140070915
7023,SA-Joint,mae,0.014451250433921814
7035,SA-Joint,mae,0.020821258425712585
7038,SA-Joint,mae,0.01717960089445114
7041,SA-Joint,mae,0.011378194205462933
7042,SA-Joint,mae,0.007864980958402157
7047,SA-Joint,mae,0.011080309748649597
7057,SA-Joint,mae,0.008534670807421207
7068,SA-Joint,mae,0.014403631910681725
7088,SA-Joint,mae,0.022702043876051903
7092,SA-Joint,mae,0.013826174661517143
7100,SA-Joint,mae,0.01584627293050289
7114,SA-Joint,mae,0.016342394053936005
7119,SA-Joint,mae,0.016645435243844986
7126,SA-Joint,mae,0.01759215258061886
7131,SA-Joint,mae,0.005011979956179857
7140,SA-Joint,mae,0.015296852216124535
7142,SA-Joint,mae,0.009551441296935081
7143,SA-Joint,mae,0.008094490505754948
7153,SA-Joint,mae,0.009971998631954193
7154,SA-Joint,mae,0.011109281331300735
7169,SA-Joint,mae,0.005672450177371502
7171,SA-Joint,mae,0.008870624005794525
7172,SA-Joint,mae,0.01505124568939209
7178,SA-Joint,mae,0.013450786471366882
7184,SA-Joint,mae,0.018179092556238174
7202,SA-Joint,mae,0.013092263601720333
7206,SA-Joint,mae,0.018236421048641205
7220,SA-Joint,mae,0.013210853561758995
7226,SA-Joint,mae,0.01654675416648388
7229,SA-Joint,mae,0.00709837069734931
7231,SA-Joint,mae,0.013263320550322533
7237,SA-Joint,mae,0.012589504942297935
7244,SA-Joint,mae,0.008346959948539734
7256,SA-Joint,mae,0.010562755167484283
7259,SA-Joint,mae,0.014560326002538204
7269,SA-Joint,mae,0.008266757242381573
7272,SA-Joint,mae,0.010613972321152687
7274,SA-Joint,mae,0.011591514572501183
7276,SA-Joint,mae,0.004239513538777828
7287,SA-Joint,mae,0.007592042442411184
7288,SA-Joint,mae,0.01502702385187149
7290,SA-Joint,mae,0.010747842490673065
7293,SA-Joint,mae,0.011471277102828026
7295,SA-Joint,mae,0.0076583800837397575
7299,SA-Joint,mae,0.0069174207746982574
7301,SA-Joint,mae,0.013287371024489403
7313,SA-Joint,mae,0.008477859199047089
7321,SA-Joint,mae,0.013237571343779564
7327,SA-Joint,mae,0.026480790227651596
7328,SA-Joint,mae,0.008795401081442833
7331,SA-Joint,mae,0.006822875700891018
7340,SA-Joint,mae,0.012095022015273571
7346,SA-Joint,mae,0.011388711631298065
7350,SA-Joint,mae,0.010301302187144756
7373,SA-Joint,mae,0.015663404017686844
7376,SA-Joint,mae,0.013132922351360321
7383,SA-Joint,mae,0.013635559007525444
7404,SA-Joint,mae,0.012196717783808708
7412,SA-Joint,mae,0.007187336683273315
7413,SA-Joint,mae,0.014117121696472168
7421,SA-Joint,mae,0.005940775852650404
7422,SA-Joint,mae,0.019846074283123016
7426,SA-Joint,mae,0.012554450891911983
7427,SA-Joint,mae,0.004936736077070236
7429,SA-Joint,mae,0.0076279169879853725
7432,SA-Joint,mae,0.011301255784928799
7454,SA-Joint,mae,0.019801054149866104
7459,SA-Joint,mae,0.00497612077742815
7463,SA-Joint,mae,0.009623458608984947
7464,SA-Joint,mae,0.012783698737621307
7476,SA-Joint,mae,0.010310458950698376
7477,SA-Joint,mae,0.013288582675158978
7498,SA-Joint,mae,0.02112230286002159
7509,SA-Joint,mae,0.006770949345082045
7511,SA-Joint,mae,0.016575675457715988
7517,SA-Joint,mae,0.005081881769001484
7526,SA-Joint,mae,0.009555574506521225
7528,SA-Joint,mae,0.01406403910368681
7529,SA-Joint,mae,0.010461006313562393
7545,SA-Joint,mae,0.009248591959476471
7546,SA-Joint,mae,0.0118910176679492
7548,SA-Joint,mae,0.014706036075949669
7555,SA-Joint,mae,0.014993464574217796
7563,SA-Joint,mae,0.013253320008516312
7570,SA-Joint,mae,0.00968707911670208
7572,SA-Joint,mae,0.011387083679437637
7576,SA-Joint,mae,0.011231914162635803
7577,SA-Joint,mae,0.007220267318189144
7595,SA-Joint,mae,0.022376826032996178
7606,SA-Joint,mae,0.011767204850912094
7608,SA-Joint,mae,0.01068119890987873
7619,SA-Joint,mae,0.013294948264956474
7620,SA-Joint,mae,0.01951746456325054
7624,SA-Joint,mae,0.014817049726843834
7627,SA-Joint,mae,0.018464192748069763
7629,SA-Joint,mae,0.01096682995557785
7630,SA-Joint,mae,0.013938664458692074
7632,SA-Joint,mae,0.012319701723754406
7645,SA-Joint,mae,0.01233263872563839
7656,SA-Joint,mae,0.01118035800755024
7671,SA-Joint,mae,0.008112343028187752
7676,SA-Joint,mae,0.009068332612514496
7688,SA-Joint,mae,0.011462224647402763
7691,SA-Joint,mae,0.016933763399720192
7692,SA-Joint,mae,0.01493080984801054
7709,SA-Joint,mae,0.014554731547832489
7710,SA-Joint,mae,0.008793186396360397
7719,SA-Joint,mae,0.010945385321974754
7738,SA-Joint,mae,0.013870665803551674
7740,SA-Joint,mae,0.01246022991836071
7741,SA-Joint,mae,0.020346075296401978
7742,SA-Joint,mae,0.018424607813358307
7759,SA-Joint,mae,0.021628281101584435
7764,SA-Joint,mae,0.011347953230142593
7768,SA-Joint,mae,0.0066838799975812435
7772,SA-Joint,mae,0.010896198451519012
7774,SA-Joint,mae,0.011656505987048149
7775,SA-Joint,mae,0.01157472562044859
7776,SA-Joint,mae,0.00898299366235733
7779,SA-Joint,mae,0.01631411910057068
7791,SA-Joint,mae,0.006889837794005871
7808,SA-Joint,mae,0.009920785203576088
7813,SA-Joint,mae,0.007176355924457312
7822,SA-Joint,mae,0.00892908126115799
7825,SA-Joint,mae,0.010234268382191658
7829,SA-Joint,mae,0.01141927670687437
7835,SA-Joint,mae,0.013428504578769207
7845,SA-Joint,mae,0.010084295645356178
7861,SA-Joint,mae,0.0056358687579631805
7863,SA-Joint,mae,0.013140125200152397
7869,SA-Joint,mae,0.021162329241633415
7874,SA-Joint,mae,0.005391316022723913
7891,SA-Joint,mae,0.011964957229793072
7902,SA-Joint,mae,0.018844611942768097
7916,SA-Joint,mae,0.012035559862852097
7934,SA-Joint,mae,0.010276513174176216
7940,SA-Joint,mae,0.00687911082059145
7944,SA-Joint,mae,0.013184657320380211
7960,SA-Joint,mae,0.009326688945293427
7966,SA-Joint,mae,0.012690256349742413
7967,SA-Joint,mae,0.012755523435771465
7970,SA-Joint,mae,0.013816706836223602
7971,SA-Joint,mae,0.012719507329165936
7972,SA-Joint,mae,0.016783228144049644
7977,SA-Joint,mae,0.017169900238513947
7992,SA-Joint,mae,0.008737679570913315
8002,SA-Joint,mae,0.007510899566113949
8003,SA-Joint,mae,0.015600666403770447
8004,SA-Joint,mae,0.010341514833271503
8010,SA-Joint,mae,0.004663561936467886
8015,SA-Joint,mae,0.009753613732755184
8016,SA-Joint,mae,0.013869896531105042
8024,SA-Joint,mae,0.010851278901100159
8047,SA-Joint,mae,0.01902831345796585
8058,SA-Joint,mae,0.0032697725109755993
8067,SA-Joint,mae,0.009673187509179115
8073,SA-Joint,mae,0.019524162635207176
8076,SA-Joint,mae,0.014159759506583214
8081,SA-Joint,mae,0.013712802901864052
8114,SA-Joint,mae,0.019459988921880722
8115,SA-Joint,mae,0.01633276417851448
8120,SA-Joint,mae,0.010339073836803436
8122,SA-Joint,mae,0.011954119428992271
8125,SA-Joint,mae,0.012076349928975105
8136,SA-Joint,mae,0.020957207307219505
8138,SA-Joint,mae,0.006937551312148571
8149,SA-Joint,mae,0.009314870461821556
8156,SA-Joint,mae,0.012675999663770199
8157,SA-Joint,mae,0.010796453803777695
8162,SA-Joint,mae,0.014721101149916649
8167,SA-Joint,mae,0.005505965556949377
8169,SA-Joint,mae,0.012880979105830193
8170,SA-Joint,mae,0.010046225041151047
8172,SA-Joint,mae,0.01707027480006218
8202,SA-Joint,mae,0.0067085265181958675
8206,SA-Joint,mae,0.0186079703271389
8217,SA-Joint,mae,0.013300739228725433
8218,SA-Joint,mae,0.008273468352854252
8222,SA-Joint,mae,0.005144647788256407
8227,SA-Joint,mae,0.011747139506042004
8249,SA-Joint,mae,0.007226756773889065
8251,SA-Joint,mae,0.011399727314710617
8252,SA-Joint,mae,0.013759305700659752
8256,SA-Joint,mae,0.010202129371464252
8263,SA-Joint,mae,0.007488388568162918
5,SA-Joint,rmse,0.02344857156276703
12,SA-Joint,rmse,0.02569105103611946
24,SA-Joint,rmse,0.024280855432152748
26,SA-Joint,rmse,0.025628715753555298
30,SA-Joint,rmse,0.031304437667131424
35,SA-Joint,rmse,0.025363296270370483
39,SA-Joint,rmse,0.032246317714452744
41,SA-Joint,rmse,0.02625754103064537
42,SA-Joint,rmse,0.026553386822342873
44,SA-Joint,rmse,0.02883290871977806
48,SA-Joint,rmse,0.021492009982466698
65,SA-Joint,rmse,0.02088227868080139
69,SA-Joint,rmse,0.03669260814785957
71,SA-Joint,rmse,0.027285167947411537
73,SA-Joint,rmse,0.0264798104763031
80,SA-Joint,rmse,0.03036586008965969
83,SA-Joint,rmse,0.024709906429052353
99,SA-Joint,rmse,0.03588215634226799
100,SA-Joint,rmse,0.03602094203233719
110,SA-Joint,rmse,0.03545580804347992
116,SA-Joint,rmse,0.031241172924637794
122,SA-Joint,rmse,0.016815930604934692
132,SA-Joint,rmse,0.025424635037779808
141,SA-Joint,rmse,0.0284406840801239
151,SA-Joint,rmse,0.02951931208372116
154,SA-Joint,rmse,0.026962008327245712
156,SA-Joint,rmse,0.036729149520397186
157,SA-Joint,rmse,0.027787737548351288
159,SA-Joint,rmse,0.028553612530231476
178,SA-Joint,rmse,0.022452760487794876
197,SA-Joint,rmse,0.017321394756436348
199,SA-Joint,rmse,0.021005922928452492
211,SA-Joint,rmse,0.023523086681962013
212,SA-Joint,rmse,0.03201122581958771
214,SA-Joint,rmse,0.025524098426103592
221,SA-Joint,rmse,0.02706565149128437
232,SA-Joint,rmse,0.02523794025182724
233,SA-Joint,rmse,0.021871700882911682
240,SA-Joint,rmse,0.03340020030736923
242,SA-Joint,rmse,0.0437314547598362
243,SA-Joint,rmse,0.02692970633506775
244,SA-Joint,rmse,0.027584273368120193
260,SA-Joint,rmse,0.01042967475950718
273,SA-Joint,rmse,0.0341915488243103
275,SA-Joint,rmse,0.0318094864487648
276,SA-Joint,rmse,0.030078226700425148
283,SA-Joint,rmse,0.031624164432287216
297,SA-Joint,rmse,0.03009352646768093
303,SA-Joint,rmse,0.026875874027609825
310,SA-Joint,rmse,0.01855573058128357
318,SA-Joint,rmse,0.02779499627649784
319,SA-Joint,rmse,0.029049724340438843
324,SA-Joint,rmse,0.025169871747493744
326,SA-Joint,rmse,0.017378225922584534
328,SA-Joint,rmse,0.01694636233150959
330,SA-Joint,rmse,0.024129487574100494
333,SA-Joint,rmse,0.023693392053246498
340,SA-Joint,rmse,0.030559880658984184
347,SA-Joint,rmse,0.029944641515612602
348,SA-Joint,rmse,0.025541676208376884
360,SA-Joint,rmse,0.020974840968847275
361,SA-Joint,rmse,0.033417873084545135
364,SA-Joint,rmse,0.029808932915329933
366,SA-Joint,rmse,0.021927155554294586
378,SA-Joint,rmse,0.02552897483110428
391,SA-Joint,rmse,0.02770560048520565
394,SA-Joint,rmse,0.025079062208533287
398,SA-Joint,rmse,0.03034667670726776
408,SA-Joint,rmse,0.025811398401856422
409,SA-Joint,rmse,0.03292810171842575
410,SA-Joint,rmse,0.03900327533483505
412,SA-Joint,rmse,0.021042870357632637
425,SA-Joint,rmse,0.031858958303928375
429,SA-Joint,rmse,0.026976432651281357
438,SA-Joint,rmse,0.0243722852319479
461,SA-Joint,rmse,0.03700903058052063
463,SA-Joint,rmse,0.03157158941030502
464,SA-Joint,rmse,0.02614847756922245
477,SA-Joint,rmse,0.03405081480741501
486,SA-Joint,rmse,0.0203836839646101
491,SA-Joint,rmse,0.021370958536863327
495,SA-Joint,rmse,0.030804097652435303
516,SA-Joint,rmse,0.027735281735658646
521,SA-Joint,rmse,0.027576718479394913
531,SA-Joint,rmse,0.02730473503470421
533,SA-Joint,rmse,0.03484346345067024
537,SA-Joint,rmse,0.02401762455701828
542,SA-Joint,rmse,0.030249202623963356
543,SA-Joint,rmse,0.024789243936538696
548,SA-Joint,rmse,0.026745963841676712
554,SA-Joint,rmse,0.02769097499549389
565,SA-Joint,rmse,0.022259529680013657
570,SA-Joint,rmse,0.01794924959540367
574,SA-Joint,rmse,0.03374785557389259
590,SA-Joint,rmse,0.025881322100758553
610,SA-Joint,rmse,0.029202530160546303
613,SA-Joint,rmse,0.021849408745765686
634,SA-Joint,rmse,0.025435039773583412
637,SA-Joint,rmse,0.02137661725282669
642,SA-Joint,rmse,0.029332799836993217
644,SA-Joint,rmse,0.025713937357068062
663,SA-Joint,rmse,0.024739855900406837
670,SA-Joint,rmse,0.03540383651852608
676,SA-Joint,rmse,0.024312172085046768
680,SA-Joint,rmse,0.022589344531297684
686,SA-Joint,rmse,0.026995917782187462
695,SA-Joint,rmse,0.025648562237620354
707,SA-Joint,rmse,0.024436186999082565
711,SA-Joint,rmse,0.028734292834997177
712,SA-Joint,rmse,0.025828788056969643
713,SA-Joint,rmse,0.030866537243127823
717,SA-Joint,rmse,0.021590370684862137
721,SA-Joint,rmse,0.022421017289161682
738,SA-Joint,rmse,0.03203645721077919
748,SA-Joint,rmse,0.017504461109638214
752,SA-Joint,rmse,0.02481943555176258
760,SA-Joint,rmse,0.025318671017885208
763,SA-Joint,rmse,0.02029324136674404
770,SA-Joint,rmse,0.02708522044122219
776,SA-Joint,rmse,0.031554482877254486
778,SA-Joint,rmse,0.026319844648241997
782,SA-Joint,rmse,0.025877228006720543
787,SA-Joint,rmse,0.030014630407094955
793,SA-Joint,rmse,0.024744801223278046
799,SA-Joint,rmse,0.027772877365350723
800,SA-Joint,rmse,0.033036816865205765
804,SA-Joint,rmse,0.027466418221592903
810,SA-Joint,rmse,0.029132718220353127
812,SA-Joint,rmse,0.028037050738930702
819,SA-Joint,rmse,0.02284380793571472
823,SA-Joint,rmse,0.024458620697259903
827,SA-Joint,rmse,0.034427665174007416
831,SA-Joint,rmse,0.022256432101130486
847,SA-Joint,rmse,0.03967125713825226
849,SA-Joint,rmse,0.020257946103811264
856,SA-Joint,rmse,0.029381055384874344
865,SA-Joint,rmse,0.02729826420545578
871,SA-Joint,rmse,0.021135294809937477
873,SA-Joint,rmse,0.027183767408132553
880,SA-Joint,rmse,0.020408974960446358
884,SA-Joint,rmse,0.034442830830812454
887,SA-Joint,rmse,0.02522299438714981
893,SA-Joint,rmse,0.030442824587225914
906,SA-Joint,rmse,0.030500272288918495
909,SA-Joint,rmse,0.03588042035698891
910,SA-Joint,rmse,0.030323941260576248
913,SA-Joint,rmse,0.02726573310792446
916,SA-Joint,rmse,0.022574642673134804
927,SA-Joint,rmse,0.02296878956258297
930,SA-Joint,rmse,0.023226015269756317
939,SA-Joint,rmse,0.020856361836194992
956,SA-Joint,rmse,0.02751459926366806
963,SA-Joint,rmse,0.03879637271165848
966,SA-Joint,rmse,0.018053019419312477
969,SA-Joint,rmse,0.03815930709242821
970,SA-Joint,rmse,0.026632845401763916
978,SA-Joint,rmse,0.026587098836898804
988,SA-Joint,rmse,0.029162399470806122
989,SA-Joint,rmse,0.02272130362689495
992,SA-Joint,rmse,0.027328545227646828
995,SA-Joint,rmse,0.02657962217926979
1004,SA-Joint,rmse,0.023555275052785873
1008,SA-Joint,rmse,0.03763345628976822
1011,SA-Joint,rmse,0.041246648877859116
1013,SA-Joint,rmse,0.02473815716803074
1018,SA-Joint,rmse,0.029640424996614456
1022,SA-Joint,rmse,0.01771237701177597
1045,SA-Joint,rmse,0.022658074274659157
1049,SA-Joint,rmse,0.02010609768331051
1051,SA-Joint,rmse,0.0293359886854887
1061,SA-Joint,rmse,0.02842714823782444
1063,SA-Joint,rmse,0.01616242155432701
1068,SA-Joint,rmse,0.015181271359324455
1076,SA-Joint,rmse,0.013562819920480251
1079,SA-Joint,rmse,0.02719038538634777
1084,SA-Joint,rmse,0.02737322822213173
1089,SA-Joint,rmse,0.029973173514008522
1090,SA-Joint,rmse,0.01664048805832863
1099,SA-Joint,rmse,0.0355929359793663
1114,SA-Joint,rmse,0.017338134348392487
1120,SA-Joint,rmse,0.02962302602827549
1121,SA-Joint,rmse,0.034207843244075775
1134,SA-Joint,rmse,0.02704508602619171
1177,SA-Joint,rmse,0.01866440288722515
1178,SA-Joint,rmse,0.020929154008626938
1183,SA-Joint,rmse,0.025670478120446205
1193,SA-Joint,rmse,0.030094869434833527
1204,SA-Joint,rmse,0.020997721701860428
1208,SA-Joint,rmse,0.0227354746311903
1213,SA-Joint,rmse,0.025913985446095467
1231,SA-Joint,rmse,0.023929337039589882
1232,SA-Joint,rmse,0.034184638410806656
1233,SA-Joint,rmse,0.030795369297266006
1238,SA-Joint,rmse,0.027171116322278976
1240,SA-Joint,rmse,0.019186073914170265
1243,SA-Joint,rmse,0.02259008213877678
1260,SA-Joint,rmse,0.018400227651000023
1267,SA-Joint,rmse,0.028971705585718155
1268,SA-Joint,rmse,0.028918147087097168
1274,SA-Joint,rmse,0.026609372347593307
1281,SA-Joint,rmse,0.021963829174637794
1297,SA-Joint,rmse,0.019074292853474617
1307,SA-Joint,rmse,0.026729093864560127
1313,SA-Joint,rmse,0.021625956520438194
1330,SA-Joint,rmse,0.02798243798315525
1334,SA-Joint,rmse,0.029630988836288452
1346,SA-Joint,rmse,0.02126798778772354
1348,SA-Joint,rmse,0.028260517865419388
1355,SA-Joint,rmse,0.024972766637802124
1363,SA-Joint,rmse,0.015874959528446198
1366,SA-Joint,rmse,0.022781187668442726
1391,SA-Joint,rmse,0.03271171823143959
1400,SA-Joint,rmse,0.02224019542336464
1411,SA-Joint,rmse,0.029743580147624016
1413,SA-Joint,rmse,0.01975109986960888
1422,SA-Joint,rmse,0.02695784531533718
1425,SA-Joint,rmse,0.03697670251131058
1434,SA-Joint,rmse,0.023109663277864456
1441,SA-Joint,rmse,0.022407811135053635
1447,SA-Joint,rmse,0.017302583903074265
1458,SA-Joint,rmse,0.02761055715382099
1471,SA-Joint,rmse,0.036450959742069244
1481,SA-Joint,rmse,0.02415667101740837
1499,SA-Joint,rmse,0.026091907173395157
1506,SA-Joint,rmse,0.03175344690680504
1511,SA-Joint,rmse,0.029127003625035286
1512,SA-Joint,rmse,0.023188438266515732
1515,SA-Joint,rmse,0.018189694732427597
1522,SA-Joint,rmse,0.029593078419566154
1525,SA-Joint,rmse,0.03499225154519081
1536,SA-Joint,rmse,0.026004338636994362
1541,SA-Joint,rmse,0.02729974500834942
1543,SA-Joint,rmse,0.029818765819072723
1546,SA-Joint,rmse,0.02903590351343155
1551,SA-Joint,rmse,0.038347307592630386
1553,SA-Joint,rmse,0.03269786760210991
1559,SA-Joint,rmse,0.03668016940355301
1562,SA-Joint,rmse,0.035917628556489944
1563,SA-Joint,rmse,0.03311027213931084
1581,SA-Joint,rmse,0.026499925181269646
1613,SA-Joint,rmse,0.022927358746528625
1619,SA-Joint,rmse,0.027879105880856514
1622,SA-Joint,rmse,0.02932731993496418
1624,SA-Joint,rmse,0.025347573682665825
1634,SA-Joint,rmse,0.020932229235768318
1644,SA-Joint,rmse,0.012282371520996094
1645,SA-Joint,rmse,0.020751094445586205
1663,SA-Joint,rmse,0.027440648525953293
1673,SA-Joint,rmse,0.025593657046556473
1684,SA-Joint,rmse,0.025593917816877365
1685,SA-Joint,rmse,0.021331610158085823
1694,SA-Joint,rmse,0.022955523803830147
1697,SA-Joint,rmse,0.027437452226877213
1698,SA-Joint,rmse,0.020171022042632103
1700,SA-Joint,rmse,0.0335637703537941
1715,SA-Joint,rmse,0.02627590484917164
1721,SA-Joint,rmse,0.021073518320918083
1724,SA-Joint,rmse,0.02926415205001831
1727,SA-Joint,rmse,0.022812312468886375
1729,SA-Joint,rmse,0.02649727091193199
1741,SA-Joint,rmse,0.030872924253344536
1760,SA-Joint,rmse,0.02218608558177948
1761,SA-Joint,rmse,0.034941285848617554
1763,SA-Joint,rmse,0.023264873772859573
1765,SA-Joint,rmse,0.026699082925915718
1773,SA-Joint,rmse,0.025628555566072464
1782,SA-Joint,rmse,0.017735324800014496
1784,SA-Joint,rmse,0.01981646753847599
1791,SA-Joint,rmse,0.027660468593239784
1798,SA-Joint,rmse,0.026296032592654228
1804,SA-Joint,rmse,0.03494946286082268
1812,SA-Joint,rmse,0.0228938739746809
1814,SA-Joint,rmse,0.025157645344734192
1819,SA-Joint,rmse,0.024459874257445335
1824,SA-Joint,rmse,0.029542047530412674
1831,SA-Joint,rmse,0.024628330022096634
1833,SA-Joint,rmse,0.028916582465171814
1841,SA-Joint,rmse,0.029302237555384636
1843,SA-Joint,rmse,0.022112786769866943
1868,SA-Joint,rmse,0.025762515142560005
1871,SA-Joint,rmse,0.01979914680123329
1881,SA-Joint,rmse,0.02491677924990654
1882,SA-Joint,rmse,0.029816292226314545
1888,SA-Joint,rmse,0.016044944524765015
1911,SA-Joint,rmse,0.027658531442284584
1919,SA-Joint,rmse,0.01987411640584469
1935,SA-Joint,rmse,0.02854752168059349
1942,SA-Joint,rmse,0.025923097506165504
1943,SA-Joint,rmse,0.02452683635056019
1963,SA-Joint,rmse,0.032363906502723694
1968,SA-Joint,rmse,0.03541281074285507
1985,SA-Joint,rmse,0.03355498984456062
1999,SA-Joint,rmse,0.03340865299105644
2000,SA-Joint,rmse,0.0277514960616827
2002,SA-Joint,rmse,0.024879073724150658
2003,SA-Joint,rmse,0.021374985575675964
2015,SA-Joint,rmse,0.02829545922577381
2020,SA-Joint,rmse,0.02776317112147808
2021,SA-Joint,rmse,0.02237735688686371
2026,SA-Joint,rmse,0.02187187597155571
2028,SA-Joint,rmse,0.025870339944958687
2034,SA-Joint,rmse,0.027624763548374176
2038,SA-Joint,rmse,0.05250149592757225
2060,SA-Joint,rmse,0.021174311637878418
2075,SA-Joint,rmse,0.030986610800027847
2078,SA-Joint,rmse,0.02896157093346119
2081,SA-Joint,rmse,0.02045709453523159
2095,SA-Joint,rmse,0.027604231610894203
2096,SA-Joint,rmse,0.02234414778649807
2102,SA-Joint,rmse,0.034507595002651215
2107,SA-Joint,rmse,0.0244734063744545
2109,SA-Joint,rmse,0.02498479187488556
2111,SA-Joint,rmse,0.020543085411190987
2112,SA-Joint,rmse,0.032168108969926834
2118,SA-Joint,rmse,0.026196584105491638
2122,SA-Joint,rmse,0.033664293587207794
2123,SA-Joint,rmse,0.03139767423272133
2128,SA-Joint,rmse,0.029000304639339447
2140,SA-Joint,rmse,0.032491665333509445
2148,SA-Joint,rmse,0.024898264557123184
2149,SA-Joint,rmse,0.031694453209638596
2151,SA-Joint,rmse,0.019741438329219818
2152,SA-Joint,rmse,0.026397930458188057
2166,SA-Joint,rmse,0.03713974356651306
2168,SA-Joint,rmse,0.027838483452796936
2176,SA-Joint,rmse,0.027859782800078392
2178,SA-Joint,rmse,0.02227029949426651
2183,SA-Joint,rmse,0.029145335778594017
2195,SA-Joint,rmse,0.033408813178539276
2200,SA-Joint,rmse,0.02513866126537323
2204,SA-Joint,rmse,0.032054152339696884
2205,SA-Joint,rmse,0.026261253282427788
2206,SA-Joint,rmse,0.02898203767836094
2211,SA-Joint,rmse,0.022190134972333908
2218,SA-Joint,rmse,0.018590813502669334
2221,SA-Joint,rmse,0.022152572870254517
2224,SA-Joint,rmse,0.02524782344698906
2227,SA-Joint,rmse,0.02208472043275833
2231,SA-Joint,rmse,0.030585603788495064
2236,SA-Joint,rmse,0.03153190016746521
2238,SA-Joint,rmse,0.041575510054826736
2242,SA-Joint,rmse,0.035412196069955826
2246,SA-Joint,rmse,0.029138613492250443
2269,SA-Joint,rmse,0.026547802612185478
2278,SA-Joint,rmse,0.02998007833957672
2279,SA-Joint,rmse,0.03533429652452469
2305,SA-Joint,rmse,0.03239012509584427
2315,SA-Joint,rmse,0.030100705102086067
2316,SA-Joint,rmse,0.031126104295253754
2331,SA-Joint,rmse,0.02477024681866169
2332,SA-Joint,rmse,0.022641988471150398
2334,SA-Joint,rmse,0.024078676477074623
2336,SA-Joint,rmse,0.03690190613269806
2342,SA-Joint,rmse,0.03099403716623783
2344,SA-Joint,rmse,0.021609576418995857
2345,SA-Joint,rmse,0.028466274961829185
2350,SA-Joint,rmse,0.032876286655664444
2358,SA-Joint,rmse,0.03931805491447449
2378,SA-Joint,rmse,0.027768395841121674
2388,SA-Joint,rmse,0.024529671296477318
2390,SA-Joint,rmse,0.03893735259771347
2396,SA-Joint,rmse,0.019929232075810432
2415,SA-Joint,rmse,0.02385554648935795
2417,SA-Joint,rmse,0.02600196562707424
2427,SA-Joint,rmse,0.03144846484065056
2428,SA-Joint,rmse,0.019617833197116852
2442,SA-Joint,rmse,0.029189035296440125
2448,SA-Joint,rmse,0.030113132670521736
2459,SA-Joint,rmse,0.021854452788829803
2460,SA-Joint,rmse,0.03487528860569
2482,SA-Joint,rmse,0.022701378911733627
2483,SA-Joint,rmse,0.017652567476034164
2501,SA-Joint,rmse,0.03242672607302666
2512,SA-Joint,rmse,0.01648995280265808
2514,SA-Joint,rmse,0.023860396817326546
2520,SA-Joint,rmse,0.03636940196156502
2536,SA-Joint,rmse,0.03222894296050072
2543,SA-Joint,rmse,0.024932334199547768
2554,SA-Joint,rmse,0.02378702722489834
2598,SA-Joint,rmse,0.027401385828852654
2602,SA-Joint,rmse,0.03640659153461456
2604,SA-Joint,rmse,0.02761079929769039
2609,SA-Joint,rmse,0.027170611545443535
2611,SA-Joint,rmse,0.03136606886982918
2616,SA-Joint,rmse,0.03547898307442665
2618,SA-Joint,rmse,0.02582620643079281
2630,SA-Joint,rmse,0.031592678278684616
2647,SA-Joint,rmse,0.03338784724473953
2652,SA-Joint,rmse,0.02665695548057556
2653,SA-Joint,rmse,0.032643117010593414
2660,SA-Joint,rmse,0.03086085058748722
2673,SA-Joint,rmse,0.025829989463090897
2682,SA-Joint,rmse,0.029027486220002174
2687,SA-Joint,rmse,0.017034543678164482
2700,SA-Joint,rmse,0.029895296320319176
2702,SA-Joint,rmse,0.04602481797337532
2711,SA-Joint,rmse,0.039170730859041214
2725,SA-Joint,rmse,0.03187590837478638
2726,SA-Joint,rmse,0.02177731692790985
2727,SA-Joint,rmse,0.04047182947397232
2732,SA-Joint,rmse,0.028472280129790306
2742,SA-Joint,rmse,0.03394835814833641
2744,SA-Joint,rmse,0.018355978652834892
2745,SA-Joint,rmse,0.0242368932813406
2751,SA-Joint,rmse,0.031917672604322433
2775,SA-Joint,rmse,0.01432699616998434
2782,SA-Joint,rmse,0.0399174839258194
2783,SA-Joint,rmse,0.03407486900687218
2787,SA-Joint,rmse,0.024318644776940346
2788,SA-Joint,rmse,0.028518659994006157
2792,SA-Joint,rmse,0.028699908405542374
2810,SA-Joint,rmse,0.029661040753126144
2813,SA-Joint,rmse,0.022954273968935013
2816,SA-Joint,rmse,0.02552511729300022
2817,SA-Joint,rmse,0.023142844438552856
2819,SA-Joint,rmse,0.017844010144472122
2841,SA-Joint,rmse,0.033651258796453476
2846,SA-Joint,rmse,0.0341302789747715
2851,SA-Joint,rmse,0.023724617436528206
2855,SA-Joint,rmse,0.032809775322675705
2864,SA-Joint,rmse,0.037868816405534744
2875,SA-Joint,rmse,0.0267416350543499
2886,SA-Joint,rmse,0.03271942958235741
2897,SA-Joint,rmse,0.03255666047334671
2911,SA-Joint,rmse,0.032513901591300964
2915,SA-Joint,rmse,0.02520654909312725
2929,SA-Joint,rmse,0.024974098429083824
2938,SA-Joint,rmse,0.029032958671450615
2945,SA-Joint,rmse,0.031010469421744347
2959,SA-Joint,rmse,0.03851276636123657
2966,SA-Joint,rmse,0.03255419060587883
2971,SA-Joint,rmse,0.02508089505136013
2973,SA-Joint,rmse,0.024754010140895844
2975,SA-Joint,rmse,0.027650045230984688
2976,SA-Joint,rmse,0.027559923008084297
2986,SA-Joint,rmse,0.02169007807970047
3010,SA-Joint,rmse,0.030405331403017044
3020,SA-Joint,rmse,0.032667867839336395
3027,SA-Joint,rmse,0.02460790053009987
3032,SA-Joint,rmse,0.028110751882195473
3039,SA-Joint,rmse,0.031748294830322266
3048,SA-Joint,rmse,0.028363903984427452
3049,SA-Joint,rmse,0.02872021496295929
3056,SA-Joint,rmse,0.029101157560944557
3062,SA-Joint,rmse,0.02736661396920681
3065,SA-Joint,rmse,0.021997006610035896
3068,SA-Joint,rmse,0.025456562638282776
3071,SA-Joint,rmse,0.02882596291601658
3072,SA-Joint,rmse,0.023618066683411598
3073,SA-Joint,rmse,0.030027057975530624
3074,SA-Joint,rmse,0.02513164095580578
3085,SA-Joint,rmse,0.023107923567295074
3086,SA-Joint,rmse,0.04121418297290802
3089,SA-Joint,rmse,0.02365463599562645
3095,SA-Joint,rmse,0.03261089324951172
3105,SA-Joint,rmse,0.026616403833031654
3107,SA-Joint,rmse,0.022735396400094032
3111,SA-Joint,rmse,0.032096173614263535
3118,SA-Joint,rmse,0.03422868996858597
3126,SA-Joint,rmse,0.024494757875800133
3132,SA-Joint,rmse,0.027154024690389633
3134,SA-Joint,rmse,0.02613368257880211
3142,SA-Joint,rmse,0.016393031924962997
3149,SA-Joint,rmse,0.027198391035199165
3151,SA-Joint,rmse,0.027551811188459396
3152,SA-Joint,rmse,0.024735767394304276
3165,SA-Joint,rmse,0.027494583278894424
3167,SA-Joint,rmse,0.03593503311276436
3168,SA-Joint,rmse,0.024295127019286156
3178,SA-Joint,rmse,0.028801560401916504
3183,SA-Joint,rmse,0.025630787014961243
3185,SA-Joint,rmse,0.014783796854317188
3217,SA-Joint,rmse,0.028145093470811844
3219,SA-Joint,rmse,0.029169268906116486
3222,SA-Joint,rmse,0.03884051367640495
3225,SA-Joint,rmse,0.03065912425518036
3236,SA-Joint,rmse,0.0303321685642004
3240,SA-Joint,rmse,0.02412383444607258
3242,SA-Joint,rmse,0.022711260244250298
3243,SA-Joint,rmse,0.029893582686781883
3250,SA-Joint,rmse,0.020230207592248917
3253,SA-Joint,rmse,0.029541533440351486
3276,SA-Joint,rmse,0.02840999700129032
3280,SA-Joint,rmse,0.0315847285091877
3289,SA-Joint,rmse,0.022836508229374886
3297,SA-Joint,rmse,0.020020293071866035
3313,SA-Joint,rmse,0.026097195222973824
3317,SA-Joint,rmse,0.03758998215198517
3328,SA-Joint,rmse,0.03149251639842987
3333,SA-Joint,rmse,0.026883777230978012
3341,SA-Joint,rmse,0.025423981249332428
3342,SA-Joint,rmse,0.02947528287768364
3345,SA-Joint,rmse,0.0316169410943985
3363,SA-Joint,rmse,0.026297692209482193
3367,SA-Joint,rmse,0.019229594618082047
3381,SA-Joint,rmse,0.035258542746305466
3395,SA-Joint,rmse,0.029325848445296288
3397,SA-Joint,rmse,0.027827473357319832
3402,SA-Joint,rmse,0.03385785594582558
3403,SA-Joint,rmse,0.01850401982665062
3404,SA-Joint,rmse,0.0339602567255497
3427,SA-Joint,rmse,0.025511832907795906
3436,SA-Joint,rmse,0.03440627455711365
3443,SA-Joint,rmse,0.030559387058019638
3461,SA-Joint,rmse,0.02534804679453373
3462,SA-Joint,rmse,0.02411196567118168
3465,SA-Joint,rmse,0.02908867411315441
3487,SA-Joint,rmse,0.02471759356558323
3495,SA-Joint,rmse,0.022708391770720482
3509,SA-Joint,rmse,0.02935783751308918
3510,SA-Joint,rmse,0.02765471674501896
3511,SA-Joint,rmse,0.033471353352069855
3512,SA-Joint,rmse,0.027350809425115585
3516,SA-Joint,rmse,0.03365538269281387
3527,SA-Joint,rmse,0.03537597879767418
3543,SA-Joint,rmse,0.024558648467063904
3551,SA-Joint,rmse,0.019060181453824043
3554,SA-Joint,rmse,0.02506595477461815
3557,SA-Joint,rmse,0.020070621743798256
3559,SA-Joint,rmse,0.027220364660024643
3561,SA-Joint,rmse,0.03013005293905735
3567,SA-Joint,rmse,0.02588532865047455
3580,SA-Joint,rmse,0.028345489874482155
3592,SA-Joint,rmse,0.019017204642295837
3594,SA-Joint,rmse,0.026057343930006027
3597,SA-Joint,rmse,0.01377884391695261
3598,SA-Joint,rmse,0.025756942108273506
3610,SA-Joint,rmse,0.032462090253829956
3612,SA-Joint,rmse,0.027540359646081924
3625,SA-Joint,rmse,0.04128677397966385
3634,SA-Joint,rmse,0.019536368548870087
3636,SA-Joint,rmse,0.028447628021240234
3644,SA-Joint,rmse,0.03454895317554474
3646,SA-Joint,rmse,0.019035229459404945
3647,SA-Joint,rmse,0.03264961764216423
3668,SA-Joint,rmse,0.03572055697441101
3674,SA-Joint,rmse,0.027199147269129753
3676,SA-Joint,rmse,0.021826965734362602
3694,SA-Joint,rmse,0.02946000173687935
3701,SA-Joint,rmse,0.03356454521417618
3712,SA-Joint,rmse,0.032145626842975616
3714,SA-Joint,rmse,0.031670983880758286
3719,SA-Joint,rmse,0.02875814400613308
3721,SA-Joint,rmse,0.025461886078119278
3723,SA-Joint,rmse,0.03529101610183716
3725,SA-Joint,rmse,0.024074414744973183
3728,SA-Joint,rmse,0.01903407834470272
3730,SA-Joint,rmse,0.026648839935660362
3739,SA-Joint,rmse,0.01985233463346958
3741,SA-Joint,rmse,0.02370176650583744
3745,SA-Joint,rmse,0.02189435064792633
3746,SA-Joint,rmse,0.03590331971645355
3754,SA-Joint,rmse,0.02494310587644577
3758,SA-Joint,rmse,0.02646302804350853
3759,SA-Joint,rmse,0.020332377403974533
3779,SA-Joint,rmse,0.019905291497707367
3791,SA-Joint,rmse,0.030462440103292465
3792,SA-Joint,rmse,0.03173492103815079
3794,SA-Joint,rmse,0.02320685423910618
3803,SA-Joint,rmse,0.01981522887945175
3804,SA-Joint,rmse,0.026900971308350563
3807,SA-Joint,rmse,0.02476700209081173
3809,SA-Joint,rmse,0.024420039728283882
3812,SA-Joint,rmse,0.03368260711431503
3813,SA-Joint,rmse,0.027701212093234062
3815,SA-Joint,rmse,0.025856513530015945
3823,SA-Joint,rmse,0.030328772962093353
3824,SA-Joint,rmse,0.015622853301465511
3827,SA-Joint,rmse,0.029661372303962708
3830,SA-Joint,rmse,0.02314339391887188
3834,SA-Joint,rmse,0.03419453650712967
3838,SA-Joint,rmse,0.030686380341649055
3845,SA-Joint,rmse,0.015868930146098137
3846,SA-Joint,rmse,0.02203991264104843
3849,SA-Joint,rmse,0.02493046224117279
3850,SA-Joint,rmse,0.026612453162670135
3859,SA-Joint,rmse,0.025109605863690376
3883,SA-Joint,rmse,0.026513781398534775
3886,SA-Joint,rmse,0.03361613675951958
3887,SA-Joint,rmse,0.02525678463280201
3892,SA-Joint,rmse,0.033518072217702866
3894,SA-Joint,rmse,0.034813541918992996
3897,SA-Joint,rmse,0.02461857907474041
3917,SA-Joint,rmse,0.023400723934173584
3927,SA-Joint,rmse,0.025526318699121475
3928,SA-Joint,rmse,0.02873692661523819
3933,SA-Joint,rmse,0.02900376170873642
3937,SA-Joint,rmse,0.02113737352192402
3938,SA-Joint,rmse,0.023546934127807617
3951,SA-Joint,rmse,0.03543012961745262
3969,SA-Joint,rmse,0.030155625194311142
3972,SA-Joint,rmse,0.03341197222471237
3978,SA-Joint,rmse,0.023648906499147415
3982,SA-Joint,rmse,0.026751546189188957
4000,SA-Joint,rmse,0.03595796227455139
4001,SA-Joint,rmse,0.03107190504670143
4006,SA-Joint,rmse,0.021395010873675346
4010,SA-Joint,rmse,0.022282853722572327
4018,SA-Joint,rmse,0.02146083116531372
4020,SA-Joint,rmse,0.0315539687871933
4023,SA-Joint,rmse,0.022226523607969284
4028,SA-Joint,rmse,0.02402866818010807
4035,SA-Joint,rmse,0.03369634971022606
4038,SA-Joint,rmse,0.0273152943700552
4039,SA-Joint,rmse,0.029883084818720818
4047,SA-Joint,rmse,0.022233661264181137
4050,SA-Joint,rmse,0.0280623659491539
4052,SA-Joint,rmse,0.024284280836582184
4055,SA-Joint,rmse,0.02577361650764942
4069,SA-Joint,rmse,0.016111455857753754
4073,SA-Joint,rmse,0.023617364466190338
4078,SA-Joint,rmse,0.026745658367872238
4079,SA-Joint,rmse,0.033865027129650116
4080,SA-Joint,rmse,0.02774452045559883
4091,SA-Joint,rmse,0.031275372952222824
4096,SA-Joint,rmse,0.034818507730960846
4098,SA-Joint,rmse,0.02414068952202797
4121,SA-Joint,rmse,0.028980055823922157
4134,SA-Joint,rmse,0.029325585812330246
4135,SA-Joint,rmse,0.025337975472211838
4137,SA-Joint,rmse,0.022463232278823853
4145,SA-Joint,rmse,0.025260886177420616
4149,SA-Joint,rmse,0.019559545442461967
4153,SA-Joint,rmse,0.035618044435977936
4181,SA-Joint,rmse,0.03294996917247772
4188,SA-Joint,rmse,0.03715617582201958
4196,SA-Joint,rmse,0.03310682624578476
4204,SA-Joint,rmse,0.038171861320734024
4209,SA-Joint,rmse,0.026524098590016365
4211,SA-Joint,rmse,0.025808848440647125
4212,SA-Joint,rmse,0.02847672626376152
4218,SA-Joint,rmse,0.036218248307704926
4228,SA-Joint,rmse,0.028103001415729523
4229,SA-Joint,rmse,0.02316209487617016
4250,SA-Joint,rmse,0.025525568053126335
4254,SA-Joint,rmse,0.02064424194395542
4261,SA-Joint,rmse,0.02239549160003662
4264,SA-Joint,rmse,0.028967756778001785
4265,SA-Joint,rmse,0.026221469044685364
4284,SA-Joint,rmse,0.026586787775158882
4294,SA-Joint,rmse,0.02192014828324318
4296,SA-Joint,rmse,0.02484072931110859
4306,SA-Joint,rmse,0.027588101103901863
4321,SA-Joint,rmse,0.028182046487927437
4327,SA-Joint,rmse,0.02492794394493103
4331,SA-Joint,rmse,0.023140011355280876
4334,SA-Joint,rmse,0.0341792106628418
4339,SA-Joint,rmse,0.02241925522685051
4340,SA-Joint,rmse,0.03038860112428665
4344,SA-Joint,rmse,0.035006679594516754
4349,SA-Joint,rmse,0.03041687421500683
4361,SA-Joint,rmse,0.020533056929707527
4370,SA-Joint,rmse,0.026799356564879417
4371,SA-Joint,rmse,0.02110854536294937
4376,SA-Joint,rmse,0.02392994426190853
4390,SA-Joint,rmse,0.02938241697847843
4403,SA-Joint,rmse,0.02748047560453415
4408,SA-Joint,rmse,0.02278750389814377
4412,SA-Joint,rmse,0.023316843435168266
4419,SA-Joint,rmse,0.024663301184773445
4433,SA-Joint,rmse,0.02843933366239071
4437,SA-Joint,rmse,0.026441365480422974
4446,SA-Joint,rmse,0.029500413686037064
4450,SA-Joint,rmse,0.023483004420995712
4460,SA-Joint,rmse,0.018563494086265564
4464,SA-Joint,rmse,0.03189672902226448
4466,SA-Joint,rmse,0.02101300284266472
4474,SA-Joint,rmse,0.03360515087842941
4491,SA-Joint,rmse,0.02352280728518963
4499,SA-Joint,rmse,0.024006657302379608
4527,SA-Joint,rmse,0.029639819636940956
4535,SA-Joint,rmse,0.03390850871801376
4542,SA-Joint,rmse,0.03894224762916565
4544,SA-Joint,rmse,0.029128002002835274
4547,SA-Joint,rmse,0.017381928861141205
4554,SA-Joint,rmse,0.02377600595355034
4555,SA-Joint,rmse,0.017291046679019928
4561,SA-Joint,rmse,0.023800386115908623
4566,SA-Joint,rmse,0.019359799101948738
4568,SA-Joint,rmse,0.027713043615221977
4586,SA-Joint,rmse,0.029816612601280212
4589,SA-Joint,rmse,0.04012412577867508
4590,SA-Joint,rmse,0.0319606177508831
4597,SA-Joint,rmse,0.03511682525277138
4602,SA-Joint,rmse,0.02597312442958355
4613,SA-Joint,rmse,0.03402253985404968
4614,SA-Joint,rmse,0.021716490387916565
4619,SA-Joint,rmse,0.025126762688159943
4627,SA-Joint,rmse,0.02555842511355877
4629,SA-Joint,rmse,0.03187844902276993
4633,SA-Joint,rmse,0.02540380321443081
4635,SA-Joint,rmse,0.02697635442018509
4650,SA-Joint,rmse,0.022774588316679
4656,SA-Joint,rmse,0.017935514450073242
4677,SA-Joint,rmse,0.023962045088410378
4682,SA-Joint,rmse,0.032595012336969376
4685,SA-Joint,rmse,0.02836262434720993
4691,SA-Joint,rmse,0.03658788651227951
4703,SA-Joint,rmse,0.02323949709534645
4712,SA-Joint,rmse,0.0284662377089262
4716,SA-Joint,rmse,0.019100522622466087
4725,SA-Joint,rmse,0.024495568126440048
4727,SA-Joint,rmse,0.03318564593791962
4734,SA-Joint,rmse,0.02743280678987503
4750,SA-Joint,rmse,0.019698133692145348
4751,SA-Joint,rmse,0.029008856043219566
4752,SA-Joint,rmse,0.03362300619482994
4753,SA-Joint,rmse,0.02729577198624611
4760,SA-Joint,rmse,0.02351992577314377
4761,SA-Joint,rmse,0.03254474699497223
4770,SA-Joint,rmse,0.028508782386779785
4774,SA-Joint,rmse,0.02384844422340393
4777,SA-Joint,rmse,0.03122328594326973
4791,SA-Joint,rmse,0.022315099835395813
4793,SA-Joint,rmse,0.025026196613907814
4796,SA-Joint,rmse,0.030290136113762856
4801,SA-Joint,rmse,0.02524895966053009
4809,SA-Joint,rmse,0.022630199790000916
4811,SA-Joint,rmse,0.023665644228458405
4813,SA-Joint,rmse,0.02572505548596382
4821,SA-Joint,rmse,0.023711541667580605
4828,SA-Joint,rmse,0.035076212137937546
4839,SA-Joint,rmse,0.021248700097203255
4842,SA-Joint,rmse,0.03670531138777733
4851,SA-Joint,rmse,0.027323126792907715
4854,SA-Joint,rmse,0.03024529665708542
4859,SA-Joint,rmse,0.027043446898460388
4862,SA-Joint,rmse,0.030431406572461128
4866,SA-Joint,rmse,0.02661743201315403
4881,SA-Joint,rmse,0.029086215421557426
4901,SA-Joint,rmse,0.02712542749941349
4905,SA-Joint,rmse,0.026875119656324387
4907,SA-Joint,rmse,0.032475296407938004
4911,SA-Joint,rmse,0.023632530122995377
4923,SA-Joint,rmse,0.030021073296666145
4926,SA-Joint,rmse,0.029346756637096405
4936,SA-Joint,rmse,0.02519855834543705
4937,SA-Joint,rmse,0.032912448048591614
4939,SA-Joint,rmse,0.02427264302968979
4943,SA-Joint,rmse,0.028993520885705948
4973,SA-Joint,rmse,0.018931562080979347
4975,SA-Joint,rmse,0.020784972235560417
4980,SA-Joint,rmse,0.02623041719198227
4987,SA-Joint,rmse,0.029946092516183853
4995,SA-Joint,rmse,0.027234869077801704
4997,SA-Joint,rmse,0.03462797403335571
5010,SA-Joint,rmse,0.03864011541008949
5013,SA-Joint,rmse,0.020732738077640533
5017,SA-Joint,rmse,0.01348186656832695
5025,SA-Joint,rmse,0.02615319937467575
5028,SA-Joint,rmse,0.03757400065660477
5039,SA-Joint,rmse,0.02248460054397583
5041,SA-Joint,rmse,0.02557200938463211
5053,SA-Joint,rmse,0.026578264310956
5058,SA-Joint,rmse,0.031190579757094383
5064,SA-Joint,rmse,0.02158479578793049
5069,SA-Joint,rmse,0.025105265900492668
5073,SA-Joint,rmse,0.02592029981315136
5084,SA-Joint,rmse,0.028874829411506653
5096,SA-Joint,rmse,0.029109062626957893
5099,SA-Joint,rmse,0.024982403963804245
5101,SA-Joint,rmse,0.030042199417948723
5103,SA-Joint,rmse,0.022078104317188263
5105,SA-Joint,rmse,0.02962464466691017
5106,SA-Joint,rmse,0.02952384017407894
5120,SA-Joint,rmse,0.024158352985978127
5125,SA-Joint,rmse,0.03482279181480408
5139,SA-Joint,rmse,0.018980232998728752
5151,SA-Joint,rmse,0.029504042118787766
5154,SA-Joint,rmse,0.032753296196460724
5160,SA-Joint,rmse,0.020355338230729103
5162,SA-Joint,rmse,0.023477433249354362
5182,SA-Joint,rmse,0.035841215401887894
5183,SA-Joint,rmse,0.018709691241383553
5190,SA-Joint,rmse,0.02831493504345417
5199,SA-Joint,rmse,0.04037405923008919
5216,SA-Joint,rmse,0.038481757044792175
5220,SA-Joint,rmse,0.028766516596078873
5221,SA-Joint,rmse,0.028706736862659454
5227,SA-Joint,rmse,0.02947130985558033
5234,SA-Joint,rmse,0.01605241559445858
5235,SA-Joint,rmse,0.035412248224020004
5250,SA-Joint,rmse,0.033338531851768494
5254,SA-Joint,rmse,0.023029301315546036
5259,SA-Joint,rmse,0.018693622201681137
5263,SA-Joint,rmse,0.02458462491631508
5265,SA-Joint,rmse,0.026472240686416626
5268,SA-Joint,rmse,0.02481679804623127
5275,SA-Joint,rmse,0.017013870179653168
5281,SA-Joint,rmse,0.0347566083073616
5290,SA-Joint,rmse,0.030202345922589302
5293,SA-Joint,rmse,0.0290223415941
5302,SA-Joint,rmse,0.028394894674420357
5313,SA-Joint,rmse,0.02641056664288044
5336,SA-Joint,rmse,0.033514272421598434
5337,SA-Joint,rmse,0.024426737800240517
5347,SA-Joint,rmse,0.01737104542553425
5357,SA-Joint,rmse,0.023088593035936356
5360,SA-Joint,rmse,0.026131395250558853
5362,SA-Joint,rmse,0.025088269263505936
5370,SA-Joint,rmse,0.029333485290408134
5372,SA-Joint,rmse,0.03242368623614311
5378,SA-Joint,rmse,0.036864373832941055
5383,SA-Joint,rmse,0.019995849579572678
5400,SA-Joint,rmse,0.037700947374105453
5408,SA-Joint,rmse,0.027026453986763954
5413,SA-Joint,rmse,0.027719436213374138
5415,SA-Joint,rmse,0.027819063514471054
5417,SA-Joint,rmse,0.03055843897163868
5425,SA-Joint,rmse,0.027862560003995895
5435,SA-Joint,rmse,0.022643357515335083
5437,SA-Joint,rmse,0.03448604419827461
5443,SA-Joint,rmse,0.027296561747789383
5450,SA-Joint,rmse,0.026164012029767036
5452,SA-Joint,rmse,0.028104586526751518
5456,SA-Joint,rmse,0.02540336363017559
5459,SA-Joint,rmse,0.025649147108197212
5479,SA-Joint,rmse,0.023842494934797287
5485,SA-Joint,rmse,0.03173862025141716
5493,SA-Joint,rmse,0.016931205987930298
5496,SA-Joint,rmse,0.022193852812051773
5497,SA-Joint,rmse,0.03464653342962265
5519,SA-Joint,rmse,0.035011425614356995
5521,SA-Joint,rmse,0.024938786402344704
5522,SA-Joint,rmse,0.029683943837881088
5532,SA-Joint,rmse,0.03105711005628109
5544,SA-Joint,rmse,0.02800426073372364
5545,SA-Joint,rmse,0.033506106585264206
5551,SA-Joint,rmse,0.03048510104417801
5555,SA-Joint,rmse,0.025889724493026733
5556,SA-Joint,rmse,0.01893339678645134
5557,SA-Joint,rmse,0.022796163335442543
5560,SA-Joint,rmse,0.03266054764389992
5569,SA-Joint,rmse,0.025597093626856804
5572,SA-Joint,rmse,0.0404171496629715
5573,SA-Joint,rmse,0.023068740963935852
5578,SA-Joint,rmse,0.031150972470641136
5584,SA-Joint,rmse,0.01975497230887413
5585,SA-Joint,rmse,0.027509421110153198
5587,SA-Joint,rmse,0.03102828375995159
5589,SA-Joint,rmse,0.019772741943597794
5596,SA-Joint,rmse,0.023169562220573425
5603,SA-Joint,rmse,0.017826756462454796
5608,SA-Joint,rmse,0.014437896199524403
5610,SA-Joint,rmse,0.03488907590508461
5615,SA-Joint,rmse,0.02342141419649124
5618,SA-Joint,rmse,0.026401452720165253
5623,SA-Joint,rmse,0.020472750067710876
5633,SA-Joint,rmse,0.02978181652724743
5646,SA-Joint,rmse,0.020611001178622246
5648,SA-Joint,rmse,0.02171165868639946
5657,SA-Joint,rmse,0.033324696123600006
5662,SA-Joint,rmse,0.022768821567296982
5667,SA-Joint,rmse,0.03292735666036606
5674,SA-Joint,rmse,0.029418401420116425
5677,SA-Joint,rmse,0.03033108450472355
5697,SA-Joint,rmse,0.02818138711154461
5712,SA-Joint,rmse,0.02288096956908703
5715,SA-Joint,rmse,0.026766888797283173
5728,SA-Joint,rmse,0.02650238759815693
5737,SA-Joint,rmse,0.03184067830443382
5742,SA-Joint,rmse,0.02551647648215294
5744,SA-Joint,rmse,0.022639885544776917
5758,SA-Joint,rmse,0.026792442426085472
5763,SA-Joint,rmse,0.019659601151943207
5770,SA-Joint,rmse,0.016434431076049805
5774,SA-Joint,rmse,0.03132760524749756
5785,SA-Joint,rmse,0.023176541551947594
5793,SA-Joint,rmse,0.022849958389997482
5802,SA-Joint,rmse,0.027015622705221176
5803,SA-Joint,rmse,0.0446673147380352
5804,SA-Joint,rmse,0.02343936823308468
5810,SA-Joint,rmse,0.0415145568549633
5813,SA-Joint,rmse,0.040909044444561005
5819,SA-Joint,rmse,0.019601311534643173
5831,SA-Joint,rmse,0.03144016116857529
5838,SA-Joint,rmse,0.024320827797055244
5848,SA-Joint,rmse,0.035772208124399185
5850,SA-Joint,rmse,0.02713155187666416
5851,SA-Joint,rmse,0.05016353353857994
5860,SA-Joint,rmse,0.02121398039162159
5877,SA-Joint,rmse,0.023090656846761703
5878,SA-Joint,rmse,0.020474795252084732
5880,SA-Joint,rmse,0.021391190588474274
5884,SA-Joint,rmse,0.022070715203881264
5890,SA-Joint,rmse,0.028338901698589325
5892,SA-Joint,rmse,0.018721068277955055
5895,SA-Joint,rmse,0.03150332719087601
5899,SA-Joint,rmse,0.019975846633315086
5903,SA-Joint,rmse,0.031895652413368225
5904,SA-Joint,rmse,0.02558194473385811
5906,SA-Joint,rmse,0.025582659989595413
5916,SA-Joint,rmse,0.029168104752898216
5919,SA-Joint,rmse,0.02658938430249691
5939,SA-Joint,rmse,0.030479298904538155
5941,SA-Joint,rmse,0.0398644283413887
5961,SA-Joint,rmse,0.020772501826286316
5966,SA-Joint,rmse,0.027075815945863724
5967,SA-Joint,rmse,0.031209833920001984
5968,SA-Joint,rmse,0.031450338661670685
5969,SA-Joint,rmse,0.02779647335410118
5976,SA-Joint,rmse,0.03130130469799042
5980,SA-Joint,rmse,0.026752788573503494
5994,SA-Joint,rmse,0.020097386091947556
6006,SA-Joint,rmse,0.02523649111390114
6013,SA-Joint,rmse,0.026268674060702324
6018,SA-Joint,rmse,0.03227536752820015
6020,SA-Joint,rmse,0.023561064153909683
6021,SA-Joint,rmse,0.026919862255454063
6022,SA-Joint,rmse,0.03131933510303497
6025,SA-Joint,rmse,0.02587813138961792
6027,SA-Joint,rmse,0.026194903999567032
6042,SA-Joint,rmse,0.017718959599733353
6047,SA-Joint,rmse,0.03213772177696228
6048,SA-Joint,rmse,0.0199893731623888
6060,SA-Joint,rmse,0.026307610794901848
6063,SA-Joint,rmse,0.030926335602998734
6067,SA-Joint,rmse,0.023820742964744568
6071,SA-Joint,rmse,0.03511008992791176
6075,SA-Joint,rmse,0.02261383645236492
6083,SA-Joint,rmse,0.03703546151518822
6085,SA-Joint,rmse,0.028319625183939934
6089,SA-Joint,rmse,0.025365585461258888
6091,SA-Joint,rmse,0.040427371859550476
6110,SA-Joint,rmse,0.029500814154744148
6117,SA-Joint,rmse,0.023561086505651474
6129,SA-Joint,rmse,0.031166866421699524
6135,SA-Joint,rmse,0.03228351101279259
6137,SA-Joint,rmse,0.026873303577303886
6139,SA-Joint,rmse,0.028225813060998917
6147,SA-Joint,rmse,0.030832793563604355
6156,SA-Joint,rmse,0.027852417901158333
6157,SA-Joint,rmse,0.018183652311563492
6158,SA-Joint,rmse,0.04022427275776863
6162,SA-Joint,rmse,0.020998191088438034
6171,SA-Joint,rmse,0.02431377023458481
6177,SA-Joint,rmse,0.022199813276529312
6181,SA-Joint,rmse,0.018938284367322922
6182,SA-Joint,rmse,0.03054235875606537
6184,SA-Joint,rmse,0.03234587982296944
6189,SA-Joint,rmse,0.03398003429174423
6199,SA-Joint,rmse,0.02095402032136917
6204,SA-Joint,rmse,0.028268378227949142
6208,SA-Joint,rmse,0.028138676658272743
6209,SA-Joint,rmse,0.022363923490047455
6217,SA-Joint,rmse,0.03708420321345329
6218,SA-Joint,rmse,0.03516841307282448
6222,SA-Joint,rmse,0.02807036228477955
6226,SA-Joint,rmse,0.02451377362012863
6233,SA-Joint,rmse,0.022614052519202232
6241,SA-Joint,rmse,0.018772486597299576
6243,SA-Joint,rmse,0.03126225620508194
6264,SA-Joint,rmse,0.022718261927366257
6265,SA-Joint,rmse,0.028710022568702698
6275,SA-Joint,rmse,0.03341631218791008
6277,SA-Joint,rmse,0.03156577795743942
6287,SA-Joint,rmse,0.028823256492614746
6292,SA-Joint,rmse,0.016255879774689674
6301,SA-Joint,rmse,0.024031704291701317
6309,SA-Joint,rmse,0.0202302448451519
6318,SA-Joint,rmse,0.015438740141689777
6325,SA-Joint,rmse,0.023511305451393127
6335,SA-Joint,rmse,0.028858007863163948
6339,SA-Joint,rmse,0.022278917953372
6353,SA-Joint,rmse,0.022522374987602234
6362,SA-Joint,rmse,0.022506562992930412
6364,SA-Joint,rmse,0.03672097995877266
6366,SA-Joint,rmse,0.02301586978137493
6368,SA-Joint,rmse,0.026964042335748672
6386,SA-Joint,rmse,0.025764426216483116
6402,SA-Joint,rmse,0.03042393922805786
6403,SA-Joint,rmse,0.030268507078289986
6410,SA-Joint,rmse,0.03139588609337807
6416,SA-Joint,rmse,0.019769318401813507
6421,SA-Joint,rmse,0.020446477457880974
6422,SA-Joint,rmse,0.02393307536840439
6423,SA-Joint,rmse,0.029754258692264557
6427,SA-Joint,rmse,0.02247650921344757
6428,SA-Joint,rmse,0.031543415039777756
6432,SA-Joint,rmse,0.02292921021580696
6446,SA-Joint,rmse,0.02675553224980831
6457,SA-Joint,rmse,0.021163154393434525
6471,SA-Joint,rmse,0.023781152442097664
6484,SA-Joint,rmse,0.027796117588877678
6496,SA-Joint,rmse,0.026026152074337006
6498,SA-Joint,rmse,0.02801220491528511
6503,SA-Joint,rmse,0.017861073836684227
6509,SA-Joint,rmse,0.0279389675706625
6513,SA-Joint,rmse,0.029542997479438782
6522,SA-Joint,rmse,0.03937719389796257
6539,SA-Joint,rmse,0.023390628397464752
6545,SA-Joint,rmse,0.02637127973139286
6547,SA-Joint,rmse,0.023201381787657738
6552,SA-Joint,rmse,0.021835459396243095
6559,SA-Joint,rmse,0.02470436319708824
6564,SA-Joint,rmse,0.024623045697808266
6566,SA-Joint,rmse,0.027032701298594475
6570,SA-Joint,rmse,0.02629060298204422
6584,SA-Joint,rmse,0.019198855385184288
6588,SA-Joint,rmse,0.04086126387119293
6594,SA-Joint,rmse,0.043430063873529434
6612,SA-Joint,rmse,0.02142525650560856
6628,SA-Joint,rmse,0.031845465302467346
6637,SA-Joint,rmse,0.030709076672792435
6642,SA-Joint,rmse,0.026420969516038895
6647,SA-Joint,rmse,0.01870906539261341
6648,SA-Joint,rmse,0.02484026737511158
6649,SA-Joint,rmse,0.027913203462958336
6653,SA-Joint,rmse,0.032355163246393204
6656,SA-Joint,rmse,0.028480593115091324
6660,SA-Joint,rmse,0.025017378851771355
6672,SA-Joint,rmse,0.030368002131581306
6676,SA-Joint,rmse,0.02317497506737709
6682,SA-Joint,rmse,0.025805585086345673
6683,SA-Joint,rmse,0.02551821433007717
6691,SA-Joint,rmse,0.019030828028917313
6695,SA-Joint,rmse,0.02692892774939537
6700,SA-Joint,rmse,0.039465971291065216
6705,SA-Joint,rmse,0.034494075924158096
6706,SA-Joint,rmse,0.018950602039694786
6711,SA-Joint,rmse,0.026711270213127136
6732,SA-Joint,rmse,0.027347836643457413
6742,SA-Joint,rmse,0.034372806549072266
6744,SA-Joint,rmse,0.013854248449206352
6747,SA-Joint,rmse,0.028738997876644135
6757,SA-Joint,rmse,0.024570781737565994
6769,SA-Joint,rmse,0.024394966661930084
6786,SA-Joint,rmse,0.026156827807426453
6787,SA-Joint,rmse,0.02618555724620819
6800,SA-Joint,rmse,0.023084532469511032
6808,SA-Joint,rmse,0.024307923391461372
6826,SA-Joint,rmse,0.02980964072048664
6831,SA-Joint,rmse,0.02304196171462536
6833,SA-Joint,rmse,0.022548742592334747
6835,SA-Joint,rmse,0.03424367681145668
6837,SA-Joint,rmse,0.009794157929718494
6845,SA-Joint,rmse,0.026091143488883972
6848,SA-Joint,rmse,0.03503546118736267
6855,SA-Joint,rmse,0.032942041754722595
6860,SA-Joint,rmse,0.02821752242743969
6865,SA-Joint,rmse,0.039537735283374786
6872,SA-Joint,rmse,0.02796049229800701
6880,SA-Joint,rmse,0.02458270452916622
6887,SA-Joint,rmse,0.025471214205026627
6889,SA-Joint,rmse,0.027295662090182304
6894,SA-Joint,rmse,0.029227379709482193
6904,SA-Joint,rmse,0.026175610721111298
6913,SA-Joint,rmse,0.022102411836385727
6928,SA-Joint,rmse,0.015056733973324299
6936,SA-Joint,rmse,0.018653253093361855
6963,SA-Joint,rmse,0.031841229647397995
6971,SA-Joint,rmse,0.014746615663170815
6992,SA-Joint,rmse,0.03238878399133682
7011,SA-Joint,rmse,0.031818170100450516
7013,SA-Joint,rmse,0.021521758288145065
7018,SA-Joint,rmse,0.032470885664224625
7023,SA-Joint,rmse,0.031819090247154236
7035,SA-Joint,rmse,0.03509531170129776
7038,SA-Joint,rmse,0.035359472036361694
7041,SA-Joint,rmse,0.02875199168920517
7042,SA-Joint,rmse,0.0219630878418684
7047,SA-Joint,rmse,0.02642095275223255
7057,SA-Joint,rmse,0.022445030510425568
7068,SA-Joint,rmse,0.03325866907835007
7088,SA-Joint,rmse,0.039514150470495224
7092,SA-Joint,rmse,0.02951759472489357
7100,SA-Joint,rmse,0.02865475043654442
7114,SA-Joint,rmse,0.03175275772809982
7119,SA-Joint,rmse,0.031567078083753586
7126,SA-Joint,rmse,0.031086016446352005
7131,SA-Joint,rmse,0.019772950559854507
7140,SA-Joint,rmse,0.030139464884996414
7142,SA-Joint,rmse,0.024076690897345543
7143,SA-Joint,rmse,0.026165682822465897
7153,SA-Joint,rmse,0.025529894977808
7154,SA-Joint,rmse,0.026700114831328392
7169,SA-Joint,rmse,0.020732875913381577
7171,SA-Joint,rmse,0.022267192602157593
7172,SA-Joint,rmse,0.03388165682554245
7178,SA-Joint,rmse,0.0315069705247879
7184,SA-Joint,rmse,0.03339414298534393
7202,SA-Joint,rmse,0.028586650267243385
7206,SA-Joint,rmse,0.031898267567157745
7220,SA-Joint,rmse,0.030203433707356453
7226,SA-Joint,rmse,0.03194763883948326
7229,SA-Joint,rmse,0.020589472725987434
7231,SA-Joint,rmse,0.02745029516518116
7237,SA-Joint,rmse,0.02555604837834835
7244,SA-Joint,rmse,0.023052381351590157
7256,SA-Joint,rmse,0.02400195226073265
7259,SA-Joint,rmse,0.02805904671549797
7269,SA-Joint,rmse,0.022597847506403923
7272,SA-Joint,rmse,0.02767898328602314
7274,SA-Joint,rmse,0.025701139122247696
7276,SA-Joint,rmse,0.01617349311709404
7287,SA-Joint,rmse,0.018903179094195366
7288,SA-Joint,rmse,0.027731122449040413
7290,SA-Joint,rmse,0.0268132034689188
7293,SA-Joint,rmse,0.022641951218247414
7295,SA-Joint,rmse,0.020487787202000618
7299,SA-Joint,rmse,0.017162084579467773
7301,SA-Joint,rmse,0.026397647336125374
7313,SA-Joint,rmse,0.019588211551308632
7321,SA-Joint,rmse,0.028939731419086456
7327,SA-Joint,rmse,0.045767851173877716
7328,SA-Joint,rmse,0.020338499918580055
7331,SA-Joint,rmse,0.020868247374892235
7340,SA-Joint,rmse,0.02508416771888733
7346,SA-Joint,rmse,0.023499494418501854
7350,SA-Joint,rmse,0.02603716030716896
7373,SA-Joint,rmse,0.03368246555328369
7376,SA-Joint,rmse,0.02634119614958763
7383,SA-Joint,rmse,0.028517289087176323
7404,SA-Joint,rmse,0.029459085315465927
7412,SA-Joint,rmse,0.01791490614414215
7413,SA-Joint,rmse,0.027242373675107956
7421,SA-Joint,rmse,0.017816312611103058
7422,SA-Joint,rmse,0.03684517741203308
7426,SA-Joint,rmse,0.030349355190992355
7427,SA-Joint,rmse,0.01823897659778595
7429,SA-Joint,rmse,0.022923951968550682
7432,SA-Joint,rmse,0.026494871824979782
7454,SA-Joint,rmse,0.03441303223371506
7459,SA-Joint,rmse,0.0170141588896513
7463,SA-Joint,rmse,0.024787750095129013
7464,SA-Joint,rmse,0.028377875685691833
7476,SA-Joint,rmse,0.02509787678718567
7477,SA-Joint,rmse,0.026128657162189484
7498,SA-Joint,rmse,0.035975806415081024
7509,SA-Joint,rmse,0.024288980290293694
7511,SA-Joint,rmse,0.03521095588803291
7517,SA-Joint,rmse,0.01643354631960392
7526,SA-Joint,rmse,0.027416503056883812
7528,SA-Joint,rmse,0.03059430792927742
7529,SA-Joint,rmse,0.02535531297326088
7545,SA-Joint,rmse,0.02533378079533577
7546,SA-Joint,rmse,0.028136080130934715
7548,SA-Joint,rmse,0.027587004005908966
7555,SA-Joint,rmse,0.028550228103995323
7563,SA-Joint,rmse,0.03133923187851906
7570,SA-Joint,rmse,0.023023009300231934
7572,SA-Joint,rmse,0.02375561185181141
7576,SA-Joint,rmse,0.02622116170823574
7577,SA-Joint,rmse,0.01924639753997326
7595,SA-Joint,rmse,0.04084985703229904
7606,SA-Joint,rmse,0.027601195499300957
7608,SA-Joint,rmse,0.028541192412376404
7619,SA-Joint,rmse,0.028766244649887085
7620,SA-Joint,rmse,0.03466041758656502
7624,SA-Joint,rmse,0.02864244021475315
7627,SA-Joint,rmse,0.03375672921538353
7629,SA-Joint,rmse,0.02272229827940464
7630,SA-Joint,rmse,0.02857883833348751
7632,SA-Joint,rmse,0.02423499897122383
7645,SA-Joint,rmse,0.03024311549961567
7656,SA-Joint,rmse,0.02769012376666069
7671,SA-Joint,rmse,0.024773241952061653
7676,SA-Joint,rmse,0.02640974335372448
7688,SA-Joint,rmse,0.024307461455464363
7691,SA-Joint,rmse,0.030916187912225723
7692,SA-Joint,rmse,0.02812679298222065
7709,SA-Joint,rmse,0.028477132320404053
7710,SA-Joint,rmse,0.024019522592425346
7719,SA-Joint,rmse,0.02642608806490898
7738,SA-Joint,rmse,0.030390357598662376
7740,SA-Joint,rmse,0.02515321969985962
7741,SA-Joint,rmse,0.035648413002491
7742,SA-Joint,rmse,0.03539567068219185
7759,SA-Joint,rmse,0.039960529655218124
7764,SA-Joint,rmse,0.023181146010756493
7768,SA-Joint,rmse,0.02057633548974991
7772,SA-Joint,rmse,0.02738547883927822
7774,SA-Joint,rmse,0.025536630302667618
7775,SA-Joint,rmse,0.025784846395254135
7776,SA-Joint,rmse,0.02413521148264408
7779,SA-Joint,rmse,0.029431132599711418
7791,SA-Joint,rmse,0.022692857310175896
7808,SA-Joint,rmse,0.024421658366918564
7813,SA-Joint,rmse,0.018706902861595154
7822,SA-Joint,rmse,0.02563304826617241
7825,SA-Joint,rmse,0.025144780054688454
7829,SA-Joint,rmse,0.024977287277579308
7835,SA-Joint,rmse,0.025743838399648666
7845,SA-Joint,rmse,0.027836835011839867
7861,SA-Joint,rmse,0.01938459649682045
7863,SA-Joint,rmse,0.02907474897801876
7869,SA-Joint,rmse,0.03771518915891647
7874,SA-Joint,rmse,0.017254937440156937
7891,SA-Joint,rmse,0.02398843690752983
7902,SA-Joint,rmse,0.03289610892534256
7916,SA-Joint,rmse,0.027067147195339203
7934,SA-Joint,rmse,0.027236733585596085
7940,SA-Joint,rmse,0.02218739502131939
7944,SA-Joint,rmse,0.025499658659100533
7960,SA-Joint,rmse,0.027159275487065315
7966,SA-Joint,rmse,0.02614477649331093
7967,SA-Joint,rmse,0.022996390238404274
7970,SA-Joint,rmse,0.03300914168357849
7971,SA-Joint,rmse,0.027867048978805542
7972,SA-Joint,rmse,0.030807524919509888
7977,SA-Joint,rmse,0.034431274980306625
7992,SA-Joint,rmse,0.025685176253318787
8002,SA-Joint,rmse,0.019065774977207184
8003,SA-Joint,rmse,0.03388466313481331
8004,SA-Joint,rmse,0.026745066046714783
8010,SA-Joint,rmse,0.01948903501033783
8015,SA-Joint,rmse,0.027979061007499695
8016,SA-Joint,rmse,0.026887159794569016
8024,SA-Joint,rmse,0.02486427128314972
8047,SA-Joint,rmse,0.03232603147625923
8058,SA-Joint,rmse,0.01229487918317318
8067,SA-Joint,rmse,0.023471329361200333
8073,SA-Joint,rmse,0.03345952928066254
8076,SA-Joint,rmse,0.0324287936091423
8081,SA-Joint,rmse,0.03097720816731453
8114,SA-Joint,rmse,0.034543056041002274
8115,SA-Joint,rmse,0.031525444239377975
8120,SA-Joint,rmse,0.02792576141655445
8122,SA-Joint,rmse,0.03081115148961544
8125,SA-Joint,rmse,0.027723899111151695
8136,SA-Joint,rmse,0.03555365279316902
8138,SA-Joint,rmse,0.01857798546552658
8149,SA-Joint,rmse,0.02273397706449032
8156,SA-Joint,rmse,0.031085003167390823
8157,SA-Joint,rmse,0.02731350064277649
8162,SA-Joint,rmse,0.031686216592788696
8167,SA-Joint,rmse,0.020073456689715385
8169,SA-Joint,rmse,0.027227092534303665
8170,SA-Joint,rmse,0.026967067271471024
8172,SA-Joint,rmse,0.029083266854286194
8202,SA-Joint,rmse,0.023385120555758476
8206,SA-Joint,rmse,0.03312287479639053
8217,SA-Joint,rmse,0.029442407190799713
8218,SA-Joint,rmse,0.021903330460190773
8222,SA-Joint,rmse,0.017323298379778862
8227,SA-Joint,rmse,0.02567145600914955
8249,SA-Joint,rmse,0.02006010338664055
8251,SA-Joint,rmse,0.02851732447743416
8252,SA-Joint,rmse,0.028075415641069412
8256,SA-Joint,rmse,0.026079360395669937
8263,SA-Joint,rmse,0.020291917026042938
5,SA-Joint,nrmse,0.14742504060268402
12,SA-Joint,nrmse,0.12751255929470062
24,SA-Joint,nrmse,0.1270626038312912
26,SA-Joint,nrmse,0.1332613080739975
30,SA-Joint,nrmse,0.13210824131965637
35,SA-Joint,nrmse,0.17268922924995422
39,SA-Joint,nrmse,0.12687437236309052
41,SA-Joint,nrmse,0.23123420774936676
42,SA-Joint,nrmse,0.07901287078857422
44,SA-Joint,nrmse,0.14436444640159607
48,SA-Joint,nrmse,0.14688293635845184
65,SA-Joint,nrmse,0.1505640149116516
69,SA-Joint,nrmse,0.14017818868160248
71,SA-Joint,nrmse,0.11815868318080902
73,SA-Joint,nrmse,0.16409549117088318
80,SA-Joint,nrmse,0.1309760957956314
83,SA-Joint,nrmse,0.14544329047203064
99,SA-Joint,nrmse,0.1442662626504898
100,SA-Joint,nrmse,0.1418997049331665
110,SA-Joint,nrmse,0.1258172243833542
116,SA-Joint,nrmse,0.13278180360794067
122,SA-Joint,nrmse,0.1186073049902916
132,SA-Joint,nrmse,0.13097190856933594
141,SA-Joint,nrmse,0.12314848601818085
151,SA-Joint,nrmse,0.1351396143436432
154,SA-Joint,nrmse,0.12922491133213043
156,SA-Joint,nrmse,0.15956683456897736
157,SA-Joint,nrmse,0.17344103753566742
159,SA-Joint,nrmse,0.17048627138137817
178,SA-Joint,nrmse,0.1572512537240982
197,SA-Joint,nrmse,0.0884970873594284
199,SA-Joint,nrmse,0.11213928461074829
211,SA-Joint,nrmse,0.09674623608589172
212,SA-Joint,nrmse,0.12186920642852783
214,SA-Joint,nrmse,0.15716257691383362
221,SA-Joint,nrmse,0.13389991223812103
232,SA-Joint,nrmse,0.13928698003292084
233,SA-Joint,nrmse,0.12727083265781403
240,SA-Joint,nrmse,0.12595954537391663
242,SA-Joint,nrmse,0.12883655726909637
243,SA-Joint,nrmse,0.10545751452445984
244,SA-Joint,nrmse,0.13218724727630615
260,SA-Joint,nrmse,0.13947004079818726
273,SA-Joint,nrmse,0.12190265208482742
275,SA-Joint,nrmse,0.1689153015613556
276,SA-Joint,nrmse,0.13041795790195465
283,SA-Joint,nrmse,0.12582451105117798
297,SA-Joint,nrmse,0.17206236720085144
303,SA-Joint,nrmse,0.10507924854755402
310,SA-Joint,nrmse,0.13194110989570618
318,SA-Joint,nrmse,0.14467154443264008
319,SA-Joint,nrmse,0.0936979427933693
324,SA-Joint,nrmse,0.13172435760498047
326,SA-Joint,nrmse,0.08274013549089432
328,SA-Joint,nrmse,0.11758126318454742
330,SA-Joint,nrmse,0.11401805281639099
333,SA-Joint,nrmse,0.12272507697343826
340,SA-Joint,nrmse,0.14042943716049194
347,SA-Joint,nrmse,0.10843417048454285
348,SA-Joint,nrmse,0.11813438683748245
360,SA-Joint,nrmse,0.13770505785942078
361,SA-Joint,nrmse,0.1263730674982071
364,SA-Joint,nrmse,0.14071416854858398
366,SA-Joint,nrmse,0.1398959755897522
378,SA-Joint,nrmse,0.14256155490875244
391,SA-Joint,nrmse,0.11000591516494751
394,SA-Joint,nrmse,0.15060563385486603
398,SA-Joint,nrmse,0.13339152932167053
408,SA-Joint,nrmse,0.1337047666311264
409,SA-Joint,nrmse,0.12293693423271179
410,SA-Joint,nrmse,0.13801227509975433
412,SA-Joint,nrmse,0.16487102210521698
425,SA-Joint,nrmse,0.14329473674297333
429,SA-Joint,nrmse,0.12328103184700012
438,SA-Joint,nrmse,0.14422626793384552
461,SA-Joint,nrmse,0.12925633788108826
463,SA-Joint,nrmse,0.14692547917366028
464,SA-Joint,nrmse,0.1422920525074005
477,SA-Joint,nrmse,0.1322852373123169
486,SA-Joint,nrmse,0.12872040271759033
491,SA-Joint,nrmse,0.17367830872535706
495,SA-Joint,nrmse,0.15497533977031708
516,SA-Joint,nrmse,0.1279717981815338
521,SA-Joint,nrmse,0.14654429256916046
531,SA-Joint,nrmse,0.13387040793895721
533,SA-Joint,nrmse,0.11394712328910828
537,SA-Joint,nrmse,0.12596067786216736
542,SA-Joint,nrmse,0.1627284735441208
543,SA-Joint,nrmse,0.1375647336244583
548,SA-Joint,nrmse,0.0985456332564354
554,SA-Joint,nrmse,0.15735843777656555
565,SA-Joint,nrmse,0.13336524367332458
570,SA-Joint,nrmse,0.12897035479545593
574,SA-Joint,nrmse,0.15238149464130402
590,SA-Joint,nrmse,0.1256297379732132
610,SA-Joint,nrmse,0.12673251330852509
613,SA-Joint,nrmse,0.12633240222930908
634,SA-Joint,nrmse,0.10954538732767105
637,SA-Joint,nrmse,0.14359740912914276
642,SA-Joint,nrmse,0.13491465151309967
644,SA-Joint,nrmse,0.14989128708839417
663,SA-Joint,nrmse,0.1521676778793335
670,SA-Joint,nrmse,0.13284458220005035
676,SA-Joint,nrmse,0.1259465366601944
680,SA-Joint,nrmse,0.1451469510793686
686,SA-Joint,nrmse,0.15190467238426208
695,SA-Joint,nrmse,0.1255933791399002
707,SA-Joint,nrmse,0.1246986836194992
711,SA-Joint,nrmse,0.11815943568944931
712,SA-Joint,nrmse,0.13783341646194458
713,SA-Joint,nrmse,0.13324090838432312
717,SA-Joint,nrmse,0.17719385027885437
721,SA-Joint,nrmse,0.16958855092525482
738,SA-Joint,nrmse,0.13112562894821167
748,SA-Joint,nrmse,0.09942210465669632
752,SA-Joint,nrmse,0.13090921938419342
760,SA-Joint,nrmse,0.1835722178220749
763,SA-Joint,nrmse,0.14232590794563293
770,SA-Joint,nrmse,0.14187876880168915
776,SA-Joint,nrmse,0.14254352450370789
778,SA-Joint,nrmse,0.13364270329475403
782,SA-Joint,nrmse,0.13875694572925568
787,SA-Joint,nrmse,0.12675730884075165
793,SA-Joint,nrmse,0.15940704941749573
799,SA-Joint,nrmse,0.15455149114131927
800,SA-Joint,nrmse,0.13743899762630463
804,SA-Joint,nrmse,0.15606056153774261
810,SA-Joint,nrmse,0.15211494266986847
812,SA-Joint,nrmse,0.13377343118190765
819,SA-Joint,nrmse,0.10541778802871704
823,SA-Joint,nrmse,0.1412021964788437
827,SA-Joint,nrmse,0.12405670434236526
831,SA-Joint,nrmse,0.13029485940933228
847,SA-Joint,nrmse,0.12545748054981232
849,SA-Joint,nrmse,0.1645217090845108
856,SA-Joint,nrmse,0.14944766461849213
865,SA-Joint,nrmse,0.15563660860061646
871,SA-Joint,nrmse,0.147658109664917
873,SA-Joint,nrmse,0.15295495092868805
880,SA-Joint,nrmse,0.14136958122253418
884,SA-Joint,nrmse,0.13394448161125183
887,SA-Joint,nrmse,0.12536054849624634
893,SA-Joint,nrmse,0.13621410727500916
906,SA-Joint,nrmse,0.151398703455925
909,SA-Joint,nrmse,0.11238586902618408
910,SA-Joint,nrmse,0.12856142222881317
913,SA-Joint,nrmse,0.11977729946374893
916,SA-Joint,nrmse,0.14868655800819397
927,SA-Joint,nrmse,0.11857260763645172
930,SA-Joint,nrmse,0.12581732869148254
939,SA-Joint,nrmse,0.10409881919622421
956,SA-Joint,nrmse,0.12606215476989746
963,SA-Joint,nrmse,0.14152120053768158
966,SA-Joint,nrmse,0.10047966986894608
969,SA-Joint,nrmse,0.12281235307455063
970,SA-Joint,nrmse,0.1824190765619278
978,SA-Joint,nrmse,0.16282761096954346
988,SA-Joint,nrmse,0.14070002734661102
989,SA-Joint,nrmse,0.1349693238735199
992,SA-Joint,nrmse,0.18002472817897797
995,SA-Joint,nrmse,0.1259891390800476
1004,SA-Joint,nrmse,0.17491909861564636
1008,SA-Joint,nrmse,0.12881946563720703
1011,SA-Joint,nrmse,0.131246417760849
1013,SA-Joint,nrmse,0.11847091466188431
1018,SA-Joint,nrmse,0.13431917130947113
1022,SA-Joint,nrmse,0.14966674149036407
1045,SA-Joint,nrmse,0.14193157851696014
1049,SA-Joint,nrmse,0.14201246201992035
1051,SA-Joint,nrmse,0.14715176820755005
1061,SA-Joint,nrmse,0.14170077443122864
1063,SA-Joint,nrmse,0.1410077065229416
1068,SA-Joint,nrmse,0.1929818093776703
1076,SA-Joint,nrmse,0.1399644911289215
1079,SA-Joint,nrmse,0.15608571469783783
1084,SA-Joint,nrmse,0.16325560212135315
1089,SA-Joint,nrmse,0.14226314425468445
1090,SA-Joint,nrmse,0.16304442286491394
1099,SA-Joint,nrmse,0.134607195854187
1114,SA-Joint,nrmse,0.14111407101154327
1120,SA-Joint,nrmse,0.152601420879364
1121,SA-Joint,nrmse,0.13544195890426636
1134,SA-Joint,nrmse,0.16158999502658844
1177,SA-Joint,nrmse,0.13778027892112732
1178,SA-Joint,nrmse,0.11794684082269669
1183,SA-Joint,nrmse,0.11220774799585342
1193,SA-Joint,nrmse,0.1287228763103485
1204,SA-Joint,nrmse,0.1598886400461197
1208,SA-Joint,nrmse,0.14620085060596466
1213,SA-Joint,nrmse,0.16852836310863495
1231,SA-Joint,nrmse,0.14521674811840057
1232,SA-Joint,nrmse,0.1356971710920334
1233,SA-Joint,nrmse,0.14628851413726807
1238,SA-Joint,nrmse,0.12375414371490479
1240,SA-Joint,nrmse,0.14912749826908112
1243,SA-Joint,nrmse,0.1405659168958664
1260,SA-Joint,nrmse,0.14187733829021454
1267,SA-Joint,nrmse,0.15231311321258545
1268,SA-Joint,nrmse,0.13692152500152588
1274,SA-Joint,nrmse,0.16137008368968964
1281,SA-Joint,nrmse,0.0929088220000267
1297,SA-Joint,nrmse,0.10553064942359924
1307,SA-Joint,nrmse,0.13211163878440857
1313,SA-Joint,nrmse,0.11633392423391342
1330,SA-Joint,nrmse,0.11186601966619492
1334,SA-Joint,nrmse,0.1681196540594101
1346,SA-Joint,nrmse,0.12641209363937378
1348,SA-Joint,nrmse,0.1816738247871399
1355,SA-Joint,nrmse,0.11560078710317612
1363,SA-Joint,nrmse,0.12885935604572296
1366,SA-Joint,nrmse,0.12713907659053802
1391,SA-Joint,nrmse,0.1548384130001068
1400,SA-Joint,nrmse,0.10957454890012741
1411,SA-Joint,nrmse,0.1467054933309555
1413,SA-Joint,nrmse,0.15034447610378265
1422,SA-Joint,nrmse,0.11834810674190521
1425,SA-Joint,nrmse,0.12596145272254944
1434,SA-Joint,nrmse,0.13380692899227142
1441,SA-Joint,nrmse,0.17742428183555603
1447,SA-Joint,nrmse,0.0959906280040741
1458,SA-Joint,nrmse,0.1385362446308136
1471,SA-Joint,nrmse,0.12833403050899506
1481,SA-Joint,nrmse,0.13240446150302887
1499,SA-Joint,nrmse,0.12282602488994598
1506,SA-Joint,nrmse,0.17502325773239136
1511,SA-Joint,nrmse,0.15500995516777039
1512,SA-Joint,nrmse,0.15670162439346313
1515,SA-Joint,nrmse,0.1142430305480957
1522,SA-Joint,nrmse,0.12993386387825012
1525,SA-Joint,nrmse,0.14019206166267395
1536,SA-Joint,nrmse,0.1275540441274643
1541,SA-Joint,nrmse,0.1615275740623474
1543,SA-Joint,nrmse,0.1427079737186432
1546,SA-Joint,nrmse,0.14035366475582123
1551,SA-Joint,nrmse,0.12961050868034363
1553,SA-Joint,nrmse,0.14561069011688232
1559,SA-Joint,nrmse,0.14841677248477936
1562,SA-Joint,nrmse,0.10513494163751602
1563,SA-Joint,nrmse,0.15714479982852936
1581,SA-Joint,nrmse,0.14783237874507904
1613,SA-Joint,nrmse,0.12449546903371811
1619,SA-Joint,nrmse,0.12421377748250961
1622,SA-Joint,nrmse,0.1561155617237091
1624,SA-Joint,nrmse,0.1253156065940857
1634,SA-Joint,nrmse,0.13161511719226837
1644,SA-Joint,nrmse,0.13437926769256592
1645,SA-Joint,nrmse,0.1346546709537506
1663,SA-Joint,nrmse,0.12716816365718842
1673,SA-Joint,nrmse,0.10660869628190994
1684,SA-Joint,nrmse,0.13751423358917236
1685,SA-Joint,nrmse,0.11561767756938934
1694,SA-Joint,nrmse,0.14548884332180023
1697,SA-Joint,nrmse,0.11316739767789841
1698,SA-Joint,nrmse,0.11806535720825195
1700,SA-Joint,nrmse,0.1272834986448288
1715,SA-Joint,nrmse,0.13663025200366974
1721,SA-Joint,nrmse,0.09544405341148376
1724,SA-Joint,nrmse,0.11859173327684402
1727,SA-Joint,nrmse,0.12445265054702759
1729,SA-Joint,nrmse,0.15067394077777863
1741,SA-Joint,nrmse,0.14726068079471588
1760,SA-Joint,nrmse,0.11688762158155441
1761,SA-Joint,nrmse,0.14345841109752655
1763,SA-Joint,nrmse,0.16260822117328644
1765,SA-Joint,nrmse,0.15319715440273285
1773,SA-Joint,nrmse,0.12663814425468445
1782,SA-Joint,nrmse,0.07336285710334778
1784,SA-Joint,nrmse,0.14708654582500458
1791,SA-Joint,nrmse,0.11860226094722748
1798,SA-Joint,nrmse,0.14363399147987366
1804,SA-Joint,nrmse,0.1408897191286087
1812,SA-Joint,nrmse,0.1343507170677185
1814,SA-Joint,nrmse,0.15476667881011963
1819,SA-Joint,nrmse,0.1380230039358139
1824,SA-Joint,nrmse,0.14124642312526703
1831,SA-Joint,nrmse,0.15011988580226898
1833,SA-Joint,nrmse,0.14039552211761475
1841,SA-Joint,nrmse,0.15478549897670746
1843,SA-Joint,nrmse,0.1715526282787323
1868,SA-Joint,nrmse,0.16502799093723297
1871,SA-Joint,nrmse,0.1391318142414093
1881,SA-Joint,nrmse,0.17665088176727295
1882,SA-Joint,nrmse,0.10925310850143433
1888,SA-Joint,nrmse,0.13675105571746826
1911,SA-Joint,nrmse,0.17436517775058746
1919,SA-Joint,nrmse,0.11237213015556335
1935,SA-Joint,nrmse,0.14928726851940155
1942,SA-Joint,nrmse,0.13357940316200256
1943,SA-Joint,nrmse,0.14361849427223206
1963,SA-Joint,nrmse,0.14495564997196198
1968,SA-Joint,nrmse,0.13186345994472504
1985,SA-Joint,nrmse,0.1314813643693924
1999,SA-Joint,nrmse,0.15966647863388062
2000,SA-Joint,nrmse,0.1562197506427765
2002,SA-Joint,nrmse,0.153245210647583
2003,SA-Joint,nrmse,0.12988705933094025
2015,SA-Joint,nrmse,0.12371829152107239
2020,SA-Joint,nrmse,0.1364031881093979
2021,SA-Joint,nrmse,0.14224618673324585
2026,SA-Joint,nrmse,0.1515003740787506
2028,SA-Joint,nrmse,0.14033882319927216
2034,SA-Joint,nrmse,0.14590521156787872
2038,SA-Joint,nrmse,0.12209779769182205
2060,SA-Joint,nrmse,0.1524852216243744
2075,SA-Joint,nrmse,0.14541180431842804
2078,SA-Joint,nrmse,0.15177784860134125
2081,SA-Joint,nrmse,0.09700021892786026
2095,SA-Joint,nrmse,0.132686048746109
2096,SA-Joint,nrmse,0.1189841702580452
2102,SA-Joint,nrmse,0.13001960515975952
2107,SA-Joint,nrmse,0.13466741144657135
2109,SA-Joint,nrmse,0.1313653290271759
2111,SA-Joint,nrmse,0.15711893141269684
2112,SA-Joint,nrmse,0.1360921412706375
2118,SA-Joint,nrmse,0.146140456199646
2122,SA-Joint,nrmse,0.13207142055034637
2123,SA-Joint,nrmse,0.12571179866790771
2128,SA-Joint,nrmse,0.1357780247926712
2140,SA-Joint,nrmse,0.11155396699905396
2148,SA-Joint,nrmse,0.11889144778251648
2149,SA-Joint,nrmse,0.13485461473464966
2151,SA-Joint,nrmse,0.15193495154380798
2152,SA-Joint,nrmse,0.11690813302993774
2166,SA-Joint,nrmse,0.1385144144296646
2168,SA-Joint,nrmse,0.13927164673805237
2176,SA-Joint,nrmse,0.12583236396312714
2178,SA-Joint,nrmse,0.15294039249420166
2183,SA-Joint,nrmse,0.12487130612134933
2195,SA-Joint,nrmse,0.14944548904895782
2200,SA-Joint,nrmse,0.1799962967634201
2204,SA-Joint,nrmse,0.1392282247543335
2205,SA-Joint,nrmse,0.14888978004455566
2206,SA-Joint,nrmse,0.14973579347133636
2211,SA-Joint,nrmse,0.12829898297786713
2218,SA-Joint,nrmse,0.1388360857963562
2221,SA-Joint,nrmse,0.15477712452411652
2224,SA-Joint,nrmse,0.18077124655246735
2227,SA-Joint,nrmse,0.14152447879314423
2231,SA-Joint,nrmse,0.15611329674720764
2236,SA-Joint,nrmse,0.12735159695148468
2238,SA-Joint,nrmse,0.14408761262893677
2242,SA-Joint,nrmse,0.16368897259235382
2246,SA-Joint,nrmse,0.13901756703853607
2269,SA-Joint,nrmse,0.16276878118515015
2278,SA-Joint,nrmse,0.1290288269519806
2279,SA-Joint,nrmse,0.1343056559562683
2305,SA-Joint,nrmse,0.13911648094654083
2315,SA-Joint,nrmse,0.1185622289776802
2316,SA-Joint,nrmse,0.16442102193832397
2331,SA-Joint,nrmse,0.15396136045455933
2332,SA-Joint,nrmse,0.16592127084732056
2334,SA-Joint,nrmse,0.13374578952789307
2336,SA-Joint,nrmse,0.1443224400281906
2342,SA-Joint,nrmse,0.12576434016227722
2344,SA-Joint,nrmse,0.1003686934709549
2345,SA-Joint,nrmse,0.13419592380523682
2350,SA-Joint,nrmse,0.14658212661743164
2358,SA-Joint,nrmse,0.1275463104248047
2378,SA-Joint,nrmse,0.0782800167798996
2388,SA-Joint,nrmse,0.14372466504573822
2390,SA-Joint,nrmse,0.13044217228889465
2396,SA-Joint,nrmse,0.13632385432720184
2415,SA-Joint,nrmse,0.16577473282814026
2417,SA-Joint,nrmse,0.13445568084716797
2427,SA-Joint,nrmse,0.11321287602186203
2428,SA-Joint,nrmse,0.1523437201976776
2442,SA-Joint,nrmse,0.13656742870807648
2448,SA-Joint,nrmse,0.10016726702451706
2459,SA-Joint,nrmse,0.12464222311973572
2460,SA-Joint,nrmse,0.1060875877737999
2482,SA-Joint,nrmse,0.1210281103849411
2483,SA-Joint,nrmse,0.10088742524385452
2501,SA-Joint,nrmse,0.1523580253124237
2512,SA-Joint,nrmse,0.1289621889591217
2514,SA-Joint,nrmse,0.14276906847953796
2520,SA-Joint,nrmse,0.1315799355506897
2536,SA-Joint,nrmse,0.14523206651210785
2543,SA-Joint,nrmse,0.15216705203056335
2554,SA-Joint,nrmse,0.12901172041893005
2598,SA-Joint,nrmse,0.12849195301532745
2602,SA-Joint,nrmse,0.13658027350902557
2604,SA-Joint,nrmse,0.16165640950202942
2609,SA-Joint,nrmse,0.1772356629371643
2611,SA-Joint,nrmse,0.14909718930721283
2616,SA-Joint,nrmse,0.13198962807655334
2618,SA-Joint,nrmse,0.15032967925071716
2630,SA-Joint,nrmse,0.11477112025022507
2647,SA-Joint,nrmse,0.16293291747570038
2652,SA-Joint,nrmse,0.150638148188591
2653,SA-Joint,nrmse,0.13643966615200043
2660,SA-Joint,nrmse,0.1802503764629364
2673,SA-Joint,nrmse,0.11113563925027847
2682,SA-Joint,nrmse,0.11513411998748779
2687,SA-Joint,nrmse,0.12427731603384018
2700,SA-Joint,nrmse,0.14332523941993713
2702,SA-Joint,nrmse,0.12137164175510406
2711,SA-Joint,nrmse,0.12548582255840302
2725,SA-Joint,nrmse,0.14310133457183838
2726,SA-Joint,nrmse,0.13434919714927673
2727,SA-Joint,nrmse,0.1234637051820755
2732,SA-Joint,nrmse,0.1415233612060547
2742,SA-Joint,nrmse,0.1265137493610382
2744,SA-Joint,nrmse,0.1293221116065979
2745,SA-Joint,nrmse,0.15147973597049713
2751,SA-Joint,nrmse,0.1540953516960144
2775,SA-Joint,nrmse,0.15654250979423523
2782,SA-Joint,nrmse,0.10444806516170502
2783,SA-Joint,nrmse,0.14325937628746033
2787,SA-Joint,nrmse,0.13757501542568207
2788,SA-Joint,nrmse,0.12509524822235107
2792,SA-Joint,nrmse,0.1308709681034088
2810,SA-Joint,nrmse,0.1425696313381195
2813,SA-Joint,nrmse,0.14219757914543152
2816,SA-Joint,nrmse,0.14019083976745605
2817,SA-Joint,nrmse,0.14678645133972168
2819,SA-Joint,nrmse,0.11299252510070801
2841,SA-Joint,nrmse,0.14166100323200226
2846,SA-Joint,nrmse,0.12207058072090149
2851,SA-Joint,nrmse,0.13825799524784088
2855,SA-Joint,nrmse,0.157548189163208
2864,SA-Joint,nrmse,0.12621626257896423
2875,SA-Joint,nrmse,0.16511380672454834
2886,SA-Joint,nrmse,0.1417878270149231
2897,SA-Joint,nrmse,0.11359906196594238
2911,SA-Joint,nrmse,0.15329159796237946
2915,SA-Joint,nrmse,0.12259954959154129
2929,SA-Joint,nrmse,0.1376861184835434
2938,SA-Joint,nrmse,0.12133532762527466
2945,SA-Joint,nrmse,0.15217430889606476
2959,SA-Joint,nrmse,0.125146746635437
2966,SA-Joint,nrmse,0.14127618074417114
2971,SA-Joint,nrmse,0.1337880641222
2973,SA-Joint,nrmse,0.12451139837503433
2975,SA-Joint,nrmse,0.15867923200130463
2976,SA-Joint,nrmse,0.12627170979976654
2986,SA-Joint,nrmse,0.13103355467319489
3010,SA-Joint,nrmse,0.14032767713069916
3020,SA-Joint,nrmse,0.14077965915203094
3027,SA-Joint,nrmse,0.12441877275705338
3032,SA-Joint,nrmse,0.15192653238773346
3039,SA-Joint,nrmse,0.13531553745269775
3048,SA-Joint,nrmse,0.1292092651128769
3049,SA-Joint,nrmse,0.13570146262645721
3056,SA-Joint,nrmse,0.1451207846403122
3062,SA-Joint,nrmse,0.11315809935331345
3065,SA-Joint,nrmse,0.15623381733894348
3068,SA-Joint,nrmse,0.11686838418245316
3071,SA-Joint,nrmse,0.1503247320652008
3072,SA-Joint,nrmse,0.12983879446983337
3073,SA-Joint,nrmse,0.14486023783683777
3074,SA-Joint,nrmse,0.16464713215827942
3085,SA-Joint,nrmse,0.15071351826190948
3086,SA-Joint,nrmse,0.12915407121181488
3089,SA-Joint,nrmse,0.1537301391363144
3095,SA-Joint,nrmse,0.15723776817321777
3105,SA-Joint,nrmse,0.14793728291988373
3107,SA-Joint,nrmse,0.13567201793193817
3111,SA-Joint,nrmse,0.1244921162724495
3118,SA-Joint,nrmse,0.13408860564231873
3126,SA-Joint,nrmse,0.12421779334545135
3132,SA-Joint,nrmse,0.1432379186153412
3134,SA-Joint,nrmse,0.1450488120317459
3142,SA-Joint,nrmse,0.09575529396533966
3149,SA-Joint,nrmse,0.14415250718593597
3151,SA-Joint,nrmse,0.12295646220445633
3152,SA-Joint,nrmse,0.17322461307048798
3165,SA-Joint,nrmse,0.1275540590286255
3167,SA-Joint,nrmse,0.12733879685401917
3168,SA-Joint,nrmse,0.13925784826278687
3178,SA-Joint,nrmse,0.14937147498130798
3183,SA-Joint,nrmse,0.15945447981357574
3185,SA-Joint,nrmse,0.12328384071588516
3217,SA-Joint,nrmse,0.14097625017166138
3219,SA-Joint,nrmse,0.1660885065793991
3222,SA-Joint,nrmse,0.14831233024597168
3225,SA-Joint,nrmse,0.12804923951625824
3236,SA-Joint,nrmse,0.15816612541675568
3240,SA-Joint,nrmse,0.15472786128520966
3242,SA-Joint,nrmse,0.11795788258314133
3243,SA-Joint,nrmse,0.14302437007427216
3250,SA-Joint,nrmse,0.1467345803976059
3253,SA-Joint,nrmse,0.15500034391880035
3276,SA-Joint,nrmse,0.12561292946338654
3280,SA-Joint,nrmse,0.13568148016929626
3289,SA-Joint,nrmse,0.14097291231155396
3297,SA-Joint,nrmse,0.13089153170585632
3313,SA-Joint,nrmse,0.19868864119052887
3317,SA-Joint,nrmse,0.1241532638669014
3328,SA-Joint,nrmse,0.1463443785905838
3333,SA-Joint,nrmse,0.11796367913484573
3341,SA-Joint,nrmse,0.18890529870986938
3342,SA-Joint,nrmse,0.14831402897834778
3345,SA-Joint,nrmse,0.11733924597501755
3363,SA-Joint,nrmse,0.11155209690332413
3367,SA-Joint,nrmse,0.11628831923007965
3381,SA-Joint,nrmse,0.13592936098575592
3395,SA-Joint,nrmse,0.17329362034797668
3397,SA-Joint,nrmse,0.14815716445446014
3402,SA-Joint,nrmse,0.15664741396903992
3403,SA-Joint,nrmse,0.12049314379692078
3404,SA-Joint,nrmse,0.12479668110609055
3427,SA-Joint,nrmse,0.10930514335632324
3436,SA-Joint,nrmse,0.14396077394485474
3443,SA-Joint,nrmse,0.12590688467025757
3461,SA-Joint,nrmse,0.1519545614719391
3462,SA-Joint,nrmse,0.16673171520233154
3465,SA-Joint,nrmse,0.1466296762228012
3487,SA-Joint,nrmse,0.0951552540063858
3495,SA-Joint,nrmse,0.1179879680275917
3509,SA-Joint,nrmse,0.10543374717235565
3510,SA-Joint,nrmse,0.1531224101781845
3511,SA-Joint,nrmse,0.1542976051568985
3512,SA-Joint,nrmse,0.1230093389749527
3516,SA-Joint,nrmse,0.16609986126422882
3527,SA-Joint,nrmse,0.1381128877401352
3543,SA-Joint,nrmse,0.10937956720590591
3551,SA-Joint,nrmse,0.1412607580423355
3554,SA-Joint,nrmse,0.12328315526247025
3557,SA-Joint,nrmse,0.11226131021976471
3559,SA-Joint,nrmse,0.1227349266409874
3561,SA-Joint,nrmse,0.11142851412296295
3567,SA-Joint,nrmse,0.12463603168725967
3580,SA-Joint,nrmse,0.10072937607765198
3592,SA-Joint,nrmse,0.12966275215148926
3594,SA-Joint,nrmse,0.1353725790977478
3597,SA-Joint,nrmse,0.1743747889995575
3598,SA-Joint,nrmse,0.19253544509410858
3610,SA-Joint,nrmse,0.13821469247341156
3612,SA-Joint,nrmse,0.1532922387123108
3625,SA-Joint,nrmse,0.10770872235298157
3634,SA-Joint,nrmse,0.11161075532436371
3636,SA-Joint,nrmse,0.13904370367527008
3644,SA-Joint,nrmse,0.1464911848306656
3646,SA-Joint,nrmse,0.11956682056188583
3647,SA-Joint,nrmse,0.12250703573226929
3668,SA-Joint,nrmse,0.10064129531383514
3674,SA-Joint,nrmse,0.14489346742630005
3676,SA-Joint,nrmse,0.16456259787082672
3694,SA-Joint,nrmse,0.16774557530879974
3701,SA-Joint,nrmse,0.15778934955596924
3712,SA-Joint,nrmse,0.13523966073989868
3714,SA-Joint,nrmse,0.12251720577478409
3719,SA-Joint,nrmse,0.14962778985500336
3721,SA-Joint,nrmse,0.17475228011608124
3723,SA-Joint,nrmse,0.14454394578933716
3725,SA-Joint,nrmse,0.10669940710067749
3728,SA-Joint,nrmse,0.14261923730373383
3730,SA-Joint,nrmse,0.1250365525484085
3739,SA-Joint,nrmse,0.14135101437568665
3741,SA-Joint,nrmse,0.1371891349554062
3745,SA-Joint,nrmse,0.14219199120998383
3746,SA-Joint,nrmse,0.12604950368404388
3754,SA-Joint,nrmse,0.14351408183574677
3758,SA-Joint,nrmse,0.1251339465379715
3759,SA-Joint,nrmse,0.14200939238071442
3779,SA-Joint,nrmse,0.11563335359096527
3791,SA-Joint,nrmse,0.11070401221513748
3792,SA-Joint,nrmse,0.1255510300397873
3794,SA-Joint,nrmse,0.12630809843540192
3803,SA-Joint,nrmse,0.09559764713048935
3804,SA-Joint,nrmse,0.12862181663513184
3807,SA-Joint,nrmse,0.17540113627910614
3809,SA-Joint,nrmse,0.11508528143167496
3812,SA-Joint,nrmse,0.13994862139225006
3813,SA-Joint,nrmse,0.1616494506597519
3815,SA-Joint,nrmse,0.13784410059452057
3823,SA-Joint,nrmse,0.14670789241790771
3824,SA-Joint,nrmse,0.11403480917215347
3827,SA-Joint,nrmse,0.13295865058898926
3830,SA-Joint,nrmse,0.1282355636358261
3834,SA-Joint,nrmse,0.14572110772132874
3838,SA-Joint,nrmse,0.13562998175621033
3845,SA-Joint,nrmse,0.18607424199581146
3846,SA-Joint,nrmse,0.1701304316520691
3849,SA-Joint,nrmse,0.14732511341571808
3850,SA-Joint,nrmse,0.132660910487175
3859,SA-Joint,nrmse,0.1346496343612671
3883,SA-Joint,nrmse,0.16139081120491028
3886,SA-Joint,nrmse,0.14979392290115356
3887,SA-Joint,nrmse,0.12971819937229156
3892,SA-Joint,nrmse,0.10272888094186783
3894,SA-Joint,nrmse,0.12067560106515884
3897,SA-Joint,nrmse,0.160658061504364
3917,SA-Joint,nrmse,0.09136977046728134
3927,SA-Joint,nrmse,0.1417619287967682
3928,SA-Joint,nrmse,0.14406779408454895
3933,SA-Joint,nrmse,0.13840429484844208
3937,SA-Joint,nrmse,0.14521345496177673
3938,SA-Joint,nrmse,0.1440301239490509
3951,SA-Joint,nrmse,0.1628725677728653
3969,SA-Joint,nrmse,0.13640163838863373
3972,SA-Joint,nrmse,0.13479405641555786
3978,SA-Joint,nrmse,0.1411166787147522
3982,SA-Joint,nrmse,0.12764164805412292
4000,SA-Joint,nrmse,0.13264885544776917
4001,SA-Joint,nrmse,0.13494808971881866
4006,SA-Joint,nrmse,0.14999176561832428
4010,SA-Joint,nrmse,0.13655610382556915
4018,SA-Joint,nrmse,0.13384979963302612
4020,SA-Joint,nrmse,0.12750616669654846
4023,SA-Joint,nrmse,0.12708066403865814
4028,SA-Joint,nrmse,0.12401075661182404
4035,SA-Joint,nrmse,0.1577884703874588
4038,SA-Joint,nrmse,0.08786856383085251
4039,SA-Joint,nrmse,0.147112637758255
4047,SA-Joint,nrmse,0.15900589525699615
4050,SA-Joint,nrmse,0.13075639307498932
4052,SA-Joint,nrmse,0.10569922626018524
4055,SA-Joint,nrmse,0.1335865706205368
4069,SA-Joint,nrmse,0.20240235328674316
4073,SA-Joint,nrmse,0.14957813918590546
4078,SA-Joint,nrmse,0.12457068264484406
4079,SA-Joint,nrmse,0.1296614557504654
4080,SA-Joint,nrmse,0.15325044095516205
4091,SA-Joint,nrmse,0.1225317120552063
4096,SA-Joint,nrmse,0.13276976346969604
4098,SA-Joint,nrmse,0.1481185108423233
4121,SA-Joint,nrmse,0.14647065103054047
4134,SA-Joint,nrmse,0.13977456092834473
4135,SA-Joint,nrmse,0.1447557508945465
4137,SA-Joint,nrmse,0.12343432009220123
4145,SA-Joint,nrmse,0.12534579634666443
4149,SA-Joint,nrmse,0.13360454142093658
4153,SA-Joint,nrmse,0.12181233614683151
4181,SA-Joint,nrmse,0.14601629972457886
4188,SA-Joint,nrmse,0.1477973610162735
4196,SA-Joint,nrmse,0.16725273430347443
4204,SA-Joint,nrmse,0.13976725935935974
4209,SA-Joint,nrmse,0.1590912789106369
4211,SA-Joint,nrmse,0.14656215906143188
4212,SA-Joint,nrmse,0.1548045128583908
4218,SA-Joint,nrmse,0.12088911980390549
4228,SA-Joint,nrmse,0.15671631693840027
4229,SA-Joint,nrmse,0.1524205058813095
4250,SA-Joint,nrmse,0.17147712409496307
4254,SA-Joint,nrmse,0.12344714254140854
4261,SA-Joint,nrmse,0.11817483603954315
4264,SA-Joint,nrmse,0.13622184097766876
4265,SA-Joint,nrmse,0.1317022293806076
4284,SA-Joint,nrmse,0.12950247526168823
4294,SA-Joint,nrmse,0.15224936604499817
4296,SA-Joint,nrmse,0.1440345048904419
4306,SA-Joint,nrmse,0.13013406097888947
4321,SA-Joint,nrmse,0.12156877666711807
4327,SA-Joint,nrmse,0.16383710503578186
4331,SA-Joint,nrmse,0.1505630910396576
4334,SA-Joint,nrmse,0.12512990832328796
4339,SA-Joint,nrmse,0.11237169802188873
4340,SA-Joint,nrmse,0.14525556564331055
4344,SA-Joint,nrmse,0.1363132894039154
4349,SA-Joint,nrmse,0.1502850204706192
4361,SA-Joint,nrmse,0.16005994379520416
4370,SA-Joint,nrmse,0.13296730816364288
4371,SA-Joint,nrmse,0.11331791430711746
4376,SA-Joint,nrmse,0.15926127135753632
4390,SA-Joint,nrmse,0.13835254311561584
4403,SA-Joint,nrmse,0.1325240135192871
4408,SA-Joint,nrmse,0.1246611699461937
4412,SA-Joint,nrmse,0.12473855912685394
4419,SA-Joint,nrmse,0.1113860011100769
4433,SA-Joint,nrmse,0.15324929356575012
4437,SA-Joint,nrmse,0.13094750046730042
4446,SA-Joint,nrmse,0.12282168120145798
4450,SA-Joint,nrmse,0.1445247232913971
4460,SA-Joint,nrmse,0.1589827835559845
4464,SA-Joint,nrmse,0.13570091128349304
4466,SA-Joint,nrmse,0.15759257972240448
4474,SA-Joint,nrmse,0.15557259321212769
4491,SA-Joint,nrmse,0.11663041263818741
4499,SA-Joint,nrmse,0.16201621294021606
4527,SA-Joint,nrmse,0.12309882044792175
4535,SA-Joint,nrmse,0.14398136734962463
4542,SA-Joint,nrmse,0.12491924315690994
4544,SA-Joint,nrmse,0.10596562176942825
4547,SA-Joint,nrmse,0.1330713927745819
4554,SA-Joint,nrmse,0.13961318135261536
4555,SA-Joint,nrmse,0.1561853438615799
4561,SA-Joint,nrmse,0.12564633786678314
4566,SA-Joint,nrmse,0.13105545938014984
4568,SA-Joint,nrmse,0.15766623616218567
4586,SA-Joint,nrmse,0.1706821173429489
4589,SA-Joint,nrmse,0.1270541548728943
4590,SA-Joint,nrmse,0.12942911684513092
4597,SA-Joint,nrmse,0.13486306369304657
4602,SA-Joint,nrmse,0.16789798438549042
4613,SA-Joint,nrmse,0.15634314715862274
4614,SA-Joint,nrmse,0.1330796331167221
4619,SA-Joint,nrmse,0.11637977510690689
4627,SA-Joint,nrmse,0.1313704550266266
4629,SA-Joint,nrmse,0.12954452633857727
4633,SA-Joint,nrmse,0.11895719915628433
4635,SA-Joint,nrmse,0.14406828582286835
4650,SA-Joint,nrmse,0.1483050435781479
4656,SA-Joint,nrmse,0.177991583943367
4677,SA-Joint,nrmse,0.11162367463111877
4682,SA-Joint,nrmse,0.11364585161209106
4685,SA-Joint,nrmse,0.08843608945608139
4691,SA-Joint,nrmse,0.14672398567199707
4703,SA-Joint,nrmse,0.14114810526371002
4712,SA-Joint,nrmse,0.09690583497285843
4716,SA-Joint,nrmse,0.08944134414196014
4725,SA-Joint,nrmse,0.13620102405548096
4727,SA-Joint,nrmse,0.14013613760471344
4734,SA-Joint,nrmse,0.14962880313396454
4750,SA-Joint,nrmse,0.1452278345823288
4751,SA-Joint,nrmse,0.12200304865837097
4752,SA-Joint,nrmse,0.1451389640569687
4753,SA-Joint,nrmse,0.11971885710954666
4760,SA-Joint,nrmse,0.16730694472789764
4761,SA-Joint,nrmse,0.13526634871959686
4770,SA-Joint,nrmse,0.11228250712156296
4774,SA-Joint,nrmse,0.12753801047801971
4777,SA-Joint,nrmse,0.1540091335773468
4791,SA-Joint,nrmse,0.16226057708263397
4793,SA-Joint,nrmse,0.123604416847229
4796,SA-Joint,nrmse,0.12545189261436462
4801,SA-Joint,nrmse,0.14297382533550262
4809,SA-Joint,nrmse,0.1254778951406479
4811,SA-Joint,nrmse,0.16361188888549805
4813,SA-Joint,nrmse,0.1199704110622406
4821,SA-Joint,nrmse,0.13698196411132812
4828,SA-Joint,nrmse,0.10987730324268341
4839,SA-Joint,nrmse,0.11472742259502411
4842,SA-Joint,nrmse,0.14502492547035217
4851,SA-Joint,nrmse,0.120455801486969
4854,SA-Joint,nrmse,0.12839610874652863
4859,SA-Joint,nrmse,0.1056765466928482
4862,SA-Joint,nrmse,0.13175392150878906
4866,SA-Joint,nrmse,0.1613929122686386
4881,SA-Joint,nrmse,0.1421123594045639
4901,SA-Joint,nrmse,0.13584353029727936
4905,SA-Joint,nrmse,0.15415531396865845
4907,SA-Joint,nrmse,0.13581235706806183
4911,SA-Joint,nrmse,0.140584334731102
4923,SA-Joint,nrmse,0.13573502004146576
4926,SA-Joint,nrmse,0.12875783443450928
4936,SA-Joint,nrmse,0.1381264179944992
4937,SA-Joint,nrmse,0.1255919188261032
4939,SA-Joint,nrmse,0.16910281777381897
4943,SA-Joint,nrmse,0.15095236897468567
4973,SA-Joint,nrmse,0.12878252565860748
4975,SA-Joint,nrmse,0.10327215492725372
4980,SA-Joint,nrmse,0.14949814975261688
4987,SA-Joint,nrmse,0.18044301867485046
4995,SA-Joint,nrmse,0.15244776010513306
4997,SA-Joint,nrmse,0.12292718142271042
5010,SA-Joint,nrmse,0.1267130970954895
5013,SA-Joint,nrmse,0.13776923716068268
5017,SA-Joint,nrmse,0.08318211883306503
5025,SA-Joint,nrmse,0.1681356132030487
5028,SA-Joint,nrmse,0.13642773032188416
5039,SA-Joint,nrmse,0.16292114555835724
5041,SA-Joint,nrmse,0.1229061409831047
5053,SA-Joint,nrmse,0.1159660667181015
5058,SA-Joint,nrmse,0.10574446618556976
5064,SA-Joint,nrmse,0.13017763197422028
5069,SA-Joint,nrmse,0.12314864248037338
5073,SA-Joint,nrmse,0.12982384860515594
5084,SA-Joint,nrmse,0.15944145619869232
5096,SA-Joint,nrmse,0.11755497008562088
5099,SA-Joint,nrmse,0.131328746676445
5101,SA-Joint,nrmse,0.13995355367660522
5103,SA-Joint,nrmse,0.14689698815345764
5105,SA-Joint,nrmse,0.15303990244865417
5106,SA-Joint,nrmse,0.14040705561637878
5120,SA-Joint,nrmse,0.1337515413761139
5125,SA-Joint,nrmse,0.15521815419197083
5139,SA-Joint,nrmse,0.13664428889751434
5151,SA-Joint,nrmse,0.15128572285175323
5154,SA-Joint,nrmse,0.12551844120025635
5160,SA-Joint,nrmse,0.15783794224262238
5162,SA-Joint,nrmse,0.12232904881238937
5182,SA-Joint,nrmse,0.1538253128528595
5183,SA-Joint,nrmse,0.11660166084766388
5190,SA-Joint,nrmse,0.11658882349729538
5199,SA-Joint,nrmse,0.13236799836158752
5216,SA-Joint,nrmse,0.12105897814035416
5220,SA-Joint,nrmse,0.15072788298130035
5221,SA-Joint,nrmse,0.11622288823127747
5227,SA-Joint,nrmse,0.08681187033653259
5234,SA-Joint,nrmse,0.14856325089931488
5235,SA-Joint,nrmse,0.13063792884349823
5250,SA-Joint,nrmse,0.13556243479251862
5254,SA-Joint,nrmse,0.09091398119926453
5259,SA-Joint,nrmse,0.13626311719417572
5263,SA-Joint,nrmse,0.12364128977060318
5265,SA-Joint,nrmse,0.18988902866840363
5268,SA-Joint,nrmse,0.11505184322595596
5275,SA-Joint,nrmse,0.12136311084032059
5281,SA-Joint,nrmse,0.13149285316467285
5290,SA-Joint,nrmse,0.13489162921905518
5293,SA-Joint,nrmse,0.15942972898483276
5302,SA-Joint,nrmse,0.17675183713436127
5313,SA-Joint,nrmse,0.1334412693977356
5336,SA-Joint,nrmse,0.14342066645622253
5337,SA-Joint,nrmse,0.1276334971189499
5347,SA-Joint,nrmse,0.1887451410293579
5357,SA-Joint,nrmse,0.12705881893634796
5360,SA-Joint,nrmse,0.21559421718120575
5362,SA-Joint,nrmse,0.09826409816741943
5370,SA-Joint,nrmse,0.2191249281167984
5372,SA-Joint,nrmse,0.1567305475473404
5378,SA-Joint,nrmse,0.15925991535186768
5383,SA-Joint,nrmse,0.16277272999286652
5400,SA-Joint,nrmse,0.14530909061431885
5408,SA-Joint,nrmse,0.12655720114707947
5413,SA-Joint,nrmse,0.11633072793483734
5415,SA-Joint,nrmse,0.14269018173217773
5417,SA-Joint,nrmse,0.1474331170320511
5425,SA-Joint,nrmse,0.1509884148836136
5435,SA-Joint,nrmse,0.15592126548290253
5437,SA-Joint,nrmse,0.14737443625926971
5443,SA-Joint,nrmse,0.1698380410671234
5450,SA-Joint,nrmse,0.15912014245986938
5452,SA-Joint,nrmse,0.15238016843795776
5456,SA-Joint,nrmse,0.1389005184173584
5459,SA-Joint,nrmse,0.13244621455669403
5479,SA-Joint,nrmse,0.17819370329380035
5485,SA-Joint,nrmse,0.14819282293319702
5493,SA-Joint,nrmse,0.15387849509716034
5496,SA-Joint,nrmse,0.12994548678398132
5497,SA-Joint,nrmse,0.14438468217849731
5519,SA-Joint,nrmse,0.11479859054088593
5521,SA-Joint,nrmse,0.15739747881889343
5522,SA-Joint,nrmse,0.14126180112361908
5532,SA-Joint,nrmse,0.14708098769187927
5544,SA-Joint,nrmse,0.1236712858080864
5545,SA-Joint,nrmse,0.1232922375202179
5551,SA-Joint,nrmse,0.15273800492286682
5555,SA-Joint,nrmse,0.15677043795585632
5556,SA-Joint,nrmse,0.08178611844778061
5557,SA-Joint,nrmse,0.12872956693172455
5560,SA-Joint,nrmse,0.14676594734191895
5569,SA-Joint,nrmse,0.13928018510341644
5572,SA-Joint,nrmse,0.15229764580726624
5573,SA-Joint,nrmse,0.15265226364135742
5578,SA-Joint,nrmse,0.13138431310653687
5584,SA-Joint,nrmse,0.12905022501945496
5585,SA-Joint,nrmse,0.15146872401237488
5587,SA-Joint,nrmse,0.13103435933589935
5589,SA-Joint,nrmse,0.10158001631498337
5596,SA-Joint,nrmse,0.1513989418745041
5603,SA-Joint,nrmse,0.13902752101421356
5608,SA-Joint,nrmse,0.14514489471912384
5610,SA-Joint,nrmse,0.1447618156671524
5615,SA-Joint,nrmse,0.08713865280151367
5618,SA-Joint,nrmse,0.13794487714767456
5623,SA-Joint,nrmse,0.09729839861392975
5633,SA-Joint,nrmse,0.12028950452804565
5646,SA-Joint,nrmse,0.12775161862373352
5648,SA-Joint,nrmse,0.1430262327194214
5657,SA-Joint,nrmse,0.13688793778419495
5662,SA-Joint,nrmse,0.1354309618473053
5667,SA-Joint,nrmse,0.13658054172992706
5674,SA-Joint,nrmse,0.14473846554756165
5677,SA-Joint,nrmse,0.15362383425235748
5697,SA-Joint,nrmse,0.16652444005012512
5712,SA-Joint,nrmse,0.11657079309225082
5715,SA-Joint,nrmse,0.15514326095581055
5728,SA-Joint,nrmse,0.13086949288845062
5737,SA-Joint,nrmse,0.14025834202766418
5742,SA-Joint,nrmse,0.1359330713748932
5744,SA-Joint,nrmse,0.12513034045696259
5758,SA-Joint,nrmse,0.131340891122818
5763,SA-Joint,nrmse,0.1452176570892334
5770,SA-Joint,nrmse,0.18940356373786926
5774,SA-Joint,nrmse,0.18924061954021454
5785,SA-Joint,nrmse,0.16036054491996765
5793,SA-Joint,nrmse,0.14449915289878845
5802,SA-Joint,nrmse,0.1346091777086258
5803,SA-Joint,nrmse,0.13526594638824463
5804,SA-Joint,nrmse,0.14327163994312286
5810,SA-Joint,nrmse,0.13064290583133698
5813,SA-Joint,nrmse,0.11005176603794098
5819,SA-Joint,nrmse,0.0981387346982956
5831,SA-Joint,nrmse,0.1425873041152954
5838,SA-Joint,nrmse,0.15433478355407715
5848,SA-Joint,nrmse,0.13231468200683594
5850,SA-Joint,nrmse,0.18156316876411438
5851,SA-Joint,nrmse,0.1318574994802475
5860,SA-Joint,nrmse,0.1327235847711563
5877,SA-Joint,nrmse,0.16673597693443298
5878,SA-Joint,nrmse,0.1501886397600174
5880,SA-Joint,nrmse,0.1461702585220337
5884,SA-Joint,nrmse,0.1274663805961609
5890,SA-Joint,nrmse,0.12940891087055206
5892,SA-Joint,nrmse,0.17101487517356873
5895,SA-Joint,nrmse,0.14294134080410004
5899,SA-Joint,nrmse,0.14235062897205353
5903,SA-Joint,nrmse,0.11815711855888367
5904,SA-Joint,nrmse,0.14322665333747864
5906,SA-Joint,nrmse,0.14416338503360748
5916,SA-Joint,nrmse,0.1607602834701538
5919,SA-Joint,nrmse,0.16714319586753845
5939,SA-Joint,nrmse,0.15632762014865875
5941,SA-Joint,nrmse,0.14907604455947876
5961,SA-Joint,nrmse,0.14951162040233612
5966,SA-Joint,nrmse,0.11726350337266922
5967,SA-Joint,nrmse,0.14000467956066132
5968,SA-Joint,nrmse,0.11831911653280258
5969,SA-Joint,nrmse,0.15796425938606262
5976,SA-Joint,nrmse,0.16019470989704132
5980,SA-Joint,nrmse,0.1297447830438614
5994,SA-Joint,nrmse,0.11239975690841675
6006,SA-Joint,nrmse,0.13674362003803253
6013,SA-Joint,nrmse,0.1277376264333725
6018,SA-Joint,nrmse,0.14557287096977234
6020,SA-Joint,nrmse,0.1391730159521103
6021,SA-Joint,nrmse,0.1362101137638092
6022,SA-Joint,nrmse,0.13281884789466858
6025,SA-Joint,nrmse,0.15569864213466644
6027,SA-Joint,nrmse,0.1283169984817505
6042,SA-Joint,nrmse,0.09134481847286224
6047,SA-Joint,nrmse,0.14586754143238068
6048,SA-Joint,nrmse,0.11351803690195084
6060,SA-Joint,nrmse,0.10657970607280731
6063,SA-Joint,nrmse,0.12305280566215515
6067,SA-Joint,nrmse,0.1286013275384903
6071,SA-Joint,nrmse,0.12384432554244995
6075,SA-Joint,nrmse,0.12460058182477951
6083,SA-Joint,nrmse,0.12657113373279572
6085,SA-Joint,nrmse,0.14156171679496765
6089,SA-Joint,nrmse,0.13353781402111053
6091,SA-Joint,nrmse,0.11662213504314423
6110,SA-Joint,nrmse,0.14729012548923492
6117,SA-Joint,nrmse,0.15462179481983185
6129,SA-Joint,nrmse,0.13721807301044464
6135,SA-Joint,nrmse,0.11983032524585724
6137,SA-Joint,nrmse,0.1286941021680832
6139,SA-Joint,nrmse,0.13007071614265442
6147,SA-Joint,nrmse,0.12977147102355957
6156,SA-Joint,nrmse,0.11553817242383957
6157,SA-Joint,nrmse,0.09742538630962372
6158,SA-Joint,nrmse,0.14443780481815338
6162,SA-Joint,nrmse,0.14229390025138855
6171,SA-Joint,nrmse,0.13324999809265137
6177,SA-Joint,nrmse,0.11560718715190887
6181,SA-Joint,nrmse,0.14533422887325287
6182,SA-Joint,nrmse,0.13619357347488403
6184,SA-Joint,nrmse,0.15034903585910797
6189,SA-Joint,nrmse,0.1281760334968567
6199,SA-Joint,nrmse,0.13326382637023926
6204,SA-Joint,nrmse,0.10757428407669067
6208,SA-Joint,nrmse,0.14237187802791595
6209,SA-Joint,nrmse,0.1457120180130005
6217,SA-Joint,nrmse,0.13788151741027832
6218,SA-Joint,nrmse,0.14420537650585175
6222,SA-Joint,nrmse,0.1635519415140152
6226,SA-Joint,nrmse,0.14185437560081482
6233,SA-Joint,nrmse,0.14027272164821625
6241,SA-Joint,nrmse,0.09388291835784912
6243,SA-Joint,nrmse,0.11261436343193054
6264,SA-Joint,nrmse,0.18068371713161469
6265,SA-Joint,nrmse,0.12912224233150482
6275,SA-Joint,nrmse,0.12522591650485992
6277,SA-Joint,nrmse,0.14436839520931244
6287,SA-Joint,nrmse,0.1296493113040924
6292,SA-Joint,nrmse,0.10915816575288773
6301,SA-Joint,nrmse,0.14094191789627075
6309,SA-Joint,nrmse,0.13464944064617157
6318,SA-Joint,nrmse,0.117115817964077
6325,SA-Joint,nrmse,0.13225123286247253
6335,SA-Joint,nrmse,0.1400759518146515
6339,SA-Joint,nrmse,0.10974534600973129
6353,SA-Joint,nrmse,0.13290107250213623
6362,SA-Joint,nrmse,0.15129584074020386
6364,SA-Joint,nrmse,0.1102096289396286
6366,SA-Joint,nrmse,0.1277039796113968
6368,SA-Joint,nrmse,0.12360221147537231
6386,SA-Joint,nrmse,0.13498130440711975
6402,SA-Joint,nrmse,0.11556704342365265
6403,SA-Joint,nrmse,0.12933920323848724
6410,SA-Joint,nrmse,0.14948424696922302
6416,SA-Joint,nrmse,0.15231214463710785
6421,SA-Joint,nrmse,0.10789946466684341
6422,SA-Joint,nrmse,0.1608200967311859
6423,SA-Joint,nrmse,0.151681587100029
6427,SA-Joint,nrmse,0.14524061977863312
6428,SA-Joint,nrmse,0.12673506140708923
6432,SA-Joint,nrmse,0.1561487466096878
6446,SA-Joint,nrmse,0.17049755156040192
6457,SA-Joint,nrmse,0.10834328830242157
6471,SA-Joint,nrmse,0.12476787716150284
6484,SA-Joint,nrmse,0.12265880405902863
6496,SA-Joint,nrmse,0.1676761656999588
6498,SA-Joint,nrmse,0.14548736810684204
6503,SA-Joint,nrmse,0.13587984442710876
6509,SA-Joint,nrmse,0.12779277563095093
6513,SA-Joint,nrmse,0.16155856847763062
6522,SA-Joint,nrmse,0.12816844880580902
6539,SA-Joint,nrmse,0.12608513236045837
6545,SA-Joint,nrmse,0.14069826900959015
6547,SA-Joint,nrmse,0.11770104616880417
6552,SA-Joint,nrmse,0.16185826063156128
6559,SA-Joint,nrmse,0.1910780370235443
6564,SA-Joint,nrmse,0.13879428803920746
6566,SA-Joint,nrmse,0.1512913852930069
6570,SA-Joint,nrmse,0.10679405927658081
6584,SA-Joint,nrmse,0.15143738687038422
6588,SA-Joint,nrmse,0.12940965592861176
6594,SA-Joint,nrmse,0.11782866716384888
6612,SA-Joint,nrmse,0.10817141830921173
6628,SA-Joint,nrmse,0.10990879684686661
6637,SA-Joint,nrmse,0.15012404322624207
6642,SA-Joint,nrmse,0.1297747939825058
6647,SA-Joint,nrmse,0.13949337601661682
6648,SA-Joint,nrmse,0.14790241420269012
6649,SA-Joint,nrmse,0.13858862221240997
6653,SA-Joint,nrmse,0.1289723813533783
6656,SA-Joint,nrmse,0.14144878089427948
6660,SA-Joint,nrmse,0.16629186272621155
6672,SA-Joint,nrmse,0.13444189727306366
6676,SA-Joint,nrmse,0.12871280312538147
6682,SA-Joint,nrmse,0.1251048594713211
6683,SA-Joint,nrmse,0.13776752352714539
6691,SA-Joint,nrmse,0.16451342403888702
6695,SA-Joint,nrmse,0.19190996885299683
6700,SA-Joint,nrmse,0.13830359280109406
6705,SA-Joint,nrmse,0.1466662734746933
6706,SA-Joint,nrmse,0.1288595050573349
6711,SA-Joint,nrmse,0.1274404674768448
6732,SA-Joint,nrmse,0.11945328116416931
6742,SA-Joint,nrmse,0.13771258294582367
6744,SA-Joint,nrmse,0.19646058976650238
6747,SA-Joint,nrmse,0.14676660299301147
6757,SA-Joint,nrmse,0.1298564374446869
6769,SA-Joint,nrmse,0.1287149041891098
6786,SA-Joint,nrmse,0.13514865934848785
6787,SA-Joint,nrmse,0.1345982402563095
6800,SA-Joint,nrmse,0.12277133017778397
6808,SA-Joint,nrmse,0.1401447057723999
6826,SA-Joint,nrmse,0.14047352969646454
6831,SA-Joint,nrmse,0.1231578066945076
6833,SA-Joint,nrmse,0.15118426084518433
6835,SA-Joint,nrmse,0.12475379556417465
6837,SA-Joint,nrmse,0.13604819774627686
6845,SA-Joint,nrmse,0.16102451086044312
6848,SA-Joint,nrmse,0.13793903589248657
6855,SA-Joint,nrmse,0.14840824902057648
6860,SA-Joint,nrmse,0.14656879007816315
6865,SA-Joint,nrmse,0.12522375583648682
6872,SA-Joint,nrmse,0.13079304993152618
6880,SA-Joint,nrmse,0.16171152889728546
6887,SA-Joint,nrmse,0.14051905274391174
6889,SA-Joint,nrmse,0.14211323857307434
6894,SA-Joint,nrmse,0.12754462659358978
6904,SA-Joint,nrmse,0.12626811861991882
6913,SA-Joint,nrmse,0.14333289861679077
6928,SA-Joint,nrmse,0.08921888470649719
6936,SA-Joint,nrmse,0.1361255645751953
6963,SA-Joint,nrmse,0.14418785274028778
6971,SA-Joint,nrmse,0.22394347190856934
6992,SA-Joint,nrmse,0.1360434889793396
7011,SA-Joint,nrmse,0.15568991005420685
7013,SA-Joint,nrmse,0.15071916580200195
7018,SA-Joint,nrmse,0.14149869978427887
7023,SA-Joint,nrmse,0.14026889204978943
7035,SA-Joint,nrmse,0.15184283256530762
7038,SA-Joint,nrmse,0.12936358153820038
7041,SA-Joint,nrmse,0.14757570624351501
7042,SA-Joint,nrmse,0.11917485296726227
7047,SA-Joint,nrmse,0.10999060422182083
7057,SA-Joint,nrmse,0.13484443724155426
7068,SA-Joint,nrmse,0.10920059680938721
7088,SA-Joint,nrmse,0.1257176399230957
7092,SA-Joint,nrmse,0.12538473308086395
7100,SA-Joint,nrmse,0.12366138398647308
7114,SA-Joint,nrmse,0.1632903814315796
7119,SA-Joint,nrmse,0.12157243490219116
7126,SA-Joint,nrmse,0.13581964373588562
7131,SA-Joint,nrmse,0.14176568388938904
7140,SA-Joint,nrmse,0.14393509924411774
7142,SA-Joint,nrmse,0.15196309983730316
7143,SA-Joint,nrmse,0.13474644720554352
7153,SA-Joint,nrmse,0.15209034085273743
7154,SA-Joint,nrmse,0.163823202252388
7169,SA-Joint,nrmse,0.14780336618423462
7171,SA-Joint,nrmse,0.11598997563123703
7172,SA-Joint,nrmse,0.13060502707958221
7178,SA-Joint,nrmse,0.12237508594989777
7184,SA-Joint,nrmse,0.1442498117685318
7202,SA-Joint,nrmse,0.14619797468185425
7206,SA-Joint,nrmse,0.163728728890419
7220,SA-Joint,nrmse,0.1505192667245865
7226,SA-Joint,nrmse,0.1425917148590088
7229,SA-Joint,nrmse,0.14654843509197235
7231,SA-Joint,nrmse,0.12340176105499268
7237,SA-Joint,nrmse,0.14693470299243927
7244,SA-Joint,nrmse,0.13292813301086426
7256,SA-Joint,nrmse,0.13764677941799164
7259,SA-Joint,nrmse,0.13461153209209442
7269,SA-Joint,nrmse,0.12599791586399078
7272,SA-Joint,nrmse,0.13913363218307495
7274,SA-Joint,nrmse,0.13971351087093353
7276,SA-Joint,nrmse,0.09724828600883484
7287,SA-Joint,nrmse,0.15243372321128845
7288,SA-Joint,nrmse,0.14893701672554016
7290,SA-Joint,nrmse,0.14316774904727936
7293,SA-Joint,nrmse,0.15548735857009888
7295,SA-Joint,nrmse,0.12125785648822784
7299,SA-Joint,nrmse,0.14666353166103363
7301,SA-Joint,nrmse,0.1375589221715927
7313,SA-Joint,nrmse,0.1496531069278717
7321,SA-Joint,nrmse,0.14526508748531342
7327,SA-Joint,nrmse,0.13527265191078186
7328,SA-Joint,nrmse,0.15847842395305634
7331,SA-Joint,nrmse,0.10747186839580536
7340,SA-Joint,nrmse,0.14258860051631927
7346,SA-Joint,nrmse,0.1302969753742218
7350,SA-Joint,nrmse,0.1337009072303772
7373,SA-Joint,nrmse,0.1234164908528328
7376,SA-Joint,nrmse,0.12574517726898193
7383,SA-Joint,nrmse,0.12963327765464783
7404,SA-Joint,nrmse,0.14662298560142517
7412,SA-Joint,nrmse,0.14982253313064575
7413,SA-Joint,nrmse,0.13781152665615082
7421,SA-Joint,nrmse,0.1363375335931778
7422,SA-Joint,nrmse,0.15197540819644928
7426,SA-Joint,nrmse,0.17282231152057648
7427,SA-Joint,nrmse,0.11485569924116135
7429,SA-Joint,nrmse,0.13678094744682312
7432,SA-Joint,nrmse,0.10093643516302109
7454,SA-Joint,nrmse,0.14615890383720398
7459,SA-Joint,nrmse,0.1535777449607849
7463,SA-Joint,nrmse,0.13931675255298615
7464,SA-Joint,nrmse,0.13046078383922577
7476,SA-Joint,nrmse,0.10796862840652466
7477,SA-Joint,nrmse,0.16240054368972778
7498,SA-Joint,nrmse,0.13582168519496918
7509,SA-Joint,nrmse,0.13009428977966309
7511,SA-Joint,nrmse,0.13266324996948242
7517,SA-Joint,nrmse,0.08619606494903564
7526,SA-Joint,nrmse,0.10043074935674667
7528,SA-Joint,nrmse,0.12716899812221527
7529,SA-Joint,nrmse,0.1238960549235344
7545,SA-Joint,nrmse,0.12710949778556824
7546,SA-Joint,nrmse,0.14361809194087982
7548,SA-Joint,nrmse,0.14233596622943878
7555,SA-Joint,nrmse,0.13521899282932281
7563,SA-Joint,nrmse,0.12135850638151169
7570,SA-Joint,nrmse,0.1571107804775238
7572,SA-Joint,nrmse,0.13738524913787842
7576,SA-Joint,nrmse,0.13572090864181519
7577,SA-Joint,nrmse,0.15404292941093445
7595,SA-Joint,nrmse,0.14041700959205627
7606,SA-Joint,nrmse,0.09782776236534119
7608,SA-Joint,nrmse,0.11765585839748383
7619,SA-Joint,nrmse,0.12556400895118713
7620,SA-Joint,nrmse,0.12459926307201385
7624,SA-Joint,nrmse,0.12524180114269257
7627,SA-Joint,nrmse,0.13745282590389252
7629,SA-Joint,nrmse,0.1729513704776764
7630,SA-Joint,nrmse,0.14408452808856964
7632,SA-Joint,nrmse,0.14163942635059357
7645,SA-Joint,nrmse,0.1392989605665207
7656,SA-Joint,nrmse,0.13663893938064575
7671,SA-Joint,nrmse,0.11758048087358475
7676,SA-Joint,nrmse,0.12180127948522568
7688,SA-Joint,nrmse,0.1367538422346115
7691,SA-Joint,nrmse,0.1374025195837021
7692,SA-Joint,nrmse,0.11086786538362503
7709,SA-Joint,nrmse,0.1309507191181183
7710,SA-Joint,nrmse,0.13353003561496735
7719,SA-Joint,nrmse,0.12214965373277664
7738,SA-Joint,nrmse,0.12650378048419952
7740,SA-Joint,nrmse,0.13218097388744354
7741,SA-Joint,nrmse,0.1417655348777771
7742,SA-Joint,nrmse,0.11724469810724258
7759,SA-Joint,nrmse,0.11627994477748871
7764,SA-Joint,nrmse,0.12838424742221832
7768,SA-Joint,nrmse,0.12957395613193512
7772,SA-Joint,nrmse,0.12073685973882675
7774,SA-Joint,nrmse,0.15343299508094788
7775,SA-Joint,nrmse,0.1426013857126236
7776,SA-Joint,nrmse,0.12387232482433319
7779,SA-Joint,nrmse,0.16890521347522736
7791,SA-Joint,nrmse,0.10622764378786087
7808,SA-Joint,nrmse,0.12992963194847107
7813,SA-Joint,nrmse,0.11349345743656158
7822,SA-Joint,nrmse,0.1342184990644455
7825,SA-Joint,nrmse,0.14677585661411285
7829,SA-Joint,nrmse,0.12544482946395874
7835,SA-Joint,nrmse,0.1333702653646469
7845,SA-Joint,nrmse,0.14558416604995728
7861,SA-Joint,nrmse,0.1284533143043518
7863,SA-Joint,nrmse,0.13139164447784424
7869,SA-Joint,nrmse,0.14996185898780823
7874,SA-Joint,nrmse,0.09158315509557724
7891,SA-Joint,nrmse,0.16797728836536407
7902,SA-Joint,nrmse,0.14190742373466492
7916,SA-Joint,nrmse,0.1463269144296646
7934,SA-Joint,nrmse,0.11336547136306763
7940,SA-Joint,nrmse,0.11016377806663513
7944,SA-Joint,nrmse,0.14403966069221497
7960,SA-Joint,nrmse,0.1190539225935936
7966,SA-Joint,nrmse,0.15780040621757507
7967,SA-Joint,nrmse,0.15590183436870575
7970,SA-Joint,nrmse,0.10828450322151184
7971,SA-Joint,nrmse,0.13084936141967773
7972,SA-Joint,nrmse,0.16142697632312775
7977,SA-Joint,nrmse,0.14654718339443207
7992,SA-Joint,nrmse,0.12493428587913513
8002,SA-Joint,nrmse,0.10321006178855896
8003,SA-Joint,nrmse,0.133077934384346
8004,SA-Joint,nrmse,0.12131938338279724
8010,SA-Joint,nrmse,0.14930908381938934
8015,SA-Joint,nrmse,0.1234891340136528
8016,SA-Joint,nrmse,0.16676566004753113
8024,SA-Joint,nrmse,0.15707144141197205
8047,SA-Joint,nrmse,0.13552457094192505
8058,SA-Joint,nrmse,0.1789305955171585
8067,SA-Joint,nrmse,0.15610608458518982
8073,SA-Joint,nrmse,0.13662829995155334
8076,SA-Joint,nrmse,0.15111519396305084
8081,SA-Joint,nrmse,0.18738408386707306
8114,SA-Joint,nrmse,0.14300279319286346
8115,SA-Joint,nrmse,0.1410723775625229
8120,SA-Joint,nrmse,0.14262966811656952
8122,SA-Joint,nrmse,0.13307303190231323
8125,SA-Joint,nrmse,0.12207790464162827
8136,SA-Joint,nrmse,0.1313920021057129
8138,SA-Joint,nrmse,0.13527420163154602
8149,SA-Joint,nrmse,0.19439440965652466
8156,SA-Joint,nrmse,0.13448375463485718
8157,SA-Joint,nrmse,0.10252492874860764
8162,SA-Joint,nrmse,0.13858884572982788
8167,SA-Joint,nrmse,0.1260625272989273
8169,SA-Joint,nrmse,0.14578130841255188
8170,SA-Joint,nrmse,0.13976946473121643
8172,SA-Joint,nrmse,0.16225279867649078
8202,SA-Joint,nrmse,0.11374609172344208
8206,SA-Joint,nrmse,0.14830398559570312
8217,SA-Joint,nrmse,0.15040136873722076
8218,SA-Joint,nrmse,0.1243058443069458
8222,SA-Joint,nrmse,0.1349674016237259
8227,SA-Joint,nrmse,0.13974754512310028
8249,SA-Joint,nrmse,0.16734559834003448
8251,SA-Joint,nrmse,0.14621619880199432
8252,SA-Joint,nrmse,0.16655094921588898
8256,SA-Joint,nrmse,0.15586163103580475
8263,SA-Joint,nrmse,0.15573789179325104
5,SA-Joint,pearson,0.985966682434082
12,SA-Joint,pearson,0.9902430772781372
24,SA-Joint,pearson,0.9909480810165405
26,SA-Joint,pearson,0.989999532699585
30,SA-Joint,pearson,0.9865739345550537
35,SA-Joint,pearson,0.9754611849784851
39,SA-Joint,pearson,0.9898176193237305
41,SA-Joint,pearson,0.963009238243103
42,SA-Joint,pearson,0.9963266849517822
44,SA-Joint,pearson,0.9882914423942566
48,SA-Joint,pearson,0.9865301847457886
65,SA-Joint,pearson,0.9802867770195007
69,SA-Joint,pearson,0.9820555448532104
71,SA-Joint,pearson,0.9914442300796509
73,SA-Joint,pearson,0.9833711981773376
80,SA-Joint,pearson,0.9864095449447632
83,SA-Joint,pearson,0.9850983619689941
99,SA-Joint,pearson,0.9840049743652344
100,SA-Joint,pearson,0.981848418712616
110,SA-Joint,pearson,0.988755464553833
116,SA-Joint,pearson,0.9877750277519226
122,SA-Joint,pearson,0.9917880892753601
132,SA-Joint,pearson,0.9898900985717773
141,SA-Joint,pearson,0.9915207624435425
151,SA-Joint,pearson,0.9861804246902466
154,SA-Joint,pearson,0.9885455965995789
156,SA-Joint,pearson,0.979705810546875
157,SA-Joint,pearson,0.9805824160575867
159,SA-Joint,pearson,0.979228675365448
178,SA-Joint,pearson,0.9844724535942078
197,SA-Joint,pearson,0.9960989356040955
199,SA-Joint,pearson,0.9919445514678955
211,SA-Joint,pearson,0.9936733245849609
212,SA-Joint,pearson,0.9881030321121216
214,SA-Joint,pearson,0.9850829839706421
221,SA-Joint,pearson,0.9865123629570007
232,SA-Joint,pearson,0.9891257286071777
233,SA-Joint,pearson,0.9910527467727661
240,SA-Joint,pearson,0.9905649423599243
242,SA-Joint,pearson,0.989240288734436
243,SA-Joint,pearson,0.9942681789398193
244,SA-Joint,pearson,0.9907268285751343
260,SA-Joint,pearson,0.9810675382614136
273,SA-Joint,pearson,0.9911155700683594
275,SA-Joint,pearson,0.9769863486289978
276,SA-Joint,pearson,0.9904400706291199
283,SA-Joint,pearson,0.9867591261863708
297,SA-Joint,pearson,0.9799532890319824
303,SA-Joint,pearson,0.9941576719284058
310,SA-Joint,pearson,0.9897880554199219
318,SA-Joint,pearson,0.9844483733177185
319,SA-Joint,pearson,0.995235800743103
324,SA-Joint,pearson,0.9915089011192322
326,SA-Joint,pearson,0.9963931441307068
328,SA-Joint,pearson,0.992844820022583
330,SA-Joint,pearson,0.9918307662010193
333,SA-Joint,pearson,0.992153525352478
340,SA-Joint,pearson,0.9830695390701294
347,SA-Joint,pearson,0.9913522601127625
348,SA-Joint,pearson,0.9912986159324646
360,SA-Joint,pearson,0.9907021522521973
361,SA-Joint,pearson,0.9878330230712891
364,SA-Joint,pearson,0.9854561686515808
366,SA-Joint,pearson,0.9833506345748901
378,SA-Joint,pearson,0.9877440333366394
391,SA-Joint,pearson,0.9933457374572754
394,SA-Joint,pearson,0.9872574806213379
398,SA-Joint,pearson,0.9875491857528687
408,SA-Joint,pearson,0.9903769493103027
409,SA-Joint,pearson,0.9893588423728943
410,SA-Joint,pearson,0.9834496974945068
412,SA-Joint,pearson,0.9833123087882996
425,SA-Joint,pearson,0.9836265444755554
429,SA-Joint,pearson,0.9920217990875244
438,SA-Joint,pearson,0.9875909686088562
461,SA-Joint,pearson,0.9863091707229614
463,SA-Joint,pearson,0.9846529364585876
464,SA-Joint,pearson,0.9859933853149414
477,SA-Joint,pearson,0.9860455989837646
486,SA-Joint,pearson,0.991689920425415
491,SA-Joint,pearson,0.9784532785415649
495,SA-Joint,pearson,0.9791043996810913
516,SA-Joint,pearson,0.9889822006225586
521,SA-Joint,pearson,0.9842562675476074
531,SA-Joint,pearson,0.9897732734680176
533,SA-Joint,pearson,0.9923984408378601
537,SA-Joint,pearson,0.9897410273551941
542,SA-Joint,pearson,0.9809622764587402
543,SA-Joint,pearson,0.9882790446281433
548,SA-Joint,pearson,0.9951524138450623
554,SA-Joint,pearson,0.9813138246536255
565,SA-Joint,pearson,0.9889881014823914
570,SA-Joint,pearson,0.991124153137207
574,SA-Joint,pearson,0.9797977209091187
590,SA-Joint,pearson,0.991787314414978
610,SA-Joint,pearson,0.9882297515869141
613,SA-Joint,pearson,0.9918525218963623
634,SA-Joint,pearson,0.994367778301239
637,SA-Joint,pearson,0.9882994890213013
642,SA-Joint,pearson,0.9875089526176453
644,SA-Joint,pearson,0.9794601202011108
663,SA-Joint,pearson,0.98704594373703
670,SA-Joint,pearson,0.9863864779472351
676,SA-Joint,pearson,0.9902850985527039
680,SA-Joint,pearson,0.9872759580612183
686,SA-Joint,pearson,0.9865078330039978
695,SA-Joint,pearson,0.9912010431289673
707,SA-Joint,pearson,0.9922188520431519
711,SA-Joint,pearson,0.9931517839431763
712,SA-Joint,pearson,0.9835213422775269
713,SA-Joint,pearson,0.9895617365837097
717,SA-Joint,pearson,0.9786893129348755
721,SA-Joint,pearson,0.9798028469085693
738,SA-Joint,pearson,0.9870573282241821
748,SA-Joint,pearson,0.9944748282432556
752,SA-Joint,pearson,0.9888174533843994
760,SA-Joint,pearson,0.9791473150253296
763,SA-Joint,pearson,0.9881181716918945
770,SA-Joint,pearson,0.9862672090530396
776,SA-Joint,pearson,0.9820775389671326
778,SA-Joint,pearson,0.9897054433822632
782,SA-Joint,pearson,0.9863008260726929
787,SA-Joint,pearson,0.9901949167251587
793,SA-Joint,pearson,0.985815703868866
799,SA-Joint,pearson,0.9840806722640991
800,SA-Joint,pearson,0.9864369630813599
804,SA-Joint,pearson,0.9841732978820801
810,SA-Joint,pearson,0.9787954092025757
812,SA-Joint,pearson,0.9906260967254639
819,SA-Joint,pearson,0.9945827722549438
823,SA-Joint,pearson,0.9889503717422485
827,SA-Joint,pearson,0.9886854887008667
831,SA-Joint,pearson,0.9904135465621948
847,SA-Joint,pearson,0.9888598322868347
849,SA-Joint,pearson,0.9818055629730225
856,SA-Joint,pearson,0.9846445918083191
865,SA-Joint,pearson,0.9826054573059082
871,SA-Joint,pearson,0.9885942935943604
873,SA-Joint,pearson,0.984170138835907
880,SA-Joint,pearson,0.9880194664001465
884,SA-Joint,pearson,0.9884748458862305
887,SA-Joint,pearson,0.9893595576286316
893,SA-Joint,pearson,0.9843792915344238
906,SA-Joint,pearson,0.9839318990707397
909,SA-Joint,pearson,0.9920687079429626
910,SA-Joint,pearson,0.9882506132125854
913,SA-Joint,pearson,0.9894297122955322
916,SA-Joint,pearson,0.9852703809738159
927,SA-Joint,pearson,0.9931918978691101
930,SA-Joint,pearson,0.988743007183075
939,SA-Joint,pearson,0.9944626688957214
956,SA-Joint,pearson,0.9897749423980713
963,SA-Joint,pearson,0.9847245216369629
966,SA-Joint,pearson,0.9954954981803894
969,SA-Joint,pearson,0.9862475395202637
970,SA-Joint,pearson,0.9767197370529175
978,SA-Joint,pearson,0.9804439544677734
988,SA-Joint,pearson,0.9857787489891052
989,SA-Joint,pearson,0.9902840852737427
992,SA-Joint,pearson,0.9795006513595581
995,SA-Joint,pearson,0.9885743856430054
1004,SA-Joint,pearson,0.9807271361351013
1008,SA-Joint,pearson,0.9857718348503113
1011,SA-Joint,pearson,0.9845248460769653
1013,SA-Joint,pearson,0.9911212921142578
1018,SA-Joint,pearson,0.9855382442474365
1022,SA-Joint,pearson,0.988057553768158
1045,SA-Joint,pearson,0.9854010343551636
1049,SA-Joint,pearson,0.9882375001907349
1051,SA-Joint,pearson,0.9844025373458862
1061,SA-Joint,pearson,0.9856259822845459
1063,SA-Joint,pearson,0.9872990846633911
1068,SA-Joint,pearson,0.9757083654403687
1076,SA-Joint,pearson,0.9906994700431824
1079,SA-Joint,pearson,0.9817292094230652
1084,SA-Joint,pearson,0.9809081554412842
1089,SA-Joint,pearson,0.9863356947898865
1090,SA-Joint,pearson,0.9845074415206909
1099,SA-Joint,pearson,0.9855407476425171
1114,SA-Joint,pearson,0.9896120429039001
1120,SA-Joint,pearson,0.9826633334159851
1121,SA-Joint,pearson,0.9843859076499939
1134,SA-Joint,pearson,0.9843013286590576
1177,SA-Joint,pearson,0.9891027212142944
1178,SA-Joint,pearson,0.9917194247245789
1183,SA-Joint,pearson,0.992851972579956
1193,SA-Joint,pearson,0.9868247509002686
1204,SA-Joint,pearson,0.983418881893158
1208,SA-Joint,pearson,0.9869054555892944
1213,SA-Joint,pearson,0.978937566280365
1231,SA-Joint,pearson,0.9877405166625977
1232,SA-Joint,pearson,0.9863249063491821
1233,SA-Joint,pearson,0.9850715398788452
1238,SA-Joint,pearson,0.9911048412322998
1240,SA-Joint,pearson,0.9864279627799988
1243,SA-Joint,pearson,0.9896568655967712
1260,SA-Joint,pearson,0.9887470006942749
1267,SA-Joint,pearson,0.983967661857605
1268,SA-Joint,pearson,0.9894680976867676
1274,SA-Joint,pearson,0.9808343648910522
1281,SA-Joint,pearson,0.9957923889160156
1297,SA-Joint,pearson,0.9943087100982666
1307,SA-Joint,pearson,0.9883444309234619
1313,SA-Joint,pearson,0.9937056303024292
1330,SA-Joint,pearson,0.993086040019989
1334,SA-Joint,pearson,0.9823131561279297
1346,SA-Joint,pearson,0.9916495084762573
1348,SA-Joint,pearson,0.9747158288955688
1355,SA-Joint,pearson,0.9917259216308594
1363,SA-Joint,pearson,0.9916257858276367
1366,SA-Joint,pearson,0.9907495975494385
1391,SA-Joint,pearson,0.982164740562439
1400,SA-Joint,pearson,0.9936825037002563
1411,SA-Joint,pearson,0.9836742281913757
1413,SA-Joint,pearson,0.9884790778160095
1422,SA-Joint,pearson,0.9921919107437134
1425,SA-Joint,pearson,0.9902031421661377
1434,SA-Joint,pearson,0.9899576902389526
1441,SA-Joint,pearson,0.9723979234695435
1447,SA-Joint,pearson,0.9950606822967529
1458,SA-Joint,pearson,0.9862707853317261
1471,SA-Joint,pearson,0.9898978471755981
1481,SA-Joint,pearson,0.9889511466026306
1499,SA-Joint,pearson,0.9899256229400635
1506,SA-Joint,pearson,0.9761829376220703
1511,SA-Joint,pearson,0.9803192019462585
1512,SA-Joint,pearson,0.985535740852356
1515,SA-Joint,pearson,0.9932831525802612
1522,SA-Joint,pearson,0.9878796339035034
1525,SA-Joint,pearson,0.9861594438552856
1536,SA-Joint,pearson,0.989436149597168
1541,SA-Joint,pearson,0.9782917499542236
1543,SA-Joint,pearson,0.9862892031669617
1546,SA-Joint,pearson,0.9874588251113892
1551,SA-Joint,pearson,0.9858081340789795
1553,SA-Joint,pearson,0.9858065843582153
1559,SA-Joint,pearson,0.9819613695144653
1562,SA-Joint,pearson,0.9926681518554688
1563,SA-Joint,pearson,0.9825749397277832
1581,SA-Joint,pearson,0.9864856600761414
1613,SA-Joint,pearson,0.9899949431419373
1619,SA-Joint,pearson,0.9917373061180115
1622,SA-Joint,pearson,0.984224259853363
1624,SA-Joint,pearson,0.9916753768920898
1634,SA-Joint,pearson,0.9918254613876343
1644,SA-Joint,pearson,0.989363431930542
1645,SA-Joint,pearson,0.9892982840538025
1663,SA-Joint,pearson,0.9900708198547363
1673,SA-Joint,pearson,0.9945377111434937
1684,SA-Joint,pearson,0.9860299825668335
1685,SA-Joint,pearson,0.9938491582870483
1694,SA-Joint,pearson,0.9862815737724304
1697,SA-Joint,pearson,0.9932495951652527
1698,SA-Joint,pearson,0.992932915687561
1700,SA-Joint,pearson,0.9891747832298279
1715,SA-Joint,pearson,0.9882099628448486
1721,SA-Joint,pearson,0.9952923655509949
1724,SA-Joint,pearson,0.9923669695854187
1727,SA-Joint,pearson,0.9920997619628906
1729,SA-Joint,pearson,0.9836300611495972
1741,SA-Joint,pearson,0.9813421964645386
1760,SA-Joint,pearson,0.9915684461593628
1761,SA-Joint,pearson,0.9859821796417236
1763,SA-Joint,pearson,0.9825016856193542
1765,SA-Joint,pearson,0.9821643829345703
1773,SA-Joint,pearson,0.9911998510360718
1782,SA-Joint,pearson,0.9970120787620544
1784,SA-Joint,pearson,0.9861575961112976
1791,SA-Joint,pearson,0.9926356673240662
1798,SA-Joint,pearson,0.9865300059318542
1804,SA-Joint,pearson,0.9822888374328613
1812,SA-Joint,pearson,0.9899036884307861
1814,SA-Joint,pearson,0.9852249026298523
1819,SA-Joint,pearson,0.987552285194397
1824,SA-Joint,pearson,0.988055408000946
1831,SA-Joint,pearson,0.9869385957717896
1833,SA-Joint,pearson,0.9856139421463013
1841,SA-Joint,pearson,0.9811295866966248
1843,SA-Joint,pearson,0.9806588888168335
1868,SA-Joint,pearson,0.9802355766296387
1871,SA-Joint,pearson,0.9874675273895264
1881,SA-Joint,pearson,0.976608157157898
1882,SA-Joint,pearson,0.9938366413116455
1888,SA-Joint,pearson,0.9876686334609985
1911,SA-Joint,pearson,0.974589467048645
1919,SA-Joint,pearson,0.9930536150932312
1935,SA-Joint,pearson,0.9838573336601257
1942,SA-Joint,pearson,0.9900201559066772
1943,SA-Joint,pearson,0.9881953001022339
1963,SA-Joint,pearson,0.9845117330551147
1968,SA-Joint,pearson,0.9861354827880859
1985,SA-Joint,pearson,0.9809994697570801
1999,SA-Joint,pearson,0.9780749678611755
2000,SA-Joint,pearson,0.9730619192123413
2002,SA-Joint,pearson,0.9863409399986267
2003,SA-Joint,pearson,0.9902984499931335
2015,SA-Joint,pearson,0.9916661977767944
2020,SA-Joint,pearson,0.9878286123275757
2021,SA-Joint,pearson,0.9878742098808289
2026,SA-Joint,pearson,0.9840072393417358
2028,SA-Joint,pearson,0.9897874593734741
2034,SA-Joint,pearson,0.9862462878227234
2038,SA-Joint,pearson,0.9889529943466187
2060,SA-Joint,pearson,0.9842893481254578
2075,SA-Joint,pearson,0.9839422106742859
2078,SA-Joint,pearson,0.9842711687088013
2081,SA-Joint,pearson,0.9955055117607117
2095,SA-Joint,pearson,0.987872838973999
2096,SA-Joint,pearson,0.9906923770904541
2102,SA-Joint,pearson,0.9864428043365479
2107,SA-Joint,pearson,0.9879775047302246
2109,SA-Joint,pearson,0.9884500503540039
2111,SA-Joint,pearson,0.9844279289245605
2112,SA-Joint,pearson,0.9809646606445312
2118,SA-Joint,pearson,0.987102210521698
2122,SA-Joint,pearson,0.9869546890258789
2123,SA-Joint,pearson,0.9914965629577637
2128,SA-Joint,pearson,0.9859602451324463
2140,SA-Joint,pearson,0.9914266467094421
2148,SA-Joint,pearson,0.991987407207489
2149,SA-Joint,pearson,0.9859721064567566
2151,SA-Joint,pearson,0.9839940071105957
2152,SA-Joint,pearson,0.9926525950431824
2166,SA-Joint,pearson,0.9833230972290039
2168,SA-Joint,pearson,0.9887077808380127
2176,SA-Joint,pearson,0.9887685775756836
2178,SA-Joint,pearson,0.9857244491577148
2183,SA-Joint,pearson,0.9898831248283386
2195,SA-Joint,pearson,0.9832512736320496
2200,SA-Joint,pearson,0.9770334959030151
2204,SA-Joint,pearson,0.9877063632011414
2205,SA-Joint,pearson,0.9857492446899414
2206,SA-Joint,pearson,0.9847586154937744
2211,SA-Joint,pearson,0.9893612861633301
2218,SA-Joint,pearson,0.9897863864898682
2221,SA-Joint,pearson,0.9867000579833984
2224,SA-Joint,pearson,0.978928804397583
2227,SA-Joint,pearson,0.9886722564697266
2231,SA-Joint,pearson,0.9801415205001831
2236,SA-Joint,pearson,0.9891230463981628
2238,SA-Joint,pearson,0.9808388948440552
2242,SA-Joint,pearson,0.9747964143753052
2246,SA-Joint,pearson,0.98553866147995
2269,SA-Joint,pearson,0.9849697947502136
2278,SA-Joint,pearson,0.9909635782241821
2279,SA-Joint,pearson,0.9881157279014587
2305,SA-Joint,pearson,0.9867602586746216
2315,SA-Joint,pearson,0.9916162490844727
2316,SA-Joint,pearson,0.9750874042510986
2331,SA-Joint,pearson,0.9867896437644958
2332,SA-Joint,pearson,0.9867162704467773
2334,SA-Joint,pearson,0.9894766807556152
2336,SA-Joint,pearson,0.9832620620727539
2342,SA-Joint,pearson,0.9886926412582397
2344,SA-Joint,pearson,0.9941913485527039
2345,SA-Joint,pearson,0.9900082349777222
2350,SA-Joint,pearson,0.9854618310928345
2358,SA-Joint,pearson,0.9877996444702148
2378,SA-Joint,pearson,0.9965896606445312
2388,SA-Joint,pearson,0.9869074821472168
2390,SA-Joint,pearson,0.9864387512207031
2396,SA-Joint,pearson,0.990536093711853
2415,SA-Joint,pearson,0.9777977466583252
2417,SA-Joint,pearson,0.9900814294815063
2427,SA-Joint,pearson,0.9933055639266968
2428,SA-Joint,pearson,0.9876639246940613
2442,SA-Joint,pearson,0.9900788068771362
2448,SA-Joint,pearson,0.9947972297668457
2459,SA-Joint,pearson,0.991904616355896
2460,SA-Joint,pearson,0.9911712408065796
2482,SA-Joint,pearson,0.9922418594360352
2483,SA-Joint,pearson,0.9949820041656494
2501,SA-Joint,pearson,0.9794780611991882
2512,SA-Joint,pearson,0.9904986619949341
2514,SA-Joint,pearson,0.9870229959487915
2520,SA-Joint,pearson,0.9842304587364197
2536,SA-Joint,pearson,0.9824354648590088
2543,SA-Joint,pearson,0.9876133799552917
2554,SA-Joint,pearson,0.9878928065299988
2598,SA-Joint,pearson,0.9885837435722351
2602,SA-Joint,pearson,0.9849762320518494
2604,SA-Joint,pearson,0.9798165559768677
2609,SA-Joint,pearson,0.9706675410270691
2611,SA-Joint,pearson,0.9836387634277344
2616,SA-Joint,pearson,0.9898121356964111
2618,SA-Joint,pearson,0.9838578701019287
2630,SA-Joint,pearson,0.9931377172470093
2647,SA-Joint,pearson,0.9794482588768005
2652,SA-Joint,pearson,0.984244704246521
2653,SA-Joint,pearson,0.9871789216995239
2660,SA-Joint,pearson,0.9763516187667847
2673,SA-Joint,pearson,0.9930232763290405
2682,SA-Joint,pearson,0.9920827746391296
2687,SA-Joint,pearson,0.9922165274620056
2700,SA-Joint,pearson,0.9880642890930176
2702,SA-Joint,pearson,0.9871096014976501
2711,SA-Joint,pearson,0.9877622127532959
2725,SA-Joint,pearson,0.9846171140670776
2726,SA-Joint,pearson,0.9886603355407715
2727,SA-Joint,pearson,0.9890761375427246
2732,SA-Joint,pearson,0.9860347509384155
2742,SA-Joint,pearson,0.9882547855377197
2744,SA-Joint,pearson,0.9892331957817078
2745,SA-Joint,pearson,0.987139105796814
2751,SA-Joint,pearson,0.9807809591293335
2775,SA-Joint,pearson,0.9848886728286743
2782,SA-Joint,pearson,0.9925300478935242
2783,SA-Joint,pearson,0.9857535362243652
2787,SA-Joint,pearson,0.9874502420425415
2788,SA-Joint,pearson,0.9908429980278015
2792,SA-Joint,pearson,0.9883623123168945
2810,SA-Joint,pearson,0.9867805242538452
2813,SA-Joint,pearson,0.9857559204101562
2816,SA-Joint,pearson,0.9853779673576355
2817,SA-Joint,pearson,0.9851475954055786
2819,SA-Joint,pearson,0.9934917688369751
2841,SA-Joint,pearson,0.9807677268981934
2846,SA-Joint,pearson,0.9906284213066101
2851,SA-Joint,pearson,0.987921953201294
2855,SA-Joint,pearson,0.9784331321716309
2864,SA-Joint,pearson,0.9905133247375488
2875,SA-Joint,pearson,0.9812314510345459
2886,SA-Joint,pearson,0.9852973818778992
2897,SA-Joint,pearson,0.9920084476470947
2911,SA-Joint,pearson,0.9855107069015503
2915,SA-Joint,pearson,0.9916273951530457
2929,SA-Joint,pearson,0.9892005324363708
2938,SA-Joint,pearson,0.9910499453544617
2945,SA-Joint,pearson,0.9794942736625671
2959,SA-Joint,pearson,0.9874221682548523
2966,SA-Joint,pearson,0.9882284998893738
2971,SA-Joint,pearson,0.9885866045951843
2973,SA-Joint,pearson,0.9896645545959473
2975,SA-Joint,pearson,0.9820463061332703
2976,SA-Joint,pearson,0.989972710609436
2986,SA-Joint,pearson,0.989651083946228
3010,SA-Joint,pearson,0.9848881959915161
3020,SA-Joint,pearson,0.9859912395477295
3027,SA-Joint,pearson,0.9906907081604004
3032,SA-Joint,pearson,0.9829353094100952
3039,SA-Joint,pearson,0.9864104986190796
3048,SA-Joint,pearson,0.9887410402297974
3049,SA-Joint,pearson,0.9893205165863037
3056,SA-Joint,pearson,0.9846600890159607
3062,SA-Joint,pearson,0.9925903677940369
3065,SA-Joint,pearson,0.9841055870056152
3068,SA-Joint,pearson,0.9910376071929932
3071,SA-Joint,pearson,0.9795646071434021
3072,SA-Joint,pearson,0.990204930305481
3073,SA-Joint,pearson,0.9822286367416382
3074,SA-Joint,pearson,0.9836591482162476
3085,SA-Joint,pearson,0.9865431189537048
3086,SA-Joint,pearson,0.9867362976074219
3089,SA-Joint,pearson,0.9841062426567078
3095,SA-Joint,pearson,0.9823164939880371
3105,SA-Joint,pearson,0.9859418869018555
3107,SA-Joint,pearson,0.988332986831665
3111,SA-Joint,pearson,0.9896017909049988
3118,SA-Joint,pearson,0.9874131083488464
3126,SA-Joint,pearson,0.988005518913269
3132,SA-Joint,pearson,0.9859878420829773
3134,SA-Joint,pearson,0.9883667230606079
3142,SA-Joint,pearson,0.9954402446746826
3149,SA-Joint,pearson,0.9856104850769043
3151,SA-Joint,pearson,0.9902984499931335
3152,SA-Joint,pearson,0.9799137115478516
3165,SA-Joint,pearson,0.9907292127609253
3167,SA-Joint,pearson,0.984408974647522
3168,SA-Joint,pearson,0.987429141998291
3178,SA-Joint,pearson,0.9861336946487427
3183,SA-Joint,pearson,0.9849216938018799
3185,SA-Joint,pearson,0.9919766783714294
3217,SA-Joint,pearson,0.985238254070282
3219,SA-Joint,pearson,0.9785997867584229
3222,SA-Joint,pearson,0.9805150032043457
3225,SA-Joint,pearson,0.9915511012077332
3236,SA-Joint,pearson,0.9825049638748169
3240,SA-Joint,pearson,0.9871538877487183
3242,SA-Joint,pearson,0.9910153746604919
3243,SA-Joint,pearson,0.9831539392471313
3250,SA-Joint,pearson,0.9894143342971802
3253,SA-Joint,pearson,0.9850859045982361
3276,SA-Joint,pearson,0.9908004999160767
3280,SA-Joint,pearson,0.9862920641899109
3289,SA-Joint,pearson,0.9861037731170654
3297,SA-Joint,pearson,0.9914016723632812
3313,SA-Joint,pearson,0.9727063179016113
3317,SA-Joint,pearson,0.9869319200515747
3328,SA-Joint,pearson,0.9823889136314392
3333,SA-Joint,pearson,0.9929629564285278
3341,SA-Joint,pearson,0.9711800813674927
3342,SA-Joint,pearson,0.9872998595237732
3345,SA-Joint,pearson,0.9869048595428467
3363,SA-Joint,pearson,0.991216778755188
3367,SA-Joint,pearson,0.992816686630249
3381,SA-Joint,pearson,0.9886953234672546
3395,SA-Joint,pearson,0.9820999503135681
3397,SA-Joint,pearson,0.9872665405273438
3402,SA-Joint,pearson,0.9786150455474854
3403,SA-Joint,pearson,0.9897594451904297
3404,SA-Joint,pearson,0.9896547198295593
3427,SA-Joint,pearson,0.9933652281761169
3436,SA-Joint,pearson,0.9806994795799255
3443,SA-Joint,pearson,0.9810652732849121
3461,SA-Joint,pearson,0.9875075221061707
3462,SA-Joint,pearson,0.9827396273612976
3465,SA-Joint,pearson,0.9855286478996277
3487,SA-Joint,pearson,0.9957542419433594
3495,SA-Joint,pearson,0.9926726222038269
3509,SA-Joint,pearson,0.9926773309707642
3510,SA-Joint,pearson,0.9825825691223145
3511,SA-Joint,pearson,0.9788259267807007
3512,SA-Joint,pearson,0.9908608794212341
3516,SA-Joint,pearson,0.9780722856521606
3527,SA-Joint,pearson,0.9874343872070312
3543,SA-Joint,pearson,0.9935500025749207
3551,SA-Joint,pearson,0.9896292686462402
3554,SA-Joint,pearson,0.9883651733398438
3557,SA-Joint,pearson,0.9931718707084656
3559,SA-Joint,pearson,0.9912242293357849
3561,SA-Joint,pearson,0.9934698939323425
3567,SA-Joint,pearson,0.990280270576477
3580,SA-Joint,pearson,0.9938008189201355
3592,SA-Joint,pearson,0.9861470460891724
3594,SA-Joint,pearson,0.9881561994552612
3597,SA-Joint,pearson,0.9846451282501221
3598,SA-Joint,pearson,0.9682580828666687
3610,SA-Joint,pearson,0.9847402572631836
3612,SA-Joint,pearson,0.9831669330596924
3625,SA-Joint,pearson,0.9904803037643433
3634,SA-Joint,pearson,0.9928098917007446
3636,SA-Joint,pearson,0.9878729581832886
3644,SA-Joint,pearson,0.985944926738739
3646,SA-Joint,pearson,0.9923925399780273
3647,SA-Joint,pearson,0.9915127158164978
3668,SA-Joint,pearson,0.9901288747787476
3674,SA-Joint,pearson,0.9841405749320984
3676,SA-Joint,pearson,0.9776954650878906
3694,SA-Joint,pearson,0.9831092357635498
3701,SA-Joint,pearson,0.981137752532959
3712,SA-Joint,pearson,0.9871634244918823
3714,SA-Joint,pearson,0.9908275008201599
3719,SA-Joint,pearson,0.9844826459884644
3721,SA-Joint,pearson,0.9787261486053467
3723,SA-Joint,pearson,0.9834336042404175
3725,SA-Joint,pearson,0.9939707517623901
3728,SA-Joint,pearson,0.9903859496116638
3730,SA-Joint,pearson,0.9912469387054443
3739,SA-Joint,pearson,0.9878376722335815
3741,SA-Joint,pearson,0.9885721206665039
3745,SA-Joint,pearson,0.9890596270561218
3746,SA-Joint,pearson,0.9912928342819214
3754,SA-Joint,pearson,0.9851868152618408
3758,SA-Joint,pearson,0.9917046427726746
3759,SA-Joint,pearson,0.9874204993247986
3779,SA-Joint,pearson,0.9927117228507996
3791,SA-Joint,pearson,0.9921828508377075
3792,SA-Joint,pearson,0.9910365343093872
3794,SA-Joint,pearson,0.9900031089782715
3803,SA-Joint,pearson,0.9951049089431763
3804,SA-Joint,pearson,0.9878820180892944
3807,SA-Joint,pearson,0.978508710861206
3809,SA-Joint,pearson,0.9915101528167725
3812,SA-Joint,pearson,0.9847881197929382
3813,SA-Joint,pearson,0.9807292819023132
3815,SA-Joint,pearson,0.9864386320114136
3823,SA-Joint,pearson,0.9819309115409851
3824,SA-Joint,pearson,0.9943210482597351
3827,SA-Joint,pearson,0.9892694354057312
3830,SA-Joint,pearson,0.9891117811203003
3834,SA-Joint,pearson,0.9838358163833618
3838,SA-Joint,pearson,0.9883241057395935
3845,SA-Joint,pearson,0.9782264232635498
3846,SA-Joint,pearson,0.9682472944259644
3849,SA-Joint,pearson,0.9824427366256714
3850,SA-Joint,pearson,0.9851702451705933
3859,SA-Joint,pearson,0.9888479113578796
3883,SA-Joint,pearson,0.9808430671691895
3886,SA-Joint,pearson,0.9799672961235046
3887,SA-Joint,pearson,0.9877203702926636
3892,SA-Joint,pearson,0.9941188097000122
3894,SA-Joint,pearson,0.9898428916931152
3897,SA-Joint,pearson,0.9786471724510193
3917,SA-Joint,pearson,0.9950193166732788
3927,SA-Joint,pearson,0.9874231219291687
3928,SA-Joint,pearson,0.9846035242080688
3933,SA-Joint,pearson,0.9859070777893066
3937,SA-Joint,pearson,0.9882702827453613
3938,SA-Joint,pearson,0.9865654706954956
3951,SA-Joint,pearson,0.9777771234512329
3969,SA-Joint,pearson,0.987301766872406
3972,SA-Joint,pearson,0.9895150661468506
3978,SA-Joint,pearson,0.9885869026184082
3982,SA-Joint,pearson,0.9897253513336182
4000,SA-Joint,pearson,0.9838651418685913
4001,SA-Joint,pearson,0.9880791902542114
4006,SA-Joint,pearson,0.9869811534881592
4010,SA-Joint,pearson,0.9876116514205933
4018,SA-Joint,pearson,0.9905132055282593
4020,SA-Joint,pearson,0.9902139902114868
4023,SA-Joint,pearson,0.9916856288909912
4028,SA-Joint,pearson,0.9901403188705444
4035,SA-Joint,pearson,0.9799060225486755
4038,SA-Joint,pearson,0.9953808188438416
4039,SA-Joint,pearson,0.9847925901412964
4047,SA-Joint,pearson,0.9837665557861328
4050,SA-Joint,pearson,0.9904000163078308
4052,SA-Joint,pearson,0.9941108226776123
4055,SA-Joint,pearson,0.9888033866882324
4069,SA-Joint,pearson,0.972339391708374
4073,SA-Joint,pearson,0.9846854209899902
4078,SA-Joint,pearson,0.9902545809745789
4079,SA-Joint,pearson,0.9882132411003113
4080,SA-Joint,pearson,0.9852588176727295
4091,SA-Joint,pearson,0.9896742701530457
4096,SA-Joint,pearson,0.9898063540458679
4098,SA-Joint,pearson,0.9858359694480896
4121,SA-Joint,pearson,0.9849629402160645
4134,SA-Joint,pearson,0.9834657907485962
4135,SA-Joint,pearson,0.9870523810386658
4137,SA-Joint,pearson,0.9909210205078125
4145,SA-Joint,pearson,0.9922565817832947
4149,SA-Joint,pearson,0.9870513677597046
4153,SA-Joint,pearson,0.9879261255264282
4181,SA-Joint,pearson,0.9830121994018555
4188,SA-Joint,pearson,0.9772037267684937
4196,SA-Joint,pearson,0.979350745677948
4204,SA-Joint,pearson,0.986607015132904
4209,SA-Joint,pearson,0.9778456091880798
4211,SA-Joint,pearson,0.9853584170341492
4212,SA-Joint,pearson,0.9829686880111694
4218,SA-Joint,pearson,0.9837236404418945
4228,SA-Joint,pearson,0.9856817126274109
4229,SA-Joint,pearson,0.9828566312789917
4250,SA-Joint,pearson,0.9790250658988953
4254,SA-Joint,pearson,0.9903408885002136
4261,SA-Joint,pearson,0.9908162355422974
4264,SA-Joint,pearson,0.9855228662490845
4265,SA-Joint,pearson,0.9892666339874268
4284,SA-Joint,pearson,0.9899008274078369
4294,SA-Joint,pearson,0.9858506917953491
4296,SA-Joint,pearson,0.9850249290466309
4306,SA-Joint,pearson,0.9876188039779663
4321,SA-Joint,pearson,0.9915130138397217
4327,SA-Joint,pearson,0.9809097051620483
4331,SA-Joint,pearson,0.9849977493286133
4334,SA-Joint,pearson,0.9895340800285339
4339,SA-Joint,pearson,0.9931354522705078
4340,SA-Joint,pearson,0.984886109828949
4344,SA-Joint,pearson,0.9872689247131348
4349,SA-Joint,pearson,0.9808570146560669
4361,SA-Joint,pearson,0.9812073707580566
4370,SA-Joint,pearson,0.9905624389648438
4371,SA-Joint,pearson,0.9926504492759705
4376,SA-Joint,pearson,0.9820655584335327
4390,SA-Joint,pearson,0.988322377204895
4403,SA-Joint,pearson,0.9907898306846619
4408,SA-Joint,pearson,0.9903087615966797
4412,SA-Joint,pearson,0.9904550313949585
4419,SA-Joint,pearson,0.9930822253227234
4433,SA-Joint,pearson,0.980823278427124
4437,SA-Joint,pearson,0.9907302856445312
4446,SA-Joint,pearson,0.9895228147506714
4450,SA-Joint,pearson,0.9828779101371765
4460,SA-Joint,pearson,0.9866995811462402
4464,SA-Joint,pearson,0.9856147170066833
4466,SA-Joint,pearson,0.9856405258178711
4474,SA-Joint,pearson,0.9794434905052185
4491,SA-Joint,pearson,0.9906927347183228
4499,SA-Joint,pearson,0.9841739535331726
4527,SA-Joint,pearson,0.9917894601821899
4535,SA-Joint,pearson,0.9833407402038574
4542,SA-Joint,pearson,0.9910956621170044
4544,SA-Joint,pearson,0.9943069219589233
4547,SA-Joint,pearson,0.9909459352493286
4554,SA-Joint,pearson,0.9848198294639587
4555,SA-Joint,pearson,0.9788176417350769
4561,SA-Joint,pearson,0.9919976592063904
4566,SA-Joint,pearson,0.9903347492218018
4568,SA-Joint,pearson,0.9813699722290039
4586,SA-Joint,pearson,0.9826971888542175
4589,SA-Joint,pearson,0.989937961101532
4590,SA-Joint,pearson,0.9898392558097839
4597,SA-Joint,pearson,0.986541211605072
4602,SA-Joint,pearson,0.9812182188034058
4613,SA-Joint,pearson,0.9802328944206238
4614,SA-Joint,pearson,0.9908056259155273
4619,SA-Joint,pearson,0.9924959540367126
4627,SA-Joint,pearson,0.9882706999778748
4629,SA-Joint,pearson,0.9881209135055542
4633,SA-Joint,pearson,0.9915644526481628
4635,SA-Joint,pearson,0.987452507019043
4650,SA-Joint,pearson,0.9838075637817383
4656,SA-Joint,pearson,0.9841775298118591
4677,SA-Joint,pearson,0.9937571287155151
4682,SA-Joint,pearson,0.993492066860199
4685,SA-Joint,pearson,0.9956280589103699
4691,SA-Joint,pearson,0.9826282858848572
4703,SA-Joint,pearson,0.987273097038269
4712,SA-Joint,pearson,0.9948650598526001
4716,SA-Joint,pearson,0.9956085681915283
4725,SA-Joint,pearson,0.9880459308624268
4727,SA-Joint,pearson,0.9820134043693542
4734,SA-Joint,pearson,0.9840060472488403
4750,SA-Joint,pearson,0.9889854192733765
4751,SA-Joint,pearson,0.9913093447685242
4752,SA-Joint,pearson,0.9846205711364746
4753,SA-Joint,pearson,0.9923449754714966
4760,SA-Joint,pearson,0.9837130904197693
4761,SA-Joint,pearson,0.9861710071563721
4770,SA-Joint,pearson,0.9922484159469604
4774,SA-Joint,pearson,0.9915596842765808
4777,SA-Joint,pearson,0.9816064238548279
4791,SA-Joint,pearson,0.9858274459838867
4793,SA-Joint,pearson,0.991424560546875
4796,SA-Joint,pearson,0.9898373484611511
4801,SA-Joint,pearson,0.985702395439148
4809,SA-Joint,pearson,0.9897271990776062
4811,SA-Joint,pearson,0.9818425178527832
4813,SA-Joint,pearson,0.9923169016838074
4821,SA-Joint,pearson,0.9876687526702881
4828,SA-Joint,pearson,0.9938056468963623
4839,SA-Joint,pearson,0.993247389793396
4842,SA-Joint,pearson,0.9787747263908386
4851,SA-Joint,pearson,0.9925799369812012
4854,SA-Joint,pearson,0.9898466467857361
4859,SA-Joint,pearson,0.9925757646560669
4862,SA-Joint,pearson,0.9870564341545105
4866,SA-Joint,pearson,0.9828783273696899
4881,SA-Joint,pearson,0.9843379855155945
4901,SA-Joint,pearson,0.986626148223877
4905,SA-Joint,pearson,0.9834932684898376
4907,SA-Joint,pearson,0.9844774603843689
4911,SA-Joint,pearson,0.9851938486099243
4923,SA-Joint,pearson,0.9870932102203369
4926,SA-Joint,pearson,0.9894489645957947
4936,SA-Joint,pearson,0.9870262145996094
4937,SA-Joint,pearson,0.992647647857666
4939,SA-Joint,pearson,0.9781152606010437
4943,SA-Joint,pearson,0.9797756671905518
4973,SA-Joint,pearson,0.9906541109085083
4975,SA-Joint,pearson,0.9948049783706665
4980,SA-Joint,pearson,0.9839443564414978
4987,SA-Joint,pearson,0.9752547144889832
4995,SA-Joint,pearson,0.9814812541007996
4997,SA-Joint,pearson,0.9890548586845398
5010,SA-Joint,pearson,0.985744833946228
5013,SA-Joint,pearson,0.9895302057266235
5017,SA-Joint,pearson,0.9961866140365601
5025,SA-Joint,pearson,0.9792850017547607
5028,SA-Joint,pearson,0.985388457775116
5039,SA-Joint,pearson,0.9843802452087402
5041,SA-Joint,pearson,0.9915663003921509
5053,SA-Joint,pearson,0.9919571876525879
5058,SA-Joint,pearson,0.9932624697685242
5064,SA-Joint,pearson,0.9916765689849854
5069,SA-Joint,pearson,0.9899324178695679
5073,SA-Joint,pearson,0.9892908930778503
5084,SA-Joint,pearson,0.9791125059127808
5096,SA-Joint,pearson,0.9909886717796326
5099,SA-Joint,pearson,0.98749840259552
5101,SA-Joint,pearson,0.9862286448478699
5103,SA-Joint,pearson,0.9871433973312378
5105,SA-Joint,pearson,0.9798580408096313
5106,SA-Joint,pearson,0.9886131286621094
5120,SA-Joint,pearson,0.9826295375823975
5125,SA-Joint,pearson,0.9786210060119629
5139,SA-Joint,pearson,0.9893087148666382
5151,SA-Joint,pearson,0.9828130602836609
5154,SA-Joint,pearson,0.9848825931549072
5160,SA-Joint,pearson,0.9861868619918823
5162,SA-Joint,pearson,0.9884196519851685
5182,SA-Joint,pearson,0.9805609583854675
5183,SA-Joint,pearson,0.9912607073783875
5190,SA-Joint,pearson,0.9923741221427917
5199,SA-Joint,pearson,0.9887746572494507
5216,SA-Joint,pearson,0.9886695146560669
5220,SA-Joint,pearson,0.9865709543228149
5221,SA-Joint,pearson,0.9929720759391785
5227,SA-Joint,pearson,0.9960500597953796
5234,SA-Joint,pearson,0.9886120557785034
5235,SA-Joint,pearson,0.9897419810295105
5250,SA-Joint,pearson,0.9881798624992371
5254,SA-Joint,pearson,0.9954509735107422
5259,SA-Joint,pearson,0.9887570142745972
5263,SA-Joint,pearson,0.9923221468925476
5265,SA-Joint,pearson,0.9246371984481812
5268,SA-Joint,pearson,0.9932553172111511
5275,SA-Joint,pearson,0.9927600622177124
5281,SA-Joint,pearson,0.9836553335189819
5290,SA-Joint,pearson,0.9898883700370789
5293,SA-Joint,pearson,0.9832689166069031
5302,SA-Joint,pearson,0.9734007716178894
5313,SA-Joint,pearson,0.9896780848503113
5336,SA-Joint,pearson,0.985608696937561
5337,SA-Joint,pearson,0.9909874200820923
5347,SA-Joint,pearson,0.9766985177993774
5357,SA-Joint,pearson,0.9911648035049438
5360,SA-Joint,pearson,0.963170051574707
5362,SA-Joint,pearson,0.9938278198242188
5370,SA-Joint,pearson,0.9739840030670166
5372,SA-Joint,pearson,0.9811599254608154
5378,SA-Joint,pearson,0.979865550994873
5383,SA-Joint,pearson,0.982058048248291
5400,SA-Joint,pearson,0.9819296598434448
5408,SA-Joint,pearson,0.9909783601760864
5413,SA-Joint,pearson,0.9928735494613647
5415,SA-Joint,pearson,0.9867349863052368
5417,SA-Joint,pearson,0.9889872074127197
5425,SA-Joint,pearson,0.981825590133667
5435,SA-Joint,pearson,0.9867486357688904
5437,SA-Joint,pearson,0.9808511137962341
5443,SA-Joint,pearson,0.9838525652885437
5450,SA-Joint,pearson,0.9834603071212769
5452,SA-Joint,pearson,0.9865814447402954
5456,SA-Joint,pearson,0.9886564016342163
5459,SA-Joint,pearson,0.9901537895202637
5479,SA-Joint,pearson,0.9737045764923096
5485,SA-Joint,pearson,0.9862579703330994
5493,SA-Joint,pearson,0.9865760207176208
5496,SA-Joint,pearson,0.9909247159957886
5497,SA-Joint,pearson,0.9824212789535522
5519,SA-Joint,pearson,0.993119478225708
5521,SA-Joint,pearson,0.9850202798843384
5522,SA-Joint,pearson,0.9878324270248413
5532,SA-Joint,pearson,0.9824355840682983
5544,SA-Joint,pearson,0.9918582439422607
5545,SA-Joint,pearson,0.9895247220993042
5551,SA-Joint,pearson,0.9829770922660828
5555,SA-Joint,pearson,0.9794520139694214
5556,SA-Joint,pearson,0.9963918924331665
5557,SA-Joint,pearson,0.9889892339706421
5560,SA-Joint,pearson,0.9839076399803162
5569,SA-Joint,pearson,0.9879002571105957
5572,SA-Joint,pearson,0.9818544387817383
5573,SA-Joint,pearson,0.9811111688613892
5578,SA-Joint,pearson,0.9874093532562256
5584,SA-Joint,pearson,0.9909088015556335
5585,SA-Joint,pearson,0.9835116863250732
5587,SA-Joint,pearson,0.9863148927688599
5589,SA-Joint,pearson,0.9925268888473511
5596,SA-Joint,pearson,0.9817460775375366
5603,SA-Joint,pearson,0.9915647506713867
5608,SA-Joint,pearson,0.9846689105033875
5610,SA-Joint,pearson,0.9822521209716797
5615,SA-Joint,pearson,0.9951318502426147
5618,SA-Joint,pearson,0.9864416122436523
5623,SA-Joint,pearson,0.994188666343689
5633,SA-Joint,pearson,0.9909520149230957
5646,SA-Joint,pearson,0.9887983798980713
5648,SA-Joint,pearson,0.9877777099609375
5657,SA-Joint,pearson,0.9866552352905273
5662,SA-Joint,pearson,0.9902912378311157
5667,SA-Joint,pearson,0.9855033159255981
5674,SA-Joint,pearson,0.9868797659873962
5677,SA-Joint,pearson,0.9805817604064941
5697,SA-Joint,pearson,0.9762213230133057
5712,SA-Joint,pearson,0.9912219047546387
5715,SA-Joint,pearson,0.9851359128952026
5728,SA-Joint,pearson,0.9914193153381348
5737,SA-Joint,pearson,0.986675500869751
5742,SA-Joint,pearson,0.9875587821006775
5744,SA-Joint,pearson,0.9918619990348816
5758,SA-Joint,pearson,0.9879751205444336
5763,SA-Joint,pearson,0.9877438545227051
5770,SA-Joint,pearson,0.9754912257194519
5774,SA-Joint,pearson,0.9586886167526245
5785,SA-Joint,pearson,0.9831328392028809
5793,SA-Joint,pearson,0.9860436320304871
5802,SA-Joint,pearson,0.989280641078949
5803,SA-Joint,pearson,0.9842507839202881
5804,SA-Joint,pearson,0.9869265556335449
5810,SA-Joint,pearson,0.9866287112236023
5813,SA-Joint,pearson,0.9923985004425049
5819,SA-Joint,pearson,0.9946176409721375
5831,SA-Joint,pearson,0.988261878490448
5838,SA-Joint,pearson,0.9860266447067261
5848,SA-Joint,pearson,0.9865438342094421
5850,SA-Joint,pearson,0.9765611886978149
5851,SA-Joint,pearson,0.9859137535095215
5860,SA-Joint,pearson,0.9905173182487488
5877,SA-Joint,pearson,0.9789003729820251
5878,SA-Joint,pearson,0.9864217638969421
5880,SA-Joint,pearson,0.9864923357963562
5884,SA-Joint,pearson,0.9916808605194092
5890,SA-Joint,pearson,0.9898037314414978
5892,SA-Joint,pearson,0.9818691611289978
5895,SA-Joint,pearson,0.9849893450737
5899,SA-Joint,pearson,0.9899474382400513
5903,SA-Joint,pearson,0.9910246729850769
5904,SA-Joint,pearson,0.984941840171814
5906,SA-Joint,pearson,0.9876789450645447
5916,SA-Joint,pearson,0.9796521067619324
5919,SA-Joint,pearson,0.9794594645500183
5939,SA-Joint,pearson,0.9836828112602234
5941,SA-Joint,pearson,0.9832353591918945
5961,SA-Joint,pearson,0.9886177778244019
5966,SA-Joint,pearson,0.9915353655815125
5967,SA-Joint,pearson,0.9811491966247559
5968,SA-Joint,pearson,0.9925947189331055
5969,SA-Joint,pearson,0.9830188751220703
5976,SA-Joint,pearson,0.9843789339065552
5980,SA-Joint,pearson,0.9906837344169617
5994,SA-Joint,pearson,0.9933609962463379
6006,SA-Joint,pearson,0.988463282585144
6013,SA-Joint,pearson,0.988743007183075
6018,SA-Joint,pearson,0.9857074618339539
6020,SA-Joint,pearson,0.9890274405479431
6021,SA-Joint,pearson,0.985062301158905
6022,SA-Joint,pearson,0.9815771579742432
6025,SA-Joint,pearson,0.9807089567184448
6027,SA-Joint,pearson,0.991890549659729
6042,SA-Joint,pearson,0.9961028099060059
6047,SA-Joint,pearson,0.9830829501152039
6048,SA-Joint,pearson,0.9931809306144714
6060,SA-Joint,pearson,0.9934089183807373
6063,SA-Joint,pearson,0.9894067645072937
6067,SA-Joint,pearson,0.9915841817855835
6071,SA-Joint,pearson,0.9921180605888367
6075,SA-Joint,pearson,0.9922056198120117
6083,SA-Joint,pearson,0.9893932342529297
6085,SA-Joint,pearson,0.9855508804321289
6089,SA-Joint,pearson,0.9881033897399902
6091,SA-Joint,pearson,0.9913140535354614
6110,SA-Joint,pearson,0.9829223155975342
6117,SA-Joint,pearson,0.9835161566734314
6129,SA-Joint,pearson,0.987082839012146
6135,SA-Joint,pearson,0.9905368685722351
6137,SA-Joint,pearson,0.9912475347518921
6139,SA-Joint,pearson,0.9876960515975952
6147,SA-Joint,pearson,0.9900809526443481
6156,SA-Joint,pearson,0.9897235631942749
6157,SA-Joint,pearson,0.9944170713424683
6158,SA-Joint,pearson,0.9814866781234741
6162,SA-Joint,pearson,0.9874465465545654
6171,SA-Joint,pearson,0.9902107119560242
6177,SA-Joint,pearson,0.9933711886405945
6181,SA-Joint,pearson,0.9867646098136902
6182,SA-Joint,pearson,0.9898871183395386
6184,SA-Joint,pearson,0.9847720861434937
6189,SA-Joint,pearson,0.9873479604721069
6199,SA-Joint,pearson,0.9878131151199341
6204,SA-Joint,pearson,0.9940935969352722
6208,SA-Joint,pearson,0.9861114025115967
6209,SA-Joint,pearson,0.9866888523101807
6217,SA-Joint,pearson,0.9810898303985596
6218,SA-Joint,pearson,0.9838079214096069
6222,SA-Joint,pearson,0.973901629447937
6226,SA-Joint,pearson,0.9863595962524414
6233,SA-Joint,pearson,0.9871479868888855
6241,SA-Joint,pearson,0.9954158663749695
6243,SA-Joint,pearson,0.9919724464416504
6264,SA-Joint,pearson,0.976639986038208
6265,SA-Joint,pearson,0.9915858507156372
6275,SA-Joint,pearson,0.9887120127677917
6277,SA-Joint,pearson,0.98698490858078
6287,SA-Joint,pearson,0.9885899424552917
6292,SA-Joint,pearson,0.9934899210929871
6301,SA-Joint,pearson,0.9852082133293152
6309,SA-Joint,pearson,0.9890109896659851
6318,SA-Joint,pearson,0.9905447363853455
6325,SA-Joint,pearson,0.990869402885437
6335,SA-Joint,pearson,0.9887897372245789
6339,SA-Joint,pearson,0.9942442774772644
6353,SA-Joint,pearson,0.9899624586105347
6362,SA-Joint,pearson,0.9867799282073975
6364,SA-Joint,pearson,0.9927176237106323
6366,SA-Joint,pearson,0.9903256893157959
6368,SA-Joint,pearson,0.990339457988739
6386,SA-Joint,pearson,0.9872472286224365
6402,SA-Joint,pearson,0.9882755279541016
6403,SA-Joint,pearson,0.9881922006607056
6410,SA-Joint,pearson,0.9811161756515503
6416,SA-Joint,pearson,0.9854538440704346
6421,SA-Joint,pearson,0.994414210319519
6422,SA-Joint,pearson,0.9831483364105225
6423,SA-Joint,pearson,0.9831293821334839
6427,SA-Joint,pearson,0.9867038130760193
6428,SA-Joint,pearson,0.9886150360107422
6432,SA-Joint,pearson,0.9855930209159851
6446,SA-Joint,pearson,0.9792007207870483
6457,SA-Joint,pearson,0.9931907057762146
6471,SA-Joint,pearson,0.9908224940299988
6484,SA-Joint,pearson,0.9909705519676208
6496,SA-Joint,pearson,0.9780964851379395
6498,SA-Joint,pearson,0.9846388101577759
6503,SA-Joint,pearson,0.9903796911239624
6509,SA-Joint,pearson,0.990959644317627
6513,SA-Joint,pearson,0.97966068983078
6522,SA-Joint,pearson,0.9878867864608765
6539,SA-Joint,pearson,0.9912276268005371
6545,SA-Joint,pearson,0.9901221990585327
6547,SA-Joint,pearson,0.9926559329032898
6552,SA-Joint,pearson,0.98262619972229
6559,SA-Joint,pearson,0.9758443832397461
6564,SA-Joint,pearson,0.9881172180175781
6566,SA-Joint,pearson,0.9873437285423279
6570,SA-Joint,pearson,0.9941326975822449
6584,SA-Joint,pearson,0.9875971674919128
6588,SA-Joint,pearson,0.9909591674804688
6594,SA-Joint,pearson,0.9889976978302002
6612,SA-Joint,pearson,0.9929544925689697
6628,SA-Joint,pearson,0.9921733140945435
6637,SA-Joint,pearson,0.9821310043334961
6642,SA-Joint,pearson,0.9866787195205688
6647,SA-Joint,pearson,0.9885940551757812
6648,SA-Joint,pearson,0.9856075048446655
6649,SA-Joint,pearson,0.9890003204345703
6653,SA-Joint,pearson,0.9909554719924927
6656,SA-Joint,pearson,0.9872843027114868
6660,SA-Joint,pearson,0.9838733673095703
6672,SA-Joint,pearson,0.9870737791061401
6676,SA-Joint,pearson,0.9899076223373413
6682,SA-Joint,pearson,0.9893717765808105
6683,SA-Joint,pearson,0.9885913729667664
6691,SA-Joint,pearson,0.9845715761184692
6695,SA-Joint,pearson,0.9685277938842773
6700,SA-Joint,pearson,0.9836280345916748
6705,SA-Joint,pearson,0.9829136729240417
6706,SA-Joint,pearson,0.9920190572738647
6711,SA-Joint,pearson,0.9899057149887085
6732,SA-Joint,pearson,0.9922134280204773
6742,SA-Joint,pearson,0.983657717704773
6744,SA-Joint,pearson,0.9656614065170288
6747,SA-Joint,pearson,0.9846649169921875
6757,SA-Joint,pearson,0.9888590574264526
6769,SA-Joint,pearson,0.991804301738739
6786,SA-Joint,pearson,0.9864729642868042
6787,SA-Joint,pearson,0.9889382719993591
6800,SA-Joint,pearson,0.9898117780685425
6808,SA-Joint,pearson,0.9864972829818726
6826,SA-Joint,pearson,0.9877547025680542
6831,SA-Joint,pearson,0.9915525913238525
6833,SA-Joint,pearson,0.986770510673523
6835,SA-Joint,pearson,0.9856326580047607
6837,SA-Joint,pearson,0.8019134402275085
6845,SA-Joint,pearson,0.9819079637527466
6848,SA-Joint,pearson,0.9894285202026367
6855,SA-Joint,pearson,0.982581615447998
6860,SA-Joint,pearson,0.9836844801902771
6865,SA-Joint,pearson,0.9883012771606445
6872,SA-Joint,pearson,0.9880313873291016
6880,SA-Joint,pearson,0.9800655841827393
6887,SA-Joint,pearson,0.9856705665588379
6889,SA-Joint,pearson,0.9855456352233887
6894,SA-Joint,pearson,0.9895700216293335
6904,SA-Joint,pearson,0.9921849966049194
6913,SA-Joint,pearson,0.986083984375
6928,SA-Joint,pearson,0.9956927299499512
6936,SA-Joint,pearson,0.9905821084976196
6963,SA-Joint,pearson,0.982456386089325
6971,SA-Joint,pearson,0.9733111262321472
6992,SA-Joint,pearson,0.9860332012176514
7011,SA-Joint,pearson,0.9807703495025635
7013,SA-Joint,pearson,0.9861385226249695
7018,SA-Joint,pearson,0.9822653532028198
7023,SA-Joint,pearson,0.9879218339920044
7035,SA-Joint,pearson,0.9749307632446289
7038,SA-Joint,pearson,0.9893319010734558
7041,SA-Joint,pearson,0.9866580963134766
7042,SA-Joint,pearson,0.9922025203704834
7047,SA-Joint,pearson,0.9933680891990662
7057,SA-Joint,pearson,0.9899336099624634
7068,SA-Joint,pearson,0.9935605525970459
7088,SA-Joint,pearson,0.9849264621734619
7092,SA-Joint,pearson,0.9902950525283813
7100,SA-Joint,pearson,0.9883846044540405
7114,SA-Joint,pearson,0.9770902395248413
7119,SA-Joint,pearson,0.9891891479492188
7126,SA-Joint,pearson,0.9852840304374695
7131,SA-Joint,pearson,0.9905387759208679
7140,SA-Joint,pearson,0.9853289127349854
7142,SA-Joint,pearson,0.9867910742759705
7143,SA-Joint,pearson,0.9877742528915405
7153,SA-Joint,pearson,0.9847878217697144
7154,SA-Joint,pearson,0.9756169319152832
7169,SA-Joint,pearson,0.9886592626571655
7171,SA-Joint,pearson,0.9905399084091187
7172,SA-Joint,pearson,0.9899226427078247
7178,SA-Joint,pearson,0.9910237789154053
7184,SA-Joint,pearson,0.9827644228935242
7202,SA-Joint,pearson,0.9858159422874451
7206,SA-Joint,pearson,0.9768640398979187
7220,SA-Joint,pearson,0.9860393404960632
7226,SA-Joint,pearson,0.9852501749992371
7229,SA-Joint,pearson,0.9859594702720642
7231,SA-Joint,pearson,0.9895833730697632
7237,SA-Joint,pearson,0.9853730201721191
7244,SA-Joint,pearson,0.9898685216903687
7256,SA-Joint,pearson,0.9878255724906921
7259,SA-Joint,pearson,0.9850350618362427
7269,SA-Joint,pearson,0.9910780787467957
7272,SA-Joint,pearson,0.9892514944076538
7274,SA-Joint,pearson,0.9878621101379395
7276,SA-Joint,pearson,0.9954437017440796
7287,SA-Joint,pearson,0.9861806631088257
7288,SA-Joint,pearson,0.9813873171806335
7290,SA-Joint,pearson,0.9874345660209656
7293,SA-Joint,pearson,0.9810186624526978
7295,SA-Joint,pearson,0.9915773272514343
7299,SA-Joint,pearson,0.9839135408401489
7301,SA-Joint,pearson,0.9852441549301147
7313,SA-Joint,pearson,0.9863271117210388
7321,SA-Joint,pearson,0.9851617217063904
7327,SA-Joint,pearson,0.9829998016357422
7328,SA-Joint,pearson,0.9847704172134399
7331,SA-Joint,pearson,0.99457186460495
7340,SA-Joint,pearson,0.9843956828117371
7346,SA-Joint,pearson,0.9868895411491394
7350,SA-Joint,pearson,0.9898583292961121
7373,SA-Joint,pearson,0.9882458448410034
7376,SA-Joint,pearson,0.9896888136863708
7383,SA-Joint,pearson,0.989387035369873
7404,SA-Joint,pearson,0.9872998595237732
7412,SA-Joint,pearson,0.9860199689865112
7413,SA-Joint,pearson,0.9842244982719421
7421,SA-Joint,pearson,0.9897760152816772
7422,SA-Joint,pearson,0.9813432693481445
7426,SA-Joint,pearson,0.9828476905822754
7427,SA-Joint,pearson,0.9934698343276978
7429,SA-Joint,pearson,0.9897887110710144
7432,SA-Joint,pearson,0.9943577647209167
7454,SA-Joint,pearson,0.9809868335723877
7459,SA-Joint,pearson,0.9872944355010986
7463,SA-Joint,pearson,0.9874851107597351
7464,SA-Joint,pearson,0.9885683059692383
7476,SA-Joint,pearson,0.9940306544303894
7477,SA-Joint,pearson,0.9796967506408691
7498,SA-Joint,pearson,0.983968198299408
7509,SA-Joint,pearson,0.9920143485069275
7511,SA-Joint,pearson,0.9878075122833252
7517,SA-Joint,pearson,0.996084451675415
7526,SA-Joint,pearson,0.9952871203422546
7528,SA-Joint,pearson,0.9898494482040405
7529,SA-Joint,pearson,0.9912598133087158
7545,SA-Joint,pearson,0.9907112121582031
7546,SA-Joint,pearson,0.9881370067596436
7548,SA-Joint,pearson,0.9858722686767578
7555,SA-Joint,pearson,0.9865425825119019
7563,SA-Joint,pearson,0.9909003973007202
7570,SA-Joint,pearson,0.9856624603271484
7572,SA-Joint,pearson,0.9869222640991211
7576,SA-Joint,pearson,0.9890828132629395
7577,SA-Joint,pearson,0.9865363836288452
7595,SA-Joint,pearson,0.9814361333847046
7606,SA-Joint,pearson,0.9943537712097168
7608,SA-Joint,pearson,0.9933657050132751
7619,SA-Joint,pearson,0.9902617335319519
7620,SA-Joint,pearson,0.9870373606681824
7624,SA-Joint,pearson,0.9880867004394531
7627,SA-Joint,pearson,0.9831149578094482
7629,SA-Joint,pearson,0.9789215326309204
7630,SA-Joint,pearson,0.9866290092468262
7632,SA-Joint,pearson,0.9848839640617371
7645,SA-Joint,pearson,0.9884371161460876
7656,SA-Joint,pearson,0.9883348345756531
7671,SA-Joint,pearson,0.9929009675979614
7676,SA-Joint,pearson,0.9926005601882935
7688,SA-Joint,pearson,0.9882108569145203
7691,SA-Joint,pearson,0.9846228361129761
7692,SA-Joint,pearson,0.9913005828857422
7709,SA-Joint,pearson,0.9888570308685303
7710,SA-Joint,pearson,0.9902767539024353
7719,SA-Joint,pearson,0.9915840029716492
7738,SA-Joint,pearson,0.9905118942260742
7740,SA-Joint,pearson,0.9870902299880981
7741,SA-Joint,pearson,0.9795011281967163
7742,SA-Joint,pearson,0.9910730123519897
7759,SA-Joint,pearson,0.9907061457633972
7764,SA-Joint,pearson,0.9883267283439636
7768,SA-Joint,pearson,0.991040825843811
7772,SA-Joint,pearson,0.9918878078460693
7774,SA-Joint,pearson,0.9853891134262085
7775,SA-Joint,pearson,0.9865798354148865
7776,SA-Joint,pearson,0.9912216663360596
7779,SA-Joint,pearson,0.978438138961792
7791,SA-Joint,pearson,0.9945475459098816
7808,SA-Joint,pearson,0.9890938997268677
7813,SA-Joint,pearson,0.9927417635917664
7822,SA-Joint,pearson,0.9900762438774109
7825,SA-Joint,pearson,0.9875571727752686
7829,SA-Joint,pearson,0.9900703430175781
7835,SA-Joint,pearson,0.9860849380493164
7845,SA-Joint,pearson,0.986905574798584
7861,SA-Joint,pearson,0.9925500750541687
7863,SA-Joint,pearson,0.9895786046981812
7869,SA-Joint,pearson,0.9820458889007568
7874,SA-Joint,pearson,0.9959762096405029
7891,SA-Joint,pearson,0.9800060987472534
7902,SA-Joint,pearson,0.9811398983001709
7916,SA-Joint,pearson,0.985785961151123
7934,SA-Joint,pearson,0.9934396743774414
7940,SA-Joint,pearson,0.9944788217544556
7944,SA-Joint,pearson,0.9844570159912109
7960,SA-Joint,pearson,0.9927577972412109
7966,SA-Joint,pearson,0.9828786849975586
7967,SA-Joint,pearson,0.9785153865814209
7970,SA-Joint,pearson,0.9927496910095215
7971,SA-Joint,pearson,0.9896652102470398
7972,SA-Joint,pearson,0.9761444330215454
7977,SA-Joint,pearson,0.9855057597160339
7992,SA-Joint,pearson,0.9923644065856934
8002,SA-Joint,pearson,0.9940635561943054
8003,SA-Joint,pearson,0.989025354385376
8004,SA-Joint,pearson,0.9919368624687195
8010,SA-Joint,pearson,0.9870637655258179
8015,SA-Joint,pearson,0.9909029006958008
8016,SA-Joint,pearson,0.979634165763855
8024,SA-Joint,pearson,0.983526885509491
8047,SA-Joint,pearson,0.9840177297592163
8058,SA-Joint,pearson,0.9800726771354675
8067,SA-Joint,pearson,0.9848793745040894
8073,SA-Joint,pearson,0.9808412790298462
8076,SA-Joint,pearson,0.983517587184906
8081,SA-Joint,pearson,0.9789090156555176
8114,SA-Joint,pearson,0.9832975268363953
8115,SA-Joint,pearson,0.9854475855827332
8120,SA-Joint,pearson,0.9880449771881104
8122,SA-Joint,pearson,0.988978385925293
8125,SA-Joint,pearson,0.9907962679862976
8136,SA-Joint,pearson,0.9852331876754761
8138,SA-Joint,pearson,0.9879218339920044
8149,SA-Joint,pearson,0.9733572006225586
8156,SA-Joint,pearson,0.9898172616958618
8157,SA-Joint,pearson,0.9940669536590576
8162,SA-Joint,pearson,0.9876884818077087
8167,SA-Joint,pearson,0.9923038482666016
8169,SA-Joint,pearson,0.9849595427513123
8170,SA-Joint,pearson,0.9893702268600464
8172,SA-Joint,pearson,0.9792577624320984
8202,SA-Joint,pearson,0.9929077625274658
8206,SA-Joint,pearson,0.9816697835922241
8217,SA-Joint,pearson,0.9855465888977051
8218,SA-Joint,pearson,0.9912924766540527
8222,SA-Joint,pearson,0.9905779361724854
8227,SA-Joint,pearson,0.987830400466919
8249,SA-Joint,pearson,0.9836777448654175
8251,SA-Joint,pearson,0.9869970083236694
8252,SA-Joint,pearson,0.9804293513298035
8256,SA-Joint,pearson,0.9840757250785828
8263,SA-Joint,pearson,0.9849364161491394
5,SA-Joint,psnr,32.59767216883145
12,SA-Joint,psnr,31.804362562512836
24,SA-Joint,psnr,32.29472033635139
26,SA-Joint,psnr,31.82546311245887
30,SA-Joint,psnr,30.087881863934292
35,SA-Joint,psnr,31.91588610491896
39,SA-Joint,psnr,29.830397426836935
41,SA-Joint,psnr,31.614918944081225
42,SA-Joint,psnr,31.51760155609682
44,SA-Joint,psnr,30.802230858633504
48,SA-Joint,psnr,33.35445932770134
65,SA-Joint,psnr,33.60444225467677
69,SA-Joint,psnr,28.708428341078612
71,SA-Joint,psnr,31.281467373508512
73,SA-Joint,psnr,31.541702551859977
80,SA-Joint,psnr,30.352288266192694
83,SA-Joint,psnr,32.142577983438116
99,SA-Joint,psnr,28.90242931734801
100,SA-Joint,psnr,28.868898670920466
110,SA-Joint,psnr,29.00625225073285
116,SA-Joint,psnr,30.10545338505265
122,SA-Joint,psnr,35.48558187069835
132,SA-Joint,psnr,31.89490545028012
141,SA-Joint,psnr,30.921199235744158
151,SA-Joint,psnr,30.597875350072744
154,SA-Joint,psnr,31.384955230155906
156,SA-Joint,psnr,28.69978255635836
157,SA-Joint,psnr,31.1229362326897
159,SA-Joint,psnr,30.88677876223705
178,SA-Joint,psnr,32.97460512803226
197,SA-Joint,psnr,35.22834281145924
199,SA-Joint,psnr,33.55316464583463
211,SA-Joint,psnr,32.57011382114584
212,SA-Joint,psnr,29.893953898254782
214,SA-Joint,psnr,31.860991786375116
221,SA-Joint,psnr,31.35163029282215
232,SA-Joint,psnr,31.958921842573563
233,SA-Joint,psnr,33.20234884282314
240,SA-Joint,psnr,29.525018572676323
242,SA-Joint,psnr,27.18412150562484
243,SA-Joint,psnr,31.39536764974602
244,SA-Joint,psnr,31.186769037004783
260,SA-Joint,psnr,39.63458468929045
273,SA-Joint,psnr,29.321624517781903
275,SA-Joint,psnr,29.94886684688008
276,SA-Joint,psnr,30.434955434029305
283,SA-Joint,psnr,29.99961881022979
297,SA-Joint,psnr,30.43053834176462
303,SA-Joint,psnr,31.41274806398579
310,SA-Joint,psnr,34.63043883635646
318,SA-Joint,psnr,31.120667596096517
319,SA-Joint,psnr,30.737159687500068
324,SA-Joint,psnr,31.98237994767213
326,SA-Joint,psnr,35.19989122214055
328,SA-Joint,psnr,35.41847024290589
330,SA-Joint,psnr,32.34903801777418
333,SA-Joint,psnr,32.50745518524851
340,SA-Joint,psnr,30.29696692159046
347,SA-Joint,psnr,30.4736176347133
348,SA-Joint,psnr,31.855012099039293
360,SA-Joint,psnr,33.56602646611292
361,SA-Joint,psnr,29.520423893783768
364,SA-Joint,psnr,30.513071406739954
366,SA-Joint,psnr,33.18035404879823
378,SA-Joint,psnr,31.859332496812588
391,SA-Joint,psnr,31.14864865194393
394,SA-Joint,psnr,32.013774145721015
398,SA-Joint,psnr,30.35777723953089
408,SA-Joint,psnr,31.76376931496696
409,SA-Joint,psnr,29.648666106670287
410,SA-Joint,psnr,28.177978423512368
412,SA-Joint,psnr,33.537900408752826
425,SA-Joint,psnr,29.935368569600307
429,SA-Joint,psnr,31.380309634644025
438,SA-Joint,psnr,32.26207495828751
461,SA-Joint,psnr,28.633845814468764
463,SA-Joint,psnr,30.014071076916842
464,SA-Joint,psnr,31.65107183576839
477,SA-Joint,psnr,29.357449826489265
486,SA-Joint,psnr,33.81434645476175
491,SA-Joint,psnr,33.40351996576439
495,SA-Joint,psnr,30.227830170333235
516,SA-Joint,psnr,31.139348363779025
521,SA-Joint,psnr,31.1891482882803
531,SA-Joint,psnr,31.275240670079608
533,SA-Joint,psnr,29.157573650351154
537,SA-Joint,psnr,32.38939896680063
542,SA-Joint,psnr,30.38572137928935
543,SA-Joint,psnr,32.114734377266814
548,SA-Joint,psnr,31.454834937185847
554,SA-Joint,psnr,31.153235050701916
565,SA-Joint,psnr,33.04968032161889
570,SA-Joint,psnr,34.91907406526496
574,SA-Joint,psnr,29.4350763630376
590,SA-Joint,psnr,31.7402708456941
610,SA-Joint,psnr,30.69159037708664
613,SA-Joint,psnr,33.21120621453535
634,SA-Joint,psnr,31.89135157823909
637,SA-Joint,psnr,33.40122037418616
642,SA-Joint,psnr,30.65292962636052
644,SA-Joint,psnr,31.79662836871846
663,SA-Joint,psnr,32.132056685763196
670,SA-Joint,psnr,29.018993466520953
676,SA-Joint,psnr,32.283524778369994
680,SA-Joint,psnr,32.92192741397032
686,SA-Joint,psnr,31.37403806401101
695,SA-Joint,psnr,31.81873949585308
707,SA-Joint,psnr,32.2393312013629
711,SA-Joint,psnr,30.831989731968225
712,SA-Joint,psnr,31.75791942784514
713,SA-Joint,psnr,30.21024178065516
717,SA-Joint,psnr,33.314798024081334
721,SA-Joint,psnr,32.98689372862422
738,SA-Joint,psnr,29.887110337948705
748,SA-Joint,psnr,35.137025096679864
752,SA-Joint,psnr,32.104161990623524
760,SA-Joint,psnr,31.931181885215775
763,SA-Joint,psnr,33.85297158248663
770,SA-Joint,psnr,31.345352508519664
776,SA-Joint,psnr,30.01877865514624
778,SA-Joint,psnr,31.594333569102652
782,SA-Joint,psnr,31.741644950995823
787,SA-Joint,psnr,30.453340001449476
793,SA-Joint,psnr,32.130320611136284
799,SA-Joint,psnr,31.127582470418442
800,SA-Joint,psnr,29.620036082040926
804,SA-Joint,psnr,31.22395942754747
810,SA-Joint,psnr,30.712379835064397
812,SA-Joint,psnr,31.045353448325063
819,SA-Joint,psnr,32.824629998345216
823,SA-Joint,psnr,32.231360758307865
827,SA-Joint,psnr,29.261848588269558
831,SA-Joint,psnr,33.050889111782745
847,SA-Joint,psnr,28.030480739921938
849,SA-Joint,psnr,33.86809177280017
856,SA-Joint,psnr,30.638652163022087
865,SA-Joint,psnr,31.277299344869046
871,SA-Joint,psnr,33.49983379896459
873,SA-Joint,psnr,31.313807088067925
880,SA-Joint,psnr,33.8035761430142
884,SA-Joint,psnr,29.258023228178725
887,SA-Joint,psnr,31.964067135099693
893,SA-Joint,psnr,30.3303010947078
906,SA-Joint,psnr,30.313925670082686
909,SA-Joint,psnr,28.90284955244112
910,SA-Joint,psnr,30.36428706575956
913,SA-Joint,psnr,31.287656414378404
916,SA-Joint,psnr,32.92758230539564
927,SA-Joint,psnr,32.77723782369399
930,SA-Joint,psnr,32.6805058554781
939,SA-Joint,psnr,33.615228944332245
956,SA-Joint,psnr,31.20873616175941
963,SA-Joint,psnr,28.224177542214306
966,SA-Joint,psnr,34.86900301369381
969,SA-Joint,psnr,28.367990398786013
970,SA-Joint,psnr,31.49164863797269
978,SA-Joint,psnr,31.506580999037197
988,SA-Joint,psnr,30.70353490608087
989,SA-Joint,psnr,32.87133509502577
992,SA-Joint,psnr,31.267669727230803
995,SA-Joint,psnr,31.509023934099357
1004,SA-Joint,psnr,32.55823640358631
1008,SA-Joint,psnr,28.488517877215088
1011,SA-Joint,psnr,27.69222660675335
1013,SA-Joint,psnr,32.132653112379145
1018,SA-Joint,psnr,30.562311471100323
1022,SA-Joint,psnr,35.034463046299656
1045,SA-Joint,psnr,32.89554007782701
1049,SA-Joint,psnr,33.9334442360597
1051,SA-Joint,psnr,30.651985410983688
1061,SA-Joint,psnr,30.925334115861776
1063,SA-Joint,psnr,35.82987139982491
1068,SA-Joint,psnr,36.373837136375
1076,SA-Joint,psnr,37.35300009052866
1079,SA-Joint,psnr,31.311692736828075
1084,SA-Joint,psnr,31.25347963354137
1089,SA-Joint,psnr,30.465345443618563
1090,SA-Joint,psnr,35.576678803777796
1099,SA-Joint,psnr,28.972723731326774
1114,SA-Joint,psnr,35.21995272288171
1120,SA-Joint,psnr,30.56741159674393
1121,SA-Joint,psnr,29.317486132039086
1134,SA-Joint,psnr,31.358232655936995
1177,SA-Joint,psnr,34.579717989847325
1178,SA-Joint,psnr,33.58496652430186
1183,SA-Joint,psnr,31.81132084773379
1193,SA-Joint,psnr,30.430150730023122
1204,SA-Joint,psnr,33.556556491975954
1208,SA-Joint,psnr,32.86591949858123
1213,SA-Joint,psnr,31.72931578957597
1231,SA-Joint,psnr,32.42138666629055
1232,SA-Joint,psnr,29.32338019009057
1233,SA-Joint,psnr,30.23029166988782
1238,SA-Joint,psnr,31.3178503655057
1240,SA-Joint,psnr,34.340277734947875
1243,SA-Joint,psnr,32.92164379916454
1260,SA-Joint,psnr,34.70353607572068
1267,SA-Joint,psnr,30.760518736130614
1268,SA-Joint,psnr,30.776590752881567
1274,SA-Joint,psnr,31.499307386230086
1281,SA-Joint,psnr,33.16583885416186
1297,SA-Joint,psnr,34.39103107587746
1307,SA-Joint,psnr,31.460315277762476
1313,SA-Joint,psnr,33.30049349010816
1330,SA-Joint,psnr,31.06228900166894
1334,SA-Joint,psnr,30.565077102712287
1346,SA-Joint,psnr,33.44547195467439
1348,SA-Joint,psnr,30.97639768199738
1355,SA-Joint,psnr,32.05066682299975
1363,SA-Joint,psnr,35.98574746446133
1366,SA-Joint,psnr,32.84847276544957
1391,SA-Joint,psnr,29.70593286630233
1400,SA-Joint,psnr,33.0572280190334
1411,SA-Joint,psnr,30.532135158259713
1413,SA-Joint,psnr,34.08817430049534
1422,SA-Joint,psnr,31.38629646013442
1425,SA-Joint,psnr,28.64143641464278
1434,SA-Joint,psnr,32.72412764829819
1441,SA-Joint,psnr,32.992011292677354
1447,SA-Joint,psnr,35.237780722335
1458,SA-Joint,psnr,31.178496592757178
1471,SA-Joint,psnr,28.76582064722332
1481,SA-Joint,psnr,32.339258303653786
1499,SA-Joint,psnr,31.66988350453474
1506,SA-Joint,psnr,29.964182483753635
1511,SA-Joint,psnr,30.7140838028433
1512,SA-Joint,psnr,32.6945699992747
1515,SA-Joint,psnr,34.803491787982296
1522,SA-Joint,psnr,30.576197100240847
1525,SA-Joint,psnr,29.120562246545056
1536,SA-Joint,psnr,31.699083741421774
1541,SA-Joint,psnr,31.27682818884346
1543,SA-Joint,psnr,30.510206714010955
1546,SA-Joint,psnr,30.741293108616205
1551,SA-Joint,psnr,28.32530245892141
1553,SA-Joint,psnr,29.709611380331747
1559,SA-Joint,psnr,28.711373345068466
1562,SA-Joint,psnr,28.89384690269449
1563,SA-Joint,psnr,29.60074499376848
1581,SA-Joint,psnr,31.535107044590337
1613,SA-Joint,psnr,32.7929194704931
1619,SA-Joint,psnr,31.094423174778218
1622,SA-Joint,psnr,30.65455246056458
1624,SA-Joint,psnr,31.921272116483337
1634,SA-Joint,psnr,33.583690356075216
1644,SA-Joint,psnr,38.214355401610455
1645,SA-Joint,psnr,33.65917985938064
1663,SA-Joint,psnr,31.232112576569115
1673,SA-Joint,psnr,31.83735307736091
1684,SA-Joint,psnr,31.837264578453347
1685,SA-Joint,psnr,33.41952723570971
1694,SA-Joint,psnr,32.78225585929433
1697,SA-Joint,psnr,31.233124371827174
1698,SA-Joint,psnr,33.90544192049425
1700,SA-Joint,psnr,29.48258518101823
1715,SA-Joint,psnr,31.608846389544656
1721,SA-Joint,psnr,33.52525901750015
1724,SA-Joint,psnr,30.673281107287302
1727,SA-Joint,psnr,32.83661376700278
1729,SA-Joint,psnr,31.53597707894141
1741,SA-Joint,psnr,30.208444652377302
1760,SA-Joint,psnr,33.07838632146663
1761,SA-Joint,psnr,29.133222338130032
1763,SA-Joint,psnr,32.665985989112684
1765,SA-Joint,psnr,31.470073115071333
1773,SA-Joint,psnr,31.825517402153245
1782,SA-Joint,psnr,35.02321707131485
1784,SA-Joint,psnr,34.059475196081785
1791,SA-Joint,psnr,31.16280933649766
1798,SA-Joint,psnr,31.60219541278396
1804,SA-Joint,psnr,29.131189890997376
1812,SA-Joint,psnr,32.80561424395621
1814,SA-Joint,psnr,31.986600191120047
1819,SA-Joint,psnr,32.23091559802901
1824,SA-Joint,psnr,30.591188149104834
1831,SA-Joint,psnr,32.17130070903748
1833,SA-Joint,psnr,30.77706071732948
1841,SA-Joint,psnr,30.66198430223301
1843,SA-Joint,psnr,33.107130437878915
1868,SA-Joint,psnr,31.78023479890512
1871,SA-Joint,psnr,34.067070485173424
1881,SA-Joint,psnr,32.07016190830789
1882,SA-Joint,psnr,30.51092727518499
1888,SA-Joint,psnr,35.89323560269405
1911,SA-Joint,psnr,31.163417658390866
1919,SA-Joint,psnr,34.03424341553925
1935,SA-Joint,psnr,30.888631770892285
1942,SA-Joint,psnr,31.72626213206087
1943,SA-Joint,psnr,32.207169332734864
1963,SA-Joint,psnr,29.798781242938528
1968,SA-Joint,psnr,29.01679203153241
1985,SA-Joint,psnr,29.4848577657435
1999,SA-Joint,psnr,29.522820687982318
2000,SA-Joint,psnr,31.134271988613623
2002,SA-Joint,psnr,32.083315859028396
2003,SA-Joint,psnr,33.401883393428726
2015,SA-Joint,psnr,30.965665064365542
2020,SA-Joint,psnr,31.130618601588502
2021,SA-Joint,psnr,33.003824233936434
2026,SA-Joint,psnr,33.20227931029982
2028,SA-Joint,psnr,31.743957289411142
2034,SA-Joint,psnr,31.174028611892904
2038,SA-Joint,psnr,25.59656644089637
2060,SA-Joint,psnr,33.483813987576994
2075,SA-Joint,psnr,30.176518453490623
2078,SA-Joint,psnr,30.763557696714624
2081,SA-Joint,psnr,33.78312095785251
2095,SA-Joint,psnr,31.180486746816708
2096,SA-Joint,psnr,33.01672409658109
2102,SA-Joint,psnr,29.2417061537669
2107,SA-Joint,psnr,32.22611156787246
2109,SA-Joint,psnr,32.04648527821233
2111,SA-Joint,psnr,33.746686563925195
2112,SA-Joint,psnr,29.851489374478337
2118,SA-Joint,psnr,31.63510669333948
2122,SA-Joint,psnr,29.456609887040536
2123,SA-Joint,psnr,30.062050417710566
2128,SA-Joint,psnr,30.75194879892489
2140,SA-Joint,psnr,29.764560573581296
2148,SA-Joint,psnr,32.07661845529906
2149,SA-Joint,psnr,29.980334724872822
2151,SA-Joint,psnr,34.09242417042291
2152,SA-Joint,psnr,31.56860239125468
2166,SA-Joint,psnr,28.603221983940287
2168,SA-Joint,psnr,31.10708854647479
2176,SA-Joint,psnr,31.10044547474873
2178,SA-Joint,psnr,33.0454788494111
2183,SA-Joint,psnr,30.708618737616064
2195,SA-Joint,psnr,29.52277904106342
2200,SA-Joint,psnr,31.993157079176196
2204,SA-Joint,psnr,29.88231406773396
2205,SA-Joint,psnr,31.613691032825223
2206,SA-Joint,psnr,30.75742166552493
2211,SA-Joint,psnr,33.07680112294744
2218,SA-Joint,psnr,34.614032116353
2221,SA-Joint,psnr,33.091516523388485
2224,SA-Joint,psnr,31.955521107900886
2227,SA-Joint,psnr,33.11816188082075
2231,SA-Joint,psnr,30.289658834025964
2236,SA-Joint,psnr,30.024997142365493
2238,SA-Joint,psnr,27.62324828166956
2242,SA-Joint,psnr,29.016942796952897
2246,SA-Joint,psnr,30.71062234369579
2269,SA-Joint,psnr,31.519428401553135
2278,SA-Joint,psnr,30.463344733022673
2279,SA-Joint,psnr,29.036071013861267
2305,SA-Joint,psnr,29.791747493436496
2315,SA-Joint,psnr,30.428466620775264
2316,SA-Joint,psnr,30.137504633536977
2331,SA-Joint,psnr,32.12139331886965
2332,SA-Joint,psnr,32.90170870150743
2334,SA-Joint,psnr,32.36734776896552
2336,SA-Joint,psnr,28.65902400390173
2342,SA-Joint,psnr,30.174437010339027
2344,SA-Joint,psnr,33.30707491749081
2345,SA-Joint,psnr,30.913387200346072
2350,SA-Joint,psnr,29.662344829955135
2358,SA-Joint,psnr,28.108159501846405
2378,SA-Joint,psnr,31.128984167668108
2388,SA-Joint,psnr,32.20616542811244
2390,SA-Joint,psnr,28.19267160140969
2396,SA-Joint,psnr,34.01018870904431
2415,SA-Joint,psnr,32.44821260109581
2417,SA-Joint,psnr,31.69987640310317
2427,SA-Joint,psnr,30.04801099642946
2428,SA-Joint,psnr,34.14697924850198
2442,SA-Joint,psnr,30.695605165917065
2448,SA-Joint,psnr,30.424881249258434
2459,SA-Joint,psnr,33.209201265771526
2460,SA-Joint,psnr,29.149643795175525
2482,SA-Joint,psnr,32.87895524770671
2483,SA-Joint,psnr,35.06384239523237
2501,SA-Joint,psnr,29.781937943095528
2512,SA-Joint,psnr,35.6556117477215
2514,SA-Joint,psnr,32.4464467588775
2520,SA-Joint,psnr,28.785276803721626
2536,SA-Joint,psnr,29.835078763442297
2543,SA-Joint,psnr,32.0647412068773
2554,SA-Joint,psnr,32.473196607337144
2598,SA-Joint,psnr,31.244549442421587
2602,SA-Joint,psnr,28.77639957539963
2604,SA-Joint,psnr,31.17842041806458
2609,SA-Joint,psnr,31.318011730852614
2611,SA-Joint,psnr,30.070798166129823
2616,SA-Joint,psnr,29.00057673480754
2618,SA-Joint,psnr,31.75878763895618
2630,SA-Joint,psnr,30.008271101809243
2647,SA-Joint,psnr,29.528231642794402
2652,SA-Joint,psnr,31.4837890665521
2653,SA-Joint,psnr,29.72416756462092
2660,SA-Joint,psnr,30.21184216146438
2673,SA-Joint,psnr,31.7575154197953
2682,SA-Joint,psnr,30.743811448748485
2687,SA-Joint,psnr,35.37338991666174
2700,SA-Joint,psnr,30.487942750451666
2702,SA-Joint,psnr,26.740158408815724
2711,SA-Joint,psnr,28.140766503641874
2725,SA-Joint,psnr,29.930748603921455
2726,SA-Joint,psnr,33.23991256982544
2727,SA-Joint,psnr,27.8569432694739
2732,SA-Joint,psnr,30.91155504193328
2742,SA-Joint,psnr,29.38362449503922
2744,SA-Joint,psnr,34.72444912083478
2745,SA-Joint,psnr,32.310460988167875
2751,SA-Joint,psnr,29.919375687247772
2775,SA-Joint,psnr,36.87689710419256
2782,SA-Joint,psnr,27.976736818419774
2783,SA-Joint,psnr,29.351316100739986
2787,SA-Joint,psnr,32.281212619479454
2788,SA-Joint,psnr,30.897417690625627
2792,SA-Joint,psnr,30.842389785899247
2810,SA-Joint,psnr,30.556272288398322
2813,SA-Joint,psnr,32.78272878352813
2816,SA-Joint,psnr,31.860645071335657
2817,SA-Joint,psnr,32.711665277565274
2819,SA-Joint,psnr,34.9701507706046
2841,SA-Joint,psnr,29.45997370866431
2846,SA-Joint,psnr,29.337203237234903
2851,SA-Joint,psnr,32.496015638324735
2855,SA-Joint,psnr,29.679934871984162
2864,SA-Joint,psnr,28.434365371878695
2875,SA-Joint,psnr,31.45624084696103
2886,SA-Joint,psnr,29.703885525071723
2897,SA-Joint,psnr,29.747202992352037
2911,SA-Joint,psnr,29.758618261320645
2915,SA-Joint,psnr,31.969732148270587
2929,SA-Joint,psnr,32.05020361906969
2938,SA-Joint,psnr,30.742174082394836
2945,SA-Joint,psnr,30.169833191390055
2959,SA-Joint,psnr,28.287905700113388
2966,SA-Joint,psnr,29.74786196073907
2971,SA-Joint,psnr,32.013139381602606
2973,SA-Joint,psnr,32.127088709568035
2975,SA-Joint,psnr,31.166083078468848
2976,SA-Joint,psnr,31.194440000317876
2986,SA-Joint,psnr,33.27477769229149
3010,SA-Joint,psnr,30.34100517262546
3020,SA-Joint,psnr,29.71758420111177
3027,SA-Joint,psnr,32.178508747550545
3032,SA-Joint,psnr,31.022550762044347
3039,SA-Joint,psnr,29.965591905498936
3048,SA-Joint,psnr,30.944679868787347
3049,SA-Joint,psnr,30.836246276841504
3056,SA-Joint,psnr,30.721794713524382
3062,SA-Joint,psnr,31.25557867763517
3065,SA-Joint,psnr,33.15272829373183
3068,SA-Joint,psnr,31.88400477720475
3071,SA-Joint,psnr,30.804323528278267
3072,SA-Joint,psnr,32.53511311081769
3073,SA-Joint,psnr,30.44974435008287
3074,SA-Joint,psnr,31.99558306954546
3085,SA-Joint,psnr,32.72478155236573
3086,SA-Joint,psnr,27.699066103169926
3089,SA-Joint,psnr,32.5216746122594
3095,SA-Joint,psnr,29.732746104211504
3105,SA-Joint,psnr,31.497012456545747
3107,SA-Joint,psnr,32.865949386140144
3111,SA-Joint,psnr,29.87093478944931
3118,SA-Joint,psnr,29.31219444511367
3126,SA-Joint,psnr,32.21853698144931
3132,SA-Joint,psnr,31.323315828842055
3134,SA-Joint,psnr,31.65598776338323
3142,SA-Joint,psnr,35.70681430686236
3149,SA-Joint,psnr,31.30913573196488
3151,SA-Joint,psnr,31.19699692840449
3152,SA-Joint,psnr,32.13349223363535
3165,SA-Joint,psnr,31.21505716615824
3167,SA-Joint,psnr,28.889639012424496
3168,SA-Joint,psnr,32.28961652051024
3178,SA-Joint,psnr,30.81167965065972
3183,SA-Joint,psnr,31.82476116464347
3185,SA-Joint,psnr,36.60428027536793
3217,SA-Joint,psnr,31.01194609389303
3219,SA-Joint,psnr,30.70148911658375
3222,SA-Joint,psnr,28.214300701257503
3225,SA-Joint,psnr,30.26880508915965
3236,SA-Joint,psnr,30.361930783698515
3240,SA-Joint,psnr,32.3510732122159
3242,SA-Joint,psnr,32.875175323585744
3243,SA-Joint,psnr,30.488440650129206
3250,SA-Joint,psnr,33.87999321388137
3253,SA-Joint,psnr,30.591339302080407
3276,SA-Joint,psnr,30.930576242347435
3280,SA-Joint,psnr,30.010457035812344
3289,SA-Joint,psnr,32.827406005585125
3297,SA-Joint,psnr,33.970591385722805
3313,SA-Joint,psnr,31.668123312728827
3317,SA-Joint,psnr,28.498557609850486
3328,SA-Joint,psnr,30.03585271658701
3333,SA-Joint,psnr,31.410194239653578
3341,SA-Joint,psnr,31.895128808739624
3342,SA-Joint,psnr,30.610840364774482
3345,SA-Joint,psnr,30.00160299806048
3363,SA-Joint,psnr,31.60164723907433
3367,SA-Joint,psnr,34.32059742181983
3381,SA-Joint,psnr,29.054712825598745
3395,SA-Joint,psnr,30.65498828346092
3397,SA-Joint,psnr,31.110524487611745
3402,SA-Joint,psnr,29.40681094248548
3403,SA-Joint,psnr,34.65467829800388
3404,SA-Joint,psnr,29.38058070656631
3427,SA-Joint,psnr,31.86516676418549
3436,SA-Joint,psnr,29.26724698749924
3443,SA-Joint,psnr,30.2971072165797
3461,SA-Joint,psnr,31.921109996070072
3462,SA-Joint,psnr,32.35534766690189
3465,SA-Joint,psnr,30.725521476374578
3487,SA-Joint,psnr,32.13987626394652
3495,SA-Joint,psnr,32.876272436550614
3509,SA-Joint,psnr,30.645518750814603
3510,SA-Joint,psnr,31.164615709150503
3511,SA-Joint,psnr,29.506534547912583
3512,SA-Joint,psnr,31.260596330918467
3516,SA-Joint,psnr,29.458909334988327
3527,SA-Joint,psnr,29.025830701128047
3543,SA-Joint,psnr,32.195910746909824
3551,SA-Joint,psnr,34.3974593834823
3554,SA-Joint,psnr,32.01831496488382
3557,SA-Joint,psnr,33.948783476290764
3559,SA-Joint,psnr,31.302121220584862
3561,SA-Joint,psnr,30.420002105251555
3567,SA-Joint,psnr,31.738926333417293
3580,SA-Joint,psnr,30.95032066025083
3592,SA-Joint,psnr,34.41706640164785
3594,SA-Joint,psnr,31.681397095054944
3597,SA-Joint,psnr,37.21574438811863
3598,SA-Joint,psnr,31.782113963148436
3610,SA-Joint,psnr,29.77247038244647
3612,SA-Joint,psnr,31.20060785290437
3625,SA-Joint,psnr,27.683781004441357
3634,SA-Joint,psnr,34.18312320922992
3636,SA-Joint,psnr,30.919078789407774
3644,SA-Joint,psnr,29.231302142045706
3646,SA-Joint,psnr,34.40883767265527
3647,SA-Joint,psnr,29.72243800714753
3668,SA-Joint,psnr,28.94163555948427
3674,SA-Joint,psnr,31.30889422969596
3676,SA-Joint,psnr,33.220132666864345
3694,SA-Joint,psnr,30.61534463777197
3701,SA-Joint,psnr,29.482384659026664
3712,SA-Joint,psnr,29.857562020671665
3714,SA-Joint,psnr,29.986768895272835
3719,SA-Joint,psnr,30.82478291787257
3721,SA-Joint,psnr,31.882188586325068
3723,SA-Joint,psnr,29.04671674435172
3725,SA-Joint,psnr,32.36888523764541
3728,SA-Joint,psnr,34.40936294909679
3730,SA-Joint,psnr,31.486433834441986
3739,SA-Joint,psnr,34.04376825780333
3741,SA-Joint,psnr,32.504385691487855
3745,SA-Joint,psnr,33.19335861546986
3746,SA-Joint,psnr,28.897307870839242
3754,SA-Joint,psnr,32.06098939644455
3758,SA-Joint,psnr,31.547209259398517
3759,SA-Joint,psnr,33.836236752805526
3779,SA-Joint,psnr,34.020629162483026
3791,SA-Joint,psnr,30.324706234739473
3792,SA-Joint,psnr,29.969251558935618
3794,SA-Joint,psnr,32.687674510303275
3803,SA-Joint,psnr,34.06001813804792
3804,SA-Joint,psnr,31.404640774493664
3807,SA-Joint,psnr,32.12253118375602
3809,SA-Joint,psnr,32.2450726769788
3812,SA-Joint,psnr,29.451886008804088
3813,SA-Joint,psnr,31.150024550923124
3815,SA-Joint,psnr,31.748600708025457
3823,SA-Joint,psnr,30.362903199373086
3824,SA-Joint,psnr,36.12479290480082
3827,SA-Joint,psnr,30.55617519814769
3830,SA-Joint,psnr,32.71145905102456
3834,SA-Joint,psnr,29.320865571480674
3838,SA-Joint,psnr,30.261086728175684
3845,SA-Joint,psnr,35.989047031768784
3846,SA-Joint,psnr,33.13580262434135
3849,SA-Joint,psnr,32.065393381445126
3850,SA-Joint,psnr,31.498301798032916
3859,SA-Joint,psnr,32.003202083907844
3883,SA-Joint,psnr,31.530566574418707
3886,SA-Joint,psnr,29.469043962146625
3887,SA-Joint,psnr,31.952438780375786
3892,SA-Joint,psnr,29.494419352917486
3894,SA-Joint,psnr,29.16503578963079
3897,SA-Joint,psnr,32.17474034231652
3917,SA-Joint,psnr,32.61541413747784
3927,SA-Joint,psnr,31.86023625693979
3928,SA-Joint,psnr,30.831193621332705
3933,SA-Joint,psnr,30.75091343277974
3937,SA-Joint,psnr,33.49897956081822
3938,SA-Joint,psnr,32.56131262255175
3951,SA-Joint,psnr,29.012545176852424
3969,SA-Joint,psnr,30.412633263857366
3972,SA-Joint,psnr,29.521957765878582
3978,SA-Joint,psnr,32.523778715745834
3982,SA-Joint,psnr,31.453022230218338
4000,SA-Joint,psnr,28.884098551230597
4001,SA-Joint,psnr,30.15264237879697
4006,SA-Joint,psnr,33.39374976913404
4010,SA-Joint,psnr,33.04058381341171
4018,SA-Joint,psnr,33.36706924151215
4020,SA-Joint,psnr,30.01892016803137
4023,SA-Joint,psnr,33.06256917691529
4028,SA-Joint,psnr,32.38540599720456
4035,SA-Joint,psnr,29.44834286481064
4038,SA-Joint,psnr,31.271882296836235
4039,SA-Joint,psnr,30.491491449986604
4047,SA-Joint,psnr,33.0597803043615
4050,SA-Joint,psnr,31.037514324495636
4052,SA-Joint,psnr,32.29349506706667
4055,SA-Joint,psnr,31.776492755006892
4069,SA-Joint,psnr,35.85730428482296
4073,SA-Joint,psnr,32.53537136531597
4078,SA-Joint,psnr,31.454934141945152
4079,SA-Joint,psnr,29.40497144278676
4080,SA-Joint,psnr,31.136455545154238
4091,SA-Joint,psnr,30.09595005467221
4096,SA-Joint,psnr,29.163796920604067
4098,SA-Joint,psnr,32.3450065892181
4121,SA-Joint,psnr,30.758015645759272
4134,SA-Joint,psnr,30.655066071872653
4135,SA-Joint,psnr,31.92456177198132
4137,SA-Joint,psnr,32.970555041760704
4145,SA-Joint,psnr,31.951028360480738
4149,SA-Joint,psnr,34.17282484590122
4153,SA-Joint,psnr,28.966598572232588
4181,SA-Joint,psnr,29.64289974779037
4188,SA-Joint,psnr,28.59937981437469
4196,SA-Joint,psnr,29.60164900954776
4204,SA-Joint,psnr,28.36513325288335
4209,SA-Joint,psnr,31.52718732970781
4211,SA-Joint,psnr,31.764627454283143
4212,SA-Joint,psnr,30.910198788979486
4218,SA-Joint,psnr,28.821451162545365
4228,SA-Joint,psnr,31.02494589465314
4229,SA-Joint,psnr,32.704443275388584
4250,SA-Joint,psnr,31.86049168445428
4254,SA-Joint,psnr,33.704021195578775
4261,SA-Joint,psnr,32.99678799964825
4264,SA-Joint,psnr,30.76170269285649
4265,SA-Joint,psnr,31.62685961666512
4284,SA-Joint,psnr,31.506682622150187
4294,SA-Joint,psnr,33.18313024611062
4296,SA-Joint,psnr,32.09671315288789
4306,SA-Joint,psnr,31.18556382186098
4321,SA-Joint,psnr,31.000549460769374
4327,SA-Joint,psnr,32.06627081194978
4331,SA-Joint,psnr,32.71272864533913
4334,SA-Joint,psnr,29.3247594225517
4339,SA-Joint,psnr,32.98757637740931
4340,SA-Joint,psnr,30.345785825966797
4344,SA-Joint,psnr,29.116981607701803
4349,SA-Joint,psnr,30.33770836379582
4361,SA-Joint,psnr,33.75092777452431
4370,SA-Joint,psnr,31.43751265948161
4371,SA-Joint,psnr,33.51083387729651
4376,SA-Joint,psnr,32.42116625905072
4390,SA-Joint,psnr,30.638249645903763
4403,SA-Joint,psnr,31.219515104274972
4408,SA-Joint,psnr,32.84606488088773
4412,SA-Joint,psnr,32.646604868549275
4419,SA-Joint,psnr,32.15897586999061
4433,SA-Joint,psnr,30.921611668083795
4437,SA-Joint,psnr,31.554322416935022
4446,SA-Joint,psnr,30.60343787684119
4450,SA-Joint,psnr,32.584926802672655
4460,SA-Joint,psnr,34.62680551970907
4464,SA-Joint,psnr,29.92507702250363
4466,SA-Joint,psnr,33.55023761460059
4474,SA-Joint,psnr,29.471883007780193
4491,SA-Joint,psnr,32.57021698889654
4499,SA-Joint,psnr,32.39336614179594
4527,SA-Joint,psnr,30.56248886872572
4535,SA-Joint,psnr,29.393826197820275
4542,SA-Joint,psnr,28.191579718480124
4544,SA-Joint,psnr,30.713786084242294
4547,SA-Joint,psnr,35.19804063683899
4554,SA-Joint,psnr,32.47722198342929
4555,SA-Joint,psnr,35.24357433560397
4561,SA-Joint,psnr,32.468319945719955
4566,SA-Joint,psnr,34.261983074196905
4568,SA-Joint,psnr,31.146315494670898
4586,SA-Joint,psnr,30.510833946121018
4589,SA-Joint,psnr,27.931888337166203
4590,SA-Joint,psnr,29.90769670029802
4597,SA-Joint,psnr,29.0896950703103
4602,SA-Joint,psnr,31.709516077950216
4613,SA-Joint,psnr,29.364665370362417
4614,SA-Joint,psnr,33.26420719890007
4619,SA-Joint,psnr,31.997269239079607
4627,SA-Joint,psnr,31.84931821024399
4629,SA-Joint,psnr,29.930056328478432
4633,SA-Joint,psnr,31.90202520193578
4635,SA-Joint,psnr,31.3803348235807
4650,SA-Joint,psnr,32.85098929558275
4656,SA-Joint,psnr,34.925723236048285
4677,SA-Joint,psnr,32.409522379486575
4682,SA-Joint,psnr,29.736977004930733
4685,SA-Joint,psnr,30.94507174144294
4691,SA-Joint,psnr,28.733253533451496
4703,SA-Joint,psnr,32.67546548697591
4712,SA-Joint,psnr,30.913398567299293
4716,SA-Joint,psnr,34.379094991225614
4725,SA-Joint,psnr,32.218249669720144
4727,SA-Joint,psnr,29.580994493363896
4734,SA-Joint,psnr,31.234595104932538
4750,SA-Joint,psnr,34.11149838600516
4751,SA-Joint,psnr,30.749387943018085
4752,SA-Joint,psnr,29.467269187675456
4753,SA-Joint,psnr,31.278092367057333
4760,SA-Joint,psnr,32.57128106379293
4761,SA-Joint,psnr,29.75038200686326
4770,SA-Joint,psnr,30.900426621187215
4774,SA-Joint,psnr,32.45079894650595
4777,SA-Joint,psnr,30.110427873047378
4791,SA-Joint,psnr,33.0280233166308
4793,SA-Joint,psnr,32.03210295597966
4796,SA-Joint,psnr,30.37397550176593
4801,SA-Joint,psnr,31.95513023050961
4809,SA-Joint,psnr,32.906232237465815
4811,SA-Joint,psnr,32.51763337257272
4813,SA-Joint,psnr,31.7928735968329
4821,SA-Joint,psnr,32.500804166360446
4828,SA-Joint,psnr,29.09974624022066
4839,SA-Joint,psnr,33.453352660865725
4842,SA-Joint,psnr,28.705421745203104
4851,SA-Joint,psnr,31.26939205061339
4854,SA-Joint,psnr,30.386843028288254
4859,SA-Joint,psnr,31.358759099595623
4862,SA-Joint,psnr,30.333559472363053
4866,SA-Joint,psnr,31.496676930881282
4881,SA-Joint,psnr,30.726255673690602
4901,SA-Joint,psnr,31.332468171311948
4905,SA-Joint,psnr,31.412991869180182
4907,SA-Joint,psnr,29.76893752704209
4911,SA-Joint,psnr,32.52979559728659
4923,SA-Joint,psnr,30.451475703222656
4926,SA-Joint,psnr,30.64879778777935
4936,SA-Joint,psnr,31.97248610542577
4937,SA-Joint,psnr,29.652796268148375
4939,SA-Joint,psnr,32.29765862192902
4943,SA-Joint,psnr,30.753980840616485
4973,SA-Joint,psnr,34.45627100106147
4975,SA-Joint,psnr,33.64501102570617
4980,SA-Joint,psnr,31.623896038947844
4987,SA-Joint,psnr,30.473196760565312
4995,SA-Joint,psnr,31.297494162122064
4997,SA-Joint,psnr,29.21145833642207
5010,SA-Joint,psnr,28.25923170212355
5013,SA-Joint,psnr,33.66686677675738
5017,SA-Joint,psnr,37.40499950882524
5025,SA-Joint,psnr,31.64950350819009
5028,SA-Joint,psnr,28.502251227512303
5039,SA-Joint,psnr,32.96229647198355
5041,SA-Joint,psnr,31.844702897141698
5053,SA-Joint,psnr,31.50946767989506
5058,SA-Joint,psnr,30.11953105377224
5064,SA-Joint,psnr,33.31704111628998
5069,SA-Joint,psnr,32.00470348937352
5073,SA-Joint,psnr,31.727199588093548
5084,SA-Joint,psnr,30.789611456877495
5096,SA-Joint,psnr,30.719435590635857
5099,SA-Joint,psnr,32.04731546817138
5101,SA-Joint,psnr,30.445365507849857
5103,SA-Joint,psnr,33.12076437966133
5105,SA-Joint,psnr,30.566937002000095
5106,SA-Joint,psnr,30.59654308742443
5120,SA-Joint,psnr,32.338653547941504
5125,SA-Joint,psnr,29.162728270830094
5139,SA-Joint,psnr,34.43396921073396
5151,SA-Joint,psnr,30.6023696128926
5154,SA-Joint,psnr,29.694899746787627
5160,SA-Joint,psnr,33.826433537006935
5162,SA-Joint,psnr,32.58698771115899
5182,SA-Joint,psnr,28.91234543031915
5183,SA-Joint,psnr,34.55866758860995
5190,SA-Joint,psnr,30.95968860679656
5199,SA-Joint,psnr,27.87795168377587
5216,SA-Joint,psnr,28.294902133185143
5220,SA-Joint,psnr,30.8222544929499
5221,SA-Joint,psnr,30.840323431911138
5227,SA-Joint,psnr,30.612011229110184
5234,SA-Joint,psnr,35.88919209956685
5235,SA-Joint,psnr,29.0169300046338
5250,SA-Joint,psnr,29.54107058728968
5254,SA-Joint,psnr,32.754384757350934
5259,SA-Joint,psnr,34.566130773081255
5263,SA-Joint,psnr,32.18672826569259
5265,SA-Joint,psnr,31.54418594423256
5268,SA-Joint,psnr,32.10508506960538
5275,SA-Joint,psnr,35.38393770601362
5281,SA-Joint,psnr,29.179252207911155
5290,SA-Joint,psnr,30.399186451011445
5293,SA-Joint,psnr,30.74535101069432
5302,SA-Joint,psnr,30.93519475824251
5313,SA-Joint,psnr,31.564445616727692
5336,SA-Joint,psnr,29.49540408975828
5337,SA-Joint,psnr,32.24269058681395
5347,SA-Joint,psnr,35.20348088047831
5357,SA-Joint,psnr,32.73205062303045
5360,SA-Joint,psnr,31.65674802172493
5362,SA-Joint,psnr,32.01058595683653
5370,SA-Joint,psnr,30.652726655516144
5372,SA-Joint,psnr,29.782752238233133
5378,SA-Joint,psnr,28.667862769848327
5383,SA-Joint,psnr,33.98120277846423
5400,SA-Joint,psnr,28.472954728416347
5408,SA-Joint,psnr,31.36421864577816
5413,SA-Joint,psnr,31.14431214203475
5415,SA-Joint,psnr,31.113149878930606
5417,SA-Joint,psnr,30.297376695198555
5425,SA-Joint,psnr,31.0995796645356
5435,SA-Joint,psnr,32.90118352646714
5437,SA-Joint,psnr,29.24713239063982
5443,SA-Joint,psnr,31.27784105772005
5450,SA-Joint,psnr,31.645913197176434
5452,SA-Joint,psnr,31.024455992847756
5456,SA-Joint,psnr,31.90217550279153
5459,SA-Joint,psnr,31.818541431598433
5479,SA-Joint,psnr,32.452966019138294
5485,SA-Joint,psnr,29.96823913840376
5493,SA-Joint,psnr,35.42624213108795
5496,SA-Joint,psnr,33.0753459699894
5497,SA-Joint,psnr,29.206804247133398
5519,SA-Joint,psnr,29.115804100698647
5521,SA-Joint,psnr,32.062493688832674
5522,SA-Joint,psnr,30.549567975378437
5532,SA-Joint,psnr,30.15677917884775
5544,SA-Joint,psnr,31.055517750033115
5545,SA-Joint,psnr,29.49752068636975
5551,SA-Joint,psnr,30.318247223038885
5555,SA-Joint,psnr,31.737451422198543
5556,SA-Joint,psnr,34.455429270356504
5557,SA-Joint,psnr,32.842764798986714
5560,SA-Joint,psnr,29.719530747939395
5569,SA-Joint,psnr,31.83618686053958
5572,SA-Joint,psnr,27.86868634946313
5573,SA-Joint,psnr,32.73952215148208
5578,SA-Joint,psnr,30.13056781987735
5584,SA-Joint,psnr,34.086471494909205
5585,SA-Joint,psnr,31.210370970331603
5587,SA-Joint,psnr,30.164844909970444
5589,SA-Joint,psnr,34.078662032640274
5596,SA-Joint,psnr,32.701643438991525
5603,SA-Joint,psnr,34.97855337048093
5608,SA-Joint,psnr,36.80992169696391
5610,SA-Joint,psnr,29.14621066815294
5615,SA-Joint,psnr,32.60773771115704
5618,SA-Joint,psnr,31.567443514880974
5623,SA-Joint,psnr,33.776476308438816
5633,SA-Joint,psnr,30.5209763239537
5646,SA-Joint,psnr,33.71801823739923
5648,SA-Joint,psnr,33.26613993732938
5657,SA-Joint,psnr,29.54467604155012
5662,SA-Joint,psnr,32.85318892662039
5667,SA-Joint,psnr,29.64886264291011
5674,SA-Joint,psnr,30.627618605850728
5677,SA-Joint,psnr,30.362241219440143
5697,SA-Joint,psnr,31.000752687227582
5712,SA-Joint,psnr,32.81051152976322
5715,SA-Joint,psnr,31.448042106851467
5728,SA-Joint,psnr,31.534299974852445
5737,SA-Joint,psnr,29.94035378053733
5742,SA-Joint,psnr,31.863585932878912
5744,SA-Joint,psnr,32.90251546080382
5758,SA-Joint,psnr,31.439753877278747
5763,SA-Joint,psnr,34.12850594499859
5770,SA-Joint,psnr,35.684906512886975
5774,SA-Joint,psnr,30.08145604590075
5785,SA-Joint,psnr,32.699027395890276
5793,SA-Joint,psnr,32.82229172896003
5802,SA-Joint,psnr,31.367700352001822
5803,SA-Joint,psnr,27.00020310391317
5804,SA-Joint,psnr,32.60108196279119
5810,SA-Joint,psnr,27.63599187140923
5813,SA-Joint,psnr,27.763613293093382
5819,SA-Joint,psnr,34.15429737572551
5831,SA-Joint,psnr,30.050304726925177
5838,SA-Joint,psnr,32.28043294524349
5848,SA-Joint,psnr,28.92908502333105
5850,SA-Joint,psnr,31.33050729307144
5851,SA-Joint,psnr,25.992237584592726
5860,SA-Joint,psnr,33.46755673817232
5877,SA-Joint,psnr,32.73127425558749
5878,SA-Joint,psnr,33.775608649797164
5880,SA-Joint,psnr,33.395300856849076
5884,SA-Joint,psnr,33.123671865025756
5890,SA-Joint,psnr,30.952339705260957
5892,SA-Joint,psnr,34.55338745599279
5895,SA-Joint,psnr,30.03287152463342
5899,SA-Joint,psnr,33.98989609971873
5903,SA-Joint,psnr,29.925370201903636
5904,SA-Joint,psnr,31.841328872612607
5906,SA-Joint,psnr,31.84108602377478
5916,SA-Joint,psnr,30.701835779648704
5919,SA-Joint,psnr,31.5058343794491
5939,SA-Joint,psnr,30.319900540213204
5941,SA-Joint,psnr,27.98828918676705
5961,SA-Joint,psnr,33.650223883532234
5966,SA-Joint,psnr,31.348368935643492
5967,SA-Joint,psnr,30.11417084766009
5968,SA-Joint,psnr,30.04749347298924
5969,SA-Joint,psnr,31.120206024091395
5976,SA-Joint,psnr,30.088751197103836
5980,SA-Joint,psnr,31.45261885306791
5994,SA-Joint,psnr,33.93720848309649
6006,SA-Joint,psnr,31.959420592208154
6013,SA-Joint,psnr,31.611236962743266
6018,SA-Joint,psnr,29.822576072130627
6020,SA-Joint,psnr,32.55610196383294
6021,SA-Joint,psnr,31.398543333128572
6022,SA-Joint,psnr,30.08374932828959
6025,SA-Joint,psnr,31.741341728904825
6027,SA-Joint,psnr,31.635663776757955
6042,SA-Joint,psnr,35.0312356414848
6047,SA-Joint,psnr,29.859698266924966
6048,SA-Joint,psnr,33.9840164902079
6060,SA-Joint,psnr,31.59837183775844
6063,SA-Joint,psnr,30.193430711915656
6067,SA-Joint,psnr,32.46089394148395
6071,SA-Joint,psnr,29.091361163386892
6075,SA-Joint,psnr,32.91251506114018
6083,SA-Joint,psnr,28.627644780879184
6085,SA-Joint,psnr,30.958249978419264
6089,SA-Joint,psnr,31.91510218622208
6091,SA-Joint,psnr,27.86648981542113
6110,SA-Joint,psnr,30.603319966515578
6117,SA-Joint,psnr,32.5560937237692
6129,SA-Joint,psnr,30.12613720706236
6135,SA-Joint,psnr,29.82038478844005
6137,SA-Joint,psnr,31.41357883568089
6139,SA-Joint,psnr,30.987070782341917
6147,SA-Joint,psnr,30.21974249652072
6156,SA-Joint,psnr,31.102741944778014
6157,SA-Joint,psnr,34.80637762640634
6158,SA-Joint,psnr,27.910235981318593
6162,SA-Joint,psnr,33.5563623283186
6171,SA-Joint,psnr,32.28295383414329
6177,SA-Joint,psnr,33.073013568026866
6181,SA-Joint,psnr,34.453187331948165
6182,SA-Joint,psnr,30.301948517048515
6184,SA-Joint,psnr,29.803620627020205
6189,SA-Joint,psnr,29.3755237437669
6199,SA-Joint,psnr,33.57465278485793
6204,SA-Joint,psnr,30.973982130072365
6208,SA-Joint,psnr,31.013926619563446
6209,SA-Joint,psnr,33.009040043798535
6217,SA-Joint,psnr,28.616220954976022
6218,SA-Joint,psnr,29.076944563865723
6222,SA-Joint,psnr,31.035039643809043
6226,SA-Joint,psnr,32.21179657687606
6233,SA-Joint,psnr,32.91243207107604
6241,SA-Joint,psnr,34.52956394132892
6243,SA-Joint,psnr,30.099593640822885
6264,SA-Joint,psnr,32.87249795237864
6265,SA-Joint,psnr,30.839329322163792
6275,SA-Joint,psnr,29.520829607591924
6277,SA-Joint,psnr,30.015670055159823
6287,SA-Joint,psnr,30.80513907080393
6292,SA-Joint,psnr,35.77979042682844
6301,SA-Joint,psnr,32.38430857207418
6309,SA-Joint,psnr,33.8799772192701
6318,SA-Joint,psnr,36.22776285181422
6325,SA-Joint,psnr,32.57446512520317
6335,SA-Joint,psnr,30.794673051750642
6339,SA-Joint,psnr,33.042118117624405
6353,SA-Joint,psnr,32.947716299837126
6362,SA-Joint,psnr,32.95381643243992
6364,SA-Joint,psnr,28.701714749302276
6366,SA-Joint,psnr,32.75945216502952
6368,SA-Joint,psnr,31.384299993098097
6386,SA-Joint,psnr,31.779590499951752
6402,SA-Joint,psnr,30.33569110201197
6403,SA-Joint,psnr,30.380179981033656
6410,SA-Joint,psnr,30.062545104774543
6416,SA-Joint,psnr,34.0801660769882
6421,SA-Joint,psnr,33.78763003907568
6422,SA-Joint,psnr,32.4200298307302
6423,SA-Joint,psnr,30.529017308500887
6427,SA-Joint,psnr,32.96542274734159
6428,SA-Joint,psnr,30.021825793609306
6432,SA-Joint,psnr,32.79221808100006
6446,SA-Joint,psnr,31.451728103022294
6457,SA-Joint,psnr,33.48839199402057
6471,SA-Joint,psnr,32.4753420632142
6484,SA-Joint,psnr,31.12031719492967
6496,SA-Joint,psnr,31.691800738017598
6498,SA-Joint,psnr,31.053054107103456
6503,SA-Joint,psnr,34.96184868349934
6509,SA-Joint,psnr,31.075792928394215
6513,SA-Joint,psnr,30.590908851614177
6522,SA-Joint,psnr,28.095104716752395
6539,SA-Joint,psnr,32.619162211200056
6545,SA-Joint,psnr,31.57737588968557
6547,SA-Joint,psnr,32.6897229876263
6552,SA-Joint,psnr,33.216753330493226
6559,SA-Joint,psnr,32.14452672827011
6564,SA-Joint,psnr,32.173164578100454
6566,SA-Joint,psnr,31.36221108716761
6570,SA-Joint,psnr,31.60398906237528
6584,SA-Joint,psnr,34.33449325375854
6588,SA-Joint,psnr,27.77376408848356
6594,SA-Joint,psnr,27.244190638221237
6612,SA-Joint,psnr,33.38147939901381
6628,SA-Joint,psnr,29.93904802282175
6637,SA-Joint,psnr,30.25466482512073
6642,SA-Joint,psnr,31.56102500033414
6647,SA-Joint,psnr,34.55895814093382
6648,SA-Joint,psnr,32.09687467642234
6649,SA-Joint,psnr,31.0838063756022
6653,SA-Joint,psnr,29.8011280924937
6656,SA-Joint,psnr,30.909019413112947
6660,SA-Joint,psnr,32.03516389272736
6672,SA-Joint,psnr,30.351675575378756
6676,SA-Joint,psnr,32.69961448831343
6682,SA-Joint,psnr,31.76572579571259
6683,SA-Joint,psnr,31.862994384069925
6691,SA-Joint,psnr,34.410846304079584
6695,SA-Joint,psnr,31.395618777883207
6700,SA-Joint,psnr,28.075544087422337
6705,SA-Joint,psnr,29.245109701064372
6706,SA-Joint,psnr,34.44753976841517
6711,SA-Joint,psnr,31.466109185708522
6732,SA-Joint,psnr,31.261540458617493
6742,SA-Joint,psnr,29.27570012303179
6744,SA-Joint,psnr,37.16834056792058
6747,SA-Joint,psnr,30.83056759406475
6757,SA-Joint,psnr,32.191620518008996
6769,SA-Joint,psnr,32.25399542113038
6786,SA-Joint,psnr,31.648298532082066
6787,SA-Joint,psnr,31.638763591730175
6800,SA-Joint,psnr,32.73357833559239
6808,SA-Joint,psnr,32.28504282078932
6826,SA-Joint,psnr,30.51286516505715
6831,SA-Joint,psnr,32.749610986253195
6833,SA-Joint,psnr,32.93755342200527
6835,SA-Joint,psnr,29.308392208637898
6837,SA-Joint,psnr,40.1806579462125
6845,SA-Joint,psnr,31.670137735718956
6848,SA-Joint,psnr,29.109843226425976
6855,SA-Joint,psnr,29.64498973336219
6860,SA-Joint,psnr,30.989622422071207
6865,SA-Joint,psnr,28.059764212890933
6872,SA-Joint,psnr,31.069103725461538
6880,SA-Joint,psnr,32.18740677603813
6887,SA-Joint,psnr,31.879007037143786
6889,SA-Joint,psnr,31.278127337564996
6894,SA-Joint,psnr,30.684202364573668
6904,SA-Joint,psnr,31.64206353417481
6913,SA-Joint,psnr,33.11120666196994
6928,SA-Joint,psnr,36.44538445538851
6936,SA-Joint,psnr,34.58490834166985
6963,SA-Joint,psnr,29.940203379762803
6971,SA-Joint,psnr,36.62615276992756
6992,SA-Joint,psnr,29.792107137830346
7011,SA-Joint,psnr,29.946496014925664
7013,SA-Joint,psnr,33.342445009885104
7018,SA-Joint,psnr,29.77011731104025
7023,SA-Joint,psnr,29.946244832122495
7035,SA-Joint,psnr,29.095017920397964
7038,SA-Joint,psnr,29.029884564020108
7041,SA-Joint,psnr,30.826641315367624
7042,SA-Joint,psnr,33.16613202905589
7047,SA-Joint,psnr,31.561030511434627
7057,SA-Joint,psnr,32.97759599816218
7068,SA-Joint,psnr,29.561902681099376
7088,SA-Joint,psnr,28.064947013678815
7092,SA-Joint,psnr,30.598380687837068
7100,SA-Joint,psnr,30.856067392007112
7114,SA-Joint,psnr,29.96437100486615
7119,SA-Joint,psnr,30.015312309466374
7126,SA-Joint,psnr,30.148698551231146
7131,SA-Joint,psnr,34.07857039091306
7140,SA-Joint,psnr,30.417289253802853
7142,SA-Joint,psnr,32.36806405574079
7143,SA-Joint,psnr,31.64535854762091
7153,SA-Joint,psnr,31.859019434939103
7154,SA-Joint,psnr,31.469737416524953
7169,SA-Joint,psnr,33.66680903127047
7171,SA-Joint,psnr,33.04669068783077
7172,SA-Joint,psnr,29.400707213227356
7178,SA-Joint,psnr,30.031867066712863
7184,SA-Joint,psnr,29.526593952511337
7202,SA-Joint,psnr,30.87673463028858
7206,SA-Joint,psnr,29.924658067041193
7220,SA-Joint,psnr,30.398873620732743
7226,SA-Joint,psnr,29.911224676168608
7229,SA-Joint,psnr,33.727095500981974
7231,SA-Joint,psnr,31.22905962688599
7237,SA-Joint,psnr,31.85012596813882
7244,SA-Joint,psnr,32.745684091442854
7256,SA-Joint,psnr,32.39506864778354
7259,SA-Joint,psnr,31.03854175755133
7269,SA-Joint,psnr,32.91865852732749
7272,SA-Joint,psnr,31.15699733154502
7274,SA-Joint,psnr,31.800952550072246
7276,SA-Joint,psnr,35.82392343904814
7287,SA-Joint,psnr,34.469303020279476
7288,SA-Joint,psnr,31.140651029965444
7290,SA-Joint,psnr,31.433025924175052
7293,SA-Joint,psnr,32.9017229924285
7295,SA-Joint,psnr,33.77009890699406
7299,SA-Joint,psnr,35.30859924073037
7301,SA-Joint,psnr,31.568695549321824
7313,SA-Joint,psnr,34.16010428557195
7321,SA-Joint,psnr,30.77011007508597
7327,SA-Joint,psnr,26.78878954924069
7328,SA-Joint,psnr,33.83362163899074
7331,SA-Joint,psnr,33.610280474728455
7340,SA-Joint,psnr,32.012006081754706
7346,SA-Joint,psnr,32.57882962572849
7350,SA-Joint,psnr,31.688127660276685
7373,SA-Joint,psnr,29.4519225138785
7376,SA-Joint,psnr,31.587290153642268
7383,SA-Joint,psnr,30.89783523589741
7404,SA-Joint,psnr,30.615614836638173
7412,SA-Joint,psnr,34.935709255051385
7413,SA-Joint,psnr,31.295101085633657
7421,SA-Joint,psnr,34.983643512558565
7422,SA-Joint,psnr,28.672386959574247
7426,SA-Joint,psnr,30.357010632116314
7427,SA-Joint,psnr,34.77999067805066
7429,SA-Joint,psnr,32.79421020339172
7432,SA-Joint,psnr,31.536763542875008
7454,SA-Joint,psnr,29.26554117452043
7459,SA-Joint,psnr,35.38379031556816
7463,SA-Joint,psnr,32.115257819314024
7464,SA-Joint,psnr,30.940402362568943
7476,SA-Joint,psnr,32.00726034218135
7477,SA-Joint,psnr,31.657658190479815
7498,SA-Joint,psnr,28.879789247232516
7509,SA-Joint,psnr,32.29181435074342
7511,SA-Joint,psnr,29.066443695550017
7517,SA-Joint,psnr,35.6853741350199
7526,SA-Joint,psnr,31.239758795415298
7528,SA-Joint,psnr,30.287187329748917
7529,SA-Joint,psnr,31.918620487397057
7545,SA-Joint,psnr,31.925999831491385
7546,SA-Joint,psnr,31.014728156565226
7548,SA-Joint,psnr,31.18590924112464
7555,SA-Joint,psnr,30.887808351577565
7563,SA-Joint,psnr,30.078233045037607
7570,SA-Joint,psnr,32.75675822136299
7572,SA-Joint,psnr,32.48467558741001
7576,SA-Joint,psnr,31.626961422789066
7577,SA-Joint,psnr,34.31301095939294
7595,SA-Joint,psnr,27.776189181746254
7606,SA-Joint,psnr,31.18144213586575
7608,SA-Joint,psnr,30.89055773213776
7619,SA-Joint,psnr,30.822336605977615
7620,SA-Joint,psnr,29.203324184751086
7624,SA-Joint,psnr,30.859799694702193
7627,SA-Joint,psnr,29.432792800480698
7629,SA-Joint,psnr,32.8709548680382
7630,SA-Joint,psnr,30.87910856591116
7632,SA-Joint,psnr,32.31113988754061
7645,SA-Joint,psnr,30.38746943894769
7656,SA-Joint,psnr,31.153502061644915
7671,SA-Joint,psnr,32.120343114338624
7676,SA-Joint,psnr,31.56471638373947
7688,SA-Joint,psnr,32.285207884795405
7691,SA-Joint,psnr,30.196281233463502
7692,SA-Joint,psnr,31.017595665636545
7709,SA-Joint,psnr,30.910074935626206
7710,SA-Joint,psnr,32.388712576077545
7719,SA-Joint,psnr,31.559342441161814
7738,SA-Joint,psnr,30.345283792272753
7740,SA-Joint,psnr,31.98812831682502
7741,SA-Joint,psnr,28.95919598642587
7742,SA-Joint,psnr,29.02099708367368
7759,SA-Joint,psnr,27.967375281386524
7764,SA-Joint,psnr,32.697301950843666
7768,SA-Joint,psnr,33.73263935365621
7772,SA-Joint,psnr,31.249593219269805
7774,SA-Joint,psnr,31.85672821624251
7775,SA-Joint,psnr,31.772709028323316
7776,SA-Joint,psnr,32.346977827236884
7779,SA-Joint,psnr,30.623860492061333
7791,SA-Joint,psnr,32.88221635297909
7808,SA-Joint,psnr,32.24449696740693
7813,SA-Joint,psnr,34.55996217780154
7822,SA-Joint,psnr,31.823994894294433
7825,SA-Joint,psnr,31.991043177359707
7829,SA-Joint,psnr,32.04909462136122
7835,SA-Joint,psnr,31.78653398817712
7845,SA-Joint,psnr,31.1076028920278
7861,SA-Joint,psnr,34.250864693783505
7863,SA-Joint,psnr,30.72968052282907
7869,SA-Joint,psnr,28.469674195143895
7874,SA-Joint,psnr,35.261732219126365
7891,SA-Joint,psnr,32.39996099691749
7902,SA-Joint,psnr,29.657109379718243
7916,SA-Joint,psnr,31.35115030580245
7934,SA-Joint,psnr,31.296899543710055
7940,SA-Joint,psnr,33.07787368882298
7944,SA-Joint,psnr,31.86931266070229
7960,SA-Joint,psnr,31.32163639340249
7966,SA-Joint,psnr,31.652301330376808
7967,SA-Joint,psnr,32.766806603628226
7970,SA-Joint,psnr,29.627315364306767
7971,SA-Joint,psnr,31.098180381799523
7972,SA-Joint,psnr,30.22686383111482
7977,SA-Joint,psnr,29.260937903931747
7992,SA-Joint,psnr,31.806348995459317
8002,SA-Joint,psnr,34.39491074042174
8003,SA-Joint,psnr,29.39993655102888
8004,SA-Joint,psnr,31.455126505621678
8010,SA-Joint,psnr,34.20419328441074
8015,SA-Joint,psnr,31.06333729517141
8016,SA-Joint,psnr,31.409101434666006
8024,SA-Joint,psnr,32.088485289137466
8047,SA-Joint,psnr,29.808952170528734
8058,SA-Joint,psnr,38.20551469082575
8067,SA-Joint,psnr,32.58924624562165
8073,SA-Joint,psnr,29.509603462480722
8076,SA-Joint,psnr,29.781384146267833
8081,SA-Joint,psnr,30.179154515374577
8114,SA-Joint,psnr,29.232784856487555
8115,SA-Joint,psnr,30.026775697412504
8120,SA-Joint,psnr,31.079899533808476
8122,SA-Joint,psnr,30.225841414225215
8125,SA-Joint,psnr,31.142913804888597
8136,SA-Joint,psnr,28.982315461879203
8138,SA-Joint,psnr,34.62002762454331
8149,SA-Joint,psnr,32.86649164971133
8156,SA-Joint,psnr,30.14898168087209
8157,SA-Joint,psnr,31.27245269628164
8162,SA-Joint,psnr,29.982592269501964
8167,SA-Joint,psnr,33.94755669374311
8169,SA-Joint,psnr,31.299974652983913
8170,SA-Joint,psnr,31.383325629393525
8172,SA-Joint,psnr,30.72713623610678
8202,SA-Joint,psnr,32.621207737204294
8206,SA-Joint,psnr,29.597439540383697
8217,SA-Joint,psnr,30.62053370534347
8218,SA-Joint,psnr,33.18979688994381
8222,SA-Joint,psnr,35.22738828360603
8227,SA-Joint,psnr,31.810989974598577
8249,SA-Joint,psnr,33.95333666047773
8251,SA-Joint,psnr,30.897824456623052
8252,SA-Joint,psnr,31.03347611056485
8256,SA-Joint,psnr,31.67406128030342
8263,SA-Joint,psnr,33.85353844375477
