sample_id,method,method_key,dye,dye_index,nrmse
5,RU-NNLS,ru_nnls,SYTO16-like,0,0.17615953087806702
5,RU-NNLS,ru_nnls,DIA-like,1,0.23945334553718567
5,RU-NNLS,ru_nnls,DeepRed-like,2,0.20060108602046967
12,RU-NNLS,ru_nnls,SYTO16-like,0,0.15107353031635284
12,RU-NNLS,ru_nnls,DIA-like,1,0.20498380064964294
12,RU-NNLS,ru_nnls,DeepRed-like,2,0.18642684817314148
24,RU-NNLS,ru_nnls,SYTO16-like,0,0.18109320104122162
24,RU-NNLS,ru_nnls,DIA-like,1,0.16126583516597748
24,RU-NNLS,ru_nnls,DeepRed-like,2,0.1962442398071289
26,RU-NNLS,ru_nnls,SYTO16-like,0,0.19094981253147125
26,RU-NNLS,ru_nnls,DIA-like,1,0.17337089776992798
26,RU-NNLS,ru_nnls,DeepRed-like,2,0.21967095136642456
30,RU-NNLS,ru_nnls,SYTO16-like,0,0.15228182077407837
30,RU-NNLS,ru_nnls,DIA-like,1,0.18582063913345337
30,RU-NNLS,ru_nnls,DeepRed-like,2,0.21093083918094635
35,RU-NNLS,ru_nnls,SYTO16-like,0,0.1300581842660904
35,RU-NNLS,ru_nnls,DIA-like,1,0.30608516931533813
35,RU-NNLS,ru_nnls,DeepRed-like,2,0.34126970171928406
39,RU-NNLS,ru_nnls,SYTO16-like,0,0.16768017411231995
39,RU-NNLS,ru_nnls,DIA-like,1,0.1658627986907959
39,RU-NNLS,ru_nnls,DeepRed-like,2,0.18188370764255524
41,RU-NNLS,ru_nnls,SYTO16-like,0,0.24894894659519196
41,RU-NNLS,ru_nnls,DIA-like,1,0.3382289707660675
41,RU-NNLS,ru_nnls,DeepRed-like,2,0.2378920018672943
42,RU-NNLS,ru_nnls,SYTO16-like,0,0.10951796174049377
42,RU-NNLS,ru_nnls,DIA-like,1,0.1454164981842041
42,RU-NNLS,ru_nnls,DeepRed-like,2,0.09276322275400162
44,RU-NNLS,ru_nnls,SYTO16-like,0,0.1358848363161087
44,RU-NNLS,ru_nnls,DIA-like,1,0.2233395278453827
44,RU-NNLS,ru_nnls,DeepRed-like,2,0.18040554225444794
48,RU-NNLS,ru_nnls,SYTO16-like,0,0.15362893044948578
48,RU-NNLS,ru_nnls,DIA-like,1,0.29148173332214355
48,RU-NNLS,ru_nnls,DeepRed-like,2,0.21155168116092682
65,RU-NNLS,ru_nnls,SYTO16-like,0,0.14274513721466064
65,RU-NNLS,ru_nnls,DIA-like,1,0.3013867437839508
65,RU-NNLS,ru_nnls,DeepRed-like,2,0.23619112372398376
69,RU-NNLS,ru_nnls,SYTO16-like,0,0.18487416207790375
69,RU-NNLS,ru_nnls,DIA-like,1,0.17669664323329926
69,RU-NNLS,ru_nnls,DeepRed-like,2,0.2149573117494583
71,RU-NNLS,ru_nnls,SYTO16-like,0,0.12556271255016327
71,RU-NNLS,ru_nnls,DIA-like,1,0.21178358793258667
71,RU-NNLS,ru_nnls,DeepRed-like,2,0.16595327854156494
73,RU-NNLS,ru_nnls,SYTO16-like,0,0.1851188838481903
73,RU-NNLS,ru_nnls,DIA-like,1,0.2350647747516632
73,RU-NNLS,ru_nnls,DeepRed-like,2,0.26259520649909973
80,RU-NNLS,ru_nnls,SYTO16-like,0,0.22877395153045654
80,RU-NNLS,ru_nnls,DIA-like,1,0.16686399281024933
80,RU-NNLS,ru_nnls,DeepRed-like,2,0.17221222817897797
83,RU-NNLS,ru_nnls,SYTO16-like,0,0.15143819153308868
83,RU-NNLS,ru_nnls,DIA-like,1,0.23615828156471252
83,RU-NNLS,ru_nnls,DeepRed-like,2,0.2105472832918167
99,RU-NNLS,ru_nnls,SYTO16-like,0,0.1923319697380066
99,RU-NNLS,ru_nnls,DIA-like,1,0.19390995800495148
99,RU-NNLS,ru_nnls,DeepRed-like,2,0.20472973585128784
100,RU-NNLS,ru_nnls,SYTO16-like,0,0.18878692388534546
100,RU-NNLS,ru_nnls,DIA-like,1,0.175513356924057
100,RU-NNLS,ru_nnls,DeepRed-like,2,0.22074846923351288
110,RU-NNLS,ru_nnls,SYTO16-like,0,0.19504813849925995
110,RU-NNLS,ru_nnls,DIA-like,1,0.18419085443019867
110,RU-NNLS,ru_nnls,DeepRed-like,2,0.13296347856521606
116,RU-NNLS,ru_nnls,SYTO16-like,0,0.13743922114372253
116,RU-NNLS,ru_nnls,DIA-like,1,0.18526528775691986
116,RU-NNLS,ru_nnls,DeepRed-like,2,0.209145650267601
122,RU-NNLS,ru_nnls,SYTO16-like,0,0.1722097545862198
122,RU-NNLS,ru_nnls,DIA-like,1,0.20064322650432587
122,RU-NNLS,ru_nnls,DeepRed-like,2,0.13796426355838776
132,RU-NNLS,ru_nnls,SYTO16-like,0,0.19434691965579987
132,RU-NNLS,ru_nnls,DIA-like,1,0.19297677278518677
132,RU-NNLS,ru_nnls,DeepRed-like,2,0.15834563970565796
141,RU-NNLS,ru_nnls,SYTO16-like,0,0.1556510180234909
141,RU-NNLS,ru_nnls,DIA-like,1,0.15251228213310242
141,RU-NNLS,ru_nnls,DeepRed-like,2,0.19156526029109955
151,RU-NNLS,ru_nnls,SYTO16-like,0,0.14812827110290527
151,RU-NNLS,ru_nnls,DIA-like,1,0.18881025910377502
151,RU-NNLS,ru_nnls,DeepRed-like,2,0.216661274433136
154,RU-NNLS,ru_nnls,SYTO16-like,0,0.13117575645446777
154,RU-NNLS,ru_nnls,DIA-like,1,0.23502250015735626
154,RU-NNLS,ru_nnls,DeepRed-like,2,0.17695482075214386
156,RU-NNLS,ru_nnls,SYTO16-like,0,0.21801675856113434
156,RU-NNLS,ru_nnls,DIA-like,1,0.2589539885520935
156,RU-NNLS,ru_nnls,DeepRed-like,2,0.1787830889225006
157,RU-NNLS,ru_nnls,SYTO16-like,0,0.17166611552238464
157,RU-NNLS,ru_nnls,DIA-like,1,0.27486616373062134
157,RU-NNLS,ru_nnls,DeepRed-like,2,0.21003836393356323
159,RU-NNLS,ru_nnls,SYTO16-like,0,0.1953766942024231
159,RU-NNLS,ru_nnls,DIA-like,1,0.21605820953845978
159,RU-NNLS,ru_nnls,DeepRed-like,2,0.22684398293495178
178,RU-NNLS,ru_nnls,SYTO16-like,0,0.18915985524654388
178,RU-NNLS,ru_nnls,DIA-like,1,0.23459765315055847
178,RU-NNLS,ru_nnls,DeepRed-like,2,0.23204579949378967
197,RU-NNLS,ru_nnls,SYTO16-like,0,0.12776929140090942
197,RU-NNLS,ru_nnls,DIA-like,1,0.13071081042289734
197,RU-NNLS,ru_nnls,DeepRed-like,2,0.13528980314731598
199,RU-NNLS,ru_nnls,SYTO16-like,0,0.18848705291748047
199,RU-NNLS,ru_nnls,DIA-like,1,0.2082703560590744
199,RU-NNLS,ru_nnls,DeepRed-like,2,0.13287857174873352
211,RU-NNLS,ru_nnls,SYTO16-like,0,0.1264490932226181
211,RU-NNLS,ru_nnls,DIA-like,1,0.16756953299045563
211,RU-NNLS,ru_nnls,DeepRed-like,2,0.12708993256092072
212,RU-NNLS,ru_nnls,SYTO16-like,0,0.15456832945346832
212,RU-NNLS,ru_nnls,DIA-like,1,0.1328890472650528
212,RU-NNLS,ru_nnls,DeepRed-like,2,0.21452894806861877
214,RU-NNLS,ru_nnls,SYTO16-like,0,0.19711336493492126
214,RU-NNLS,ru_nnls,DIA-like,1,0.22665876150131226
214,RU-NNLS,ru_nnls,DeepRed-like,2,0.2051321417093277
221,RU-NNLS,ru_nnls,SYTO16-like,0,0.24437543749809265
221,RU-NNLS,ru_nnls,DIA-like,1,0.17858529090881348
221,RU-NNLS,ru_nnls,DeepRed-like,2,0.16408978402614594
232,RU-NNLS,ru_nnls,SYTO16-like,0,0.15303252637386322
232,RU-NNLS,ru_nnls,DIA-like,1,0.22171175479888916
232,RU-NNLS,ru_nnls,DeepRed-like,2,0.19244608283042908
233,RU-NNLS,ru_nnls,SYTO16-like,0,0.14203308522701263
233,RU-NNLS,ru_nnls,DIA-like,1,0.20130036771297455
233,RU-NNLS,ru_nnls,DeepRed-like,2,0.19460691511631012
240,RU-NNLS,ru_nnls,SYTO16-like,0,0.15769368410110474
240,RU-NNLS,ru_nnls,DIA-like,1,0.16428178548812866
240,RU-NNLS,ru_nnls,DeepRed-like,2,0.20339910686016083
242,RU-NNLS,ru_nnls,SYTO16-like,0,0.14552882313728333
242,RU-NNLS,ru_nnls,DIA-like,1,0.16926752030849457
242,RU-NNLS,ru_nnls,DeepRed-like,2,0.19903208315372467
243,RU-NNLS,ru_nnls,SYTO16-like,0,0.15274889767169952
243,RU-NNLS,ru_nnls,DIA-like,1,0.18209677934646606
243,RU-NNLS,ru_nnls,DeepRed-like,2,0.13933907449245453
244,RU-NNLS,ru_nnls,SYTO16-like,0,0.13170354068279266
244,RU-NNLS,ru_nnls,DIA-like,1,0.19338881969451904
244,RU-NNLS,ru_nnls,DeepRed-like,2,0.19329394400119781
260,RU-NNLS,ru_nnls,SYTO16-like,0,0.19539675116539001
260,RU-NNLS,ru_nnls,DIA-like,1,0.23914438486099243
260,RU-NNLS,ru_nnls,DeepRed-like,2,0.5953606367111206
273,RU-NNLS,ru_nnls,SYTO16-like,0,0.15266619622707367
273,RU-NNLS,ru_nnls,DIA-like,1,0.16772431135177612
273,RU-NNLS,ru_nnls,DeepRed-like,2,0.1606065183877945
275,RU-NNLS,ru_nnls,SYTO16-like,0,0.19365979731082916
275,RU-NNLS,ru_nnls,DIA-like,1,0.2646615505218506
275,RU-NNLS,ru_nnls,DeepRed-like,2,0.21548329293727875
276,RU-NNLS,ru_nnls,SYTO16-like,0,0.1587112843990326
276,RU-NNLS,ru_nnls,DIA-like,1,0.17450827360153198
276,RU-NNLS,ru_nnls,DeepRed-like,2,0.20539943873882294
283,RU-NNLS,ru_nnls,SYTO16-like,0,0.14656612277030945
283,RU-NNLS,ru_nnls,DIA-like,1,0.17300757765769958
283,RU-NNLS,ru_nnls,DeepRed-like,2,0.20856986939907074
297,RU-NNLS,ru_nnls,SYTO16-like,0,0.24718214571475983
297,RU-NNLS,ru_nnls,DIA-like,1,0.3045683801174164
297,RU-NNLS,ru_nnls,DeepRed-like,2,0.23738804459571838
303,RU-NNLS,ru_nnls,SYTO16-like,0,0.14221404492855072
303,RU-NNLS,ru_nnls,DIA-like,1,0.16681741178035736
303,RU-NNLS,ru_nnls,DeepRed-like,2,0.1384534388780594
310,RU-NNLS,ru_nnls,SYTO16-like,0,0.1651838719844818
310,RU-NNLS,ru_nnls,DIA-like,1,0.1951645016670227
310,RU-NNLS,ru_nnls,DeepRed-like,2,0.19634100794792175
318,RU-NNLS,ru_nnls,SYTO16-like,0,0.1657329946756363
318,RU-NNLS,ru_nnls,DIA-like,1,0.21618004143238068
318,RU-NNLS,ru_nnls,DeepRed-like,2,0.20887576043605804
319,RU-NNLS,ru_nnls,SYTO16-like,0,0.11448187381029129
319,RU-NNLS,ru_nnls,DIA-like,1,0.1538490355014801
319,RU-NNLS,ru_nnls,DeepRed-like,2,0.12993358075618744
324,RU-NNLS,ru_nnls,SYTO16-like,0,0.14596493542194366
324,RU-NNLS,ru_nnls,DIA-like,1,0.17298875749111176
324,RU-NNLS,ru_nnls,DeepRed-like,2,0.21146030724048615
326,RU-NNLS,ru_nnls,SYTO16-like,0,0.1457289457321167
326,RU-NNLS,ru_nnls,DIA-like,1,0.157504603266716
326,RU-NNLS,ru_nnls,DeepRed-like,2,0.11276577413082123
328,RU-NNLS,ru_nnls,SYTO16-like,0,0.19147136807441711
328,RU-NNLS,ru_nnls,DIA-like,1,0.1652352511882782
328,RU-NNLS,ru_nnls,DeepRed-like,2,0.20674924552440643
330,RU-NNLS,ru_nnls,SYTO16-like,0,0.17195233702659607
330,RU-NNLS,ru_nnls,DIA-like,1,0.1723247617483139
330,RU-NNLS,ru_nnls,DeepRed-like,2,0.1395471692085266
333,RU-NNLS,ru_nnls,SYTO16-like,0,0.16451480984687805
333,RU-NNLS,ru_nnls,DIA-like,1,0.17579755187034607
333,RU-NNLS,ru_nnls,DeepRed-like,2,0.17718255519866943
340,RU-NNLS,ru_nnls,SYTO16-like,0,0.1596699059009552
340,RU-NNLS,ru_nnls,DIA-like,1,0.18746334314346313
340,RU-NNLS,ru_nnls,DeepRed-like,2,0.21657633781433105
347,RU-NNLS,ru_nnls,SYTO16-like,0,0.13729648292064667
347,RU-NNLS,ru_nnls,DIA-like,1,0.21104711294174194
347,RU-NNLS,ru_nnls,DeepRed-like,2,0.12574177980422974
348,RU-NNLS,ru_nnls,SYTO16-like,0,0.13040372729301453
348,RU-NNLS,ru_nnls,DIA-like,1,0.18696288764476776
348,RU-NNLS,ru_nnls,DeepRed-like,2,0.1885887086391449
360,RU-NNLS,ru_nnls,SYTO16-like,0,0.1663825958967209
360,RU-NNLS,ru_nnls,DIA-like,1,0.2181120365858078
360,RU-NNLS,ru_nnls,DeepRed-like,2,0.17016436159610748
361,RU-NNLS,ru_nnls,SYTO16-like,0,0.15252576768398285
361,RU-NNLS,ru_nnls,DIA-like,1,0.1579243540763855
361,RU-NNLS,ru_nnls,DeepRed-like,2,0.19982975721359253
364,RU-NNLS,ru_nnls,SYTO16-like,0,0.16012385487556458
364,RU-NNLS,ru_nnls,DIA-like,1,0.20490631461143494
364,RU-NNLS,ru_nnls,DeepRed-like,2,0.2076290100812912
366,RU-NNLS,ru_nnls,SYTO16-like,0,0.13436070084571838
366,RU-NNLS,ru_nnls,DIA-like,1,0.34615883231163025
366,RU-NNLS,ru_nnls,DeepRed-like,2,0.15709595382213593
378,RU-NNLS,ru_nnls,SYTO16-like,0,0.18566672503948212
378,RU-NNLS,ru_nnls,DIA-like,1,0.19698525965213776
378,RU-NNLS,ru_nnls,DeepRed-like,2,0.19517400860786438
391,RU-NNLS,ru_nnls,SYTO16-like,0,0.1376280039548874
391,RU-NNLS,ru_nnls,DIA-like,1,0.15684783458709717
391,RU-NNLS,ru_nnls,DeepRed-like,2,0.16624750196933746
394,RU-NNLS,ru_nnls,SYTO16-like,0,0.16545255482196808
394,RU-NNLS,ru_nnls,DIA-like,1,0.21384038031101227
394,RU-NNLS,ru_nnls,DeepRed-like,2,0.23379991948604584
398,RU-NNLS,ru_nnls,SYTO16-like,0,0.14842775464057922
398,RU-NNLS,ru_nnls,DIA-like,1,0.19130001962184906
398,RU-NNLS,ru_nnls,DeepRed-like,2,0.18764445185661316
408,RU-NNLS,ru_nnls,SYTO16-like,0,0.1729608178138733
408,RU-NNLS,ru_nnls,DIA-like,1,0.21106579899787903
408,RU-NNLS,ru_nnls,DeepRed-like,2,0.16979655623435974
409,RU-NNLS,ru_nnls,SYTO16-like,0,0.15547753870487213
409,RU-NNLS,ru_nnls,DIA-like,1,0.14313799142837524
409,RU-NNLS,ru_nnls,DeepRed-like,2,0.18905529379844666
410,RU-NNLS,ru_nnls,SYTO16-like,0,0.16622886061668396
410,RU-NNLS,ru_nnls,DIA-like,1,0.19758819043636322
410,RU-NNLS,ru_nnls,DeepRed-like,2,0.1682370901107788
412,RU-NNLS,ru_nnls,SYTO16-like,0,0.15935836732387543
412,RU-NNLS,ru_nnls,DIA-like,1,0.2619498670101166
412,RU-NNLS,ru_nnls,DeepRed-like,2,0.22851642966270447
425,RU-NNLS,ru_nnls,SYTO16-like,0,0.16080927848815918
425,RU-NNLS,ru_nnls,DIA-like,1,0.22891458868980408
425,RU-NNLS,ru_nnls,DeepRed-like,2,0.19451089203357697
429,RU-NNLS,ru_nnls,SYTO16-like,0,0.15085220336914062
429,RU-NNLS,ru_nnls,DIA-like,1,0.20596742630004883
429,RU-NNLS,ru_nnls,DeepRed-like,2,0.17861716449260712
438,RU-NNLS,ru_nnls,SYTO16-like,0,0.1679956316947937
438,RU-NNLS,ru_nnls,DIA-like,1,0.20860597491264343
438,RU-NNLS,ru_nnls,DeepRed-like,2,0.21624869108200073
461,RU-NNLS,ru_nnls,SYTO16-like,0,0.1656695306301117
461,RU-NNLS,ru_nnls,DIA-like,1,0.16025510430335999
461,RU-NNLS,ru_nnls,DeepRed-like,2,0.19538278877735138
463,RU-NNLS,ru_nnls,SYTO16-like,0,0.15865547955036163
463,RU-NNLS,ru_nnls,DIA-like,1,0.19884514808654785
463,RU-NNLS,ru_nnls,DeepRed-like,2,0.27321845293045044
464,RU-NNLS,ru_nnls,SYTO16-like,0,0.16440531611442566
464,RU-NNLS,ru_nnls,DIA-like,1,0.20595234632492065
464,RU-NNLS,ru_nnls,DeepRed-like,2,0.2162339836359024
477,RU-NNLS,ru_nnls,SYTO16-like,0,0.22189438343048096
477,RU-NNLS,ru_nnls,DIA-like,1,0.16742365062236786
477,RU-NNLS,ru_nnls,DeepRed-like,2,0.1565379798412323
486,RU-NNLS,ru_nnls,SYTO16-like,0,0.1839032620191574
486,RU-NNLS,ru_nnls,DIA-like,1,0.20128962397575378
486,RU-NNLS,ru_nnls,DeepRed-like,2,0.154337078332901
491,RU-NNLS,ru_nnls,SYTO16-like,0,0.162934809923172
491,RU-NNLS,ru_nnls,DIA-like,1,0.3521694540977478
491,RU-NNLS,ru_nnls,DeepRed-like,2,0.2505207657814026
495,RU-NNLS,ru_nnls,SYTO16-like,0,0.16762904822826385
495,RU-NNLS,ru_nnls,DIA-like,1,0.22406691312789917
495,RU-NNLS,ru_nnls,DeepRed-like,2,0.23508110642433167
516,RU-NNLS,ru_nnls,SYTO16-like,0,0.1515367180109024
516,RU-NNLS,ru_nnls,DIA-like,1,0.19196003675460815
516,RU-NNLS,ru_nnls,DeepRed-like,2,0.18951208889484406
521,RU-NNLS,ru_nnls,SYTO16-like,0,0.19991512596607208
521,RU-NNLS,ru_nnls,DIA-like,1,0.19443382322788239
521,RU-NNLS,ru_nnls,DeepRed-like,2,0.22518843412399292
531,RU-NNLS,ru_nnls,SYTO16-like,0,0.14996680617332458
531,RU-NNLS,ru_nnls,DIA-like,1,0.21748147904872894
531,RU-NNLS,ru_nnls,DeepRed-like,2,0.16544769704341888
533,RU-NNLS,ru_nnls,SYTO16-like,0,0.16113382577896118
533,RU-NNLS,ru_nnls,DIA-like,1,0.15747606754302979
533,RU-NNLS,ru_nnls,DeepRed-like,2,0.188227578997612
537,RU-NNLS,ru_nnls,SYTO16-like,0,0.1409957855939865
537,RU-NNLS,ru_nnls,DIA-like,1,0.1821192055940628
537,RU-NNLS,ru_nnls,DeepRed-like,2,0.19100256264209747
542,RU-NNLS,ru_nnls,SYTO16-like,0,0.2060142159461975
542,RU-NNLS,ru_nnls,DIA-like,1,0.2052791267633438
542,RU-NNLS,ru_nnls,DeepRed-like,2,0.21276326477527618
543,RU-NNLS,ru_nnls,SYTO16-like,0,0.1751491278409958
543,RU-NNLS,ru_nnls,DIA-like,1,0.18440468609333038
543,RU-NNLS,ru_nnls,DeepRed-like,2,0.19317559897899628
548,RU-NNLS,ru_nnls,SYTO16-like,0,0.13551531732082367
548,RU-NNLS,ru_nnls,DIA-like,1,0.14709238708019257
548,RU-NNLS,ru_nnls,DeepRed-like,2,0.14459772408008575
554,RU-NNLS,ru_nnls,SYTO16-like,0,0.2424231767654419
554,RU-NNLS,ru_nnls,DIA-like,1,0.2134440392255783
554,RU-NNLS,ru_nnls,DeepRed-like,2,0.19579696655273438
565,RU-NNLS,ru_nnls,SYTO16-like,0,0.1960647702217102
565,RU-NNLS,ru_nnls,DIA-like,1,0.16923345625400543
565,RU-NNLS,ru_nnls,DeepRed-like,2,0.2379385381937027
570,RU-NNLS,ru_nnls,SYTO16-like,0,0.1575576812028885
570,RU-NNLS,ru_nnls,DIA-like,1,0.18693463504314423
570,RU-NNLS,ru_nnls,DeepRed-like,2,0.21936894953250885
574,RU-NNLS,ru_nnls,SYTO16-like,0,0.19520451128482819
574,RU-NNLS,ru_nnls,DIA-like,1,0.2036799192428589
574,RU-NNLS,ru_nnls,DeepRed-like,2,0.2175220102071762
590,RU-NNLS,ru_nnls,SYTO16-like,0,0.1529061198234558
590,RU-NNLS,ru_nnls,DIA-like,1,0.1815352588891983
590,RU-NNLS,ru_nnls,DeepRed-like,2,0.19316047430038452
610,RU-NNLS,ru_nnls,SYTO16-like,0,0.1615951806306839
610,RU-NNLS,ru_nnls,DIA-like,1,0.18299062550067902
610,RU-NNLS,ru_nnls,DeepRed-like,2,0.15559230744838715
613,RU-NNLS,ru_nnls,SYTO16-like,0,0.15589851140975952
613,RU-NNLS,ru_nnls,DIA-like,1,0.18606063723564148
613,RU-NNLS,ru_nnls,DeepRed-like,2,0.17060652375221252
634,RU-NNLS,ru_nnls,SYTO16-like,0,0.1371149867773056
634,RU-NNLS,ru_nnls,DIA-like,1,0.17078807950019836
634,RU-NNLS,ru_nnls,DeepRed-like,2,0.1562492549419403
637,RU-NNLS,ru_nnls,SYTO16-like,0,0.18742282688617706
637,RU-NNLS,ru_nnls,DIA-like,1,0.213236004114151
637,RU-NNLS,ru_nnls,DeepRed-like,2,0.23382847011089325
642,RU-NNLS,ru_nnls,SYTO16-like,0,0.218308225274086
642,RU-NNLS,ru_nnls,DIA-like,1,0.17956551909446716
642,RU-NNLS,ru_nnls,DeepRed-like,2,0.18722409009933472
644,RU-NNLS,ru_nnls,SYTO16-like,0,0.17421671748161316
644,RU-NNLS,ru_nnls,DIA-like,1,0.20249450206756592
644,RU-NNLS,ru_nnls,DeepRed-like,2,0.21051064133644104
663,RU-NNLS,ru_nnls,SYTO16-like,0,0.1541346162557602
663,RU-NNLS,ru_nnls,DIA-like,1,0.20483581721782684
663,RU-NNLS,ru_nnls,DeepRed-like,2,0.263290673494339
670,RU-NNLS,ru_nnls,SYTO16-like,0,0.15148930251598358
670,RU-NNLS,ru_nnls,DIA-like,1,0.21235190331935883
670,RU-NNLS,ru_nnls,DeepRed-like,2,0.1962331086397171
676,RU-NNLS,ru_nnls,SYTO16-like,0,0.1991003453731537
676,RU-NNLS,ru_nnls,DIA-like,1,0.1750415861606598
676,RU-NNLS,ru_nnls,DeepRed-like,2,0.18805840611457825
680,RU-NNLS,ru_nnls,SYTO16-like,0,0.17806552350521088
680,RU-NNLS,ru_nnls,DIA-like,1,0.2196875959634781
680,RU-NNLS,ru_nnls,DeepRed-like,2,0.1901863068342209
686,RU-NNLS,ru_nnls,SYTO16-like,0,0.18801909685134888
686,RU-NNLS,ru_nnls,DIA-like,1,0.20624125003814697
686,RU-NNLS,ru_nnls,DeepRed-like,2,0.2129327654838562
695,RU-NNLS,ru_nnls,SYTO16-like,0,0.14302799105644226
695,RU-NNLS,ru_nnls,DIA-like,1,0.16606445610523224
695,RU-NNLS,ru_nnls,DeepRed-like,2,0.18836084008216858
707,RU-NNLS,ru_nnls,SYTO16-like,0,0.1707502156496048
707,RU-NNLS,ru_nnls,DIA-like,1,0.1987336128950119
707,RU-NNLS,ru_nnls,DeepRed-like,2,0.16040107607841492
711,RU-NNLS,ru_nnls,SYTO16-like,0,0.13957250118255615
711,RU-NNLS,ru_nnls,DIA-like,1,0.16823814809322357
711,RU-NNLS,ru_nnls,DeepRed-like,2,0.1519637107849121
712,RU-NNLS,ru_nnls,SYTO16-like,0,0.23364990949630737
712,RU-NNLS,ru_nnls,DIA-like,1,0.2607230246067047
712,RU-NNLS,ru_nnls,DeepRed-like,2,0.14285460114479065
713,RU-NNLS,ru_nnls,SYTO16-like,0,0.13939130306243896
713,RU-NNLS,ru_nnls,DIA-like,1,0.19039057195186615
713,RU-NNLS,ru_nnls,DeepRed-like,2,0.20950759947299957
717,RU-NNLS,ru_nnls,SYTO16-like,0,0.23750925064086914
717,RU-NNLS,ru_nnls,DIA-like,1,0.2230951488018036
717,RU-NNLS,ru_nnls,DeepRed-like,2,0.2461826056241989
721,RU-NNLS,ru_nnls,SYTO16-like,0,0.13674619793891907
721,RU-NNLS,ru_nnls,DIA-like,1,0.3586781620979309
721,RU-NNLS,ru_nnls,DeepRed-like,2,0.23852750658988953
738,RU-NNLS,ru_nnls,SYTO16-like,0,0.16702494025230408
738,RU-NNLS,ru_nnls,DIA-like,1,0.15870630741119385
738,RU-NNLS,ru_nnls,DeepRed-like,2,0.20268452167510986
748,RU-NNLS,ru_nnls,SYTO16-like,0,0.15425989031791687
748,RU-NNLS,ru_nnls,DIA-like,1,0.17640535533428192
748,RU-NNLS,ru_nnls,DeepRed-like,2,0.11849329620599747
752,RU-NNLS,ru_nnls,SYTO16-like,0,0.15547186136245728
752,RU-NNLS,ru_nnls,DIA-like,1,0.1943587362766266
752,RU-NNLS,ru_nnls,DeepRed-like,2,0.16031815111637115
760,RU-NNLS,ru_nnls,SYTO16-like,0,0.22822581231594086
760,RU-NNLS,ru_nnls,DIA-like,1,0.2609277665615082
760,RU-NNLS,ru_nnls,DeepRed-like,2,0.23484471440315247
763,RU-NNLS,ru_nnls,SYTO16-like,0,0.16342218220233917
763,RU-NNLS,ru_nnls,DIA-like,1,0.21450984477996826
763,RU-NNLS,ru_nnls,DeepRed-like,2,0.2456149160861969
770,RU-NNLS,ru_nnls,SYTO16-like,0,0.18292094767093658
770,RU-NNLS,ru_nnls,DIA-like,1,0.20799414813518524
770,RU-NNLS,ru_nnls,DeepRed-like,2,0.19389374554157257
776,RU-NNLS,ru_nnls,SYTO16-like,0,0.1566571295261383
776,RU-NNLS,ru_nnls,DIA-like,1,0.22371774911880493
776,RU-NNLS,ru_nnls,DeepRed-like,2,0.20091618597507477
778,RU-NNLS,ru_nnls,SYTO16-like,0,0.17194277048110962
778,RU-NNLS,ru_nnls,DIA-like,1,0.19434747099876404
778,RU-NNLS,ru_nnls,DeepRed-like,2,0.1890210062265396
782,RU-NNLS,ru_nnls,SYTO16-like,0,0.15406957268714905
782,RU-NNLS,ru_nnls,DIA-like,1,0.2019985169172287
782,RU-NNLS,ru_nnls,DeepRed-like,2,0.19628575444221497
787,RU-NNLS,ru_nnls,SYTO16-like,0,0.13060666620731354
787,RU-NNLS,ru_nnls,DIA-like,1,0.17813245952129364
787,RU-NNLS,ru_nnls,DeepRed-like,2,0.19457001984119415
793,RU-NNLS,ru_nnls,SYTO16-like,0,0.18009430170059204
793,RU-NNLS,ru_nnls,DIA-like,1,0.25918737053871155
793,RU-NNLS,ru_nnls,DeepRed-like,2,0.22064761817455292
799,RU-NNLS,ru_nnls,SYTO16-like,0,0.16951818764209747
799,RU-NNLS,ru_nnls,DIA-like,1,0.21615727245807648
799,RU-NNLS,ru_nnls,DeepRed-like,2,0.22488924860954285
800,RU-NNLS,ru_nnls,SYTO16-like,0,0.15676330029964447
800,RU-NNLS,ru_nnls,DIA-like,1,0.2081410139799118
800,RU-NNLS,ru_nnls,DeepRed-like,2,0.18436020612716675
804,RU-NNLS,ru_nnls,SYTO16-like,0,0.19366180896759033
804,RU-NNLS,ru_nnls,DIA-like,1,0.2376723736524582
804,RU-NNLS,ru_nnls,DeepRed-like,2,0.20206254720687866
810,RU-NNLS,ru_nnls,SYTO16-like,0,0.18252632021903992
810,RU-NNLS,ru_nnls,DIA-like,1,0.19260425865650177
810,RU-NNLS,ru_nnls,DeepRed-like,2,0.2258121222257614
812,RU-NNLS,ru_nnls,SYTO16-like,0,0.12382075190544128
812,RU-NNLS,ru_nnls,DIA-like,1,0.21168963611125946
812,RU-NNLS,ru_nnls,DeepRed-like,2,0.19454869627952576
819,RU-NNLS,ru_nnls,SYTO16-like,0,0.12660738825798035
819,RU-NNLS,ru_nnls,DIA-like,1,0.15811394155025482
819,RU-NNLS,ru_nnls,DeepRed-like,2,0.16934673488140106
823,RU-NNLS,ru_nnls,SYTO16-like,0,0.18012738227844238
823,RU-NNLS,ru_nnls,DIA-like,1,0.19611214101314545
823,RU-NNLS,ru_nnls,DeepRed-like,2,0.18123991787433624
827,RU-NNLS,ru_nnls,SYTO16-like,0,0.1586238592863083
827,RU-NNLS,ru_nnls,DIA-like,1,0.21151702105998993
827,RU-NNLS,ru_nnls,DeepRed-like,2,0.15981750190258026
831,RU-NNLS,ru_nnls,SYTO16-like,0,0.15756118297576904
831,RU-NNLS,ru_nnls,DIA-like,1,0.20037785172462463
831,RU-NNLS,ru_nnls,DeepRed-like,2,0.20264561474323273
847,RU-NNLS,ru_nnls,SYTO16-like,0,0.15594246983528137
847,RU-NNLS,ru_nnls,DIA-like,1,0.18026956915855408
847,RU-NNLS,ru_nnls,DeepRed-like,2,0.1741555631160736
849,RU-NNLS,ru_nnls,SYTO16-like,0,0.18877248466014862
849,RU-NNLS,ru_nnls,DIA-like,1,0.22714895009994507
849,RU-NNLS,ru_nnls,DeepRed-like,2,0.2697778642177582
856,RU-NNLS,ru_nnls,SYTO16-like,0,0.19470718502998352
856,RU-NNLS,ru_nnls,DIA-like,1,0.204589381814003
856,RU-NNLS,ru_nnls,DeepRed-like,2,0.23529192805290222
865,RU-NNLS,ru_nnls,SYTO16-like,0,0.22355864942073822
865,RU-NNLS,ru_nnls,DIA-like,1,0.19983723759651184
865,RU-NNLS,ru_nnls,DeepRed-like,2,0.2332874983549118
871,RU-NNLS,ru_nnls,SYTO16-like,0,0.20242691040039062
871,RU-NNLS,ru_nnls,DIA-like,1,0.22293753921985626
871,RU-NNLS,ru_nnls,DeepRed-like,2,0.21815244853496552
873,RU-NNLS,ru_nnls,SYTO16-like,0,0.16905474662780762
873,RU-NNLS,ru_nnls,DIA-like,1,0.21198999881744385
873,RU-NNLS,ru_nnls,DeepRed-like,2,0.24712233245372772
880,RU-NNLS,ru_nnls,SYTO16-like,0,0.22448083758354187
880,RU-NNLS,ru_nnls,DIA-like,1,0.1979048103094101
880,RU-NNLS,ru_nnls,DeepRed-like,2,0.1768052577972412
884,RU-NNLS,ru_nnls,SYTO16-like,0,0.17814859747886658
884,RU-NNLS,ru_nnls,DIA-like,1,0.16277965903282166
884,RU-NNLS,ru_nnls,DeepRed-like,2,0.2019040882587433
887,RU-NNLS,ru_nnls,SYTO16-like,0,0.14539790153503418
887,RU-NNLS,ru_nnls,DIA-like,1,0.1886042356491089
887,RU-NNLS,ru_nnls,DeepRed-like,2,0.17784976959228516
893,RU-NNLS,ru_nnls,SYTO16-like,0,0.1815088391304016
893,RU-NNLS,ru_nnls,DIA-like,1,0.1757209450006485
893,RU-NNLS,ru_nnls,DeepRed-like,2,0.2068529725074768
906,RU-NNLS,ru_nnls,SYTO16-like,0,0.1682070791721344
906,RU-NNLS,ru_nnls,DIA-like,1,0.2070230394601822
906,RU-NNLS,ru_nnls,DeepRed-like,2,0.25431692600250244
909,RU-NNLS,ru_nnls,SYTO16-like,0,0.12692898511886597
909,RU-NNLS,ru_nnls,DIA-like,1,0.19683469831943512
909,RU-NNLS,ru_nnls,DeepRed-like,2,0.1407708078622818
910,RU-NNLS,ru_nnls,SYTO16-like,0,0.1425139158964157
910,RU-NNLS,ru_nnls,DIA-like,1,0.20667777955532074
910,RU-NNLS,ru_nnls,DeepRed-like,2,0.18162178993225098
913,RU-NNLS,ru_nnls,SYTO16-like,0,0.13237769901752472
913,RU-NNLS,ru_nnls,DIA-like,1,0.17919152975082397
913,RU-NNLS,ru_nnls,DeepRed-like,2,0.1719202995300293
916,RU-NNLS,ru_nnls,SYTO16-like,0,0.22784650325775146
916,RU-NNLS,ru_nnls,DIA-like,1,0.19925104081630707
916,RU-NNLS,ru_nnls,DeepRed-like,2,0.18336476385593414
927,RU-NNLS,ru_nnls,SYTO16-like,0,0.14409717917442322
927,RU-NNLS,ru_nnls,DIA-like,1,0.18160532414913177
927,RU-NNLS,ru_nnls,DeepRed-like,2,0.20018555223941803
930,RU-NNLS,ru_nnls,SYTO16-like,0,0.13352449238300323
930,RU-NNLS,ru_nnls,DIA-like,1,0.2141857147216797
930,RU-NNLS,ru_nnls,DeepRed-like,2,0.19652576744556427
939,RU-NNLS,ru_nnls,SYTO16-like,0,0.13652227818965912
939,RU-NNLS,ru_nnls,DIA-like,1,0.17766445875167847
939,RU-NNLS,ru_nnls,DeepRed-like,2,0.14803457260131836
956,RU-NNLS,ru_nnls,SYTO16-like,0,0.14451028406620026
956,RU-NNLS,ru_nnls,DIA-like,1,0.18053223192691803
956,RU-NNLS,ru_nnls,DeepRed-like,2,0.16969531774520874
963,RU-NNLS,ru_nnls,SYTO16-like,0,0.1722872406244278
963,RU-NNLS,ru_nnls,DIA-like,1,0.20055529475212097
963,RU-NNLS,ru_nnls,DeepRed-like,2,0.19046713411808014
966,RU-NNLS,ru_nnls,SYTO16-like,0,0.1338583379983902
966,RU-NNLS,ru_nnls,DIA-like,1,0.15324266254901886
966,RU-NNLS,ru_nnls,DeepRed-like,2,0.1315142959356308
969,RU-NNLS,ru_nnls,SYTO16-like,0,0.15065045654773712
969,RU-NNLS,ru_nnls,DIA-like,1,0.15726643800735474
969,RU-NNLS,ru_nnls,DeepRed-like,2,0.2109951376914978
970,RU-NNLS,ru_nnls,SYTO16-like,0,0.24841627478599548
970,RU-NNLS,ru_nnls,DIA-like,1,0.23080024123191833
970,RU-NNLS,ru_nnls,DeepRed-like,2,0.2667793929576874
978,RU-NNLS,ru_nnls,SYTO16-like,0,0.22415593266487122
978,RU-NNLS,ru_nnls,DIA-like,1,0.23354068398475647
978,RU-NNLS,ru_nnls,DeepRed-like,2,0.21653452515602112
988,RU-NNLS,ru_nnls,SYTO16-like,0,0.2090689241886139
988,RU-NNLS,ru_nnls,DIA-like,1,0.16807980835437775
988,RU-NNLS,ru_nnls,DeepRed-like,2,0.19719025492668152
989,RU-NNLS,ru_nnls,SYTO16-like,0,0.13951881229877472
989,RU-NNLS,ru_nnls,DIA-like,1,0.21085642278194427
989,RU-NNLS,ru_nnls,DeepRed-like,2,0.19572825729846954
992,RU-NNLS,ru_nnls,SYTO16-like,0,0.17454522848129272
992,RU-NNLS,ru_nnls,DIA-like,1,0.2673756778240204
992,RU-NNLS,ru_nnls,DeepRed-like,2,0.2328702211380005
995,RU-NNLS,ru_nnls,SYTO16-like,0,0.14618417620658875
995,RU-NNLS,ru_nnls,DIA-like,1,0.20670391619205475
995,RU-NNLS,ru_nnls,DeepRed-like,2,0.17472362518310547
1004,RU-NNLS,ru_nnls,SYTO16-like,0,0.22016336023807526
1004,RU-NNLS,ru_nnls,DIA-like,1,0.21550555527210236
1004,RU-NNLS,ru_nnls,DeepRed-like,2,0.2290652096271515
1008,RU-NNLS,ru_nnls,SYTO16-like,0,0.1710309237241745
1008,RU-NNLS,ru_nnls,DIA-like,1,0.15236593782901764
1008,RU-NNLS,ru_nnls,DeepRed-like,2,0.19813062250614166
1011,RU-NNLS,ru_nnls,SYTO16-like,0,0.16002464294433594
1011,RU-NNLS,ru_nnls,DIA-like,1,0.19097045063972473
1011,RU-NNLS,ru_nnls,DeepRed-like,2,0.19506342709064484
1013,RU-NNLS,ru_nnls,SYTO16-like,0,0.15904374420642853
1013,RU-NNLS,ru_nnls,DIA-like,1,0.19146575033664703
1013,RU-NNLS,ru_nnls,DeepRed-like,2,0.18352603912353516
1018,RU-NNLS,ru_nnls,SYTO16-like,0,0.15944527089595795
1018,RU-NNLS,ru_nnls,DIA-like,1,0.16508537530899048
1018,RU-NNLS,ru_nnls,DeepRed-like,2,0.22358879446983337
1022,RU-NNLS,ru_nnls,SYTO16-like,0,0.17871806025505066
1022,RU-NNLS,ru_nnls,DIA-like,1,0.2550233006477356
1022,RU-NNLS,ru_nnls,DeepRed-like,2,0.23898708820343018
1045,RU-NNLS,ru_nnls,SYTO16-like,0,0.15132999420166016
1045,RU-NNLS,ru_nnls,DIA-like,1,0.2436852604150772
1045,RU-NNLS,ru_nnls,DeepRed-like,2,0.20854683220386505
1049,RU-NNLS,ru_nnls,SYTO16-like,0,0.17774903774261475
1049,RU-NNLS,ru_nnls,DIA-like,1,0.20874446630477905
1049,RU-NNLS,ru_nnls,DeepRed-like,2,0.1918082982301712
1051,RU-NNLS,ru_nnls,SYTO16-like,0,0.19052405655384064
1051,RU-NNLS,ru_nnls,DIA-like,1,0.2052772492170334
1051,RU-NNLS,ru_nnls,DeepRed-like,2,0.2028299868106842
1061,RU-NNLS,ru_nnls,SYTO16-like,0,0.22635416686534882
1061,RU-NNLS,ru_nnls,DIA-like,1,0.17781852185726166
1061,RU-NNLS,ru_nnls,DeepRed-like,2,0.19570626318454742
1063,RU-NNLS,ru_nnls,SYTO16-like,0,0.15963175892829895
1063,RU-NNLS,ru_nnls,DIA-like,1,0.2773328423500061
1063,RU-NNLS,ru_nnls,DeepRed-like,2,0.2095462828874588
1068,RU-NNLS,ru_nnls,SYTO16-like,0,0.37692809104919434
1068,RU-NNLS,ru_nnls,DIA-like,1,0.2598891854286194
1068,RU-NNLS,ru_nnls,DeepRed-like,2,0.2839825749397278
1076,RU-NNLS,ru_nnls,SYTO16-like,0,0.15206080675125122
1076,RU-NNLS,ru_nnls,DIA-like,1,0.4169163703918457
1076,RU-NNLS,ru_nnls,DeepRed-like,2,0.15558038651943207
1079,RU-NNLS,ru_nnls,SYTO16-like,0,0.16581213474273682
1079,RU-NNLS,ru_nnls,DIA-like,1,0.23534724116325378
1079,RU-NNLS,ru_nnls,DeepRed-like,2,0.2290721833705902
1084,RU-NNLS,ru_nnls,SYTO16-like,0,0.15595437586307526
1084,RU-NNLS,ru_nnls,DIA-like,1,0.2901832163333893
1084,RU-NNLS,ru_nnls,DeepRed-like,2,0.18748930096626282
1089,RU-NNLS,ru_nnls,SYTO16-like,0,0.14561350643634796
1089,RU-NNLS,ru_nnls,DIA-like,1,0.2106509506702423
1089,RU-NNLS,ru_nnls,DeepRed-like,2,0.22238297760486603
1090,RU-NNLS,ru_nnls,SYTO16-like,0,0.21039365231990814
1090,RU-NNLS,ru_nnls,DIA-like,1,0.237998366355896
1090,RU-NNLS,ru_nnls,DeepRed-like,2,0.25340738892555237
1099,RU-NNLS,ru_nnls,SYTO16-like,0,0.16398653388023376
1099,RU-NNLS,ru_nnls,DIA-like,1,0.2038063108921051
1099,RU-NNLS,ru_nnls,DeepRed-like,2,0.18173885345458984
1114,RU-NNLS,ru_nnls,SYTO16-like,0,0.14773082733154297
1114,RU-NNLS,ru_nnls,DIA-like,1,0.211761474609375
1114,RU-NNLS,ru_nnls,DeepRed-like,2,0.19369986653327942
1120,RU-NNLS,ru_nnls,SYTO16-like,0,0.2100304365158081
1120,RU-NNLS,ru_nnls,DIA-like,1,0.21729867160320282
1120,RU-NNLS,ru_nnls,DeepRed-like,2,0.2074231654405594
1121,RU-NNLS,ru_nnls,SYTO16-like,0,0.24580217897891998
1121,RU-NNLS,ru_nnls,DIA-like,1,0.16160495579242706
1121,RU-NNLS,ru_nnls,DeepRed-like,2,0.1838451474905014
1134,RU-NNLS,ru_nnls,SYTO16-like,0,0.1675831377506256
1134,RU-NNLS,ru_nnls,DIA-like,1,0.23152264952659607
1134,RU-NNLS,ru_nnls,DeepRed-like,2,0.2711086571216583
1177,RU-NNLS,ru_nnls,SYTO16-like,0,0.1997000128030777
1177,RU-NNLS,ru_nnls,DIA-like,1,0.19097480177879333
1177,RU-NNLS,ru_nnls,DeepRed-like,2,0.22610558569431305
1178,RU-NNLS,ru_nnls,SYTO16-like,0,0.1662459671497345
1178,RU-NNLS,ru_nnls,DIA-like,1,0.14566698670387268
1178,RU-NNLS,ru_nnls,DeepRed-like,2,0.1754741668701172
1183,RU-NNLS,ru_nnls,SYTO16-like,0,0.12903925776481628
1183,RU-NNLS,ru_nnls,DIA-like,1,0.16033285856246948
1183,RU-NNLS,ru_nnls,DeepRed-like,2,0.15809357166290283
1193,RU-NNLS,ru_nnls,SYTO16-like,0,0.14655879139900208
1193,RU-NNLS,ru_nnls,DIA-like,1,0.1879906952381134
1193,RU-NNLS,ru_nnls,DeepRed-like,2,0.19366949796676636
1204,RU-NNLS,ru_nnls,SYTO16-like,0,0.2058594524860382
1204,RU-NNLS,ru_nnls,DIA-like,1,0.25148805975914
1204,RU-NNLS,ru_nnls,DeepRed-like,2,0.19415605068206787
1208,RU-NNLS,ru_nnls,SYTO16-like,0,0.19653087854385376
1208,RU-NNLS,ru_nnls,DIA-like,1,0.23981253802776337
1208,RU-NNLS,ru_nnls,DeepRed-like,2,0.17906472086906433
1213,RU-NNLS,ru_nnls,SYTO16-like,0,0.18512165546417236
1213,RU-NNLS,ru_nnls,DIA-like,1,0.3218882977962494
1213,RU-NNLS,ru_nnls,DeepRed-like,2,0.19958412647247314
1231,RU-NNLS,ru_nnls,SYTO16-like,0,0.1698758602142334
1231,RU-NNLS,ru_nnls,DIA-like,1,0.194553405046463
1231,RU-NNLS,ru_nnls,DeepRed-like,2,0.2655477523803711
1232,RU-NNLS,ru_nnls,SYTO16-like,0,0.16908632218837738
1232,RU-NNLS,ru_nnls,DIA-like,1,0.18537025153636932
1232,RU-NNLS,ru_nnls,DeepRed-like,2,0.18245552480220795
1233,RU-NNLS,ru_nnls,SYTO16-like,0,0.19241148233413696
1233,RU-NNLS,ru_nnls,DIA-like,1,0.2210664600133896
1233,RU-NNLS,ru_nnls,DeepRed-like,2,0.21438801288604736
1238,RU-NNLS,ru_nnls,SYTO16-like,0,0.13689948618412018
1238,RU-NNLS,ru_nnls,DIA-like,1,0.17601843178272247
1238,RU-NNLS,ru_nnls,DeepRed-like,2,0.18226258456707
1240,RU-NNLS,ru_nnls,SYTO16-like,0,0.1710902601480484
1240,RU-NNLS,ru_nnls,DIA-like,1,0.2714346945285797
1240,RU-NNLS,ru_nnls,DeepRed-like,2,0.20943918824195862
1243,RU-NNLS,ru_nnls,SYTO16-like,0,0.17427709698677063
1243,RU-NNLS,ru_nnls,DIA-like,1,0.23538564145565033
1243,RU-NNLS,ru_nnls,DeepRed-like,2,0.20447203516960144
1260,RU-NNLS,ru_nnls,SYTO16-like,0,0.15392136573791504
1260,RU-NNLS,ru_nnls,DIA-like,1,0.24421750009059906
1260,RU-NNLS,ru_nnls,DeepRed-like,2,0.2074723243713379
1267,RU-NNLS,ru_nnls,SYTO16-like,0,0.17693054676055908
1267,RU-NNLS,ru_nnls,DIA-like,1,0.20866873860359192
1267,RU-NNLS,ru_nnls,DeepRed-like,2,0.21670430898666382
1268,RU-NNLS,ru_nnls,SYTO16-like,0,0.15694580972194672
1268,RU-NNLS,ru_nnls,DIA-like,1,0.17802737653255463
1268,RU-NNLS,ru_nnls,DeepRed-like,2,0.1937151849269867
1274,RU-NNLS,ru_nnls,SYTO16-like,0,0.19208943843841553
1274,RU-NNLS,ru_nnls,DIA-like,1,0.23271261155605316
1274,RU-NNLS,ru_nnls,DeepRed-like,2,0.21592213213443756
1281,RU-NNLS,ru_nnls,SYTO16-like,0,0.13328659534454346
1281,RU-NNLS,ru_nnls,DIA-like,1,0.15244516730308533
1281,RU-NNLS,ru_nnls,DeepRed-like,2,0.14569881558418274
1297,RU-NNLS,ru_nnls,SYTO16-like,0,0.15174251794815063
1297,RU-NNLS,ru_nnls,DIA-like,1,0.156360924243927
1297,RU-NNLS,ru_nnls,DeepRed-like,2,0.14587435126304626
1307,RU-NNLS,ru_nnls,SYTO16-like,0,0.155138298869133
1307,RU-NNLS,ru_nnls,DIA-like,1,0.2181793749332428
1307,RU-NNLS,ru_nnls,DeepRed-like,2,0.18717679381370544
1313,RU-NNLS,ru_nnls,SYTO16-like,0,0.14158686995506287
1313,RU-NNLS,ru_nnls,DIA-like,1,0.17611472308635712
1313,RU-NNLS,ru_nnls,DeepRed-like,2,0.15959562361240387
1330,RU-NNLS,ru_nnls,SYTO16-like,0,0.1797253042459488
1330,RU-NNLS,ru_nnls,DIA-like,1,0.16969503462314606
1330,RU-NNLS,ru_nnls,DeepRed-like,2,0.15562495589256287
1334,RU-NNLS,ru_nnls,SYTO16-like,0,0.16584117710590363
1334,RU-NNLS,ru_nnls,DIA-like,1,0.22639574110507965
1334,RU-NNLS,ru_nnls,DeepRed-like,2,0.2983121871948242
1346,RU-NNLS,ru_nnls,SYTO16-like,0,0.1596156507730484
1346,RU-NNLS,ru_nnls,DIA-like,1,0.18912628293037415
1346,RU-NNLS,ru_nnls,DeepRed-like,2,0.16200312972068787
1348,RU-NNLS,ru_nnls,SYTO16-like,0,0.17164474725723267
1348,RU-NNLS,ru_nnls,DIA-like,1,0.28987544775009155
1348,RU-NNLS,ru_nnls,DeepRed-like,2,0.20964692533016205
1355,RU-NNLS,ru_nnls,SYTO16-like,0,0.16913236677646637
1355,RU-NNLS,ru_nnls,DIA-like,1,0.17438232898712158
1355,RU-NNLS,ru_nnls,DeepRed-like,2,0.13915610313415527
1363,RU-NNLS,ru_nnls,SYTO16-like,0,0.1756865382194519
1363,RU-NNLS,ru_nnls,DIA-like,1,0.21942031383514404
1363,RU-NNLS,ru_nnls,DeepRed-like,2,0.21857841312885284
1366,RU-NNLS,ru_nnls,SYTO16-like,0,0.1420096457004547
1366,RU-NNLS,ru_nnls,DIA-like,1,0.18987910449504852
1366,RU-NNLS,ru_nnls,DeepRed-like,2,0.2180134654045105
1391,RU-NNLS,ru_nnls,SYTO16-like,0,0.15838778018951416
1391,RU-NNLS,ru_nnls,DIA-like,1,0.2177049070596695
1391,RU-NNLS,ru_nnls,DeepRed-like,2,0.2231311947107315
1400,RU-NNLS,ru_nnls,SYTO16-like,0,0.15616989135742188
1400,RU-NNLS,ru_nnls,DIA-like,1,0.15729530155658722
1400,RU-NNLS,ru_nnls,DeepRed-like,2,0.15475574135780334
1411,RU-NNLS,ru_nnls,SYTO16-like,0,0.1695702224969864
1411,RU-NNLS,ru_nnls,DIA-like,1,0.1741124838590622
1411,RU-NNLS,ru_nnls,DeepRed-like,2,0.23330244421958923
1413,RU-NNLS,ru_nnls,SYTO16-like,0,0.18328975141048431
1413,RU-NNLS,ru_nnls,DIA-like,1,0.23664090037345886
1413,RU-NNLS,ru_nnls,DeepRed-like,2,0.17443285882472992
1422,RU-NNLS,ru_nnls,SYTO16-like,0,0.14224445819854736
1422,RU-NNLS,ru_nnls,DIA-like,1,0.196296826004982
1422,RU-NNLS,ru_nnls,DeepRed-like,2,0.1909271478652954
1425,RU-NNLS,ru_nnls,SYTO16-like,0,0.17146962881088257
1425,RU-NNLS,ru_nnls,DIA-like,1,0.14326277375221252
1425,RU-NNLS,ru_nnls,DeepRed-like,2,0.18182122707366943
1434,RU-NNLS,ru_nnls,SYTO16-like,0,0.1883358657360077
1434,RU-NNLS,ru_nnls,DIA-like,1,0.19418440759181976
1434,RU-NNLS,ru_nnls,DeepRed-like,2,0.18014518916606903
1441,RU-NNLS,ru_nnls,SYTO16-like,0,0.1542053073644638
1441,RU-NNLS,ru_nnls,DIA-like,1,0.41387930512428284
1441,RU-NNLS,ru_nnls,DeepRed-like,2,0.22699657082557678
1447,RU-NNLS,ru_nnls,SYTO16-like,0,0.13752861320972443
1447,RU-NNLS,ru_nnls,DIA-like,1,0.17498348653316498
1447,RU-NNLS,ru_nnls,DeepRed-like,2,0.1300996094942093
1458,RU-NNLS,ru_nnls,SYTO16-like,0,0.15721943974494934
1458,RU-NNLS,ru_nnls,DIA-like,1,0.20392458140850067
1458,RU-NNLS,ru_nnls,DeepRed-like,2,0.1984538584947586
1471,RU-NNLS,ru_nnls,SYTO16-like,0,0.17358307540416718
1471,RU-NNLS,ru_nnls,DIA-like,1,0.16540421545505524
1471,RU-NNLS,ru_nnls,DeepRed-like,2,0.18727481365203857
1481,RU-NNLS,ru_nnls,SYTO16-like,0,0.1425912231206894
1481,RU-NNLS,ru_nnls,DIA-like,1,0.21453312039375305
1481,RU-NNLS,ru_nnls,DeepRed-like,2,0.18532349169254303
1499,RU-NNLS,ru_nnls,SYTO16-like,0,0.13884752988815308
1499,RU-NNLS,ru_nnls,DIA-like,1,0.20397010445594788
1499,RU-NNLS,ru_nnls,DeepRed-like,2,0.1572239249944687
1506,RU-NNLS,ru_nnls,SYTO16-like,0,0.23795215785503387
1506,RU-NNLS,ru_nnls,DIA-like,1,0.23949648439884186
1506,RU-NNLS,ru_nnls,DeepRed-like,2,0.25216811895370483
1511,RU-NNLS,ru_nnls,SYTO16-like,0,0.1753913313150406
1511,RU-NNLS,ru_nnls,DIA-like,1,0.2145247459411621
1511,RU-NNLS,ru_nnls,DeepRed-like,2,0.23348131775856018
1512,RU-NNLS,ru_nnls,SYTO16-like,0,0.17157207429409027
1512,RU-NNLS,ru_nnls,DIA-like,1,0.2708812355995178
1512,RU-NNLS,ru_nnls,DeepRed-like,2,0.1862984299659729
1515,RU-NNLS,ru_nnls,SYTO16-like,0,0.186697855591774
1515,RU-NNLS,ru_nnls,DIA-like,1,0.183023139834404
1515,RU-NNLS,ru_nnls,DeepRed-like,2,0.17586246132850647
1522,RU-NNLS,ru_nnls,SYTO16-like,0,0.19616200029850006
1522,RU-NNLS,ru_nnls,DIA-like,1,0.17723001539707184
1522,RU-NNLS,ru_nnls,DeepRed-like,2,0.16371728479862213
1525,RU-NNLS,ru_nnls,SYTO16-like,0,0.14458584785461426
1525,RU-NNLS,ru_nnls,DIA-like,1,0.21048793196678162
1525,RU-NNLS,ru_nnls,DeepRed-like,2,0.1932363063097
1536,RU-NNLS,ru_nnls,SYTO16-like,0,0.1393997222185135
1536,RU-NNLS,ru_nnls,DIA-like,1,0.1689801663160324
1536,RU-NNLS,ru_nnls,DeepRed-like,2,0.21401022374629974
1541,RU-NNLS,ru_nnls,SYTO16-like,0,0.25492194294929504
1541,RU-NNLS,ru_nnls,DIA-like,1,0.20533894002437592
1541,RU-NNLS,ru_nnls,DeepRed-like,2,0.2519882321357727
1543,RU-NNLS,ru_nnls,SYTO16-like,0,0.21324299275875092
1543,RU-NNLS,ru_nnls,DIA-like,1,0.20974630117416382
1543,RU-NNLS,ru_nnls,DeepRed-like,2,0.16990244388580322
1546,RU-NNLS,ru_nnls,SYTO16-like,0,0.17344814538955688
1546,RU-NNLS,ru_nnls,DIA-like,1,0.20428235828876495
1546,RU-NNLS,ru_nnls,DeepRed-like,2,0.1479482799768448
1551,RU-NNLS,ru_nnls,SYTO16-like,0,0.15496060252189636
1551,RU-NNLS,ru_nnls,DIA-like,1,0.16252447664737701
1551,RU-NNLS,ru_nnls,DeepRed-like,2,0.1856980174779892
1553,RU-NNLS,ru_nnls,SYTO16-like,0,0.1860600858926773
1553,RU-NNLS,ru_nnls,DIA-like,1,0.20587925612926483
1553,RU-NNLS,ru_nnls,DeepRed-like,2,0.19867199659347534
1559,RU-NNLS,ru_nnls,SYTO16-like,0,0.20794075727462769
1559,RU-NNLS,ru_nnls,DIA-like,1,0.18118056654930115
1559,RU-NNLS,ru_nnls,DeepRed-like,2,0.21963125467300415
1562,RU-NNLS,ru_nnls,SYTO16-like,0,0.12896142899990082
1562,RU-NNLS,ru_nnls,DIA-like,1,0.1395764946937561
1562,RU-NNLS,ru_nnls,DeepRed-like,2,0.13323435187339783
1563,RU-NNLS,ru_nnls,SYTO16-like,0,0.2345287948846817
1563,RU-NNLS,ru_nnls,DIA-like,1,0.21865347027778625
1563,RU-NNLS,ru_nnls,DeepRed-like,2,0.2063615322113037
1581,RU-NNLS,ru_nnls,SYTO16-like,0,0.1791456639766693
1581,RU-NNLS,ru_nnls,DIA-like,1,0.2021106779575348
1581,RU-NNLS,ru_nnls,DeepRed-like,2,0.23515190184116364
1613,RU-NNLS,ru_nnls,SYTO16-like,0,0.13051649928092957
1613,RU-NNLS,ru_nnls,DIA-like,1,0.2189028412103653
1613,RU-NNLS,ru_nnls,DeepRed-like,2,0.19046913087368011
1619,RU-NNLS,ru_nnls,SYTO16-like,0,0.11431603878736496
1619,RU-NNLS,ru_nnls,DIA-like,1,0.1856687068939209
1619,RU-NNLS,ru_nnls,DeepRed-like,2,0.16993418335914612
1622,RU-NNLS,ru_nnls,SYTO16-like,0,0.19796611368656158
1622,RU-NNLS,ru_nnls,DIA-like,1,0.22999738156795502
1622,RU-NNLS,ru_nnls,DeepRed-like,2,0.20792774856090546
1624,RU-NNLS,ru_nnls,SYTO16-like,0,0.12421008199453354
1624,RU-NNLS,ru_nnls,DIA-like,1,0.2011193186044693
1624,RU-NNLS,ru_nnls,DeepRed-like,2,0.15982069075107574
1634,RU-NNLS,ru_nnls,SYTO16-like,0,0.1686924695968628
1634,RU-NNLS,ru_nnls,DIA-like,1,0.22014179825782776
1634,RU-NNLS,ru_nnls,DeepRed-like,2,0.19271701574325562
1644,RU-NNLS,ru_nnls,SYTO16-like,0,0.19839172065258026
1644,RU-NNLS,ru_nnls,DIA-like,1,0.27530449628829956
1644,RU-NNLS,ru_nnls,DeepRed-like,2,0.21379446983337402
1645,RU-NNLS,ru_nnls,SYTO16-like,0,0.1805828958749771
1645,RU-NNLS,ru_nnls,DIA-like,1,0.24147555232048035
1645,RU-NNLS,ru_nnls,DeepRed-like,2,0.17424757778644562
1663,RU-NNLS,ru_nnls,SYTO16-like,0,0.14478687942028046
1663,RU-NNLS,ru_nnls,DIA-like,1,0.1800101101398468
1663,RU-NNLS,ru_nnls,DeepRed-like,2,0.19946137070655823
1673,RU-NNLS,ru_nnls,SYTO16-like,0,0.12645427882671356
1673,RU-NNLS,ru_nnls,DIA-like,1,0.15801233053207397
1673,RU-NNLS,ru_nnls,DeepRed-like,2,0.14322508871555328
1684,RU-NNLS,ru_nnls,SYTO16-like,0,0.16181619465351105
1684,RU-NNLS,ru_nnls,DIA-like,1,0.20438124239444733
1684,RU-NNLS,ru_nnls,DeepRed-like,2,0.21210579574108124
1685,RU-NNLS,ru_nnls,SYTO16-like,0,0.14779558777809143
1685,RU-NNLS,ru_nnls,DIA-like,1,0.18313518166542053
1685,RU-NNLS,ru_nnls,DeepRed-like,2,0.17382560670375824
1694,RU-NNLS,ru_nnls,SYTO16-like,0,0.1902027130126953
1694,RU-NNLS,ru_nnls,DIA-like,1,0.23140814900398254
1694,RU-NNLS,ru_nnls,DeepRed-like,2,0.1947038471698761
1697,RU-NNLS,ru_nnls,SYTO16-like,0,0.12979823350906372
1697,RU-NNLS,ru_nnls,DIA-like,1,0.16391593217849731
1697,RU-NNLS,ru_nnls,DeepRed-like,2,0.2096947729587555
1698,RU-NNLS,ru_nnls,SYTO16-like,0,0.1624884307384491
1698,RU-NNLS,ru_nnls,DIA-like,1,0.17943300306797028
1698,RU-NNLS,ru_nnls,DeepRed-like,2,0.16952718794345856
1700,RU-NNLS,ru_nnls,SYTO16-like,0,0.2105967253446579
1700,RU-NNLS,ru_nnls,DIA-like,1,0.15936067700386047
1700,RU-NNLS,ru_nnls,DeepRed-like,2,0.16057509183883667
1715,RU-NNLS,ru_nnls,SYTO16-like,0,0.16339731216430664
1715,RU-NNLS,ru_nnls,DIA-like,1,0.18201737105846405
1715,RU-NNLS,ru_nnls,DeepRed-like,2,0.2267371565103531
1721,RU-NNLS,ru_nnls,SYTO16-like,0,0.1504846215248108
1721,RU-NNLS,ru_nnls,DIA-like,1,0.15201614797115326
1721,RU-NNLS,ru_nnls,DeepRed-like,2,0.11886106431484222
1724,RU-NNLS,ru_nnls,SYTO16-like,0,0.17224857211112976
1724,RU-NNLS,ru_nnls,DIA-like,1,0.16943177580833435
1724,RU-NNLS,ru_nnls,DeepRed-like,2,0.16957207024097443
1727,RU-NNLS,ru_nnls,SYTO16-like,0,0.13985425233840942
1727,RU-NNLS,ru_nnls,DIA-like,1,0.17998339235782623
1727,RU-NNLS,ru_nnls,DeepRed-like,2,0.17198973894119263
1729,RU-NNLS,ru_nnls,SYTO16-like,0,0.15509752929210663
1729,RU-NNLS,ru_nnls,DIA-like,1,0.24455906450748444
1729,RU-NNLS,ru_nnls,DeepRed-like,2,0.21370571851730347
1741,RU-NNLS,ru_nnls,SYTO16-like,0,0.19020619988441467
1741,RU-NNLS,ru_nnls,DIA-like,1,0.17690059542655945
1741,RU-NNLS,ru_nnls,DeepRed-like,2,0.22071315348148346
1760,RU-NNLS,ru_nnls,SYTO16-like,0,0.18534936010837555
1760,RU-NNLS,ru_nnls,DIA-like,1,0.19973281025886536
1760,RU-NNLS,ru_nnls,DeepRed-like,2,0.1443876177072525
1761,RU-NNLS,ru_nnls,SYTO16-like,0,0.15199433267116547
1761,RU-NNLS,ru_nnls,DIA-like,1,0.19621476531028748
1761,RU-NNLS,ru_nnls,DeepRed-like,2,0.22234897315502167
1763,RU-NNLS,ru_nnls,SYTO16-like,0,0.18648630380630493
1763,RU-NNLS,ru_nnls,DIA-like,1,0.2646552622318268
1763,RU-NNLS,ru_nnls,DeepRed-like,2,0.2004019170999527
1765,RU-NNLS,ru_nnls,SYTO16-like,0,0.20391853153705597
1765,RU-NNLS,ru_nnls,DIA-like,1,0.31646254658699036
1765,RU-NNLS,ru_nnls,DeepRed-like,2,0.16614550352096558
1773,RU-NNLS,ru_nnls,SYTO16-like,0,0.12710948288440704
1773,RU-NNLS,ru_nnls,DIA-like,1,0.19394268095493317
1773,RU-NNLS,ru_nnls,DeepRed-like,2,0.19014619290828705
1782,RU-NNLS,ru_nnls,SYTO16-like,0,0.13568100333213806
1782,RU-NNLS,ru_nnls,DIA-like,1,0.1312803030014038
1782,RU-NNLS,ru_nnls,DeepRed-like,2,0.09338917583227158
1784,RU-NNLS,ru_nnls,SYTO16-like,0,0.16587267816066742
1784,RU-NNLS,ru_nnls,DIA-like,1,0.21941439807415009
1784,RU-NNLS,ru_nnls,DeepRed-like,2,0.20692652463912964
1791,RU-NNLS,ru_nnls,SYTO16-like,0,0.13518626987934113
1791,RU-NNLS,ru_nnls,DIA-like,1,0.15620611608028412
1791,RU-NNLS,ru_nnls,DeepRed-like,2,0.1791866272687912
1798,RU-NNLS,ru_nnls,SYTO16-like,0,0.15276503562927246
1798,RU-NNLS,ru_nnls,DIA-like,1,0.21108734607696533
1798,RU-NNLS,ru_nnls,DeepRed-like,2,0.19202393293380737
1804,RU-NNLS,ru_nnls,SYTO16-like,0,0.1741303950548172
1804,RU-NNLS,ru_nnls,DIA-like,1,0.169841006398201
1804,RU-NNLS,ru_nnls,DeepRed-like,2,0.23099015653133392
1812,RU-NNLS,ru_nnls,SYTO16-like,0,0.1892608255147934
1812,RU-NNLS,ru_nnls,DIA-like,1,0.1976117491722107
1812,RU-NNLS,ru_nnls,DeepRed-like,2,0.21067309379577637
1814,RU-NNLS,ru_nnls,SYTO16-like,0,0.18859604001045227
1814,RU-NNLS,ru_nnls,DIA-like,1,0.20064236223697662
1814,RU-NNLS,ru_nnls,DeepRed-like,2,0.21729135513305664
1819,RU-NNLS,ru_nnls,SYTO16-like,0,0.1528349667787552
1819,RU-NNLS,ru_nnls,DIA-like,1,0.2021607905626297
1819,RU-NNLS,ru_nnls,DeepRed-like,2,0.25397852063179016
1824,RU-NNLS,ru_nnls,SYTO16-like,0,0.15806609392166138
1824,RU-NNLS,ru_nnls,DIA-like,1,0.1957092583179474
1824,RU-NNLS,ru_nnls,DeepRed-like,2,0.19901630282402039
1831,RU-NNLS,ru_nnls,SYTO16-like,0,0.15747641026973724
1831,RU-NNLS,ru_nnls,DIA-like,1,0.2418793886899948
1831,RU-NNLS,ru_nnls,DeepRed-like,2,0.2026233673095703
1833,RU-NNLS,ru_nnls,SYTO16-like,0,0.17186935245990753
1833,RU-NNLS,ru_nnls,DIA-like,1,0.1949344426393509
1833,RU-NNLS,ru_nnls,DeepRed-like,2,0.198307067155838
1841,RU-NNLS,ru_nnls,SYTO16-like,0,0.1650906503200531
1841,RU-NNLS,ru_nnls,DIA-like,1,0.23942971229553223
1841,RU-NNLS,ru_nnls,DeepRed-like,2,0.2324114739894867
1843,RU-NNLS,ru_nnls,SYTO16-like,0,0.27940240502357483
1843,RU-NNLS,ru_nnls,DIA-like,1,0.2735097110271454
1843,RU-NNLS,ru_nnls,DeepRed-like,2,0.20429454743862152
1868,RU-NNLS,ru_nnls,SYTO16-like,0,0.18007436394691467
1868,RU-NNLS,ru_nnls,DIA-like,1,0.23943500220775604
1868,RU-NNLS,ru_nnls,DeepRed-like,2,0.21169860661029816
1871,RU-NNLS,ru_nnls,SYTO16-like,0,0.17976845800876617
1871,RU-NNLS,ru_nnls,DIA-like,1,0.19108527898788452
1871,RU-NNLS,ru_nnls,DeepRed-like,2,0.23682275414466858
1881,RU-NNLS,ru_nnls,SYTO16-like,0,0.19287227094173431
1881,RU-NNLS,ru_nnls,DIA-like,1,0.30951541662216187
1881,RU-NNLS,ru_nnls,DeepRed-like,2,0.19265545904636383
1882,RU-NNLS,ru_nnls,SYTO16-like,0,0.12806132435798645
1882,RU-NNLS,ru_nnls,DIA-like,1,0.15006683766841888
1882,RU-NNLS,ru_nnls,DeepRed-like,2,0.1609957218170166
1888,RU-NNLS,ru_nnls,SYTO16-like,0,0.15677566826343536
1888,RU-NNLS,ru_nnls,DIA-like,1,0.30993133783340454
1888,RU-NNLS,ru_nnls,DeepRed-like,2,0.21813538670539856
1911,RU-NNLS,ru_nnls,SYTO16-like,0,0.17094044387340546
1911,RU-NNLS,ru_nnls,DIA-like,1,0.2623192369937897
1911,RU-NNLS,ru_nnls,DeepRed-like,2,0.23882251977920532
1919,RU-NNLS,ru_nnls,SYTO16-like,0,0.14452838897705078
1919,RU-NNLS,ru_nnls,DIA-like,1,0.1804804652929306
1919,RU-NNLS,ru_nnls,DeepRed-like,2,0.14404942095279694
1935,RU-NNLS,ru_nnls,SYTO16-like,0,0.21323421597480774
1935,RU-NNLS,ru_nnls,DIA-like,1,0.2264087051153183
1935,RU-NNLS,ru_nnls,DeepRed-like,2,0.17614015936851501
1942,RU-NNLS,ru_nnls,SYTO16-like,0,0.157857283949852
1942,RU-NNLS,ru_nnls,DIA-like,1,0.1861651986837387
1942,RU-NNLS,ru_nnls,DeepRed-like,2,0.19688604772090912
1943,RU-NNLS,ru_nnls,SYTO16-like,0,0.14946770668029785
1943,RU-NNLS,ru_nnls,DIA-like,1,0.19478937983512878
1943,RU-NNLS,ru_nnls,DeepRed-like,2,0.2145736962556839
1963,RU-NNLS,ru_nnls,SYTO16-like,0,0.15196599066257477
1963,RU-NNLS,ru_nnls,DIA-like,1,0.2236964851617813
1963,RU-NNLS,ru_nnls,DeepRed-like,2,0.21400253474712372
1968,RU-NNLS,ru_nnls,SYTO16-like,0,0.15276911854743958
1968,RU-NNLS,ru_nnls,DIA-like,1,0.1814584881067276
1968,RU-NNLS,ru_nnls,DeepRed-like,2,0.19721093773841858
1985,RU-NNLS,ru_nnls,SYTO16-like,0,0.13735879957675934
1985,RU-NNLS,ru_nnls,DIA-like,1,0.16064244508743286
1985,RU-NNLS,ru_nnls,DeepRed-like,2,0.23711414635181427
1999,RU-NNLS,ru_nnls,SYTO16-like,0,0.16278670728206635
1999,RU-NNLS,ru_nnls,DIA-like,1,0.2247340977191925
1999,RU-NNLS,ru_nnls,DeepRed-like,2,0.26066267490386963
2000,RU-NNLS,ru_nnls,SYTO16-like,0,0.18540281057357788
2000,RU-NNLS,ru_nnls,DIA-like,1,0.19519691169261932
2000,RU-NNLS,ru_nnls,DeepRed-like,2,0.26475971937179565
2002,RU-NNLS,ru_nnls,SYTO16-like,0,0.15846577286720276
2002,RU-NNLS,ru_nnls,DIA-like,1,0.23942917585372925
2002,RU-NNLS,ru_nnls,DeepRed-like,2,0.2202034443616867
2003,RU-NNLS,ru_nnls,SYTO16-like,0,0.14364328980445862
2003,RU-NNLS,ru_nnls,DIA-like,1,0.18502084910869598
2003,RU-NNLS,ru_nnls,DeepRed-like,2,0.20220772922039032
2015,RU-NNLS,ru_nnls,SYTO16-like,0,0.1401757299900055
2015,RU-NNLS,ru_nnls,DIA-like,1,0.18174198269844055
2015,RU-NNLS,ru_nnls,DeepRed-like,2,0.16420315206050873
2020,RU-NNLS,ru_nnls,SYTO16-like,0,0.15295344591140747
2020,RU-NNLS,ru_nnls,DIA-like,1,0.19460445642471313
2020,RU-NNLS,ru_nnls,DeepRed-like,2,0.21621909737586975
2021,RU-NNLS,ru_nnls,SYTO16-like,0,0.14289948344230652
2021,RU-NNLS,ru_nnls,DIA-like,1,0.25168484449386597
2021,RU-NNLS,ru_nnls,DeepRed-like,2,0.19247546792030334
2026,RU-NNLS,ru_nnls,SYTO16-like,0,0.19742955267429352
2026,RU-NNLS,ru_nnls,DIA-like,1,0.19027024507522583
2026,RU-NNLS,ru_nnls,DeepRed-like,2,0.22986094653606415
2028,RU-NNLS,ru_nnls,SYTO16-like,0,0.15459907054901123
2028,RU-NNLS,ru_nnls,DIA-like,1,0.21676534414291382
2028,RU-NNLS,ru_nnls,DeepRed-like,2,0.1891878843307495
2034,RU-NNLS,ru_nnls,SYTO16-like,0,0.1775316447019577
2034,RU-NNLS,ru_nnls,DIA-like,1,0.2072572410106659
2034,RU-NNLS,ru_nnls,DeepRed-like,2,0.17667627334594727
2038,RU-NNLS,ru_nnls,SYTO16-like,0,0.1393771469593048
2038,RU-NNLS,ru_nnls,DIA-like,1,0.1437927633523941
2038,RU-NNLS,ru_nnls,DeepRed-like,2,0.1863100677728653
2060,RU-NNLS,ru_nnls,SYTO16-like,0,0.1685117930173874
2060,RU-NNLS,ru_nnls,DIA-like,1,0.2087124139070511
2060,RU-NNLS,ru_nnls,DeepRed-like,2,0.2420002967119217
2075,RU-NNLS,ru_nnls,SYTO16-like,0,0.2042924165725708
2075,RU-NNLS,ru_nnls,DIA-like,1,0.17577049136161804
2075,RU-NNLS,ru_nnls,DeepRed-like,2,0.22539150714874268
2078,RU-NNLS,ru_nnls,SYTO16-like,0,0.16903084516525269
2078,RU-NNLS,ru_nnls,DIA-like,1,0.23250246047973633
2078,RU-NNLS,ru_nnls,DeepRed-like,2,0.1964285671710968
2081,RU-NNLS,ru_nnls,SYTO16-like,0,0.14519716799259186
2081,RU-NNLS,ru_nnls,DIA-like,1,0.1457657814025879
2081,RU-NNLS,ru_nnls,DeepRed-like,2,0.1420208364725113
2095,RU-NNLS,ru_nnls,SYTO16-like,0,0.1546533852815628
2095,RU-NNLS,ru_nnls,DIA-like,1,0.1843821257352829
2095,RU-NNLS,ru_nnls,DeepRed-like,2,0.19787874817848206
2096,RU-NNLS,ru_nnls,SYTO16-like,0,0.12373172491788864
2096,RU-NNLS,ru_nnls,DIA-like,1,0.17396436631679535
2096,RU-NNLS,ru_nnls,DeepRed-like,2,0.20763912796974182
2102,RU-NNLS,ru_nnls,SYTO16-like,0,0.15821857750415802
2102,RU-NNLS,ru_nnls,DIA-like,1,0.16697080433368683
2102,RU-NNLS,ru_nnls,DeepRed-like,2,0.20966921746730804
2107,RU-NNLS,ru_nnls,SYTO16-like,0,0.15167208015918732
2107,RU-NNLS,ru_nnls,DIA-like,1,0.21549998223781586
2107,RU-NNLS,ru_nnls,DeepRed-like,2,0.20161308348178864
2109,RU-NNLS,ru_nnls,SYTO16-like,0,0.13789652287960052
2109,RU-NNLS,ru_nnls,DIA-like,1,0.1847762018442154
2109,RU-NNLS,ru_nnls,DeepRed-like,2,0.21081292629241943
2111,RU-NNLS,ru_nnls,SYTO16-like,0,0.2170003056526184
2111,RU-NNLS,ru_nnls,DIA-like,1,0.21029511094093323
2111,RU-NNLS,ru_nnls,DeepRed-like,2,0.28304699063301086
2112,RU-NNLS,ru_nnls,SYTO16-like,0,0.1438896805047989
2112,RU-NNLS,ru_nnls,DIA-like,1,0.1878383457660675
2112,RU-NNLS,ru_nnls,DeepRed-like,2,0.22845621407032013
2118,RU-NNLS,ru_nnls,SYTO16-like,0,0.2115722894668579
2118,RU-NNLS,ru_nnls,DIA-like,1,0.21713529527187347
2118,RU-NNLS,ru_nnls,DeepRed-like,2,0.1812504082918167
2122,RU-NNLS,ru_nnls,SYTO16-like,0,0.15231673419475555
2122,RU-NNLS,ru_nnls,DIA-like,1,0.18524862825870514
2122,RU-NNLS,ru_nnls,DeepRed-like,2,0.18129466474056244
2123,RU-NNLS,ru_nnls,SYTO16-like,0,0.1332617849111557
2123,RU-NNLS,ru_nnls,DIA-like,1,0.18328264355659485
2123,RU-NNLS,ru_nnls,DeepRed-like,2,0.19500035047531128
2128,RU-NNLS,ru_nnls,SYTO16-like,0,0.14297962188720703
2128,RU-NNLS,ru_nnls,DIA-like,1,0.1986592710018158
2128,RU-NNLS,ru_nnls,DeepRed-like,2,0.2059098482131958
2140,RU-NNLS,ru_nnls,SYTO16-like,0,0.1405729055404663
2140,RU-NNLS,ru_nnls,DIA-like,1,0.17532087862491608
2140,RU-NNLS,ru_nnls,DeepRed-like,2,0.13012592494487762
2148,RU-NNLS,ru_nnls,SYTO16-like,0,0.14369477331638336
2148,RU-NNLS,ru_nnls,DIA-like,1,0.19216732680797577
2148,RU-NNLS,ru_nnls,DeepRed-like,2,0.18506164848804474
2149,RU-NNLS,ru_nnls,SYTO16-like,0,0.14727407693862915
2149,RU-NNLS,ru_nnls,DIA-like,1,0.18925994634628296
2149,RU-NNLS,ru_nnls,DeepRed-like,2,0.22229155898094177
2151,RU-NNLS,ru_nnls,SYTO16-like,0,0.17599648237228394
2151,RU-NNLS,ru_nnls,DIA-like,1,0.2388114631175995
2151,RU-NNLS,ru_nnls,DeepRed-like,2,0.2361123263835907
2152,RU-NNLS,ru_nnls,SYTO16-like,0,0.14707273244857788
2152,RU-NNLS,ru_nnls,DIA-like,1,0.1892441064119339
2152,RU-NNLS,ru_nnls,DeepRed-like,2,0.1423301100730896
2166,RU-NNLS,ru_nnls,SYTO16-like,0,0.22262093424797058
2166,RU-NNLS,ru_nnls,DIA-like,1,0.163730189204216
2166,RU-NNLS,ru_nnls,DeepRed-like,2,0.23757466673851013
2168,RU-NNLS,ru_nnls,SYTO16-like,0,0.19146598875522614
2168,RU-NNLS,ru_nnls,DIA-like,1,0.20047740638256073
2168,RU-NNLS,ru_nnls,DeepRed-like,2,0.2013639509677887
2176,RU-NNLS,ru_nnls,SYTO16-like,0,0.20879866182804108
2176,RU-NNLS,ru_nnls,DIA-like,1,0.13563452661037445
2176,RU-NNLS,ru_nnls,DeepRed-like,2,0.21407179534435272
2178,RU-NNLS,ru_nnls,SYTO16-like,0,0.20002003014087677
2178,RU-NNLS,ru_nnls,DIA-like,1,0.20273466408252716
2178,RU-NNLS,ru_nnls,DeepRed-like,2,0.25450482964515686
2183,RU-NNLS,ru_nnls,SYTO16-like,0,0.14787641167640686
2183,RU-NNLS,ru_nnls,DIA-like,1,0.15809494256973267
2183,RU-NNLS,ru_nnls,DeepRed-like,2,0.2135205864906311
2195,RU-NNLS,ru_nnls,SYTO16-like,0,0.17598913609981537
2195,RU-NNLS,ru_nnls,DIA-like,1,0.22662878036499023
2195,RU-NNLS,ru_nnls,DeepRed-like,2,0.20316645503044128
2200,RU-NNLS,ru_nnls,SYTO16-like,0,0.18719066679477692
2200,RU-NNLS,ru_nnls,DIA-like,1,0.26188528537750244
2200,RU-NNLS,ru_nnls,DeepRed-like,2,0.2209097146987915
2204,RU-NNLS,ru_nnls,SYTO16-like,0,0.1522744745016098
2204,RU-NNLS,ru_nnls,DIA-like,1,0.19058488309383392
2204,RU-NNLS,ru_nnls,DeepRed-like,2,0.20499971508979797
2205,RU-NNLS,ru_nnls,SYTO16-like,0,0.16123820841312408
2205,RU-NNLS,ru_nnls,DIA-like,1,0.2302386462688446
2205,RU-NNLS,ru_nnls,DeepRed-like,2,0.19993695616722107
2206,RU-NNLS,ru_nnls,SYTO16-like,0,0.16322432458400726
2206,RU-NNLS,ru_nnls,DIA-like,1,0.22738175094127655
2206,RU-NNLS,ru_nnls,DeepRed-like,2,0.2116118222475052
2211,RU-NNLS,ru_nnls,SYTO16-like,0,0.14024434983730316
2211,RU-NNLS,ru_nnls,DIA-like,1,0.1766304224729538
2211,RU-NNLS,ru_nnls,DeepRed-like,2,0.18610337376594543
2218,RU-NNLS,ru_nnls,SYTO16-like,0,0.2232002168893814
2218,RU-NNLS,ru_nnls,DIA-like,1,0.1958477646112442
2218,RU-NNLS,ru_nnls,DeepRed-like,2,0.16883845627307892
2221,RU-NNLS,ru_nnls,SYTO16-like,0,0.14994734525680542
2221,RU-NNLS,ru_nnls,DIA-like,1,0.2191060185432434
2221,RU-NNLS,ru_nnls,DeepRed-like,2,0.22898364067077637
2224,RU-NNLS,ru_nnls,SYTO16-like,0,0.29887959361076355
2224,RU-NNLS,ru_nnls,DIA-like,1,0.24108991026878357
2224,RU-NNLS,ru_nnls,DeepRed-like,2,0.25210198760032654
2227,RU-NNLS,ru_nnls,SYTO16-like,0,0.18391481041908264
2227,RU-NNLS,ru_nnls,DIA-like,1,0.23827658593654633
2227,RU-NNLS,ru_nnls,DeepRed-like,2,0.16721448302268982
2231,RU-NNLS,ru_nnls,SYTO16-like,0,0.23726117610931396
2231,RU-NNLS,ru_nnls,DIA-like,1,0.27517300844192505
2231,RU-NNLS,ru_nnls,DeepRed-like,2,0.18746240437030792
2236,RU-NNLS,ru_nnls,SYTO16-like,0,0.17013336718082428
2236,RU-NNLS,ru_nnls,DIA-like,1,0.1696600466966629
2236,RU-NNLS,ru_nnls,DeepRed-like,2,0.18930192291736603
2238,RU-NNLS,ru_nnls,SYTO16-like,0,0.15708057582378387
2238,RU-NNLS,ru_nnls,DIA-like,1,0.22350771725177765
2238,RU-NNLS,ru_nnls,DeepRed-like,2,0.19847922027111053
2242,RU-NNLS,ru_nnls,SYTO16-like,0,0.20510034263134003
2242,RU-NNLS,ru_nnls,DIA-like,1,0.22497427463531494
2242,RU-NNLS,ru_nnls,DeepRed-like,2,0.23809361457824707
2246,RU-NNLS,ru_nnls,SYTO16-like,0,0.21215713024139404
2246,RU-NNLS,ru_nnls,DIA-like,1,0.17770236730575562
2246,RU-NNLS,ru_nnls,DeepRed-like,2,0.202062726020813
2269,RU-NNLS,ru_nnls,SYTO16-like,0,0.1684180200099945
2269,RU-NNLS,ru_nnls,DIA-like,1,0.22656044363975525
2269,RU-NNLS,ru_nnls,DeepRed-like,2,0.23056864738464355
2278,RU-NNLS,ru_nnls,SYTO16-like,0,0.15809057652950287
2278,RU-NNLS,ru_nnls,DIA-like,1,0.19537675380706787
2278,RU-NNLS,ru_nnls,DeepRed-like,2,0.20725493133068085
2279,RU-NNLS,ru_nnls,SYTO16-like,0,0.15822114050388336
2279,RU-NNLS,ru_nnls,DIA-like,1,0.18606065213680267
2279,RU-NNLS,ru_nnls,DeepRed-like,2,0.21108990907669067
2305,RU-NNLS,ru_nnls,SYTO16-like,0,0.14637130498886108
2305,RU-NNLS,ru_nnls,DIA-like,1,0.20586898922920227
2305,RU-NNLS,ru_nnls,DeepRed-like,2,0.19645026326179504
2315,RU-NNLS,ru_nnls,SYTO16-like,0,0.1558344066143036
2315,RU-NNLS,ru_nnls,DIA-like,1,0.14021435379981995
2315,RU-NNLS,ru_nnls,DeepRed-like,2,0.18576331436634064
2316,RU-NNLS,ru_nnls,SYTO16-like,0,0.23923678696155548
2316,RU-NNLS,ru_nnls,DIA-like,1,0.20927684009075165
2316,RU-NNLS,ru_nnls,DeepRed-like,2,0.2244434654712677
2331,RU-NNLS,ru_nnls,SYTO16-like,0,0.19577568769454956
2331,RU-NNLS,ru_nnls,DIA-like,1,0.2060028612613678
2331,RU-NNLS,ru_nnls,DeepRed-like,2,0.19346272945404053
2332,RU-NNLS,ru_nnls,SYTO16-like,0,0.16960866749286652
2332,RU-NNLS,ru_nnls,DIA-like,1,0.24094149470329285
2332,RU-NNLS,ru_nnls,DeepRed-like,2,0.20823417603969574
2334,RU-NNLS,ru_nnls,SYTO16-like,0,0.13746966421604156
2334,RU-NNLS,ru_nnls,DIA-like,1,0.22049155831336975
2334,RU-NNLS,ru_nnls,DeepRed-like,2,0.21383289992809296
2336,RU-NNLS,ru_nnls,SYTO16-like,0,0.16438525915145874
2336,RU-NNLS,ru_nnls,DIA-like,1,0.2402167171239853
2336,RU-NNLS,ru_nnls,DeepRed-like,2,0.18478251993656158
2342,RU-NNLS,ru_nnls,SYTO16-like,0,0.15294374525547028
2342,RU-NNLS,ru_nnls,DIA-like,1,0.19858062267303467
2342,RU-NNLS,ru_nnls,DeepRed-like,2,0.1765030026435852
2344,RU-NNLS,ru_nnls,SYTO16-like,0,0.1199864000082016
2344,RU-NNLS,ru_nnls,DIA-like,1,0.1696997880935669
2344,RU-NNLS,ru_nnls,DeepRed-like,2,0.14524854719638824
2345,RU-NNLS,ru_nnls,SYTO16-like,0,0.1335316002368927
2345,RU-NNLS,ru_nnls,DIA-like,1,0.2061987668275833
2345,RU-NNLS,ru_nnls,DeepRed-like,2,0.21078677475452423
2350,RU-NNLS,ru_nnls,SYTO16-like,0,0.17048519849777222
2350,RU-NNLS,ru_nnls,DIA-like,1,0.25070759654045105
2350,RU-NNLS,ru_nnls,DeepRed-like,2,0.18350794911384583
2358,RU-NNLS,ru_nnls,SYTO16-like,0,0.14874762296676636
2358,RU-NNLS,ru_nnls,DIA-like,1,0.1823500543832779
2358,RU-NNLS,ru_nnls,DeepRed-like,2,0.1790073812007904
2378,RU-NNLS,ru_nnls,SYTO16-like,0,0.11267488449811935
2378,RU-NNLS,ru_nnls,DIA-like,1,0.14118829369544983
2378,RU-NNLS,ru_nnls,DeepRed-like,2,0.09776125103235245
2388,RU-NNLS,ru_nnls,SYTO16-like,0,0.15378832817077637
2388,RU-NNLS,ru_nnls,DIA-like,1,0.1767137348651886
2388,RU-NNLS,ru_nnls,DeepRed-like,2,0.290020227432251
2390,RU-NNLS,ru_nnls,SYTO16-like,0,0.21380887925624847
2390,RU-NNLS,ru_nnls,DIA-like,1,0.22048494219779968
2390,RU-NNLS,ru_nnls,DeepRed-like,2,0.17275960743427277
2396,RU-NNLS,ru_nnls,SYTO16-like,0,0.1508384793996811
2396,RU-NNLS,ru_nnls,DIA-like,1,0.23142756521701813
2396,RU-NNLS,ru_nnls,DeepRed-like,2,0.18304428458213806
2415,RU-NNLS,ru_nnls,SYTO16-like,0,0.21948124468326569
2415,RU-NNLS,ru_nnls,DIA-like,1,0.21301046013832092
2415,RU-NNLS,ru_nnls,DeepRed-like,2,0.25133493542671204
2417,RU-NNLS,ru_nnls,SYTO16-like,0,0.17779456079006195
2417,RU-NNLS,ru_nnls,DIA-like,1,0.18952468037605286
2417,RU-NNLS,ru_nnls,DeepRed-like,2,0.19595865905284882
2427,RU-NNLS,ru_nnls,SYTO16-like,0,0.1501363217830658
2427,RU-NNLS,ru_nnls,DIA-like,1,0.1734732687473297
2427,RU-NNLS,ru_nnls,DeepRed-like,2,0.15237201750278473
2428,RU-NNLS,ru_nnls,SYTO16-like,0,0.2137444168329239
2428,RU-NNLS,ru_nnls,DIA-like,1,0.22042472660541534
2428,RU-NNLS,ru_nnls,DeepRed-like,2,0.2050454169511795
2442,RU-NNLS,ru_nnls,SYTO16-like,0,0.16833359003067017
2442,RU-NNLS,ru_nnls,DIA-like,1,0.18685993552207947
2442,RU-NNLS,ru_nnls,DeepRed-like,2,0.1689571887254715
2448,RU-NNLS,ru_nnls,SYTO16-like,0,0.11882474273443222
2448,RU-NNLS,ru_nnls,DIA-like,1,0.15448695421218872
2448,RU-NNLS,ru_nnls,DeepRed-like,2,0.12756672501564026
2459,RU-NNLS,ru_nnls,SYTO16-like,0,0.18339934945106506
2459,RU-NNLS,ru_nnls,DIA-like,1,0.17285330593585968
2459,RU-NNLS,ru_nnls,DeepRed-like,2,0.17507028579711914
2460,RU-NNLS,ru_nnls,SYTO16-like,0,0.14816869795322418
2460,RU-NNLS,ru_nnls,DIA-like,1,0.20239226520061493
2460,RU-NNLS,ru_nnls,DeepRed-like,2,0.12317404896020889
2482,RU-NNLS,ru_nnls,SYTO16-like,0,0.15064984560012817
2482,RU-NNLS,ru_nnls,DIA-like,1,0.15708893537521362
2482,RU-NNLS,ru_nnls,DeepRed-like,2,0.16660860180854797
2483,RU-NNLS,ru_nnls,SYTO16-like,0,0.14458154141902924
2483,RU-NNLS,ru_nnls,DIA-like,1,0.16616657376289368
2483,RU-NNLS,ru_nnls,DeepRed-like,2,0.1379735916852951
2501,RU-NNLS,ru_nnls,SYTO16-like,0,0.17733925580978394
2501,RU-NNLS,ru_nnls,DIA-like,1,0.19982804358005524
2501,RU-NNLS,ru_nnls,DeepRed-like,2,0.24583090841770172
2512,RU-NNLS,ru_nnls,SYTO16-like,0,0.1537322700023651
2512,RU-NNLS,ru_nnls,DIA-like,1,0.22713661193847656
2512,RU-NNLS,ru_nnls,DeepRed-like,2,0.1973382979631424
2514,RU-NNLS,ru_nnls,SYTO16-like,0,0.2159595489501953
2514,RU-NNLS,ru_nnls,DIA-like,1,0.18128612637519836
2514,RU-NNLS,ru_nnls,DeepRed-like,2,0.22368241846561432
2520,RU-NNLS,ru_nnls,SYTO16-like,0,0.1646306961774826
2520,RU-NNLS,ru_nnls,DIA-like,1,0.17460936307907104
2520,RU-NNLS,ru_nnls,DeepRed-like,2,0.21132798492908478
2536,RU-NNLS,ru_nnls,SYTO16-like,0,0.16515778005123138
2536,RU-NNLS,ru_nnls,DIA-like,1,0.21316221356391907
2536,RU-NNLS,ru_nnls,DeepRed-like,2,0.21400262415409088
2543,RU-NNLS,ru_nnls,SYTO16-like,0,0.18630583584308624
2543,RU-NNLS,ru_nnls,DIA-like,1,0.1820140779018402
2543,RU-NNLS,ru_nnls,DeepRed-like,2,0.24503858387470245
2554,RU-NNLS,ru_nnls,SYTO16-like,0,0.19673827290534973
2554,RU-NNLS,ru_nnls,DIA-like,1,0.15451543033123016
2554,RU-NNLS,ru_nnls,DeepRed-like,2,0.2239522933959961
2598,RU-NNLS,ru_nnls,SYTO16-like,0,0.19656871259212494
2598,RU-NNLS,ru_nnls,DIA-like,1,0.21782629191875458
2598,RU-NNLS,ru_nnls,DeepRed-like,2,0.1487637609243393
2602,RU-NNLS,ru_nnls,SYTO16-like,0,0.1967659592628479
2602,RU-NNLS,ru_nnls,DIA-like,1,0.15151113271713257
2602,RU-NNLS,ru_nnls,DeepRed-like,2,0.207386314868927
2604,RU-NNLS,ru_nnls,SYTO16-like,0,0.1804390847682953
2604,RU-NNLS,ru_nnls,DIA-like,1,0.21920345723628998
2604,RU-NNLS,ru_nnls,DeepRed-like,2,0.22642816603183746
2609,RU-NNLS,ru_nnls,SYTO16-like,0,0.20784428715705872
2609,RU-NNLS,ru_nnls,DIA-like,1,0.21585091948509216
2609,RU-NNLS,ru_nnls,DeepRed-like,2,0.29919177293777466
2611,RU-NNLS,ru_nnls,SYTO16-like,0,0.22024506330490112
2611,RU-NNLS,ru_nnls,DIA-like,1,0.19657360017299652
2611,RU-NNLS,ru_nnls,DeepRed-like,2,0.20778661966323853
2616,RU-NNLS,ru_nnls,SYTO16-like,0,0.17140361666679382
2616,RU-NNLS,ru_nnls,DIA-like,1,0.19353409111499786
2616,RU-NNLS,ru_nnls,DeepRed-like,2,0.19845440983772278
2618,RU-NNLS,ru_nnls,SYTO16-like,0,0.1976732760667801
2618,RU-NNLS,ru_nnls,DIA-like,1,0.1740531027317047
2618,RU-NNLS,ru_nnls,DeepRed-like,2,0.25727853178977966
2630,RU-NNLS,ru_nnls,SYTO16-like,0,0.14207898080348969
2630,RU-NNLS,ru_nnls,DIA-like,1,0.15664789080619812
2630,RU-NNLS,ru_nnls,DeepRed-like,2,0.1503753364086151
2647,RU-NNLS,ru_nnls,SYTO16-like,0,0.19172485172748566
2647,RU-NNLS,ru_nnls,DIA-like,1,0.2293420284986496
2647,RU-NNLS,ru_nnls,DeepRed-like,2,0.2193346470594406
2652,RU-NNLS,ru_nnls,SYTO16-like,0,0.15652596950531006
2652,RU-NNLS,ru_nnls,DIA-like,1,0.22853147983551025
2652,RU-NNLS,ru_nnls,DeepRed-like,2,0.21806414425373077
2653,RU-NNLS,ru_nnls,SYTO16-like,0,0.15880702435970306
2653,RU-NNLS,ru_nnls,DIA-like,1,0.18929243087768555
2653,RU-NNLS,ru_nnls,DeepRed-like,2,0.22021140158176422
2660,RU-NNLS,ru_nnls,SYTO16-like,0,0.19083018600940704
2660,RU-NNLS,ru_nnls,DIA-like,1,0.25750377774238586
2660,RU-NNLS,ru_nnls,DeepRed-like,2,0.22680385410785675
2673,RU-NNLS,ru_nnls,SYTO16-like,0,0.1409953236579895
2673,RU-NNLS,ru_nnls,DIA-like,1,0.19677172601222992
2673,RU-NNLS,ru_nnls,DeepRed-like,2,0.12491627782583237
2682,RU-NNLS,ru_nnls,SYTO16-like,0,0.1282351315021515
2682,RU-NNLS,ru_nnls,DIA-like,1,0.17282439768314362
2682,RU-NNLS,ru_nnls,DeepRed-like,2,0.17782551050186157
2687,RU-NNLS,ru_nnls,SYTO16-like,0,0.15773579478263855
2687,RU-NNLS,ru_nnls,DIA-like,1,0.2172255665063858
2687,RU-NNLS,ru_nnls,DeepRed-like,2,0.17563913762569427
2700,RU-NNLS,ru_nnls,SYTO16-like,0,0.1424071341753006
2700,RU-NNLS,ru_nnls,DIA-like,1,0.19193141162395477
2700,RU-NNLS,ru_nnls,DeepRed-like,2,0.25428324937820435
2702,RU-NNLS,ru_nnls,SYTO16-like,0,0.15091341733932495
2702,RU-NNLS,ru_nnls,DIA-like,1,0.1484965831041336
2702,RU-NNLS,ru_nnls,DeepRed-like,2,0.18153353035449982
2711,RU-NNLS,ru_nnls,SYTO16-like,0,0.13811665773391724
2711,RU-NNLS,ru_nnls,DIA-like,1,0.17480303347110748
2711,RU-NNLS,ru_nnls,DeepRed-like,2,0.1977023035287857
2725,RU-NNLS,ru_nnls,SYTO16-like,0,0.1910112053155899
2725,RU-NNLS,ru_nnls,DIA-like,1,0.2099362462759018
2725,RU-NNLS,ru_nnls,DeepRed-like,2,0.177162304520607
2726,RU-NNLS,ru_nnls,SYTO16-like,0,0.21391896903514862
2726,RU-NNLS,ru_nnls,DIA-like,1,0.19078883528709412
2726,RU-NNLS,ru_nnls,DeepRed-like,2,0.20984697341918945
2727,RU-NNLS,ru_nnls,SYTO16-like,0,0.17882139980793
2727,RU-NNLS,ru_nnls,DIA-like,1,0.1891307234764099
2727,RU-NNLS,ru_nnls,DeepRed-like,2,0.16256314516067505
2732,RU-NNLS,ru_nnls,SYTO16-like,0,0.1946282982826233
2732,RU-NNLS,ru_nnls,DIA-like,1,0.24129696190357208
2732,RU-NNLS,ru_nnls,DeepRed-like,2,0.17400965094566345
2742,RU-NNLS,ru_nnls,SYTO16-like,0,0.17533379793167114
2742,RU-NNLS,ru_nnls,DIA-like,1,0.18721169233322144
2742,RU-NNLS,ru_nnls,DeepRed-like,2,0.1703302413225174
2744,RU-NNLS,ru_nnls,SYTO16-like,0,0.1540050506591797
2744,RU-NNLS,ru_nnls,DIA-like,1,0.18473699688911438
2744,RU-NNLS,ru_nnls,DeepRed-like,2,0.24815721809864044
2745,RU-NNLS,ru_nnls,SYTO16-like,0,0.184186652302742
2745,RU-NNLS,ru_nnls,DIA-like,1,0.20383670926094055
2745,RU-NNLS,ru_nnls,DeepRed-like,2,0.21465270221233368
2751,RU-NNLS,ru_nnls,SYTO16-like,0,0.16411900520324707
2751,RU-NNLS,ru_nnls,DIA-like,1,0.2512260377407074
2751,RU-NNLS,ru_nnls,DeepRed-like,2,0.22040075063705444
2775,RU-NNLS,ru_nnls,SYTO16-like,0,0.16256485879421234
2775,RU-NNLS,ru_nnls,DIA-like,1,0.6003029942512512
2775,RU-NNLS,ru_nnls,DeepRed-like,2,0.1579979956150055
2782,RU-NNLS,ru_nnls,SYTO16-like,0,0.12551148235797882
2782,RU-NNLS,ru_nnls,DIA-like,1,0.1557459831237793
2782,RU-NNLS,ru_nnls,DeepRed-like,2,0.13416941463947296
2783,RU-NNLS,ru_nnls,SYTO16-like,0,0.16512887179851532
2783,RU-NNLS,ru_nnls,DIA-like,1,0.21238459646701813
2783,RU-NNLS,ru_nnls,DeepRed-like,2,0.19499742984771729
2787,RU-NNLS,ru_nnls,SYTO16-like,0,0.17449772357940674
2787,RU-NNLS,ru_nnls,DIA-like,1,0.24683164060115814
2787,RU-NNLS,ru_nnls,DeepRed-like,2,0.1791551560163498
2788,RU-NNLS,ru_nnls,SYTO16-like,0,0.14319758117198944
2788,RU-NNLS,ru_nnls,DIA-like,1,0.21660013496875763
2788,RU-NNLS,ru_nnls,DeepRed-like,2,0.1805170178413391
2792,RU-NNLS,ru_nnls,SYTO16-like,0,0.15052920579910278
2792,RU-NNLS,ru_nnls,DIA-like,1,0.1644909828901291
2792,RU-NNLS,ru_nnls,DeepRed-like,2,0.23227976262569427
2810,RU-NNLS,ru_nnls,SYTO16-like,0,0.17882078886032104
2810,RU-NNLS,ru_nnls,DIA-like,1,0.1741599142551422
2810,RU-NNLS,ru_nnls,DeepRed-like,2,0.22285594046115875
2813,RU-NNLS,ru_nnls,SYTO16-like,0,0.24404743313789368
2813,RU-NNLS,ru_nnls,DIA-like,1,0.16929565370082855
2813,RU-NNLS,ru_nnls,DeepRed-like,2,0.2057124674320221
2816,RU-NNLS,ru_nnls,SYTO16-like,0,0.1412995308637619
2816,RU-NNLS,ru_nnls,DIA-like,1,0.2269665002822876
2816,RU-NNLS,ru_nnls,DeepRed-like,2,0.2060854434967041
2817,RU-NNLS,ru_nnls,SYTO16-like,0,0.20222967863082886
2817,RU-NNLS,ru_nnls,DIA-like,1,0.19383877515792847
2817,RU-NNLS,ru_nnls,DeepRed-like,2,0.2265474945306778
2819,RU-NNLS,ru_nnls,SYTO16-like,0,0.15090741217136383
2819,RU-NNLS,ru_nnls,DIA-like,1,0.18651063740253448
2819,RU-NNLS,ru_nnls,DeepRed-like,2,0.1366037130355835
2841,RU-NNLS,ru_nnls,SYTO16-like,0,0.18016213178634644
2841,RU-NNLS,ru_nnls,DIA-like,1,0.1783140003681183
2841,RU-NNLS,ru_nnls,DeepRed-like,2,0.21337634325027466
2846,RU-NNLS,ru_nnls,SYTO16-like,0,0.15067671239376068
2846,RU-NNLS,ru_nnls,DIA-like,1,0.17444412410259247
2846,RU-NNLS,ru_nnls,DeepRed-like,2,0.1563740074634552
2851,RU-NNLS,ru_nnls,SYTO16-like,0,0.16109362244606018
2851,RU-NNLS,ru_nnls,DIA-like,1,0.23091265559196472
2851,RU-NNLS,ru_nnls,DeepRed-like,2,0.188413605093956
2855,RU-NNLS,ru_nnls,SYTO16-like,0,0.2486715018749237
2855,RU-NNLS,ru_nnls,DIA-like,1,0.19514721632003784
2855,RU-NNLS,ru_nnls,DeepRed-like,2,0.24675528705120087
2864,RU-NNLS,ru_nnls,SYTO16-like,0,0.1520112156867981
2864,RU-NNLS,ru_nnls,DIA-like,1,0.17880462110042572
2864,RU-NNLS,ru_nnls,DeepRed-like,2,0.18142887949943542
2875,RU-NNLS,ru_nnls,SYTO16-like,0,0.2282678484916687
2875,RU-NNLS,ru_nnls,DIA-like,1,0.24027855694293976
2875,RU-NNLS,ru_nnls,DeepRed-like,2,0.21963489055633545
2886,RU-NNLS,ru_nnls,SYTO16-like,0,0.1560068428516388
2886,RU-NNLS,ru_nnls,DIA-like,1,0.18717609345912933
2886,RU-NNLS,ru_nnls,DeepRed-like,2,0.2210688441991806
2897,RU-NNLS,ru_nnls,SYTO16-like,0,0.1570710986852646
2897,RU-NNLS,ru_nnls,DIA-like,1,0.2033546417951584
2897,RU-NNLS,ru_nnls,DeepRed-like,2,0.13977976143360138
2911,RU-NNLS,ru_nnls,SYTO16-like,0,0.15154047310352325
2911,RU-NNLS,ru_nnls,DIA-like,1,0.2455027848482132
2911,RU-NNLS,ru_nnls,DeepRed-like,2,0.1795545369386673
2915,RU-NNLS,ru_nnls,SYTO16-like,0,0.1408166140317917
2915,RU-NNLS,ru_nnls,DIA-like,1,0.17590375244617462
2915,RU-NNLS,ru_nnls,DeepRed-like,2,0.17641162872314453
2929,RU-NNLS,ru_nnls,SYTO16-like,0,0.14655494689941406
2929,RU-NNLS,ru_nnls,DIA-like,1,0.21665917336940765
2929,RU-NNLS,ru_nnls,DeepRed-like,2,0.18261563777923584
2938,RU-NNLS,ru_nnls,SYTO16-like,0,0.14873787760734558
2938,RU-NNLS,ru_nnls,DIA-like,1,0.23941011726856232
2938,RU-NNLS,ru_nnls,DeepRed-like,2,0.15806317329406738
2945,RU-NNLS,ru_nnls,SYTO16-like,0,0.1619507074356079
2945,RU-NNLS,ru_nnls,DIA-like,1,0.19962775707244873
2945,RU-NNLS,ru_nnls,DeepRed-like,2,0.24716515839099884
2959,RU-NNLS,ru_nnls,SYTO16-like,0,0.15001145005226135
2959,RU-NNLS,ru_nnls,DIA-like,1,0.14838512241840363
2959,RU-NNLS,ru_nnls,DeepRed-like,2,0.23791104555130005
2966,RU-NNLS,ru_nnls,SYTO16-like,0,0.19203542172908783
2966,RU-NNLS,ru_nnls,DIA-like,1,0.17784860730171204
2966,RU-NNLS,ru_nnls,DeepRed-like,2,0.20790018141269684
2971,RU-NNLS,ru_nnls,SYTO16-like,0,0.16980469226837158
2971,RU-NNLS,ru_nnls,DIA-like,1,0.2349196821451187
2971,RU-NNLS,ru_nnls,DeepRed-like,2,0.15276600420475006
2973,RU-NNLS,ru_nnls,SYTO16-like,0,0.13997139036655426
2973,RU-NNLS,ru_nnls,DIA-like,1,0.19398318231105804
2973,RU-NNLS,ru_nnls,DeepRed-like,2,0.18458928167819977
2975,RU-NNLS,ru_nnls,SYTO16-like,0,0.20641201734542847
2975,RU-NNLS,ru_nnls,DIA-like,1,0.2177979201078415
2975,RU-NNLS,ru_nnls,DeepRed-like,2,0.22538956999778748
2976,RU-NNLS,ru_nnls,SYTO16-like,0,0.16507112979888916
2976,RU-NNLS,ru_nnls,DIA-like,1,0.17885936796665192
2976,RU-NNLS,ru_nnls,DeepRed-like,2,0.17498768866062164
2986,RU-NNLS,ru_nnls,SYTO16-like,0,0.16690602898597717
2986,RU-NNLS,ru_nnls,DIA-like,1,0.21183471381664276
2986,RU-NNLS,ru_nnls,DeepRed-like,2,0.18347111344337463
3010,RU-NNLS,ru_nnls,SYTO16-like,0,0.20423300564289093
3010,RU-NNLS,ru_nnls,DIA-like,1,0.1749534010887146
3010,RU-NNLS,ru_nnls,DeepRed-like,2,0.2104770392179489
3020,RU-NNLS,ru_nnls,SYTO16-like,0,0.14816926419734955
3020,RU-NNLS,ru_nnls,DIA-like,1,0.21712835133075714
3020,RU-NNLS,ru_nnls,DeepRed-like,2,0.19384369254112244
3027,RU-NNLS,ru_nnls,SYTO16-like,0,0.14404168725013733
3027,RU-NNLS,ru_nnls,DIA-like,1,0.18350867927074432
3027,RU-NNLS,ru_nnls,DeepRed-like,2,0.19337722659111023
3032,RU-NNLS,ru_nnls,SYTO16-like,0,0.20756860077381134
3032,RU-NNLS,ru_nnls,DIA-like,1,0.20165665447711945
3032,RU-NNLS,ru_nnls,DeepRed-like,2,0.2500649690628052
3039,RU-NNLS,ru_nnls,SYTO16-like,0,0.189325749874115
3039,RU-NNLS,ru_nnls,DIA-like,1,0.15359914302825928
3039,RU-NNLS,ru_nnls,DeepRed-like,2,0.21857497096061707
3048,RU-NNLS,ru_nnls,SYTO16-like,0,0.13766956329345703
3048,RU-NNLS,ru_nnls,DIA-like,1,0.19512052834033966
3048,RU-NNLS,ru_nnls,DeepRed-like,2,0.2138112485408783
3049,RU-NNLS,ru_nnls,SYTO16-like,0,0.13179872930049896
3049,RU-NNLS,ru_nnls,DIA-like,1,0.20868493616580963
3049,RU-NNLS,ru_nnls,DeepRed-like,2,0.19237039983272552
3056,RU-NNLS,ru_nnls,SYTO16-like,0,0.20723769068717957
3056,RU-NNLS,ru_nnls,DIA-like,1,0.22120703756809235
3056,RU-NNLS,ru_nnls,DeepRed-like,2,0.1914261281490326
3062,RU-NNLS,ru_nnls,SYTO16-like,0,0.167441725730896
3062,RU-NNLS,ru_nnls,DIA-like,1,0.17123271524906158
3062,RU-NNLS,ru_nnls,DeepRed-like,2,0.14978507161140442
3065,RU-NNLS,ru_nnls,SYTO16-like,0,0.17157898843288422
3065,RU-NNLS,ru_nnls,DIA-like,1,0.24689345061779022
3065,RU-NNLS,ru_nnls,DeepRed-like,2,0.2063363790512085
3068,RU-NNLS,ru_nnls,SYTO16-like,0,0.14339347183704376
3068,RU-NNLS,ru_nnls,DIA-like,1,0.20938754081726074
3068,RU-NNLS,ru_nnls,DeepRed-like,2,0.1561402678489685
3071,RU-NNLS,ru_nnls,SYTO16-like,0,0.24465198814868927
3071,RU-NNLS,ru_nnls,DIA-like,1,0.1688900589942932
3071,RU-NNLS,ru_nnls,DeepRed-like,2,0.26749294996261597
3072,RU-NNLS,ru_nnls,SYTO16-like,0,0.20103967189788818
3072,RU-NNLS,ru_nnls,DIA-like,1,0.1717734932899475
3072,RU-NNLS,ru_nnls,DeepRed-like,2,0.16971363127231598
3073,RU-NNLS,ru_nnls,SYTO16-like,0,0.14518941938877106
3073,RU-NNLS,ru_nnls,DIA-like,1,0.21026252210140228
3073,RU-NNLS,ru_nnls,DeepRed-like,2,0.2551363706588745
3074,RU-NNLS,ru_nnls,SYTO16-like,0,0.1661069691181183
3074,RU-NNLS,ru_nnls,DIA-like,1,0.23257774114608765
3074,RU-NNLS,ru_nnls,DeepRed-like,2,0.2380058318376541
3085,RU-NNLS,ru_nnls,SYTO16-like,0,0.18267399072647095
3085,RU-NNLS,ru_nnls,DIA-like,1,0.22711527347564697
3085,RU-NNLS,ru_nnls,DeepRed-like,2,0.19429290294647217
3086,RU-NNLS,ru_nnls,SYTO16-like,0,0.15638165175914764
3086,RU-NNLS,ru_nnls,DIA-like,1,0.17506851255893707
3086,RU-NNLS,ru_nnls,DeepRed-like,2,0.17255420982837677
3089,RU-NNLS,ru_nnls,SYTO16-like,0,0.16501016914844513
3089,RU-NNLS,ru_nnls,DIA-like,1,0.23576414585113525
3089,RU-NNLS,ru_nnls,DeepRed-like,2,0.20993946492671967
3095,RU-NNLS,ru_nnls,SYTO16-like,0,0.19451797008514404
3095,RU-NNLS,ru_nnls,DIA-like,1,0.20698463916778564
3095,RU-NNLS,ru_nnls,DeepRed-like,2,0.20827485620975494
3105,RU-NNLS,ru_nnls,SYTO16-like,0,0.1738799512386322
3105,RU-NNLS,ru_nnls,DIA-like,1,0.19666875898838043
3105,RU-NNLS,ru_nnls,DeepRed-like,2,0.24055469036102295
3107,RU-NNLS,ru_nnls,SYTO16-like,0,0.18969443440437317
3107,RU-NNLS,ru_nnls,DIA-like,1,0.20204390585422516
3107,RU-NNLS,ru_nnls,DeepRed-like,2,0.1886187493801117
3111,RU-NNLS,ru_nnls,SYTO16-like,0,0.13322125375270844
3111,RU-NNLS,ru_nnls,DIA-like,1,0.21047858893871307
3111,RU-NNLS,ru_nnls,DeepRed-like,2,0.18470175564289093
3118,RU-NNLS,ru_nnls,SYTO16-like,0,0.17878980934619904
3118,RU-NNLS,ru_nnls,DIA-like,1,0.20662260055541992
3118,RU-NNLS,ru_nnls,DeepRed-like,2,0.1754256635904312
3126,RU-NNLS,ru_nnls,SYTO16-like,0,0.13092948496341705
3126,RU-NNLS,ru_nnls,DIA-like,1,0.19154787063598633
3126,RU-NNLS,ru_nnls,DeepRed-like,2,0.1787758320569992
3132,RU-NNLS,ru_nnls,SYTO16-like,0,0.17276103794574738
3132,RU-NNLS,ru_nnls,DIA-like,1,0.21000291407108307
3132,RU-NNLS,ru_nnls,DeepRed-like,2,0.19031330943107605
3134,RU-NNLS,ru_nnls,SYTO16-like,0,0.17781531810760498
3134,RU-NNLS,ru_nnls,DIA-like,1,0.19479084014892578
3134,RU-NNLS,ru_nnls,DeepRed-like,2,0.22803832590579987
3142,RU-NNLS,ru_nnls,SYTO16-like,0,0.13428433239459991
3142,RU-NNLS,ru_nnls,DIA-like,1,0.16027399897575378
3142,RU-NNLS,ru_nnls,DeepRed-like,2,0.12172410637140274
3149,RU-NNLS,ru_nnls,SYTO16-like,0,0.2117910236120224
3149,RU-NNLS,ru_nnls,DIA-like,1,0.22014959156513214
3149,RU-NNLS,ru_nnls,DeepRed-like,2,0.17888689041137695
3151,RU-NNLS,ru_nnls,SYTO16-like,0,0.172489196062088
3151,RU-NNLS,ru_nnls,DIA-like,1,0.1776825189590454
3151,RU-NNLS,ru_nnls,DeepRed-like,2,0.1650528758764267
3152,RU-NNLS,ru_nnls,SYTO16-like,0,0.21606603264808655
3152,RU-NNLS,ru_nnls,DIA-like,1,0.24033644795417786
3152,RU-NNLS,ru_nnls,DeepRed-like,2,0.2179810255765915
3165,RU-NNLS,ru_nnls,SYTO16-like,0,0.13492152094841003
3165,RU-NNLS,ru_nnls,DIA-like,1,0.1960039883852005
3165,RU-NNLS,ru_nnls,DeepRed-like,2,0.20091013610363007
3167,RU-NNLS,ru_nnls,SYTO16-like,0,0.15091267228126526
3167,RU-NNLS,ru_nnls,DIA-like,1,0.17184782028198242
3167,RU-NNLS,ru_nnls,DeepRed-like,2,0.19653908908367157
3168,RU-NNLS,ru_nnls,SYTO16-like,0,0.21558405458927155
3168,RU-NNLS,ru_nnls,DIA-like,1,0.18573713302612305
3168,RU-NNLS,ru_nnls,DeepRed-like,2,0.19794049859046936
3178,RU-NNLS,ru_nnls,SYTO16-like,0,0.19566917419433594
3178,RU-NNLS,ru_nnls,DIA-like,1,0.20857180655002594
3178,RU-NNLS,ru_nnls,DeepRed-like,2,0.24096229672431946
3183,RU-NNLS,ru_nnls,SYTO16-like,0,0.2042391300201416
3183,RU-NNLS,ru_nnls,DIA-like,1,0.2275444120168686
3183,RU-NNLS,ru_nnls,DeepRed-like,2,0.197594553232193
3185,RU-NNLS,ru_nnls,SYTO16-like,0,0.20121878385543823
3185,RU-NNLS,ru_nnls,DIA-like,1,0.17515967786312103
3185,RU-NNLS,ru_nnls,DeepRed-like,2,0.18439829349517822
3217,RU-NNLS,ru_nnls,SYTO16-like,0,0.15122349560260773
3217,RU-NNLS,ru_nnls,DIA-like,1,0.2199966311454773
3217,RU-NNLS,ru_nnls,DeepRed-like,2,0.1911858469247818
3219,RU-NNLS,ru_nnls,SYTO16-like,0,0.224197655916214
3219,RU-NNLS,ru_nnls,DIA-like,1,0.21458853781223297
3219,RU-NNLS,ru_nnls,DeepRed-like,2,0.23553958535194397
3222,RU-NNLS,ru_nnls,SYTO16-like,0,0.22396959364414215
3222,RU-NNLS,ru_nnls,DIA-like,1,0.1544443815946579
3222,RU-NNLS,ru_nnls,DeepRed-like,2,0.23219254612922668
3225,RU-NNLS,ru_nnls,SYTO16-like,0,0.16831055283546448
3225,RU-NNLS,ru_nnls,DIA-like,1,0.18003304302692413
3225,RU-NNLS,ru_nnls,DeepRed-like,2,0.1826772540807724
3236,RU-NNLS,ru_nnls,SYTO16-like,0,0.1687546968460083
3236,RU-NNLS,ru_nnls,DIA-like,1,0.22243140637874603
3236,RU-NNLS,ru_nnls,DeepRed-like,2,0.20551040768623352
3240,RU-NNLS,ru_nnls,SYTO16-like,0,0.1843101978302002
3240,RU-NNLS,ru_nnls,DIA-like,1,0.23163969814777374
3240,RU-NNLS,ru_nnls,DeepRed-like,2,0.20157824456691742
3242,RU-NNLS,ru_nnls,SYTO16-like,0,0.13187821209430695
3242,RU-NNLS,ru_nnls,DIA-like,1,0.1806616187095642
3242,RU-NNLS,ru_nnls,DeepRed-like,2,0.17824804782867432
3243,RU-NNLS,ru_nnls,SYTO16-like,0,0.16471919417381287
3243,RU-NNLS,ru_nnls,DIA-like,1,0.23306287825107574
3243,RU-NNLS,ru_nnls,DeepRed-like,2,0.1896258294582367
3250,RU-NNLS,ru_nnls,SYTO16-like,0,0.16796141862869263
3250,RU-NNLS,ru_nnls,DIA-like,1,0.2351626455783844
3250,RU-NNLS,ru_nnls,DeepRed-like,2,0.19152845442295074
3253,RU-NNLS,ru_nnls,SYTO16-like,0,0.21920190751552582
3253,RU-NNLS,ru_nnls,DIA-like,1,0.20989330112934113
3253,RU-NNLS,ru_nnls,DeepRed-like,2,0.23747055232524872
3276,RU-NNLS,ru_nnls,SYTO16-like,0,0.15196369588375092
3276,RU-NNLS,ru_nnls,DIA-like,1,0.16775022447109222
3276,RU-NNLS,ru_nnls,DeepRed-like,2,0.1926109939813614
3280,RU-NNLS,ru_nnls,SYTO16-like,0,0.15028929710388184
3280,RU-NNLS,ru_nnls,DIA-like,1,0.17783956229686737
3280,RU-NNLS,ru_nnls,DeepRed-like,2,0.20389781892299652
3289,RU-NNLS,ru_nnls,SYTO16-like,0,0.23368771374225616
3289,RU-NNLS,ru_nnls,DIA-like,1,0.230098694562912
3289,RU-NNLS,ru_nnls,DeepRed-like,2,0.16231118142604828
3297,RU-NNLS,ru_nnls,SYTO16-like,0,0.1630108803510666
3297,RU-NNLS,ru_nnls,DIA-like,1,0.19379843771457672
3297,RU-NNLS,ru_nnls,DeepRed-like,2,0.1896592676639557
3313,RU-NNLS,ru_nnls,SYTO16-like,0,0.21278071403503418
3313,RU-NNLS,ru_nnls,DIA-like,1,0.3008871376514435
3313,RU-NNLS,ru_nnls,DeepRed-like,2,0.21693196892738342
3317,RU-NNLS,ru_nnls,SYTO16-like,0,0.13239537179470062
3317,RU-NNLS,ru_nnls,DIA-like,1,0.15963271260261536
3317,RU-NNLS,ru_nnls,DeepRed-like,2,0.21652856469154358
3328,RU-NNLS,ru_nnls,SYTO16-like,0,0.15573908388614655
3328,RU-NNLS,ru_nnls,DIA-like,1,0.2465248703956604
3328,RU-NNLS,ru_nnls,DeepRed-like,2,0.20287202298641205
3333,RU-NNLS,ru_nnls,SYTO16-like,0,0.1564568132162094
3333,RU-NNLS,ru_nnls,DIA-like,1,0.14520561695098877
3333,RU-NNLS,ru_nnls,DeepRed-like,2,0.17986012995243073
3341,RU-NNLS,ru_nnls,SYTO16-like,0,0.2142351120710373
3341,RU-NNLS,ru_nnls,DIA-like,1,0.27928850054740906
3341,RU-NNLS,ru_nnls,DeepRed-like,2,0.23289969563484192
3342,RU-NNLS,ru_nnls,SYTO16-like,0,0.18518804013729095
3342,RU-NNLS,ru_nnls,DIA-like,1,0.21418645977973938
3342,RU-NNLS,ru_nnls,DeepRed-like,2,0.2367916852235794
3345,RU-NNLS,ru_nnls,SYTO16-like,0,0.21832872927188873
3345,RU-NNLS,ru_nnls,DIA-like,1,0.21338674426078796
3345,RU-NNLS,ru_nnls,DeepRed-like,2,0.12153860926628113
3363,RU-NNLS,ru_nnls,SYTO16-like,0,0.12837082147598267
3363,RU-NNLS,ru_nnls,DIA-like,1,0.1670985370874405
3363,RU-NNLS,ru_nnls,DeepRed-like,2,0.15552206337451935
3367,RU-NNLS,ru_nnls,SYTO16-like,0,0.1423768848180771
3367,RU-NNLS,ru_nnls,DIA-like,1,0.1720539927482605
3367,RU-NNLS,ru_nnls,DeepRed-like,2,0.17871695756912231
3381,RU-NNLS,ru_nnls,SYTO16-like,0,0.20307543873786926
3381,RU-NNLS,ru_nnls,DIA-like,1,0.17577555775642395
3381,RU-NNLS,ru_nnls,DeepRed-like,2,0.17597176134586334
3395,RU-NNLS,ru_nnls,SYTO16-like,0,0.1482880413532257
3395,RU-NNLS,ru_nnls,DIA-like,1,0.2757822871208191
3395,RU-NNLS,ru_nnls,DeepRed-like,2,0.21449311077594757
3397,RU-NNLS,ru_nnls,SYTO16-like,0,0.18830035626888275
3397,RU-NNLS,ru_nnls,DIA-like,1,0.21885564923286438
3397,RU-NNLS,ru_nnls,DeepRed-like,2,0.18491774797439575
3402,RU-NNLS,ru_nnls,SYTO16-like,0,0.18897166848182678
3402,RU-NNLS,ru_nnls,DIA-like,1,0.2408006191253662
3402,RU-NNLS,ru_nnls,DeepRed-like,2,0.21323485672473907
3403,RU-NNLS,ru_nnls,SYTO16-like,0,0.12878045439720154
3403,RU-NNLS,ru_nnls,DIA-like,1,0.19345363974571228
3403,RU-NNLS,ru_nnls,DeepRed-like,2,0.27516090869903564
3404,RU-NNLS,ru_nnls,SYTO16-like,0,0.14877435564994812
3404,RU-NNLS,ru_nnls,DIA-like,1,0.18988928198814392
3404,RU-NNLS,ru_nnls,DeepRed-like,2,0.1773722767829895
3427,RU-NNLS,ru_nnls,SYTO16-like,0,0.16211822628974915
3427,RU-NNLS,ru_nnls,DIA-like,1,0.17246966063976288
3427,RU-NNLS,ru_nnls,DeepRed-like,2,0.1385478973388672
3436,RU-NNLS,ru_nnls,SYTO16-like,0,0.22447440028190613
3436,RU-NNLS,ru_nnls,DIA-like,1,0.17037025094032288
3436,RU-NNLS,ru_nnls,DeepRed-like,2,0.22177641093730927
3443,RU-NNLS,ru_nnls,SYTO16-like,0,0.13490387797355652
3443,RU-NNLS,ru_nnls,DIA-like,1,0.166199192404747
3443,RU-NNLS,ru_nnls,DeepRed-like,2,0.24524275958538055
3461,RU-NNLS,ru_nnls,SYTO16-like,0,0.18625889718532562
3461,RU-NNLS,ru_nnls,DIA-like,1,0.2209131419658661
3461,RU-NNLS,ru_nnls,DeepRed-like,2,0.24247239530086517
3462,RU-NNLS,ru_nnls,SYTO16-like,0,0.182099387049675
3462,RU-NNLS,ru_nnls,DIA-like,1,0.2592872381210327
3462,RU-NNLS,ru_nnls,DeepRed-like,2,0.23222994804382324
3465,RU-NNLS,ru_nnls,SYTO16-like,0,0.165296733379364
3465,RU-NNLS,ru_nnls,DIA-like,1,0.20621174573898315
3465,RU-NNLS,ru_nnls,DeepRed-like,2,0.223379448056221
3487,RU-NNLS,ru_nnls,SYTO16-like,0,0.13089525699615479
3487,RU-NNLS,ru_nnls,DIA-like,1,0.1431715041399002
3487,RU-NNLS,ru_nnls,DeepRed-like,2,0.10789253562688828
3495,RU-NNLS,ru_nnls,SYTO16-like,0,0.13559694588184357
3495,RU-NNLS,ru_nnls,DIA-like,1,0.17653362452983856
3495,RU-NNLS,ru_nnls,DeepRed-like,2,0.16488896310329437
3509,RU-NNLS,ru_nnls,SYTO16-like,0,0.12308864295482635
3509,RU-NNLS,ru_nnls,DIA-like,1,0.1907173991203308
3509,RU-NNLS,ru_nnls,DeepRed-like,2,0.14339643716812134
3510,RU-NNLS,ru_nnls,SYTO16-like,0,0.16549986600875854
3510,RU-NNLS,ru_nnls,DIA-like,1,0.24809530377388
3510,RU-NNLS,ru_nnls,DeepRed-like,2,0.2071189433336258
3511,RU-NNLS,ru_nnls,SYTO16-like,0,0.20782272517681122
3511,RU-NNLS,ru_nnls,DIA-like,1,0.20570676028728485
3511,RU-NNLS,ru_nnls,DeepRed-like,2,0.21620705723762512
3512,RU-NNLS,ru_nnls,SYTO16-like,0,0.1403425931930542
3512,RU-NNLS,ru_nnls,DIA-like,1,0.19108760356903076
3512,RU-NNLS,ru_nnls,DeepRed-like,2,0.17658761143684387
3516,RU-NNLS,ru_nnls,SYTO16-like,0,0.22794879972934723
3516,RU-NNLS,ru_nnls,DIA-like,1,0.2369557023048401
3516,RU-NNLS,ru_nnls,DeepRed-like,2,0.21956726908683777
3527,RU-NNLS,ru_nnls,SYTO16-like,0,0.1934538632631302
3527,RU-NNLS,ru_nnls,DIA-like,1,0.19466763734817505
3527,RU-NNLS,ru_nnls,DeepRed-like,2,0.19049890339374542
3543,RU-NNLS,ru_nnls,SYTO16-like,0,0.14524312317371368
3543,RU-NNLS,ru_nnls,DIA-like,1,0.16278451681137085
3543,RU-NNLS,ru_nnls,DeepRed-like,2,0.14646075665950775
3551,RU-NNLS,ru_nnls,SYTO16-like,0,0.20354007184505463
3551,RU-NNLS,ru_nnls,DIA-like,1,0.20215539634227753
3551,RU-NNLS,ru_nnls,DeepRed-like,2,0.1880573332309723
3554,RU-NNLS,ru_nnls,SYTO16-like,0,0.20225174725055695
3554,RU-NNLS,ru_nnls,DIA-like,1,0.1431964635848999
3554,RU-NNLS,ru_nnls,DeepRed-like,2,0.2146541029214859
3557,RU-NNLS,ru_nnls,SYTO16-like,0,0.13086697459220886
3557,RU-NNLS,ru_nnls,DIA-like,1,0.15423163771629333
3557,RU-NNLS,ru_nnls,DeepRed-like,2,0.19492806494235992
3559,RU-NNLS,ru_nnls,SYTO16-like,0,0.131084144115448
3559,RU-NNLS,ru_nnls,DIA-like,1,0.1834050416946411
3559,RU-NNLS,ru_nnls,DeepRed-like,2,0.19781792163848877
3561,RU-NNLS,ru_nnls,SYTO16-like,0,0.13919633626937866
3561,RU-NNLS,ru_nnls,DIA-like,1,0.16858284175395966
3561,RU-NNLS,ru_nnls,DeepRed-like,2,0.14579173922538757
3567,RU-NNLS,ru_nnls,SYTO16-like,0,0.16531996428966522
3567,RU-NNLS,ru_nnls,DIA-like,1,0.1935018002986908
3567,RU-NNLS,ru_nnls,DeepRed-like,2,0.1678224503993988
3580,RU-NNLS,ru_nnls,SYTO16-like,0,0.12933042645454407
3580,RU-NNLS,ru_nnls,DIA-like,1,0.16780757904052734
3580,RU-NNLS,ru_nnls,DeepRed-like,2,0.13374444842338562
3592,RU-NNLS,ru_nnls,SYTO16-like,0,0.1632041037082672
3592,RU-NNLS,ru_nnls,DIA-like,1,0.3634198307991028
3592,RU-NNLS,ru_nnls,DeepRed-like,2,0.16047006845474243
3594,RU-NNLS,ru_nnls,SYTO16-like,0,0.15586601197719574
3594,RU-NNLS,ru_nnls,DIA-like,1,0.19435805082321167
3594,RU-NNLS,ru_nnls,DeepRed-like,2,0.2069532424211502
3597,RU-NNLS,ru_nnls,SYTO16-like,0,0.25115931034088135
3597,RU-NNLS,ru_nnls,DIA-like,1,0.3061925172805786
3597,RU-NNLS,ru_nnls,DeepRed-like,2,0.2559305429458618
3598,RU-NNLS,ru_nnls,SYTO16-like,0,0.19808943569660187
3598,RU-NNLS,ru_nnls,DIA-like,1,0.2521998882293701
3598,RU-NNLS,ru_nnls,DeepRed-like,2,0.32900890707969666
3610,RU-NNLS,ru_nnls,SYTO16-like,0,0.17215663194656372
3610,RU-NNLS,ru_nnls,DIA-like,1,0.18386375904083252
3610,RU-NNLS,ru_nnls,DeepRed-like,2,0.1987917274236679
3612,RU-NNLS,ru_nnls,SYTO16-like,0,0.18069569766521454
3612,RU-NNLS,ru_nnls,DIA-like,1,0.20700323581695557
3612,RU-NNLS,ru_nnls,DeepRed-like,2,0.2206961065530777
3625,RU-NNLS,ru_nnls,SYTO16-like,0,0.18500933051109314
3625,RU-NNLS,ru_nnls,DIA-like,1,0.1652047336101532
3625,RU-NNLS,ru_nnls,DeepRed-like,2,0.13947372138500214
3634,RU-NNLS,ru_nnls,SYTO16-like,0,0.15115736424922943
3634,RU-NNLS,ru_nnls,DIA-like,1,0.2035933881998062
3634,RU-NNLS,ru_nnls,DeepRed-like,2,0.11263546347618103
3636,RU-NNLS,ru_nnls,SYTO16-like,0,0.17900779843330383
3636,RU-NNLS,ru_nnls,DIA-like,1,0.2372182458639145
3636,RU-NNLS,ru_nnls,DeepRed-like,2,0.18630017340183258
3644,RU-NNLS,ru_nnls,SYTO16-like,0,0.1724793016910553
3644,RU-NNLS,ru_nnls,DIA-like,1,0.21509888768196106
3644,RU-NNLS,ru_nnls,DeepRed-like,2,0.16460342705249786
3646,RU-NNLS,ru_nnls,SYTO16-like,0,0.15295980870723724
3646,RU-NNLS,ru_nnls,DIA-like,1,0.17872606217861176
3646,RU-NNLS,ru_nnls,DeepRed-like,2,0.21114233136177063
3647,RU-NNLS,ru_nnls,SYTO16-like,0,0.14576058089733124
3647,RU-NNLS,ru_nnls,DIA-like,1,0.16529154777526855
3647,RU-NNLS,ru_nnls,DeepRed-like,2,0.15130972862243652
3668,RU-NNLS,ru_nnls,SYTO16-like,0,0.22239868342876434
3668,RU-NNLS,ru_nnls,DIA-like,1,0.16699130833148956
3668,RU-NNLS,ru_nnls,DeepRed-like,2,0.12219205498695374
3674,RU-NNLS,ru_nnls,SYTO16-like,0,0.16457420587539673
3674,RU-NNLS,ru_nnls,DIA-like,1,0.2252134382724762
3674,RU-NNLS,ru_nnls,DeepRed-like,2,0.2109951376914978
3676,RU-NNLS,ru_nnls,SYTO16-like,0,0.2440563142299652
3676,RU-NNLS,ru_nnls,DIA-like,1,0.21299752593040466
3676,RU-NNLS,ru_nnls,DeepRed-like,2,0.264254629611969
3694,RU-NNLS,ru_nnls,SYTO16-like,0,0.15492989122867584
3694,RU-NNLS,ru_nnls,DIA-like,1,0.27500098943710327
3694,RU-NNLS,ru_nnls,DeepRed-like,2,0.1987941414117813
3701,RU-NNLS,ru_nnls,SYTO16-like,0,0.20306794345378876
3701,RU-NNLS,ru_nnls,DIA-like,1,0.23390240967273712
3701,RU-NNLS,ru_nnls,DeepRed-like,2,0.21071232855319977
3712,RU-NNLS,ru_nnls,SYTO16-like,0,0.14905521273612976
3712,RU-NNLS,ru_nnls,DIA-like,1,0.19850307703018188
3712,RU-NNLS,ru_nnls,DeepRed-like,2,0.18499360978603363
3714,RU-NNLS,ru_nnls,SYTO16-like,0,0.15454700589179993
3714,RU-NNLS,ru_nnls,DIA-like,1,0.18942470848560333
3714,RU-NNLS,ru_nnls,DeepRed-like,2,0.16506430506706238
3719,RU-NNLS,ru_nnls,SYTO16-like,0,0.18109183013439178
3719,RU-NNLS,ru_nnls,DIA-like,1,0.1815773993730545
3719,RU-NNLS,ru_nnls,DeepRed-like,2,0.23901312053203583
3721,RU-NNLS,ru_nnls,SYTO16-like,0,0.195490300655365
3721,RU-NNLS,ru_nnls,DIA-like,1,0.2606534957885742
3721,RU-NNLS,ru_nnls,DeepRed-like,2,0.21527522802352905
3723,RU-NNLS,ru_nnls,SYTO16-like,0,0.23028875887393951
3723,RU-NNLS,ru_nnls,DIA-like,1,0.18376341462135315
3723,RU-NNLS,ru_nnls,DeepRed-like,2,0.2096966952085495
3725,RU-NNLS,ru_nnls,SYTO16-like,0,0.12234335392713547
3725,RU-NNLS,ru_nnls,DIA-like,1,0.18248841166496277
3725,RU-NNLS,ru_nnls,DeepRed-like,2,0.14221885800361633
3728,RU-NNLS,ru_nnls,SYTO16-like,0,0.17596757411956787
3728,RU-NNLS,ru_nnls,DIA-like,1,0.23217201232910156
3728,RU-NNLS,ru_nnls,DeepRed-like,2,0.2046646922826767
3730,RU-NNLS,ru_nnls,SYTO16-like,0,0.1445103883743286
3730,RU-NNLS,ru_nnls,DIA-like,1,0.17765271663665771
3730,RU-NNLS,ru_nnls,DeepRed-like,2,0.17119456827640533
3739,RU-NNLS,ru_nnls,SYTO16-like,0,0.16235466301441193
3739,RU-NNLS,ru_nnls,DIA-like,1,0.24074925482273102
3739,RU-NNLS,ru_nnls,DeepRed-like,2,0.21221645176410675
3741,RU-NNLS,ru_nnls,SYTO16-like,0,0.15493012964725494
3741,RU-NNLS,ru_nnls,DIA-like,1,0.22013376653194427
3741,RU-NNLS,ru_nnls,DeepRed-like,2,0.1890391707420349
3745,RU-NNLS,ru_nnls,SYTO16-like,0,0.18046177923679352
3745,RU-NNLS,ru_nnls,DIA-like,1,0.19507905840873718
3745,RU-NNLS,ru_nnls,DeepRed-like,2,0.21974019706249237
3746,RU-NNLS,ru_nnls,SYTO16-like,0,0.14215877652168274
3746,RU-NNLS,ru_nnls,DIA-like,1,0.16101932525634766
3746,RU-NNLS,ru_nnls,DeepRed-like,2,0.1695103645324707
3754,RU-NNLS,ru_nnls,SYTO16-like,0,0.18044687807559967
3754,RU-NNLS,ru_nnls,DIA-like,1,0.18864357471466064
3754,RU-NNLS,ru_nnls,DeepRed-like,2,0.20817476511001587
3758,RU-NNLS,ru_nnls,SYTO16-like,0,0.1820966750383377
3758,RU-NNLS,ru_nnls,DIA-like,1,0.18216322362422943
3758,RU-NNLS,ru_nnls,DeepRed-like,2,0.17940036952495575
3759,RU-NNLS,ru_nnls,SYTO16-like,0,0.17236053943634033
3759,RU-NNLS,ru_nnls,DIA-like,1,0.212471142411232
3759,RU-NNLS,ru_nnls,DeepRed-like,2,0.184795543551445
3779,RU-NNLS,ru_nnls,SYTO16-like,0,0.1438349485397339
3779,RU-NNLS,ru_nnls,DIA-like,1,0.1789984107017517
3779,RU-NNLS,ru_nnls,DeepRed-like,2,0.207930788397789
3791,RU-NNLS,ru_nnls,SYTO16-like,0,0.13504257798194885
3791,RU-NNLS,ru_nnls,DIA-like,1,0.1516488790512085
3791,RU-NNLS,ru_nnls,DeepRed-like,2,0.1529223471879959
3792,RU-NNLS,ru_nnls,SYTO16-like,0,0.18069323897361755
3792,RU-NNLS,ru_nnls,DIA-like,1,0.18484069406986237
3792,RU-NNLS,ru_nnls,DeepRed-like,2,0.15852303802967072
3794,RU-NNLS,ru_nnls,SYTO16-like,0,0.13569287955760956
3794,RU-NNLS,ru_nnls,DIA-like,1,0.23619391024112701
3794,RU-NNLS,ru_nnls,DeepRed-like,2,0.16403232514858246
3803,RU-NNLS,ru_nnls,SYTO16-like,0,0.12790945172309875
3803,RU-NNLS,ru_nnls,DIA-like,1,0.1516619473695755
3803,RU-NNLS,ru_nnls,DeepRed-like,2,0.13705870509147644
3804,RU-NNLS,ru_nnls,SYTO16-like,0,0.13615462183952332
3804,RU-NNLS,ru_nnls,DIA-like,1,0.20055462419986725
3804,RU-NNLS,ru_nnls,DeepRed-like,2,0.2082495242357254
3807,RU-NNLS,ru_nnls,SYTO16-like,0,0.22169257700443268
3807,RU-NNLS,ru_nnls,DIA-like,1,0.2699337601661682
3807,RU-NNLS,ru_nnls,DeepRed-like,2,0.22875286638736725
3809,RU-NNLS,ru_nnls,SYTO16-like,0,0.1333179473876953
3809,RU-NNLS,ru_nnls,DIA-like,1,0.16123665869235992
3809,RU-NNLS,ru_nnls,DeepRed-like,2,0.1689824014902115
3812,RU-NNLS,ru_nnls,SYTO16-like,0,0.16616128385066986
3812,RU-NNLS,ru_nnls,DIA-like,1,0.1967698633670807
3812,RU-NNLS,ru_nnls,DeepRed-like,2,0.19965492188930511
3813,RU-NNLS,ru_nnls,SYTO16-like,0,0.2390928417444229
3813,RU-NNLS,ru_nnls,DIA-like,1,0.2312513142824173
3813,RU-NNLS,ru_nnls,DeepRed-like,2,0.20016801357269287
3815,RU-NNLS,ru_nnls,SYTO16-like,0,0.2126048058271408
3815,RU-NNLS,ru_nnls,DIA-like,1,0.22999900579452515
3815,RU-NNLS,ru_nnls,DeepRed-like,2,0.17310409247875214
3823,RU-NNLS,ru_nnls,SYTO16-like,0,0.15139497816562653
3823,RU-NNLS,ru_nnls,DIA-like,1,0.20445522665977478
3823,RU-NNLS,ru_nnls,DeepRed-like,2,0.22798654437065125
3824,RU-NNLS,ru_nnls,SYTO16-like,0,0.14416667819023132
3824,RU-NNLS,ru_nnls,DIA-like,1,0.17249718308448792
3824,RU-NNLS,ru_nnls,DeepRed-like,2,0.13460712134838104
3827,RU-NNLS,ru_nnls,SYTO16-like,0,0.1864258050918579
3827,RU-NNLS,ru_nnls,DIA-like,1,0.19263578951358795
3827,RU-NNLS,ru_nnls,DeepRed-like,2,0.16415069997310638
3830,RU-NNLS,ru_nnls,SYTO16-like,0,0.2309228628873825
3830,RU-NNLS,ru_nnls,DIA-like,1,0.17759205400943756
3830,RU-NNLS,ru_nnls,DeepRed-like,2,0.16151519119739532
3834,RU-NNLS,ru_nnls,SYTO16-like,0,0.1585848182439804
3834,RU-NNLS,ru_nnls,DIA-like,1,0.2146839201450348
3834,RU-NNLS,ru_nnls,DeepRed-like,2,0.22279086709022522
3838,RU-NNLS,ru_nnls,SYTO16-like,0,0.1547689586877823
3838,RU-NNLS,ru_nnls,DIA-like,1,0.17019122838974
3838,RU-NNLS,ru_nnls,DeepRed-like,2,0.22121809422969818
3845,RU-NNLS,ru_nnls,SYTO16-like,0,0.24138246476650238
3845,RU-NNLS,ru_nnls,DIA-like,1,0.335197776556015
3845,RU-NNLS,ru_nnls,DeepRed-like,2,0.18888989090919495
3846,RU-NNLS,ru_nnls,SYTO16-like,0,0.15454527735710144
3846,RU-NNLS,ru_nnls,DIA-like,1,0.44916144013404846
3846,RU-NNLS,ru_nnls,DeepRed-like,2,0.14586830139160156
3849,RU-NNLS,ru_nnls,SYTO16-like,0,0.1409916877746582
3849,RU-NNLS,ru_nnls,DIA-like,1,0.2423163801431656
3849,RU-NNLS,ru_nnls,DeepRed-like,2,0.25836971402168274
3850,RU-NNLS,ru_nnls,SYTO16-like,0,0.12920014560222626
3850,RU-NNLS,ru_nnls,DIA-like,1,0.22538039088249207
3850,RU-NNLS,ru_nnls,DeepRed-like,2,0.1958644539117813
3859,RU-NNLS,ru_nnls,SYTO16-like,0,0.18295001983642578
3859,RU-NNLS,ru_nnls,DIA-like,1,0.20265880227088928
3859,RU-NNLS,ru_nnls,DeepRed-like,2,0.18686798214912415
3883,RU-NNLS,ru_nnls,SYTO16-like,0,0.15950044989585876
3883,RU-NNLS,ru_nnls,DIA-like,1,0.23758277297019958
3883,RU-NNLS,ru_nnls,DeepRed-like,2,0.2461416870355606
3886,RU-NNLS,ru_nnls,SYTO16-like,0,0.32848915457725525
3886,RU-NNLS,ru_nnls,DIA-like,1,0.21487247943878174
3886,RU-NNLS,ru_nnls,DeepRed-like,2,0.18126201629638672
3887,RU-NNLS,ru_nnls,SYTO16-like,0,0.14759553968906403
3887,RU-NNLS,ru_nnls,DIA-like,1,0.209878608584404
3887,RU-NNLS,ru_nnls,DeepRed-like,2,0.1909947395324707
3892,RU-NNLS,ru_nnls,SYTO16-like,0,0.14253541827201843
3892,RU-NNLS,ru_nnls,DIA-like,1,0.16583213210105896
3892,RU-NNLS,ru_nnls,DeepRed-like,2,0.14993730187416077
3894,RU-NNLS,ru_nnls,SYTO16-like,0,0.15586519241333008
3894,RU-NNLS,ru_nnls,DIA-like,1,0.16327014565467834
3894,RU-NNLS,ru_nnls,DeepRed-like,2,0.17233191430568695
3897,RU-NNLS,ru_nnls,SYTO16-like,0,0.21115274727344513
3897,RU-NNLS,ru_nnls,DIA-like,1,0.3357923924922943
3897,RU-NNLS,ru_nnls,DeepRed-like,2,0.19982600212097168
3917,RU-NNLS,ru_nnls,SYTO16-like,0,0.10744814574718475
3917,RU-NNLS,ru_nnls,DIA-like,1,0.1514723002910614
3917,RU-NNLS,ru_nnls,DeepRed-like,2,0.14669883251190186
3927,RU-NNLS,ru_nnls,SYTO16-like,0,0.1883668601512909
3927,RU-NNLS,ru_nnls,DIA-like,1,0.20968368649482727
3927,RU-NNLS,ru_nnls,DeepRed-like,2,0.18968303501605988
3928,RU-NNLS,ru_nnls,SYTO16-like,0,0.15513545274734497
3928,RU-NNLS,ru_nnls,DIA-like,1,0.200690358877182
3928,RU-NNLS,ru_nnls,DeepRed-like,2,0.2154453843832016
3933,RU-NNLS,ru_nnls,SYTO16-like,0,0.19083166122436523
3933,RU-NNLS,ru_nnls,DIA-like,1,0.19507718086242676
3933,RU-NNLS,ru_nnls,DeepRed-like,2,0.19859512150287628
3937,RU-NNLS,ru_nnls,SYTO16-like,0,0.16787609457969666
3937,RU-NNLS,ru_nnls,DIA-like,1,0.24011538922786713
3937,RU-NNLS,ru_nnls,DeepRed-like,2,0.23612454533576965
3938,RU-NNLS,ru_nnls,SYTO16-like,0,0.15272821485996246
3938,RU-NNLS,ru_nnls,DIA-like,1,0.23313631117343903
3938,RU-NNLS,ru_nnls,DeepRed-like,2,0.22813263535499573
3951,RU-NNLS,ru_nnls,SYTO16-like,0,0.2262178510427475
3951,RU-NNLS,ru_nnls,DIA-like,1,0.24641086161136627
3951,RU-NNLS,ru_nnls,DeepRed-like,2,0.19048501551151276
3969,RU-NNLS,ru_nnls,SYTO16-like,0,0.1603444516658783
3969,RU-NNLS,ru_nnls,DIA-like,1,0.19784322381019592
3969,RU-NNLS,ru_nnls,DeepRed-like,2,0.18710125982761383
3972,RU-NNLS,ru_nnls,SYTO16-like,0,0.13920117914676666
3972,RU-NNLS,ru_nnls,DIA-like,1,0.19965629279613495
3972,RU-NNLS,ru_nnls,DeepRed-like,2,0.20112578570842743
3978,RU-NNLS,ru_nnls,SYTO16-like,0,0.22275970876216888
3978,RU-NNLS,ru_nnls,DIA-like,1,0.19556446373462677
3978,RU-NNLS,ru_nnls,DeepRed-like,2,0.19875460863113403
3982,RU-NNLS,ru_nnls,SYTO16-like,0,0.153553768992424
3982,RU-NNLS,ru_nnls,DIA-like,1,0.16600926220417023
3982,RU-NNLS,ru_nnls,DeepRed-like,2,0.20315848290920258
4000,RU-NNLS,ru_nnls,SYTO16-like,0,0.2382172793149948
4000,RU-NNLS,ru_nnls,DIA-like,1,0.14378158748149872
4000,RU-NNLS,ru_nnls,DeepRed-like,2,0.19409358501434326
4001,RU-NNLS,ru_nnls,SYTO16-like,0,0.17232753336429596
4001,RU-NNLS,ru_nnls,DIA-like,1,0.19738152623176575
4001,RU-NNLS,ru_nnls,DeepRed-like,2,0.21014460921287537
4006,RU-NNLS,ru_nnls,SYTO16-like,0,0.17664070427417755
4006,RU-NNLS,ru_nnls,DIA-like,1,0.24142305552959442
4006,RU-NNLS,ru_nnls,DeepRed-like,2,0.2046065777540207
4010,RU-NNLS,ru_nnls,SYTO16-like,0,0.17249593138694763
4010,RU-NNLS,ru_nnls,DIA-like,1,0.24787019193172455
4010,RU-NNLS,ru_nnls,DeepRed-like,2,0.15592984855175018
4018,RU-NNLS,ru_nnls,SYTO16-like,0,0.1652390956878662
4018,RU-NNLS,ru_nnls,DIA-like,1,0.19243094325065613
4018,RU-NNLS,ru_nnls,DeepRed-like,2,0.23383654654026031
4020,RU-NNLS,ru_nnls,SYTO16-like,0,0.13517598807811737
4020,RU-NNLS,ru_nnls,DIA-like,1,0.1672993302345276
4020,RU-NNLS,ru_nnls,DeepRed-like,2,0.22673258185386658
4023,RU-NNLS,ru_nnls,SYTO16-like,0,0.13115976750850677
4023,RU-NNLS,ru_nnls,DIA-like,1,0.17656968533992767
4023,RU-NNLS,ru_nnls,DeepRed-like,2,0.17642860114574432
4028,RU-NNLS,ru_nnls,SYTO16-like,0,0.16467922925949097
4028,RU-NNLS,ru_nnls,DIA-like,1,0.17117293179035187
4028,RU-NNLS,ru_nnls,DeepRed-like,2,0.176698237657547
4035,RU-NNLS,ru_nnls,SYTO16-like,0,0.20035694539546967
4035,RU-NNLS,ru_nnls,DIA-like,1,0.23599736392498016
4035,RU-NNLS,ru_nnls,DeepRed-like,2,0.20744560658931732
4038,RU-NNLS,ru_nnls,SYTO16-like,0,0.10915029793977737
4038,RU-NNLS,ru_nnls,DIA-like,1,0.15513859689235687
4038,RU-NNLS,ru_nnls,DeepRed-like,2,0.11546652019023895
4039,RU-NNLS,ru_nnls,SYTO16-like,0,0.165260910987854
4039,RU-NNLS,ru_nnls,DIA-like,1,0.1894097924232483
4039,RU-NNLS,ru_nnls,DeepRed-like,2,0.2146134376525879
4047,RU-NNLS,ru_nnls,SYTO16-like,0,0.2085139900445938
4047,RU-NNLS,ru_nnls,DIA-like,1,0.20346599817276
4047,RU-NNLS,ru_nnls,DeepRed-like,2,0.23082365095615387
4050,RU-NNLS,ru_nnls,SYTO16-like,0,0.13704705238342285
4050,RU-NNLS,ru_nnls,DIA-like,1,0.19469958543777466
4050,RU-NNLS,ru_nnls,DeepRed-like,2,0.20390461385250092
4052,RU-NNLS,ru_nnls,SYTO16-like,0,0.13324905931949615
4052,RU-NNLS,ru_nnls,DIA-like,1,0.16249346733093262
4052,RU-NNLS,ru_nnls,DeepRed-like,2,0.15329356491565704
4055,RU-NNLS,ru_nnls,SYTO16-like,0,0.16597017645835876
4055,RU-NNLS,ru_nnls,DIA-like,1,0.19260485470294952
4055,RU-NNLS,ru_nnls,DeepRed-like,2,0.19011765718460083
4069,RU-NNLS,ru_nnls,SYTO16-like,0,0.24336408078670502
4069,RU-NNLS,ru_nnls,DIA-like,1,0.29850471019744873
4069,RU-NNLS,ru_nnls,DeepRed-like,2,0.4107547402381897
4073,RU-NNLS,ru_nnls,SYTO16-like,0,0.16732358932495117
4073,RU-NNLS,ru_nnls,DIA-like,1,0.21961309015750885
4073,RU-NNLS,ru_nnls,DeepRed-like,2,0.22224418818950653
4078,RU-NNLS,ru_nnls,SYTO16-like,0,0.12269759923219681
4078,RU-NNLS,ru_nnls,DIA-like,1,0.20179495215415955
4078,RU-NNLS,ru_nnls,DeepRed-like,2,0.1800319105386734
4079,RU-NNLS,ru_nnls,SYTO16-like,0,0.13540342450141907
4079,RU-NNLS,ru_nnls,DIA-like,1,0.21284370124340057
4079,RU-NNLS,ru_nnls,DeepRed-like,2,0.14671580493450165
4080,RU-NNLS,ru_nnls,SYTO16-like,0,0.21863427758216858
4080,RU-NNLS,ru_nnls,DIA-like,1,0.20262925326824188
4080,RU-NNLS,ru_nnls,DeepRed-like,2,0.19566193222999573
4091,RU-NNLS,ru_nnls,SYTO16-like,0,0.13396772742271423
4091,RU-NNLS,ru_nnls,DIA-like,1,0.17100930213928223
4091,RU-NNLS,ru_nnls,DeepRed-like,2,0.18696843087673187
4096,RU-NNLS,ru_nnls,SYTO16-like,0,0.1356242150068283
4096,RU-NNLS,ru_nnls,DIA-like,1,0.18710298836231232
4096,RU-NNLS,ru_nnls,DeepRed-like,2,0.19735212624073029
4098,RU-NNLS,ru_nnls,SYTO16-like,0,0.18146777153015137
4098,RU-NNLS,ru_nnls,DIA-like,1,0.2402660846710205
4098,RU-NNLS,ru_nnls,DeepRed-like,2,0.19320575892925262
4121,RU-NNLS,ru_nnls,SYTO16-like,0,0.17021991312503815
4121,RU-NNLS,ru_nnls,DIA-like,1,0.222245454788208
4121,RU-NNLS,ru_nnls,DeepRed-like,2,0.19686394929885864
4134,RU-NNLS,ru_nnls,SYTO16-like,0,0.1557741016149521
4134,RU-NNLS,ru_nnls,DIA-like,1,0.18436652421951294
4134,RU-NNLS,ru_nnls,DeepRed-like,2,0.21686804294586182
4135,RU-NNLS,ru_nnls,SYTO16-like,0,0.20721885561943054
4135,RU-NNLS,ru_nnls,DIA-like,1,0.2237633913755417
4135,RU-NNLS,ru_nnls,DeepRed-like,2,0.19123530387878418
4137,RU-NNLS,ru_nnls,SYTO16-like,0,0.14416320621967316
4137,RU-NNLS,ru_nnls,DIA-like,1,0.18574242293834686
4137,RU-NNLS,ru_nnls,DeepRed-like,2,0.17706044018268585
4145,RU-NNLS,ru_nnls,SYTO16-like,0,0.13358460366725922
4145,RU-NNLS,ru_nnls,DIA-like,1,0.18118928372859955
4145,RU-NNLS,ru_nnls,DeepRed-like,2,0.16309359669685364
4149,RU-NNLS,ru_nnls,SYTO16-like,0,0.2039361149072647
4149,RU-NNLS,ru_nnls,DIA-like,1,0.2949293255805969
4149,RU-NNLS,ru_nnls,DeepRed-like,2,0.1530480682849884
4153,RU-NNLS,ru_nnls,SYTO16-like,0,0.1426253616809845
4153,RU-NNLS,ru_nnls,DIA-like,1,0.16831934452056885
4153,RU-NNLS,ru_nnls,DeepRed-like,2,0.19628748297691345
4181,RU-NNLS,ru_nnls,SYTO16-like,0,0.1965423822402954
4181,RU-NNLS,ru_nnls,DIA-like,1,0.18439549207687378
4181,RU-NNLS,ru_nnls,DeepRed-like,2,0.20707690715789795
4188,RU-NNLS,ru_nnls,SYTO16-like,0,0.21644040942192078
4188,RU-NNLS,ru_nnls,DIA-like,1,0.1696016937494278
4188,RU-NNLS,ru_nnls,DeepRed-like,2,0.27403417229652405
4196,RU-NNLS,ru_nnls,SYTO16-like,0,0.1829586774110794
4196,RU-NNLS,ru_nnls,DIA-like,1,0.22911833226680756
4196,RU-NNLS,ru_nnls,DeepRed-like,2,0.1902318149805069
4204,RU-NNLS,ru_nnls,SYTO16-like,0,0.1543470323085785
4204,RU-NNLS,ru_nnls,DIA-like,1,0.18694385886192322
4204,RU-NNLS,ru_nnls,DeepRed-like,2,0.20917263627052307
4209,RU-NNLS,ru_nnls,SYTO16-like,0,0.18979783356189728
4209,RU-NNLS,ru_nnls,DIA-like,1,0.24011993408203125
4209,RU-NNLS,ru_nnls,DeepRed-like,2,0.2082495540380478
4211,RU-NNLS,ru_nnls,SYTO16-like,0,0.17160913348197937
4211,RU-NNLS,ru_nnls,DIA-like,1,0.21383678913116455
4211,RU-NNLS,ru_nnls,DeepRed-like,2,0.2202589511871338
4212,RU-NNLS,ru_nnls,SYTO16-like,0,0.18093359470367432
4212,RU-NNLS,ru_nnls,DIA-like,1,0.22979697585105896
4212,RU-NNLS,ru_nnls,DeepRed-like,2,0.21033309400081635
4218,RU-NNLS,ru_nnls,SYTO16-like,0,0.13239635527133942
4218,RU-NNLS,ru_nnls,DIA-like,1,0.15077193081378937
4218,RU-NNLS,ru_nnls,DeepRed-like,2,0.22598132491111755
4228,RU-NNLS,ru_nnls,SYTO16-like,0,0.18162113428115845
4228,RU-NNLS,ru_nnls,DIA-like,1,0.2141467034816742
4228,RU-NNLS,ru_nnls,DeepRed-like,2,0.2266518622636795
4229,RU-NNLS,ru_nnls,SYTO16-like,0,0.25922808051109314
4229,RU-NNLS,ru_nnls,DIA-like,1,0.23228929936885834
4229,RU-NNLS,ru_nnls,DeepRed-like,2,0.17151404917240143
4250,RU-NNLS,ru_nnls,SYTO16-like,0,0.20886613428592682
4250,RU-NNLS,ru_nnls,DIA-like,1,0.23857374489307404
4250,RU-NNLS,ru_nnls,DeepRed-like,2,0.23954828083515167
4254,RU-NNLS,ru_nnls,SYTO16-like,0,0.12380068004131317
4254,RU-NNLS,ru_nnls,DIA-like,1,0.21460826694965363
4254,RU-NNLS,ru_nnls,DeepRed-like,2,0.2073831707239151
4261,RU-NNLS,ru_nnls,SYTO16-like,0,0.15643416345119476
4261,RU-NNLS,ru_nnls,DIA-like,1,0.25920552015304565
4261,RU-NNLS,ru_nnls,DeepRed-like,2,0.14179864525794983
4264,RU-NNLS,ru_nnls,SYTO16-like,0,0.23479478061199188
4264,RU-NNLS,ru_nnls,DIA-like,1,0.16576889157295227
4264,RU-NNLS,ru_nnls,DeepRed-like,2,0.17384861409664154
4265,RU-NNLS,ru_nnls,SYTO16-like,0,0.21224084496498108
4265,RU-NNLS,ru_nnls,DIA-like,1,0.17775322496891022
4265,RU-NNLS,ru_nnls,DeepRed-like,2,0.18416953086853027
4284,RU-NNLS,ru_nnls,SYTO16-like,0,0.20177125930786133
4284,RU-NNLS,ru_nnls,DIA-like,1,0.19584769010543823
4284,RU-NNLS,ru_nnls,DeepRed-like,2,0.18582037091255188
4294,RU-NNLS,ru_nnls,SYTO16-like,0,0.18067270517349243
4294,RU-NNLS,ru_nnls,DIA-like,1,0.2116839736700058
4294,RU-NNLS,ru_nnls,DeepRed-like,2,0.19276876747608185
4296,RU-NNLS,ru_nnls,SYTO16-like,0,0.22895698249340057
4296,RU-NNLS,ru_nnls,DIA-like,1,0.2289668172597885
4296,RU-NNLS,ru_nnls,DeepRed-like,2,0.16491620242595673
4306,RU-NNLS,ru_nnls,SYTO16-like,0,0.23334981501102448
4306,RU-NNLS,ru_nnls,DIA-like,1,0.23611243069171906
4306,RU-NNLS,ru_nnls,DeepRed-like,2,0.18548081815242767
4321,RU-NNLS,ru_nnls,SYTO16-like,0,0.13924969732761383
4321,RU-NNLS,ru_nnls,DIA-like,1,0.17135481536388397
4321,RU-NNLS,ru_nnls,DeepRed-like,2,0.2175981104373932
4327,RU-NNLS,ru_nnls,SYTO16-like,0,0.16574779152870178
4327,RU-NNLS,ru_nnls,DIA-like,1,0.22237122058868408
4327,RU-NNLS,ru_nnls,DeepRed-like,2,0.2760576009750366
4331,RU-NNLS,ru_nnls,SYTO16-like,0,0.1619812250137329
4331,RU-NNLS,ru_nnls,DIA-like,1,0.21540142595767975
4331,RU-NNLS,ru_nnls,DeepRed-like,2,0.24943968653678894
4334,RU-NNLS,ru_nnls,SYTO16-like,0,0.1538737714290619
4334,RU-NNLS,ru_nnls,DIA-like,1,0.18449676036834717
4334,RU-NNLS,ru_nnls,DeepRed-like,2,0.1564607471227646
4339,RU-NNLS,ru_nnls,SYTO16-like,0,0.1314089298248291
4339,RU-NNLS,ru_nnls,DIA-like,1,0.1812085509300232
4339,RU-NNLS,ru_nnls,DeepRed-like,2,0.1748136430978775
4340,RU-NNLS,ru_nnls,SYTO16-like,0,0.14561934769153595
4340,RU-NNLS,ru_nnls,DIA-like,1,0.20079544186592102
4340,RU-NNLS,ru_nnls,DeepRed-like,2,0.22346164286136627
4344,RU-NNLS,ru_nnls,SYTO16-like,0,0.15101587772369385
4344,RU-NNLS,ru_nnls,DIA-like,1,0.20341047644615173
4344,RU-NNLS,ru_nnls,DeepRed-like,2,0.16297775506973267
4349,RU-NNLS,ru_nnls,SYTO16-like,0,0.18577279150485992
4349,RU-NNLS,ru_nnls,DIA-like,1,0.19051411747932434
4349,RU-NNLS,ru_nnls,DeepRed-like,2,0.2231190800666809
4361,RU-NNLS,ru_nnls,SYTO16-like,0,0.17564520239830017
4361,RU-NNLS,ru_nnls,DIA-like,1,0.34046581387519836
4361,RU-NNLS,ru_nnls,DeepRed-like,2,0.20115423202514648
4370,RU-NNLS,ru_nnls,SYTO16-like,0,0.16784681379795074
4370,RU-NNLS,ru_nnls,DIA-like,1,0.1903102695941925
4370,RU-NNLS,ru_nnls,DeepRed-like,2,0.20764465630054474
4371,RU-NNLS,ru_nnls,SYTO16-like,0,0.17082947492599487
4371,RU-NNLS,ru_nnls,DIA-like,1,0.16979461908340454
4371,RU-NNLS,ru_nnls,DeepRed-like,2,0.13866931200027466
4376,RU-NNLS,ru_nnls,SYTO16-like,0,0.1728822886943817
4376,RU-NNLS,ru_nnls,DIA-like,1,0.2158825546503067
4376,RU-NNLS,ru_nnls,DeepRed-like,2,0.3154236078262329
4390,RU-NNLS,ru_nnls,SYTO16-like,0,0.17147816717624664
4390,RU-NNLS,ru_nnls,DIA-like,1,0.21001675724983215
4390,RU-NNLS,ru_nnls,DeepRed-like,2,0.16971342265605927
4403,RU-NNLS,ru_nnls,SYTO16-like,0,0.14502325654029846
4403,RU-NNLS,ru_nnls,DIA-like,1,0.21259315311908722
4403,RU-NNLS,ru_nnls,DeepRed-like,2,0.18099349737167358
4408,RU-NNLS,ru_nnls,SYTO16-like,0,0.13429857790470123
4408,RU-NNLS,ru_nnls,DIA-like,1,0.17973096668720245
4408,RU-NNLS,ru_nnls,DeepRed-like,2,0.21664169430732727
4412,RU-NNLS,ru_nnls,SYTO16-like,0,0.15779544413089752
4412,RU-NNLS,ru_nnls,DIA-like,1,0.22955258190631866
4412,RU-NNLS,ru_nnls,DeepRed-like,2,0.16932521760463715
4419,RU-NNLS,ru_nnls,SYTO16-like,0,0.14637474715709686
4419,RU-NNLS,ru_nnls,DIA-like,1,0.16098250448703766
4419,RU-NNLS,ru_nnls,DeepRed-like,2,0.1359110176563263
4433,RU-NNLS,ru_nnls,SYTO16-like,0,0.24540360271930695
4433,RU-NNLS,ru_nnls,DIA-like,1,0.19611865282058716
4433,RU-NNLS,ru_nnls,DeepRed-like,2,0.20839251577854156
4437,RU-NNLS,ru_nnls,SYTO16-like,0,0.18658703565597534
4437,RU-NNLS,ru_nnls,DIA-like,1,0.17407509684562683
4437,RU-NNLS,ru_nnls,DeepRed-like,2,0.1952299177646637
4446,RU-NNLS,ru_nnls,SYTO16-like,0,0.14599569141864777
4446,RU-NNLS,ru_nnls,DIA-like,1,0.18990039825439453
4446,RU-NNLS,ru_nnls,DeepRed-like,2,0.16139143705368042
4450,RU-NNLS,ru_nnls,SYTO16-like,0,0.15843431651592255
4450,RU-NNLS,ru_nnls,DIA-like,1,0.18861395120620728
4450,RU-NNLS,ru_nnls,DeepRed-like,2,0.26439329981803894
4460,RU-NNLS,ru_nnls,SYTO16-like,0,0.19726219773292542
4460,RU-NNLS,ru_nnls,DIA-like,1,0.2553945481777191
4460,RU-NNLS,ru_nnls,DeepRed-like,2,0.22978661954402924
4464,RU-NNLS,ru_nnls,SYTO16-like,0,0.22623446583747864
4464,RU-NNLS,ru_nnls,DIA-like,1,0.15266810357570648
4464,RU-NNLS,ru_nnls,DeepRed-like,2,0.21197541058063507
4466,RU-NNLS,ru_nnls,SYTO16-like,0,0.1810423880815506
4466,RU-NNLS,ru_nnls,DIA-like,1,0.22577229142189026
4466,RU-NNLS,ru_nnls,DeepRed-like,2,0.2500053644180298
4474,RU-NNLS,ru_nnls,SYTO16-like,0,0.1918245553970337
4474,RU-NNLS,ru_nnls,DIA-like,1,0.1811881959438324
4474,RU-NNLS,ru_nnls,DeepRed-like,2,0.23965692520141602
4491,RU-NNLS,ru_nnls,SYTO16-like,0,0.1329575777053833
4491,RU-NNLS,ru_nnls,DIA-like,1,0.18277448415756226
4491,RU-NNLS,ru_nnls,DeepRed-like,2,0.1647522896528244
4499,RU-NNLS,ru_nnls,SYTO16-like,0,0.1936660259962082
4499,RU-NNLS,ru_nnls,DIA-like,1,0.22053126990795135
4499,RU-NNLS,ru_nnls,DeepRed-like,2,0.23438186943531036
4527,RU-NNLS,ru_nnls,SYTO16-like,0,0.1529763638973236
4527,RU-NNLS,ru_nnls,DIA-like,1,0.2036266177892685
4527,RU-NNLS,ru_nnls,DeepRed-like,2,0.16863161325454712
4535,RU-NNLS,ru_nnls,SYTO16-like,0,0.18095330893993378
4535,RU-NNLS,ru_nnls,DIA-like,1,0.19915632903575897
4535,RU-NNLS,ru_nnls,DeepRed-like,2,0.20773109793663025
4542,RU-NNLS,ru_nnls,SYTO16-like,0,0.15516404807567596
4542,RU-NNLS,ru_nnls,DIA-like,1,0.15231002867221832
4542,RU-NNLS,ru_nnls,DeepRed-like,2,0.18307524919509888
4544,RU-NNLS,ru_nnls,SYTO16-like,0,0.13989295065402985
4544,RU-NNLS,ru_nnls,DIA-like,1,0.17752289772033691
4544,RU-NNLS,ru_nnls,DeepRed-like,2,0.1394941508769989
4547,RU-NNLS,ru_nnls,SYTO16-like,0,0.16526612639427185
4547,RU-NNLS,ru_nnls,DIA-like,1,0.19923287630081177
4547,RU-NNLS,ru_nnls,DeepRed-like,2,0.21638473868370056
4554,RU-NNLS,ru_nnls,SYTO16-like,0,0.2257986217737198
4554,RU-NNLS,ru_nnls,DIA-like,1,0.2585082948207855
4554,RU-NNLS,ru_nnls,DeepRed-like,2,0.1693386286497116
4555,RU-NNLS,ru_nnls,SYTO16-like,0,0.1387081891298294
4555,RU-NNLS,ru_nnls,DIA-like,1,0.33130836486816406
4555,RU-NNLS,ru_nnls,DeepRed-like,2,0.2952619194984436
4561,RU-NNLS,ru_nnls,SYTO16-like,0,0.16216254234313965
4561,RU-NNLS,ru_nnls,DIA-like,1,0.18476001918315887
4561,RU-NNLS,ru_nnls,DeepRed-like,2,0.17555704712867737
4566,RU-NNLS,ru_nnls,SYTO16-like,0,0.1699286550283432
4566,RU-NNLS,ru_nnls,DIA-like,1,0.19170688092708588
4566,RU-NNLS,ru_nnls,DeepRed-like,2,0.2198125422000885
4568,RU-NNLS,ru_nnls,SYTO16-like,0,0.17336280643939972
4568,RU-NNLS,ru_nnls,DIA-like,1,0.2016793042421341
4568,RU-NNLS,ru_nnls,DeepRed-like,2,0.23952700197696686
4586,RU-NNLS,ru_nnls,SYTO16-like,0,0.19817908108234406
4586,RU-NNLS,ru_nnls,DIA-like,1,0.22380739450454712
4586,RU-NNLS,ru_nnls,DeepRed-like,2,0.256077378988266
4589,RU-NNLS,ru_nnls,SYTO16-like,0,0.1539061963558197
4589,RU-NNLS,ru_nnls,DIA-like,1,0.18023177981376648
4589,RU-NNLS,ru_nnls,DeepRed-like,2,0.1697220504283905
4590,RU-NNLS,ru_nnls,SYTO16-like,0,0.17634688317775726
4590,RU-NNLS,ru_nnls,DIA-like,1,0.18856869637966156
4590,RU-NNLS,ru_nnls,DeepRed-like,2,0.16954325139522552
4597,RU-NNLS,ru_nnls,SYTO16-like,0,0.1600426733493805
4597,RU-NNLS,ru_nnls,DIA-like,1,0.17693085968494415
4597,RU-NNLS,ru_nnls,DeepRed-like,2,0.2055654376745224
4602,RU-NNLS,ru_nnls,SYTO16-like,0,0.20534132421016693
4602,RU-NNLS,ru_nnls,DIA-like,1,0.23836642503738403
4602,RU-NNLS,ru_nnls,DeepRed-like,2,0.20797745883464813
4613,RU-NNLS,ru_nnls,SYTO16-like,0,0.21134053170681
4613,RU-NNLS,ru_nnls,DIA-like,1,0.20842765271663666
4613,RU-NNLS,ru_nnls,DeepRed-like,2,0.20949923992156982
4614,RU-NNLS,ru_nnls,SYTO16-like,0,0.16531987488269806
4614,RU-NNLS,ru_nnls,DIA-like,1,0.19074763357639313
4614,RU-NNLS,ru_nnls,DeepRed-like,2,0.23852591216564178
4619,RU-NNLS,ru_nnls,SYTO16-like,0,0.1491086483001709
4619,RU-NNLS,ru_nnls,DIA-like,1,0.15704651176929474
4619,RU-NNLS,ru_nnls,DeepRed-like,2,0.17678958177566528
4627,RU-NNLS,ru_nnls,SYTO16-like,0,0.1513068825006485
4627,RU-NNLS,ru_nnls,DIA-like,1,0.2096693515777588
4627,RU-NNLS,ru_nnls,DeepRed-like,2,0.19121459126472473
4629,RU-NNLS,ru_nnls,SYTO16-like,0,0.14330324530601501
4629,RU-NNLS,ru_nnls,DIA-like,1,0.19905729591846466
4629,RU-NNLS,ru_nnls,DeepRed-like,2,0.17775508761405945
4633,RU-NNLS,ru_nnls,SYTO16-like,0,0.13324473798274994
4633,RU-NNLS,ru_nnls,DIA-like,1,0.1720810979604721
4633,RU-NNLS,ru_nnls,DeepRed-like,2,0.2153824120759964
4635,RU-NNLS,ru_nnls,SYTO16-like,0,0.1428757607936859
4635,RU-NNLS,ru_nnls,DIA-like,1,0.23150399327278137
4635,RU-NNLS,ru_nnls,DeepRed-like,2,0.20184661448001862
4650,RU-NNLS,ru_nnls,SYTO16-like,0,0.17010076344013214
4650,RU-NNLS,ru_nnls,DIA-like,1,0.2459179013967514
4650,RU-NNLS,ru_nnls,DeepRed-like,2,0.1961253583431244
4656,RU-NNLS,ru_nnls,SYTO16-like,0,0.19748909771442413
4656,RU-NNLS,ru_nnls,DIA-like,1,0.29026609659194946
4656,RU-NNLS,ru_nnls,DeepRed-like,2,0.22862716019153595
4677,RU-NNLS,ru_nnls,SYTO16-like,0,0.15809285640716553
4677,RU-NNLS,ru_nnls,DIA-like,1,0.16922812163829803
4677,RU-NNLS,ru_nnls,DeepRed-like,2,0.13131092488765717
4682,RU-NNLS,ru_nnls,SYTO16-like,0,0.1464158147573471
4682,RU-NNLS,ru_nnls,DIA-like,1,0.17744562029838562
4682,RU-NNLS,ru_nnls,DeepRed-like,2,0.15760256350040436
4685,RU-NNLS,ru_nnls,SYTO16-like,0,0.12250740826129913
4685,RU-NNLS,ru_nnls,DIA-like,1,0.15188319981098175
4685,RU-NNLS,ru_nnls,DeepRed-like,2,0.12234967201948166
4691,RU-NNLS,ru_nnls,SYTO16-like,0,0.17482168972492218
4691,RU-NNLS,ru_nnls,DIA-like,1,0.2452896386384964
4691,RU-NNLS,ru_nnls,DeepRed-like,2,0.1776277869939804
4703,RU-NNLS,ru_nnls,SYTO16-like,0,0.21266351640224457
4703,RU-NNLS,ru_nnls,DIA-like,1,0.20904672145843506
4703,RU-NNLS,ru_nnls,DeepRed-like,2,0.19653843343257904
4712,RU-NNLS,ru_nnls,SYTO16-like,0,0.116392120718956
4712,RU-NNLS,ru_nnls,DIA-like,1,0.16362683475017548
4712,RU-NNLS,ru_nnls,DeepRed-like,2,0.11732266843318939
4716,RU-NNLS,ru_nnls,SYTO16-like,0,0.17559519410133362
4716,RU-NNLS,ru_nnls,DIA-like,1,0.14219209551811218
4716,RU-NNLS,ru_nnls,DeepRed-like,2,0.10565950721502304
4725,RU-NNLS,ru_nnls,SYTO16-like,0,0.21896958351135254
4725,RU-NNLS,ru_nnls,DIA-like,1,0.18057937920093536
4725,RU-NNLS,ru_nnls,DeepRed-like,2,0.19300422072410583
4727,RU-NNLS,ru_nnls,SYTO16-like,0,0.14998702704906464
4727,RU-NNLS,ru_nnls,DIA-like,1,0.2040485143661499
4727,RU-NNLS,ru_nnls,DeepRed-like,2,0.2193285971879959
4734,RU-NNLS,ru_nnls,SYTO16-like,0,0.18613533675670624
4734,RU-NNLS,ru_nnls,DIA-like,1,0.23108313977718353
4734,RU-NNLS,ru_nnls,DeepRed-like,2,0.19458922743797302
4750,RU-NNLS,ru_nnls,SYTO16-like,0,0.19164283573627472
4750,RU-NNLS,ru_nnls,DIA-like,1,0.22972220182418823
4750,RU-NNLS,ru_nnls,DeepRed-like,2,0.1985788196325302
4751,RU-NNLS,ru_nnls,SYTO16-like,0,0.13855278491973877
4751,RU-NNLS,ru_nnls,DIA-like,1,0.1902070939540863
4751,RU-NNLS,ru_nnls,DeepRed-like,2,0.16214916110038757
4752,RU-NNLS,ru_nnls,SYTO16-like,0,0.21218448877334595
4752,RU-NNLS,ru_nnls,DIA-like,1,0.19580774009227753
4752,RU-NNLS,ru_nnls,DeepRed-like,2,0.21065445244312286
4753,RU-NNLS,ru_nnls,SYTO16-like,0,0.1598266363143921
4753,RU-NNLS,ru_nnls,DIA-like,1,0.15416602790355682
4753,RU-NNLS,ru_nnls,DeepRed-like,2,0.18337282538414001
4760,RU-NNLS,ru_nnls,SYTO16-like,0,0.18345043063163757
4760,RU-NNLS,ru_nnls,DIA-like,1,0.25743135809898376
4760,RU-NNLS,ru_nnls,DeepRed-like,2,0.2559780478477478
4761,RU-NNLS,ru_nnls,SYTO16-like,0,0.1583307534456253
4761,RU-NNLS,ru_nnls,DIA-like,1,0.1930265575647354
4761,RU-NNLS,ru_nnls,DeepRed-like,2,0.19202719628810883
4770,RU-NNLS,ru_nnls,SYTO16-like,0,0.1732298582792282
4770,RU-NNLS,ru_nnls,DIA-like,1,0.20293667912483215
4770,RU-NNLS,ru_nnls,DeepRed-like,2,0.1267784833908081
4774,RU-NNLS,ru_nnls,SYTO16-like,0,0.16917437314987183
4774,RU-NNLS,ru_nnls,DIA-like,1,0.1851845532655716
4774,RU-NNLS,ru_nnls,DeepRed-like,2,0.18322013318538666
4777,RU-NNLS,ru_nnls,SYTO16-like,0,0.17087127268314362
4777,RU-NNLS,ru_nnls,DIA-like,1,0.24783188104629517
4777,RU-NNLS,ru_nnls,DeepRed-like,2,0.20797912776470184
4791,RU-NNLS,ru_nnls,SYTO16-like,0,0.1766825020313263
4791,RU-NNLS,ru_nnls,DIA-like,1,0.25746503472328186
4791,RU-NNLS,ru_nnls,DeepRed-like,2,0.26060423254966736
4793,RU-NNLS,ru_nnls,SYTO16-like,0,0.17482444643974304
4793,RU-NNLS,ru_nnls,DIA-like,1,0.1420295536518097
4793,RU-NNLS,ru_nnls,DeepRed-like,2,0.2037573754787445
4796,RU-NNLS,ru_nnls,SYTO16-like,0,0.1391904205083847
4796,RU-NNLS,ru_nnls,DIA-like,1,0.166709303855896
4796,RU-NNLS,ru_nnls,DeepRed-like,2,0.2185683697462082
4801,RU-NNLS,ru_nnls,SYTO16-like,0,0.16249871253967285
4801,RU-NNLS,ru_nnls,DIA-like,1,0.20267346501350403
4801,RU-NNLS,ru_nnls,DeepRed-like,2,0.21990589797496796
4809,RU-NNLS,ru_nnls,SYTO16-like,0,0.13972130417823792
4809,RU-NNLS,ru_nnls,DIA-like,1,0.19314442574977875
4809,RU-NNLS,ru_nnls,DeepRed-like,2,0.18587149679660797
4811,RU-NNLS,ru_nnls,SYTO16-like,0,0.1516391485929489
4811,RU-NNLS,ru_nnls,DIA-like,1,0.23075562715530396
4811,RU-NNLS,ru_nnls,DeepRed-like,2,0.2680681049823761
4813,RU-NNLS,ru_nnls,SYTO16-like,0,0.16389058530330658
4813,RU-NNLS,ru_nnls,DIA-like,1,0.17812266945838928
4813,RU-NNLS,ru_nnls,DeepRed-like,2,0.1550249308347702
4821,RU-NNLS,ru_nnls,SYTO16-like,0,0.16856174170970917
4821,RU-NNLS,ru_nnls,DIA-like,1,0.19327044486999512
4821,RU-NNLS,ru_nnls,DeepRed-like,2,0.21379104256629944
4828,RU-NNLS,ru_nnls,SYTO16-like,0,0.13990917801856995
4828,RU-NNLS,ru_nnls,DIA-like,1,0.15653479099273682
4828,RU-NNLS,ru_nnls,DeepRed-like,2,0.14681376516819
4839,RU-NNLS,ru_nnls,SYTO16-like,0,0.1559857428073883
4839,RU-NNLS,ru_nnls,DIA-like,1,0.1712305098772049
4839,RU-NNLS,ru_nnls,DeepRed-like,2,0.19175907969474792
4842,RU-NNLS,ru_nnls,SYTO16-like,0,0.18087774515151978
4842,RU-NNLS,ru_nnls,DIA-like,1,0.1882563978433609
4842,RU-NNLS,ru_nnls,DeepRed-like,2,0.22618183493614197
4851,RU-NNLS,ru_nnls,SYTO16-like,0,0.12110376358032227
4851,RU-NNLS,ru_nnls,DIA-like,1,0.16417668759822845
4851,RU-NNLS,ru_nnls,DeepRed-like,2,0.15683205425739288
4854,RU-NNLS,ru_nnls,SYTO16-like,0,0.12544038891792297
4854,RU-NNLS,ru_nnls,DIA-like,1,0.18179504573345184
4854,RU-NNLS,ru_nnls,DeepRed-like,2,0.21813488006591797
4859,RU-NNLS,ru_nnls,SYTO16-like,0,0.11659465730190277
4859,RU-NNLS,ru_nnls,DIA-like,1,0.19668875634670258
4859,RU-NNLS,ru_nnls,DeepRed-like,2,0.11087065935134888
4862,RU-NNLS,ru_nnls,SYTO16-like,0,0.1480347365140915
4862,RU-NNLS,ru_nnls,DIA-like,1,0.16469886898994446
4862,RU-NNLS,ru_nnls,DeepRed-like,2,0.2511002719402313
4866,RU-NNLS,ru_nnls,SYTO16-like,0,0.1625286489725113
4866,RU-NNLS,ru_nnls,DIA-like,1,0.22831326723098755
4866,RU-NNLS,ru_nnls,DeepRed-like,2,0.25865715742111206
4881,RU-NNLS,ru_nnls,SYTO16-like,0,0.18688996136188507
4881,RU-NNLS,ru_nnls,DIA-like,1,0.26552948355674744
4881,RU-NNLS,ru_nnls,DeepRed-like,2,0.18316836655139923
4901,RU-NNLS,ru_nnls,SYTO16-like,0,0.14772586524486542
4901,RU-NNLS,ru_nnls,DIA-like,1,0.20221605896949768
4901,RU-NNLS,ru_nnls,DeepRed-like,2,0.20827940106391907
4905,RU-NNLS,ru_nnls,SYTO16-like,0,0.17495615780353546
4905,RU-NNLS,ru_nnls,DIA-like,1,0.24033094942569733
4905,RU-NNLS,ru_nnls,DeepRed-like,2,0.21433603763580322
4907,RU-NNLS,ru_nnls,SYTO16-like,0,0.23367838561534882
4907,RU-NNLS,ru_nnls,DIA-like,1,0.2100275456905365
4907,RU-NNLS,ru_nnls,DeepRed-like,2,0.17816202342510223
4911,RU-NNLS,ru_nnls,SYTO16-like,0,0.15631094574928284
4911,RU-NNLS,ru_nnls,DIA-like,1,0.28684037923812866
4911,RU-NNLS,ru_nnls,DeepRed-like,2,0.18421129882335663
4923,RU-NNLS,ru_nnls,SYTO16-like,0,0.1413019895553589
4923,RU-NNLS,ru_nnls,DIA-like,1,0.2050120234489441
4923,RU-NNLS,ru_nnls,DeepRed-like,2,0.22873756289482117
4926,RU-NNLS,ru_nnls,SYTO16-like,0,0.14392812550067902
4926,RU-NNLS,ru_nnls,DIA-like,1,0.16624242067337036
4926,RU-NNLS,ru_nnls,DeepRed-like,2,0.21355809271335602
4936,RU-NNLS,ru_nnls,SYTO16-like,0,0.15846392512321472
4936,RU-NNLS,ru_nnls,DIA-like,1,0.1973063349723816
4936,RU-NNLS,ru_nnls,DeepRed-like,2,0.20245204865932465
4937,RU-NNLS,ru_nnls,SYTO16-like,0,0.13587573170661926
4937,RU-NNLS,ru_nnls,DIA-like,1,0.18045857548713684
4937,RU-NNLS,ru_nnls,DeepRed-like,2,0.16233251988887787
4939,RU-NNLS,ru_nnls,SYTO16-like,0,0.23582427203655243
4939,RU-NNLS,ru_nnls,DIA-like,1,0.19664199650287628
4939,RU-NNLS,ru_nnls,DeepRed-like,2,0.23768796026706696
4943,RU-NNLS,ru_nnls,SYTO16-like,0,0.1583840698003769
4943,RU-NNLS,ru_nnls,DIA-like,1,0.23941859602928162
4943,RU-NNLS,ru_nnls,DeepRed-like,2,0.21812905371189117
4973,RU-NNLS,ru_nnls,SYTO16-like,0,0.1966366320848465
4973,RU-NNLS,ru_nnls,DIA-like,1,0.26046594977378845
4973,RU-NNLS,ru_nnls,DeepRed-like,2,0.1858050674200058
4975,RU-NNLS,ru_nnls,SYTO16-like,0,0.12201971560716629
4975,RU-NNLS,ru_nnls,DIA-like,1,0.1437503844499588
4975,RU-NNLS,ru_nnls,DeepRed-like,2,0.12113863974809647
4980,RU-NNLS,ru_nnls,SYTO16-like,0,0.2089509814977646
4980,RU-NNLS,ru_nnls,DIA-like,1,0.18580803275108337
4980,RU-NNLS,ru_nnls,DeepRed-like,2,0.2365223467350006
4987,RU-NNLS,ru_nnls,SYTO16-like,0,0.1938132345676422
4987,RU-NNLS,ru_nnls,DIA-like,1,0.2731288969516754
4987,RU-NNLS,ru_nnls,DeepRed-like,2,0.220660999417305
4995,RU-NNLS,ru_nnls,SYTO16-like,0,0.15397058427333832
4995,RU-NNLS,ru_nnls,DIA-like,1,0.2193581759929657
4995,RU-NNLS,ru_nnls,DeepRed-like,2,0.27998632192611694
4997,RU-NNLS,ru_nnls,SYTO16-like,0,0.1577845960855484
4997,RU-NNLS,ru_nnls,DIA-like,1,0.15460322797298431
4997,RU-NNLS,ru_nnls,DeepRed-like,2,0.17113986611366272
5010,RU-NNLS,ru_nnls,SYTO16-like,0,0.16876451671123505
5010,RU-NNLS,ru_nnls,DIA-like,1,0.15374784171581268
5010,RU-NNLS,ru_nnls,DeepRed-like,2,0.19385413825511932
5013,RU-NNLS,ru_nnls,SYTO16-like,0,0.16558228433132172
5013,RU-NNLS,ru_nnls,DIA-like,1,0.22101746499538422
5013,RU-NNLS,ru_nnls,DeepRed-like,2,0.2037138193845749
5017,RU-NNLS,ru_nnls,SYTO16-like,0,0.1069229245185852
5017,RU-NNLS,ru_nnls,DIA-like,1,0.19182085990905762
5017,RU-NNLS,ru_nnls,DeepRed-like,2,0.1334477961063385
5025,RU-NNLS,ru_nnls,SYTO16-like,0,0.17980143427848816
5025,RU-NNLS,ru_nnls,DIA-like,1,0.22688554227352142
5025,RU-NNLS,ru_nnls,DeepRed-like,2,0.271179735660553
5028,RU-NNLS,ru_nnls,SYTO16-like,0,0.18769577145576477
5028,RU-NNLS,ru_nnls,DIA-like,1,0.17392568290233612
5028,RU-NNLS,ru_nnls,DeepRed-like,2,0.19159311056137085
5039,RU-NNLS,ru_nnls,SYTO16-like,0,0.18264268338680267
5039,RU-NNLS,ru_nnls,DIA-like,1,0.2642499506473541
5039,RU-NNLS,ru_nnls,DeepRed-like,2,0.1974484920501709
5041,RU-NNLS,ru_nnls,SYTO16-like,0,0.13833431899547577
5041,RU-NNLS,ru_nnls,DIA-like,1,0.18131224811077118
5041,RU-NNLS,ru_nnls,DeepRed-like,2,0.21152865886688232
5053,RU-NNLS,ru_nnls,SYTO16-like,0,0.13961316645145416
5053,RU-NNLS,ru_nnls,DIA-like,1,0.17024220526218414
5053,RU-NNLS,ru_nnls,DeepRed-like,2,0.2078608274459839
5058,RU-NNLS,ru_nnls,SYTO16-like,0,0.15616676211357117
5058,RU-NNLS,ru_nnls,DIA-like,1,0.1284877508878708
5058,RU-NNLS,ru_nnls,DeepRed-like,2,0.1260378360748291
5064,RU-NNLS,ru_nnls,SYTO16-like,0,0.1725272536277771
5064,RU-NNLS,ru_nnls,DIA-like,1,0.19856791198253632
5064,RU-NNLS,ru_nnls,DeepRed-like,2,0.15792351961135864
5069,RU-NNLS,ru_nnls,SYTO16-like,0,0.13895906507968903
5069,RU-NNLS,ru_nnls,DIA-like,1,0.1979299932718277
5069,RU-NNLS,ru_nnls,DeepRed-like,2,0.16664999723434448
5073,RU-NNLS,ru_nnls,SYTO16-like,0,0.1614895910024643
5073,RU-NNLS,ru_nnls,DIA-like,1,0.17669174075126648
5073,RU-NNLS,ru_nnls,DeepRed-like,2,0.19891533255577087
5084,RU-NNLS,ru_nnls,SYTO16-like,0,0.21353766322135925
5084,RU-NNLS,ru_nnls,DIA-like,1,0.21048603951931
5084,RU-NNLS,ru_nnls,DeepRed-like,2,0.23055578768253326
5096,RU-NNLS,ru_nnls,SYTO16-like,0,0.15962594747543335
5096,RU-NNLS,ru_nnls,DIA-like,1,0.20693041384220123
5096,RU-NNLS,ru_nnls,DeepRed-like,2,0.15463097393512726
5099,RU-NNLS,ru_nnls,SYTO16-like,0,0.14101029932498932
5099,RU-NNLS,ru_nnls,DIA-like,1,0.1963079571723938
5099,RU-NNLS,ru_nnls,DeepRed-like,2,0.2077389359474182
5101,RU-NNLS,ru_nnls,SYTO16-like,0,0.16289453208446503
5101,RU-NNLS,ru_nnls,DIA-like,1,0.19912056624889374
5101,RU-NNLS,ru_nnls,DeepRed-like,2,0.22088347375392914
5103,RU-NNLS,ru_nnls,SYTO16-like,0,0.18317094445228577
5103,RU-NNLS,ru_nnls,DIA-like,1,0.24602298438549042
5103,RU-NNLS,ru_nnls,DeepRed-like,2,0.1996920108795166
5105,RU-NNLS,ru_nnls,SYTO16-like,0,0.2274012565612793
5105,RU-NNLS,ru_nnls,DIA-like,1,0.19229662418365479
5105,RU-NNLS,ru_nnls,DeepRed-like,2,0.2219308614730835
5106,RU-NNLS,ru_nnls,SYTO16-like,0,0.15714791417121887
5106,RU-NNLS,ru_nnls,DIA-like,1,0.19430583715438843
5106,RU-NNLS,ru_nnls,DeepRed-like,2,0.21073712408542633
5120,RU-NNLS,ru_nnls,SYTO16-like,0,0.33145543932914734
5120,RU-NNLS,ru_nnls,DIA-like,1,0.18057551980018616
5120,RU-NNLS,ru_nnls,DeepRed-like,2,0.15873311460018158
5125,RU-NNLS,ru_nnls,SYTO16-like,0,0.1645183265209198
5125,RU-NNLS,ru_nnls,DIA-like,1,0.22694334387779236
5125,RU-NNLS,ru_nnls,DeepRed-like,2,0.20667415857315063
5139,RU-NNLS,ru_nnls,SYTO16-like,0,0.1501208245754242
5139,RU-NNLS,ru_nnls,DIA-like,1,0.19735775887966156
5139,RU-NNLS,ru_nnls,DeepRed-like,2,0.21492323279380798
5151,RU-NNLS,ru_nnls,SYTO16-like,0,0.16655601561069489
5151,RU-NNLS,ru_nnls,DIA-like,1,0.20000922679901123
5151,RU-NNLS,ru_nnls,DeepRed-like,2,0.21790790557861328
5154,RU-NNLS,ru_nnls,SYTO16-like,0,0.1402382105588913
5154,RU-NNLS,ru_nnls,DIA-like,1,0.16771003603935242
5154,RU-NNLS,ru_nnls,DeepRed-like,2,0.19663949310779572
5160,RU-NNLS,ru_nnls,SYTO16-like,0,0.1876184493303299
5160,RU-NNLS,ru_nnls,DIA-like,1,0.2513718903064728
5160,RU-NNLS,ru_nnls,DeepRed-like,2,0.26650893688201904
5162,RU-NNLS,ru_nnls,SYTO16-like,0,0.2550562024116516
5162,RU-NNLS,ru_nnls,DIA-like,1,0.16388770937919617
5162,RU-NNLS,ru_nnls,DeepRed-like,2,0.15865923464298248
5182,RU-NNLS,ru_nnls,SYTO16-like,0,0.21052385866641998
5182,RU-NNLS,ru_nnls,DIA-like,1,0.23473353683948517
5182,RU-NNLS,ru_nnls,DeepRed-like,2,0.20046205818653107
5183,RU-NNLS,ru_nnls,SYTO16-like,0,0.13281622529029846
5183,RU-NNLS,ru_nnls,DIA-like,1,0.20376905798912048
5183,RU-NNLS,ru_nnls,DeepRed-like,2,0.15936310589313507
5190,RU-NNLS,ru_nnls,SYTO16-like,0,0.13640093803405762
5190,RU-NNLS,ru_nnls,DIA-like,1,0.17382115125656128
5190,RU-NNLS,ru_nnls,DeepRed-like,2,0.1584077626466751
5199,RU-NNLS,ru_nnls,SYTO16-like,0,0.23036473989486694
5199,RU-NNLS,ru_nnls,DIA-like,1,0.19295728206634521
5199,RU-NNLS,ru_nnls,DeepRed-like,2,0.15523122251033783
5216,RU-NNLS,ru_nnls,SYTO16-like,0,0.1608247607946396
5216,RU-NNLS,ru_nnls,DIA-like,1,0.14554844796657562
5216,RU-NNLS,ru_nnls,DeepRed-like,2,0.19971899688243866
5220,RU-NNLS,ru_nnls,SYTO16-like,0,0.19366014003753662
5220,RU-NNLS,ru_nnls,DIA-like,1,0.2151961475610733
5220,RU-NNLS,ru_nnls,DeepRed-like,2,0.20738814771175385
5221,RU-NNLS,ru_nnls,SYTO16-like,0,0.14940562844276428
5221,RU-NNLS,ru_nnls,DIA-like,1,0.1614784449338913
5221,RU-NNLS,ru_nnls,DeepRed-like,2,0.20723161101341248
5227,RU-NNLS,ru_nnls,SYTO16-like,0,0.12973202764987946
5227,RU-NNLS,ru_nnls,DIA-like,1,0.13901647925376892
5227,RU-NNLS,ru_nnls,DeepRed-like,2,0.10058578848838806
5234,RU-NNLS,ru_nnls,SYTO16-like,0,0.1874147206544876
5234,RU-NNLS,ru_nnls,DIA-like,1,0.2391435205936432
5234,RU-NNLS,ru_nnls,DeepRed-like,2,0.21808123588562012
5235,RU-NNLS,ru_nnls,SYTO16-like,0,0.14906468987464905
5235,RU-NNLS,ru_nnls,DIA-like,1,0.15562240779399872
5235,RU-NNLS,ru_nnls,DeepRed-like,2,0.17879222333431244
5250,RU-NNLS,ru_nnls,SYTO16-like,0,0.14966627955436707
5250,RU-NNLS,ru_nnls,DIA-like,1,0.1722429096698761
5250,RU-NNLS,ru_nnls,DeepRed-like,2,0.2508905529975891
5254,RU-NNLS,ru_nnls,SYTO16-like,0,0.15262527763843536
5254,RU-NNLS,ru_nnls,DIA-like,1,0.16468031704425812
5254,RU-NNLS,ru_nnls,DeepRed-like,2,0.12000946700572968
5259,RU-NNLS,ru_nnls,SYTO16-like,0,0.19447971880435944
5259,RU-NNLS,ru_nnls,DIA-like,1,0.18939699232578278
5259,RU-NNLS,ru_nnls,DeepRed-like,2,0.2483571171760559
5263,RU-NNLS,ru_nnls,SYTO16-like,0,0.1536683291196823
5263,RU-NNLS,ru_nnls,DIA-like,1,0.19784872233867645
5263,RU-NNLS,ru_nnls,DeepRed-like,2,0.2105301469564438
5265,RU-NNLS,ru_nnls,SYTO16-like,0,0.1523820161819458
5265,RU-NNLS,ru_nnls,DIA-like,1,0.7572686672210693
5265,RU-NNLS,ru_nnls,DeepRed-like,2,0.3170712888240814
5268,RU-NNLS,ru_nnls,SYTO16-like,0,0.13202513754367828
5268,RU-NNLS,ru_nnls,DIA-like,1,0.18163686990737915
5268,RU-NNLS,ru_nnls,DeepRed-like,2,0.15875545144081116
5275,RU-NNLS,ru_nnls,SYTO16-like,0,0.22548864781856537
5275,RU-NNLS,ru_nnls,DIA-like,1,0.2067612111568451
5275,RU-NNLS,ru_nnls,DeepRed-like,2,0.1299368292093277
5281,RU-NNLS,ru_nnls,SYTO16-like,0,0.1642211228609085
5281,RU-NNLS,ru_nnls,DIA-like,1,0.1595049500465393
5281,RU-NNLS,ru_nnls,DeepRed-like,2,0.22768907248973846
5290,RU-NNLS,ru_nnls,SYTO16-like,0,0.14339923858642578
5290,RU-NNLS,ru_nnls,DIA-like,1,0.1926007866859436
5290,RU-NNLS,ru_nnls,DeepRed-like,2,0.16890662908554077
5293,RU-NNLS,ru_nnls,SYTO16-like,0,0.17499835789203644
5293,RU-NNLS,ru_nnls,DIA-like,1,0.21562793850898743
5293,RU-NNLS,ru_nnls,DeepRed-like,2,0.21731990575790405
5302,RU-NNLS,ru_nnls,SYTO16-like,0,0.19184742867946625
5302,RU-NNLS,ru_nnls,DIA-like,1,0.2437092810869217
5302,RU-NNLS,ru_nnls,DeepRed-like,2,0.24111558496952057
5313,RU-NNLS,ru_nnls,SYTO16-like,0,0.1545688509941101
5313,RU-NNLS,ru_nnls,DIA-like,1,0.18453799188137054
5313,RU-NNLS,ru_nnls,DeepRed-like,2,0.21833446621894836
5336,RU-NNLS,ru_nnls,SYTO16-like,0,0.15327680110931396
5336,RU-NNLS,ru_nnls,DIA-like,1,0.19135917723178864
5336,RU-NNLS,ru_nnls,DeepRed-like,2,0.23199191689491272
5337,RU-NNLS,ru_nnls,SYTO16-like,0,0.16408991813659668
5337,RU-NNLS,ru_nnls,DIA-like,1,0.1755833923816681
5337,RU-NNLS,ru_nnls,DeepRed-like,2,0.18486204743385315
5347,RU-NNLS,ru_nnls,SYTO16-like,0,0.2921259105205536
5347,RU-NNLS,ru_nnls,DIA-like,1,0.28520795702934265
5347,RU-NNLS,ru_nnls,DeepRed-like,2,0.23230178654193878
5357,RU-NNLS,ru_nnls,SYTO16-like,0,0.14558114111423492
5357,RU-NNLS,ru_nnls,DIA-like,1,0.20753124356269836
5357,RU-NNLS,ru_nnls,DeepRed-like,2,0.15635377168655396
5360,RU-NNLS,ru_nnls,SYTO16-like,0,0.2841969132423401
5360,RU-NNLS,ru_nnls,DIA-like,1,0.25767892599105835
5360,RU-NNLS,ru_nnls,DeepRed-like,2,0.3212268650531769
5362,RU-NNLS,ru_nnls,SYTO16-like,0,0.1717010885477066
5362,RU-NNLS,ru_nnls,DIA-like,1,0.15175968408584595
5362,RU-NNLS,ru_nnls,DeepRed-like,2,0.12127798795700073
5370,RU-NNLS,ru_nnls,SYTO16-like,0,0.32154494524002075
5370,RU-NNLS,ru_nnls,DIA-like,1,0.35608038306236267
5370,RU-NNLS,ru_nnls,DeepRed-like,2,0.25657033920288086
5372,RU-NNLS,ru_nnls,SYTO16-like,0,0.21633529663085938
5372,RU-NNLS,ru_nnls,DIA-like,1,0.19881190359592438
5372,RU-NNLS,ru_nnls,DeepRed-like,2,0.23244304955005646
5378,RU-NNLS,ru_nnls,SYTO16-like,0,0.20732736587524414
5378,RU-NNLS,ru_nnls,DIA-like,1,0.21799340844154358
5378,RU-NNLS,ru_nnls,DeepRed-like,2,0.22175152599811554
5383,RU-NNLS,ru_nnls,SYTO16-like,0,0.18095192313194275
5383,RU-NNLS,ru_nnls,DIA-like,1,0.22923867404460907
5383,RU-NNLS,ru_nnls,DeepRed-like,2,0.26778507232666016
5400,RU-NNLS,ru_nnls,SYTO16-like,0,0.20702959597110748
5400,RU-NNLS,ru_nnls,DIA-like,1,0.22690925002098083
5400,RU-NNLS,ru_nnls,DeepRed-like,2,0.1807149201631546
5408,RU-NNLS,ru_nnls,SYTO16-like,0,0.14013494551181793
5408,RU-NNLS,ru_nnls,DIA-like,1,0.23580564558506012
5408,RU-NNLS,ru_nnls,DeepRed-like,2,0.17255043983459473
5413,RU-NNLS,ru_nnls,SYTO16-like,0,0.13580812513828278
5413,RU-NNLS,ru_nnls,DIA-like,1,0.17955328524112701
5413,RU-NNLS,ru_nnls,DeepRed-like,2,0.1714882105588913
5415,RU-NNLS,ru_nnls,SYTO16-like,0,0.17571648955345154
5415,RU-NNLS,ru_nnls,DIA-like,1,0.19786851108074188
5415,RU-NNLS,ru_nnls,DeepRed-like,2,0.20116470754146576
5417,RU-NNLS,ru_nnls,SYTO16-like,0,0.1364726573228836
5417,RU-NNLS,ru_nnls,DIA-like,1,0.2660311460494995
5417,RU-NNLS,ru_nnls,DeepRed-like,2,0.16049474477767944
5425,RU-NNLS,ru_nnls,SYTO16-like,0,0.19067992269992828
5425,RU-NNLS,ru_nnls,DIA-like,1,0.230600506067276
5425,RU-NNLS,ru_nnls,DeepRed-like,2,0.19933685660362244
5435,RU-NNLS,ru_nnls,SYTO16-like,0,0.15612776577472687
5435,RU-NNLS,ru_nnls,DIA-like,1,0.27090755105018616
5435,RU-NNLS,ru_nnls,DeepRed-like,2,0.197881817817688
5437,RU-NNLS,ru_nnls,SYTO16-like,0,0.17913727462291718
5437,RU-NNLS,ru_nnls,DIA-like,1,0.18124999105930328
5437,RU-NNLS,ru_nnls,DeepRed-like,2,0.2435687631368637
5443,RU-NNLS,ru_nnls,SYTO16-like,0,0.18601013720035553
5443,RU-NNLS,ru_nnls,DIA-like,1,0.26733022928237915
5443,RU-NNLS,ru_nnls,DeepRed-like,2,0.23354008793830872
5450,RU-NNLS,ru_nnls,SYTO16-like,0,0.20522917807102203
5450,RU-NNLS,ru_nnls,DIA-like,1,0.2161143571138382
5450,RU-NNLS,ru_nnls,DeepRed-like,2,0.2231154888868332
5452,RU-NNLS,ru_nnls,SYTO16-like,0,0.14704427123069763
5452,RU-NNLS,ru_nnls,DIA-like,1,0.2767518162727356
5452,RU-NNLS,ru_nnls,DeepRed-like,2,0.1678687036037445
5456,RU-NNLS,ru_nnls,SYTO16-like,0,0.1452159285545349
5456,RU-NNLS,ru_nnls,DIA-like,1,0.21332497894763947
5456,RU-NNLS,ru_nnls,DeepRed-like,2,0.23289914429187775
5459,RU-NNLS,ru_nnls,SYTO16-like,0,0.15314015746116638
5459,RU-NNLS,ru_nnls,DIA-like,1,0.20546403527259827
5459,RU-NNLS,ru_nnls,DeepRed-like,2,0.21730391681194305
5479,RU-NNLS,ru_nnls,SYTO16-like,0,0.2307678461074829
5479,RU-NNLS,ru_nnls,DIA-like,1,0.21325872838497162
5479,RU-NNLS,ru_nnls,DeepRed-like,2,0.2777377665042877
5485,RU-NNLS,ru_nnls,SYTO16-like,0,0.1716286540031433
5485,RU-NNLS,ru_nnls,DIA-like,1,0.24052396416664124
5485,RU-NNLS,ru_nnls,DeepRed-like,2,0.18895190954208374
5493,RU-NNLS,ru_nnls,SYTO16-like,0,0.17632780969142914
5493,RU-NNLS,ru_nnls,DIA-like,1,0.21579186618328094
5493,RU-NNLS,ru_nnls,DeepRed-like,2,0.2563449442386627
5496,RU-NNLS,ru_nnls,SYTO16-like,0,0.16242754459381104
5496,RU-NNLS,ru_nnls,DIA-like,1,0.18670663237571716
5496,RU-NNLS,ru_nnls,DeepRed-like,2,0.1577150523662567
5497,RU-NNLS,ru_nnls,SYTO16-like,0,0.16440421342849731
5497,RU-NNLS,ru_nnls,DIA-like,1,0.21961337327957153
5497,RU-NNLS,ru_nnls,DeepRed-like,2,0.20780536532402039
5519,RU-NNLS,ru_nnls,SYTO16-like,0,0.1474703997373581
5519,RU-NNLS,ru_nnls,DIA-like,1,0.16381309926509857
5519,RU-NNLS,ru_nnls,DeepRed-like,2,0.14555619657039642
5521,RU-NNLS,ru_nnls,SYTO16-like,0,0.2146284431219101
5521,RU-NNLS,ru_nnls,DIA-like,1,0.2420118898153305
5521,RU-NNLS,ru_nnls,DeepRed-like,2,0.2006777673959732
5522,RU-NNLS,ru_nnls,SYTO16-like,0,0.1549028605222702
5522,RU-NNLS,ru_nnls,DIA-like,1,0.20011578500270844
5522,RU-NNLS,ru_nnls,DeepRed-like,2,0.22684310376644135
5532,RU-NNLS,ru_nnls,SYTO16-like,0,0.17146140336990356
5532,RU-NNLS,ru_nnls,DIA-like,1,0.2370857149362564
5532,RU-NNLS,ru_nnls,DeepRed-like,2,0.1965520828962326
5544,RU-NNLS,ru_nnls,SYTO16-like,0,0.1671380251646042
5544,RU-NNLS,ru_nnls,DIA-like,1,0.1880427896976471
5544,RU-NNLS,ru_nnls,DeepRed-like,2,0.15749941766262054
5545,RU-NNLS,ru_nnls,SYTO16-like,0,0.18483830988407135
5545,RU-NNLS,ru_nnls,DIA-like,1,0.16559571027755737
5545,RU-NNLS,ru_nnls,DeepRed-like,2,0.1449572890996933
5551,RU-NNLS,ru_nnls,SYTO16-like,0,0.23803937435150146
5551,RU-NNLS,ru_nnls,DIA-like,1,0.19971132278442383
5551,RU-NNLS,ru_nnls,DeepRed-like,2,0.1845068335533142
5555,RU-NNLS,ru_nnls,SYTO16-like,0,0.15741091966629028
5555,RU-NNLS,ru_nnls,DIA-like,1,0.2137109339237213
5555,RU-NNLS,ru_nnls,DeepRed-like,2,0.2286544293165207
5556,RU-NNLS,ru_nnls,SYTO16-like,0,0.13521786034107208
5556,RU-NNLS,ru_nnls,DIA-like,1,0.15664078295230865
5556,RU-NNLS,ru_nnls,DeepRed-like,2,0.11390357464551926
5557,RU-NNLS,ru_nnls,SYTO16-like,0,0.2106863558292389
5557,RU-NNLS,ru_nnls,DIA-like,1,0.1711258590221405
5557,RU-NNLS,ru_nnls,DeepRed-like,2,0.14946843683719635
5560,RU-NNLS,ru_nnls,SYTO16-like,0,0.19591708481311798
5560,RU-NNLS,ru_nnls,DIA-like,1,0.26850757002830505
5560,RU-NNLS,ru_nnls,DeepRed-like,2,0.17125192284584045
5569,RU-NNLS,ru_nnls,SYTO16-like,0,0.16761837899684906
5569,RU-NNLS,ru_nnls,DIA-like,1,0.21119853854179382
5569,RU-NNLS,ru_nnls,DeepRed-like,2,0.17579814791679382
5572,RU-NNLS,ru_nnls,SYTO16-like,0,0.20929068326950073
5572,RU-NNLS,ru_nnls,DIA-like,1,0.20432442426681519
5572,RU-NNLS,ru_nnls,DeepRed-like,2,0.20813578367233276
5573,RU-NNLS,ru_nnls,SYTO16-like,0,0.23849248886108398
5573,RU-NNLS,ru_nnls,DIA-like,1,0.17429256439208984
5573,RU-NNLS,ru_nnls,DeepRed-like,2,0.22651636600494385
5578,RU-NNLS,ru_nnls,SYTO16-like,0,0.15237514674663544
5578,RU-NNLS,ru_nnls,DIA-like,1,0.1692952662706375
5578,RU-NNLS,ru_nnls,DeepRed-like,2,0.20437076687812805
5584,RU-NNLS,ru_nnls,SYTO16-like,0,0.16842958331108093
5584,RU-NNLS,ru_nnls,DIA-like,1,0.19524742662906647
5584,RU-NNLS,ru_nnls,DeepRed-like,2,0.22940978407859802
5585,RU-NNLS,ru_nnls,SYTO16-like,0,0.17740072309970856
5585,RU-NNLS,ru_nnls,DIA-like,1,0.20870842039585114
5585,RU-NNLS,ru_nnls,DeepRed-like,2,0.22559678554534912
5587,RU-NNLS,ru_nnls,SYTO16-like,0,0.15056255459785461
5587,RU-NNLS,ru_nnls,DIA-like,1,0.19147281348705292
5587,RU-NNLS,ru_nnls,DeepRed-like,2,0.19916078448295593
5589,RU-NNLS,ru_nnls,SYTO16-like,0,0.1812041848897934
5589,RU-NNLS,ru_nnls,DIA-like,1,0.22736400365829468
5589,RU-NNLS,ru_nnls,DeepRed-like,2,0.12915393710136414
5596,RU-NNLS,ru_nnls,SYTO16-like,0,0.20572848618030548
5596,RU-NNLS,ru_nnls,DIA-like,1,0.1930171102285385
5596,RU-NNLS,ru_nnls,DeepRed-like,2,0.2689231038093567
5603,RU-NNLS,ru_nnls,SYTO16-like,0,0.1592564582824707
5603,RU-NNLS,ru_nnls,DIA-like,1,0.1976768970489502
5603,RU-NNLS,ru_nnls,DeepRed-like,2,0.18278160691261292
5608,RU-NNLS,ru_nnls,SYTO16-like,0,0.15246395766735077
5608,RU-NNLS,ru_nnls,DIA-like,1,0.4053767919540405
5608,RU-NNLS,ru_nnls,DeepRed-like,2,0.20267300307750702
5610,RU-NNLS,ru_nnls,SYTO16-like,0,0.1830364614725113
5610,RU-NNLS,ru_nnls,DIA-like,1,0.22075143456459045
5610,RU-NNLS,ru_nnls,DeepRed-like,2,0.19326159358024597
5615,RU-NNLS,ru_nnls,SYTO16-like,0,0.11430410295724869
5615,RU-NNLS,ru_nnls,DIA-like,1,0.18290124833583832
5615,RU-NNLS,ru_nnls,DeepRed-like,2,0.10810644179582596
5618,RU-NNLS,ru_nnls,SYTO16-like,0,0.14455579221248627
5618,RU-NNLS,ru_nnls,DIA-like,1,0.24309977889060974
5618,RU-NNLS,ru_nnls,DeepRed-like,2,0.1883409470319748
5623,RU-NNLS,ru_nnls,SYTO16-like,0,0.2120458036661148
5623,RU-NNLS,ru_nnls,DIA-like,1,0.14688150584697723
5623,RU-NNLS,ru_nnls,DeepRed-like,2,0.11927051842212677
5633,RU-NNLS,ru_nnls,SYTO16-like,0,0.16141068935394287
5633,RU-NNLS,ru_nnls,DIA-like,1,0.15788550674915314
5633,RU-NNLS,ru_nnls,DeepRed-like,2,0.18879802525043488
5646,RU-NNLS,ru_nnls,SYTO16-like,0,0.20289775729179382
5646,RU-NNLS,ru_nnls,DIA-like,1,0.2314460575580597
5646,RU-NNLS,ru_nnls,DeepRed-like,2,0.1570006012916565
5648,RU-NNLS,ru_nnls,SYTO16-like,0,0.16236050426959991
5648,RU-NNLS,ru_nnls,DIA-like,1,0.22136235237121582
5648,RU-NNLS,ru_nnls,DeepRed-like,2,0.19951197504997253
5657,RU-NNLS,ru_nnls,SYTO16-like,0,0.17422661185264587
5657,RU-NNLS,ru_nnls,DIA-like,1,0.19231265783309937
5657,RU-NNLS,ru_nnls,DeepRed-like,2,0.1999782919883728
5662,RU-NNLS,ru_nnls,SYTO16-like,0,0.1755516529083252
5662,RU-NNLS,ru_nnls,DIA-like,1,0.21671365201473236
5662,RU-NNLS,ru_nnls,DeepRed-like,2,0.1751713752746582
5667,RU-NNLS,ru_nnls,SYTO16-like,0,0.18405984342098236
5667,RU-NNLS,ru_nnls,DIA-like,1,0.18167607486248016
5667,RU-NNLS,ru_nnls,DeepRed-like,2,0.18843023478984833
5674,RU-NNLS,ru_nnls,SYTO16-like,0,0.1901727020740509
5674,RU-NNLS,ru_nnls,DIA-like,1,0.2075648307800293
5674,RU-NNLS,ru_nnls,DeepRed-like,2,0.1733674556016922
5677,RU-NNLS,ru_nnls,SYTO16-like,0,0.2294929176568985
5677,RU-NNLS,ru_nnls,DIA-like,1,0.2056407928466797
5677,RU-NNLS,ru_nnls,DeepRed-like,2,0.22103720903396606
5697,RU-NNLS,ru_nnls,SYTO16-like,0,0.1754353940486908
5697,RU-NNLS,ru_nnls,DIA-like,1,0.24825023114681244
5697,RU-NNLS,ru_nnls,DeepRed-like,2,0.23284998536109924
5712,RU-NNLS,ru_nnls,SYTO16-like,0,0.18565262854099274
5712,RU-NNLS,ru_nnls,DIA-like,1,0.22397750616073608
5712,RU-NNLS,ru_nnls,DeepRed-like,2,0.15446233749389648
5715,RU-NNLS,ru_nnls,SYTO16-like,0,0.18990497291088104
5715,RU-NNLS,ru_nnls,DIA-like,1,0.2140001356601715
5715,RU-NNLS,ru_nnls,DeepRed-like,2,0.17047803103923798
5728,RU-NNLS,ru_nnls,SYTO16-like,0,0.14132149517536163
5728,RU-NNLS,ru_nnls,DIA-like,1,0.1872371882200241
5728,RU-NNLS,ru_nnls,DeepRed-like,2,0.22519564628601074
5737,RU-NNLS,ru_nnls,SYTO16-like,0,0.17733414471149445
5737,RU-NNLS,ru_nnls,DIA-like,1,0.20147059857845306
5737,RU-NNLS,ru_nnls,DeepRed-like,2,0.1993202567100525
5742,RU-NNLS,ru_nnls,SYTO16-like,0,0.1518756002187729
5742,RU-NNLS,ru_nnls,DIA-like,1,0.21268363296985626
5742,RU-NNLS,ru_nnls,DeepRed-like,2,0.18897859752178192
5744,RU-NNLS,ru_nnls,SYTO16-like,0,0.17989347875118256
5744,RU-NNLS,ru_nnls,DIA-like,1,0.203721284866333
5744,RU-NNLS,ru_nnls,DeepRed-like,2,0.16868244111537933
5758,RU-NNLS,ru_nnls,SYTO16-like,0,0.14894838631153107
5758,RU-NNLS,ru_nnls,DIA-like,1,0.22619903087615967
5758,RU-NNLS,ru_nnls,DeepRed-like,2,0.17777298390865326
5763,RU-NNLS,ru_nnls,SYTO16-like,0,0.16070127487182617
5763,RU-NNLS,ru_nnls,DIA-like,1,0.2869426906108856
5763,RU-NNLS,ru_nnls,DeepRed-like,2,0.2259860634803772
5770,RU-NNLS,ru_nnls,SYTO16-like,0,0.18491819500923157
5770,RU-NNLS,ru_nnls,DIA-like,1,0.3964317739009857
5770,RU-NNLS,ru_nnls,DeepRed-like,2,0.2580092251300812
5774,RU-NNLS,ru_nnls,SYTO16-like,0,0.1801442950963974
5774,RU-NNLS,ru_nnls,DIA-like,1,0.36953264474868774
5774,RU-NNLS,ru_nnls,DeepRed-like,2,0.2055305391550064
5785,RU-NNLS,ru_nnls,SYTO16-like,0,0.17878828942775726
5785,RU-NNLS,ru_nnls,DIA-like,1,0.22114194929599762
5785,RU-NNLS,ru_nnls,DeepRed-like,2,0.23287127912044525
5793,RU-NNLS,ru_nnls,SYTO16-like,0,0.20652180910110474
5793,RU-NNLS,ru_nnls,DIA-like,1,0.24107642471790314
5793,RU-NNLS,ru_nnls,DeepRed-like,2,0.17909903824329376
5802,RU-NNLS,ru_nnls,SYTO16-like,0,0.18607132136821747
5802,RU-NNLS,ru_nnls,DIA-like,1,0.20492024719715118
5802,RU-NNLS,ru_nnls,DeepRed-like,2,0.18425194919109344
5803,RU-NNLS,ru_nnls,SYTO16-like,0,0.22209078073501587
5803,RU-NNLS,ru_nnls,DIA-like,1,0.1748017966747284
5803,RU-NNLS,ru_nnls,DeepRed-like,2,0.19043248891830444
5804,RU-NNLS,ru_nnls,SYTO16-like,0,0.20693713426589966
5804,RU-NNLS,ru_nnls,DIA-like,1,0.1760389804840088
5804,RU-NNLS,ru_nnls,DeepRed-like,2,0.23428229987621307
5810,RU-NNLS,ru_nnls,SYTO16-like,0,0.16361412405967712
5810,RU-NNLS,ru_nnls,DIA-like,1,0.18208551406860352
5810,RU-NNLS,ru_nnls,DeepRed-like,2,0.18962012231349945
5813,RU-NNLS,ru_nnls,SYTO16-like,0,0.12668904662132263
5813,RU-NNLS,ru_nnls,DIA-like,1,0.1540074497461319
5813,RU-NNLS,ru_nnls,DeepRed-like,2,0.14801134169101715
5819,RU-NNLS,ru_nnls,SYTO16-like,0,0.18037782609462738
5819,RU-NNLS,ru_nnls,DIA-like,1,0.1719222515821457
5819,RU-NNLS,ru_nnls,DeepRed-like,2,0.13428935408592224
5831,RU-NNLS,ru_nnls,SYTO16-like,0,0.16298653185367584
5831,RU-NNLS,ru_nnls,DIA-like,1,0.20262251794338226
5831,RU-NNLS,ru_nnls,DeepRed-like,2,0.19734369218349457
5838,RU-NNLS,ru_nnls,SYTO16-like,0,0.18610544502735138
5838,RU-NNLS,ru_nnls,DIA-like,1,0.24129295349121094
5838,RU-NNLS,ru_nnls,DeepRed-like,2,0.18623027205467224
5848,RU-NNLS,ru_nnls,SYTO16-like,0,0.1449575126171112
5848,RU-NNLS,ru_nnls,DIA-like,1,0.18331438302993774
5848,RU-NNLS,ru_nnls,DeepRed-like,2,0.2013273686170578
5850,RU-NNLS,ru_nnls,SYTO16-like,0,0.19237510859966278
5850,RU-NNLS,ru_nnls,DIA-like,1,0.25181838870048523
5850,RU-NNLS,ru_nnls,DeepRed-like,2,0.24299634993076324
5851,RU-NNLS,ru_nnls,SYTO16-like,0,0.15887832641601562
5851,RU-NNLS,ru_nnls,DIA-like,1,0.1547507792711258
5851,RU-NNLS,ru_nnls,DeepRed-like,2,0.19208544492721558
5860,RU-NNLS,ru_nnls,SYTO16-like,0,0.1541699916124344
5860,RU-NNLS,ru_nnls,DIA-like,1,0.2084047943353653
5860,RU-NNLS,ru_nnls,DeepRed-like,2,0.17581982910633087
5877,RU-NNLS,ru_nnls,SYTO16-like,0,0.2014702707529068
5877,RU-NNLS,ru_nnls,DIA-like,1,0.3342008888721466
5877,RU-NNLS,ru_nnls,DeepRed-like,2,0.18447287380695343
5878,RU-NNLS,ru_nnls,SYTO16-like,0,0.18077507615089417
5878,RU-NNLS,ru_nnls,DIA-like,1,0.2138982117176056
5878,RU-NNLS,ru_nnls,DeepRed-like,2,0.27228468656539917
5880,RU-NNLS,ru_nnls,SYTO16-like,0,0.14381104707717896
5880,RU-NNLS,ru_nnls,DIA-like,1,0.21539117395877838
5880,RU-NNLS,ru_nnls,DeepRed-like,2,0.2545088231563568
5884,RU-NNLS,ru_nnls,SYTO16-like,0,0.17150653898715973
5884,RU-NNLS,ru_nnls,DIA-like,1,0.18305553495883942
5884,RU-NNLS,ru_nnls,DeepRed-like,2,0.19511176645755768
5890,RU-NNLS,ru_nnls,SYTO16-like,0,0.19695544242858887
5890,RU-NNLS,ru_nnls,DIA-like,1,0.14573515951633453
5890,RU-NNLS,ru_nnls,DeepRed-like,2,0.19163468480110168
5892,RU-NNLS,ru_nnls,SYTO16-like,0,0.1667497605085373
5892,RU-NNLS,ru_nnls,DIA-like,1,0.282964825630188
5892,RU-NNLS,ru_nnls,DeepRed-like,2,0.29793602228164673
5895,RU-NNLS,ru_nnls,SYTO16-like,0,0.16477718949317932
5895,RU-NNLS,ru_nnls,DIA-like,1,0.2132716178894043
5895,RU-NNLS,ru_nnls,DeepRed-like,2,0.1980162262916565
5899,RU-NNLS,ru_nnls,SYTO16-like,0,0.1538516730070114
5899,RU-NNLS,ru_nnls,DIA-like,1,0.2302474081516266
5899,RU-NNLS,ru_nnls,DeepRed-like,2,0.20374290645122528
5903,RU-NNLS,ru_nnls,SYTO16-like,0,0.1553143411874771
5903,RU-NNLS,ru_nnls,DIA-like,1,0.15922971069812775
5903,RU-NNLS,ru_nnls,DeepRed-like,2,0.18354597687721252
5904,RU-NNLS,ru_nnls,SYTO16-like,0,0.1468292623758316
5904,RU-NNLS,ru_nnls,DIA-like,1,0.23045630753040314
5904,RU-NNLS,ru_nnls,DeepRed-like,2,0.23404407501220703
5906,RU-NNLS,ru_nnls,SYTO16-like,0,0.1361706405878067
5906,RU-NNLS,ru_nnls,DIA-like,1,0.1954890787601471
5906,RU-NNLS,ru_nnls,DeepRed-like,2,0.23943191766738892
5916,RU-NNLS,ru_nnls,SYTO16-like,0,0.22628293931484222
5916,RU-NNLS,ru_nnls,DIA-like,1,0.28338822722435
5916,RU-NNLS,ru_nnls,DeepRed-like,2,0.20346790552139282
5919,RU-NNLS,ru_nnls,SYTO16-like,0,0.16706766188144684
5919,RU-NNLS,ru_nnls,DIA-like,1,0.26043662428855896
5919,RU-NNLS,ru_nnls,DeepRed-like,2,0.22003009915351868
5939,RU-NNLS,ru_nnls,SYTO16-like,0,0.15360337495803833
5939,RU-NNLS,ru_nnls,DIA-like,1,0.2504779100418091
5939,RU-NNLS,ru_nnls,DeepRed-like,2,0.20841194689273834
5941,RU-NNLS,ru_nnls,SYTO16-like,0,0.16650979220867157
5941,RU-NNLS,ru_nnls,DIA-like,1,0.25605323910713196
5941,RU-NNLS,ru_nnls,DeepRed-like,2,0.16154004633426666
5961,RU-NNLS,ru_nnls,SYTO16-like,0,0.15871576964855194
5961,RU-NNLS,ru_nnls,DIA-like,1,0.24711357057094574
5961,RU-NNLS,ru_nnls,DeepRed-like,2,0.21657872200012207
5966,RU-NNLS,ru_nnls,SYTO16-like,0,0.12586137652397156
5966,RU-NNLS,ru_nnls,DIA-like,1,0.17932753264904022
5966,RU-NNLS,ru_nnls,DeepRed-like,2,0.17981013655662537
5967,RU-NNLS,ru_nnls,SYTO16-like,0,0.17473097145557404
5967,RU-NNLS,ru_nnls,DIA-like,1,0.1794906109571457
5967,RU-NNLS,ru_nnls,DeepRed-like,2,0.23148895800113678
5968,RU-NNLS,ru_nnls,SYTO16-like,0,0.1401478350162506
5968,RU-NNLS,ru_nnls,DIA-like,1,0.1707049310207367
5968,RU-NNLS,ru_nnls,DeepRed-like,2,0.16975826025009155
5969,RU-NNLS,ru_nnls,SYTO16-like,0,0.20707105100154877
5969,RU-NNLS,ru_nnls,DIA-like,1,0.22919249534606934
5969,RU-NNLS,ru_nnls,DeepRed-like,2,0.20508530735969543
5976,RU-NNLS,ru_nnls,SYTO16-like,0,0.1611168086528778
5976,RU-NNLS,ru_nnls,DIA-like,1,0.22285664081573486
5976,RU-NNLS,ru_nnls,DeepRed-like,2,0.17659597098827362
5980,RU-NNLS,ru_nnls,SYTO16-like,0,0.18342828750610352
5980,RU-NNLS,ru_nnls,DIA-like,1,0.18169192969799042
5980,RU-NNLS,ru_nnls,DeepRed-like,2,0.17048391699790955
5994,RU-NNLS,ru_nnls,SYTO16-like,0,0.18738967180252075
5994,RU-NNLS,ru_nnls,DIA-like,1,0.17519032955169678
5994,RU-NNLS,ru_nnls,DeepRed-like,2,0.1506306231021881
6006,RU-NNLS,ru_nnls,SYTO16-like,0,0.13186636567115784
6006,RU-NNLS,ru_nnls,DIA-like,1,0.19293272495269775
6006,RU-NNLS,ru_nnls,DeepRed-like,2,0.20362026989459991
6013,RU-NNLS,ru_nnls,SYTO16-like,0,0.15418554842472076
6013,RU-NNLS,ru_nnls,DIA-like,1,0.2157808095216751
6013,RU-NNLS,ru_nnls,DeepRed-like,2,0.16984181106090546
6018,RU-NNLS,ru_nnls,SYTO16-like,0,0.1480211317539215
6018,RU-NNLS,ru_nnls,DIA-like,1,0.20635533332824707
6018,RU-NNLS,ru_nnls,DeepRed-like,2,0.2004328817129135
6020,RU-NNLS,ru_nnls,SYTO16-like,0,0.18029403686523438
6020,RU-NNLS,ru_nnls,DIA-like,1,0.18674351274967194
6020,RU-NNLS,ru_nnls,DeepRed-like,2,0.19558417797088623
6021,RU-NNLS,ru_nnls,SYTO16-like,0,0.17205239832401276
6021,RU-NNLS,ru_nnls,DIA-like,1,0.19905763864517212
6021,RU-NNLS,ru_nnls,DeepRed-like,2,0.18305549025535583
6022,RU-NNLS,ru_nnls,SYTO16-like,0,0.13515779376029968
6022,RU-NNLS,ru_nnls,DIA-like,1,0.2106235921382904
6022,RU-NNLS,ru_nnls,DeepRed-like,2,0.22373713552951813
6025,RU-NNLS,ru_nnls,SYTO16-like,0,0.15508922934532166
6025,RU-NNLS,ru_nnls,DIA-like,1,0.24664612114429474
6025,RU-NNLS,ru_nnls,DeepRed-like,2,0.22591489553451538
6027,RU-NNLS,ru_nnls,SYTO16-like,0,0.1778935194015503
6027,RU-NNLS,ru_nnls,DIA-like,1,0.1690729260444641
6027,RU-NNLS,ru_nnls,DeepRed-like,2,0.1890735626220703
6042,RU-NNLS,ru_nnls,SYTO16-like,0,0.13915205001831055
6042,RU-NNLS,ru_nnls,DIA-like,1,0.13427485525608063
6042,RU-NNLS,ru_nnls,DeepRed-like,2,0.1226433515548706
6047,RU-NNLS,ru_nnls,SYTO16-like,0,0.15693992376327515
6047,RU-NNLS,ru_nnls,DIA-like,1,0.1842137575149536
6047,RU-NNLS,ru_nnls,DeepRed-like,2,0.24979734420776367
6048,RU-NNLS,ru_nnls,SYTO16-like,0,0.1467178463935852
6048,RU-NNLS,ru_nnls,DIA-like,1,0.19270308315753937
6048,RU-NNLS,ru_nnls,DeepRed-like,2,0.16145630180835724
6060,RU-NNLS,ru_nnls,SYTO16-like,0,0.12066249549388885
6060,RU-NNLS,ru_nnls,DIA-like,1,0.18514849245548248
6060,RU-NNLS,ru_nnls,DeepRed-like,2,0.11193391680717468
6063,RU-NNLS,ru_nnls,SYTO16-like,0,0.1665574610233307
6063,RU-NNLS,ru_nnls,DIA-like,1,0.19611401855945587
6063,RU-NNLS,ru_nnls,DeepRed-like,2,0.16647711396217346
6067,RU-NNLS,ru_nnls,SYTO16-like,0,0.17151957750320435
6067,RU-NNLS,ru_nnls,DIA-like,1,0.19653035700321198
6067,RU-NNLS,ru_nnls,DeepRed-like,2,0.18916569650173187
6071,RU-NNLS,ru_nnls,SYTO16-like,0,0.14417217671871185
6071,RU-NNLS,ru_nnls,DIA-like,1,0.18419702351093292
6071,RU-NNLS,ru_nnls,DeepRed-like,2,0.1734408587217331
6075,RU-NNLS,ru_nnls,SYTO16-like,0,0.14206428825855255
6075,RU-NNLS,ru_nnls,DIA-like,1,0.2180711030960083
6075,RU-NNLS,ru_nnls,DeepRed-like,2,0.17884455621242523
6083,RU-NNLS,ru_nnls,SYTO16-like,0,0.14387206733226776
6083,RU-NNLS,ru_nnls,DIA-like,1,0.18056918680667877
6083,RU-NNLS,ru_nnls,DeepRed-like,2,0.18798446655273438
6085,RU-NNLS,ru_nnls,SYTO16-like,0,0.17109699547290802
6085,RU-NNLS,ru_nnls,DIA-like,1,0.2054031938314438
6085,RU-NNLS,ru_nnls,DeepRed-like,2,0.19806399941444397
6089,RU-NNLS,ru_nnls,SYTO16-like,0,0.2045200616121292
6089,RU-NNLS,ru_nnls,DIA-like,1,0.2372589111328125
6089,RU-NNLS,ru_nnls,DeepRed-like,2,0.1632135957479477
6091,RU-NNLS,ru_nnls,SYTO16-like,0,0.14304034411907196
6091,RU-NNLS,ru_nnls,DIA-like,1,0.15596255660057068
6091,RU-NNLS,ru_nnls,DeepRed-like,2,0.1608353555202484
6110,RU-NNLS,ru_nnls,SYTO16-like,0,0.16274592280387878
6110,RU-NNLS,ru_nnls,DIA-like,1,0.2951982915401459
6110,RU-NNLS,ru_nnls,DeepRed-like,2,0.1477832943201065
6117,RU-NNLS,ru_nnls,SYTO16-like,0,0.277382493019104
6117,RU-NNLS,ru_nnls,DIA-like,1,0.21794411540031433
6117,RU-NNLS,ru_nnls,DeepRed-like,2,0.21682323515415192
6129,RU-NNLS,ru_nnls,SYTO16-like,0,0.17346176505088806
6129,RU-NNLS,ru_nnls,DIA-like,1,0.19097259640693665
6129,RU-NNLS,ru_nnls,DeepRed-like,2,0.18458549678325653
6135,RU-NNLS,ru_nnls,SYTO16-like,0,0.1468704342842102
6135,RU-NNLS,ru_nnls,DIA-like,1,0.18699459731578827
6135,RU-NNLS,ru_nnls,DeepRed-like,2,0.15673565864562988
6137,RU-NNLS,ru_nnls,SYTO16-like,0,0.16049610078334808
6137,RU-NNLS,ru_nnls,DIA-like,1,0.2140846997499466
6137,RU-NNLS,ru_nnls,DeepRed-like,2,0.19995686411857605
6139,RU-NNLS,ru_nnls,SYTO16-like,0,0.14515110850334167
6139,RU-NNLS,ru_nnls,DIA-like,1,0.2039477527141571
6139,RU-NNLS,ru_nnls,DeepRed-like,2,0.17883364856243134
6147,RU-NNLS,ru_nnls,SYTO16-like,0,0.13922704756259918
6147,RU-NNLS,ru_nnls,DIA-like,1,0.18292970955371857
6147,RU-NNLS,ru_nnls,DeepRed-like,2,0.18693870306015015
6156,RU-NNLS,ru_nnls,SYTO16-like,0,0.2003536969423294
6156,RU-NNLS,ru_nnls,DIA-like,1,0.16213853657245636
6156,RU-NNLS,ru_nnls,DeepRed-like,2,0.11923029273748398
6157,RU-NNLS,ru_nnls,SYTO16-like,0,0.1722598373889923
6157,RU-NNLS,ru_nnls,DIA-like,1,0.18549096584320068
6157,RU-NNLS,ru_nnls,DeepRed-like,2,0.1065242663025856
6158,RU-NNLS,ru_nnls,SYTO16-like,0,0.1785527467727661
6158,RU-NNLS,ru_nnls,DIA-like,1,0.19665077328681946
6158,RU-NNLS,ru_nnls,DeepRed-like,2,0.19584769010543823
6162,RU-NNLS,ru_nnls,SYTO16-like,0,0.17450428009033203
6162,RU-NNLS,ru_nnls,DIA-like,1,0.21062256395816803
6162,RU-NNLS,ru_nnls,DeepRed-like,2,0.22529754042625427
6171,RU-NNLS,ru_nnls,SYTO16-like,0,0.14565657079219818
6171,RU-NNLS,ru_nnls,DIA-like,1,0.21129292249679565
6171,RU-NNLS,ru_nnls,DeepRed-like,2,0.16400191187858582
6177,RU-NNLS,ru_nnls,SYTO16-like,0,0.15331372618675232
6177,RU-NNLS,ru_nnls,DIA-like,1,0.16609016060829163
6177,RU-NNLS,ru_nnls,DeepRed-like,2,0.14048020541667938
6181,RU-NNLS,ru_nnls,SYTO16-like,0,0.14927347004413605
6181,RU-NNLS,ru_nnls,DIA-like,1,0.2462046891450882
6181,RU-NNLS,ru_nnls,DeepRed-like,2,0.23730508983135223
6182,RU-NNLS,ru_nnls,SYTO16-like,0,0.1478281170129776
6182,RU-NNLS,ru_nnls,DIA-like,1,0.18352988362312317
6182,RU-NNLS,ru_nnls,DeepRed-like,2,0.1768488883972168
6184,RU-NNLS,ru_nnls,SYTO16-like,0,0.19692616164684296
6184,RU-NNLS,ru_nnls,DIA-like,1,0.20743878185749054
6184,RU-NNLS,ru_nnls,DeepRed-like,2,0.21322442591190338
6189,RU-NNLS,ru_nnls,SYTO16-like,0,0.14202462136745453
6189,RU-NNLS,ru_nnls,DIA-like,1,0.19375991821289062
6189,RU-NNLS,ru_nnls,DeepRed-like,2,0.16902107000350952
6199,RU-NNLS,ru_nnls,SYTO16-like,0,0.15016017854213715
6199,RU-NNLS,ru_nnls,DIA-like,1,0.18198934197425842
6199,RU-NNLS,ru_nnls,DeepRed-like,2,0.2596723437309265
6204,RU-NNLS,ru_nnls,SYTO16-like,0,0.14804479479789734
6204,RU-NNLS,ru_nnls,DIA-like,1,0.1669953614473343
6204,RU-NNLS,ru_nnls,DeepRed-like,2,0.1638590395450592
6208,RU-NNLS,ru_nnls,SYTO16-like,0,0.19005058705806732
6208,RU-NNLS,ru_nnls,DIA-like,1,0.18235322833061218
6208,RU-NNLS,ru_nnls,DeepRed-like,2,0.2200903296470642
6209,RU-NNLS,ru_nnls,SYTO16-like,0,0.17596188187599182
6209,RU-NNLS,ru_nnls,DIA-like,1,0.2142254114151001
6209,RU-NNLS,ru_nnls,DeepRed-like,2,0.19430257380008698
6217,RU-NNLS,ru_nnls,SYTO16-like,0,0.16813652217388153
6217,RU-NNLS,ru_nnls,DIA-like,1,0.16905127465724945
6217,RU-NNLS,ru_nnls,DeepRed-like,2,0.21908271312713623
6218,RU-NNLS,ru_nnls,SYTO16-like,0,0.15746203064918518
6218,RU-NNLS,ru_nnls,DIA-like,1,0.18721626698970795
6218,RU-NNLS,ru_nnls,DeepRed-like,2,0.2298233062028885
6222,RU-NNLS,ru_nnls,SYTO16-like,0,0.16570234298706055
6222,RU-NNLS,ru_nnls,DIA-like,1,0.28237098455429077
6222,RU-NNLS,ru_nnls,DeepRed-like,2,0.215822234749794
6226,RU-NNLS,ru_nnls,SYTO16-like,0,0.2263234704732895
6226,RU-NNLS,ru_nnls,DIA-like,1,0.2337917536497116
6226,RU-NNLS,ru_nnls,DeepRed-like,2,0.1823272556066513
6233,RU-NNLS,ru_nnls,SYTO16-like,0,0.21632540225982666
6233,RU-NNLS,ru_nnls,DIA-like,1,0.1977042257785797
6233,RU-NNLS,ru_nnls,DeepRed-like,2,0.16944198310375214
6241,RU-NNLS,ru_nnls,SYTO16-like,0,0.13376376032829285
6241,RU-NNLS,ru_nnls,DIA-like,1,0.17001233994960785
6241,RU-NNLS,ru_nnls,DeepRed-like,2,0.11107205599546432
6243,RU-NNLS,ru_nnls,SYTO16-like,0,0.18214550614356995
6243,RU-NNLS,ru_nnls,DIA-like,1,0.1880541443824768
6243,RU-NNLS,ru_nnls,DeepRed-like,2,0.12646523118019104
6264,RU-NNLS,ru_nnls,SYTO16-like,0,0.19237053394317627
6264,RU-NNLS,ru_nnls,DIA-like,1,0.2477618008852005
6264,RU-NNLS,ru_nnls,DeepRed-like,2,0.2571130096912384
6265,RU-NNLS,ru_nnls,SYTO16-like,0,0.14885960519313812
6265,RU-NNLS,ru_nnls,DIA-like,1,0.20761780440807343
6265,RU-NNLS,ru_nnls,DeepRed-like,2,0.16958072781562805
6275,RU-NNLS,ru_nnls,SYTO16-like,0,0.147132009267807
6275,RU-NNLS,ru_nnls,DIA-like,1,0.17992019653320312
6275,RU-NNLS,ru_nnls,DeepRed-like,2,0.17956475913524628
6277,RU-NNLS,ru_nnls,SYTO16-like,0,0.21599000692367554
6277,RU-NNLS,ru_nnls,DIA-like,1,0.20359787344932556
6277,RU-NNLS,ru_nnls,DeepRed-like,2,0.17545415461063385
6287,RU-NNLS,ru_nnls,SYTO16-like,0,0.1560329645872116
6287,RU-NNLS,ru_nnls,DIA-like,1,0.16368217766284943
6287,RU-NNLS,ru_nnls,DeepRed-like,2,0.20507961511611938
6292,RU-NNLS,ru_nnls,SYTO16-like,0,0.13751019537448883
6292,RU-NNLS,ru_nnls,DIA-like,1,0.19958776235580444
6292,RU-NNLS,ru_nnls,DeepRed-like,2,0.18099814653396606
6301,RU-NNLS,ru_nnls,SYTO16-like,0,0.1422603279352188
6301,RU-NNLS,ru_nnls,DIA-like,1,0.22558104991912842
6301,RU-NNLS,ru_nnls,DeepRed-like,2,0.20126762986183167
6309,RU-NNLS,ru_nnls,SYTO16-like,0,0.15422847867012024
6309,RU-NNLS,ru_nnls,DIA-like,1,0.2104567140340805
6309,RU-NNLS,ru_nnls,DeepRed-like,2,0.16550418734550476
6318,RU-NNLS,ru_nnls,SYTO16-like,0,0.13583017885684967
6318,RU-NNLS,ru_nnls,DIA-like,1,0.16491378843784332
6318,RU-NNLS,ru_nnls,DeepRed-like,2,0.2788432836532593
6325,RU-NNLS,ru_nnls,SYTO16-like,0,0.16629773378372192
6325,RU-NNLS,ru_nnls,DIA-like,1,0.18299876153469086
6325,RU-NNLS,ru_nnls,DeepRed-like,2,0.22353877127170563
6335,RU-NNLS,ru_nnls,SYTO16-like,0,0.17656642198562622
6335,RU-NNLS,ru_nnls,DIA-like,1,0.18435364961624146
6335,RU-NNLS,ru_nnls,DeepRed-like,2,0.19685843586921692
6339,RU-NNLS,ru_nnls,SYTO16-like,0,0.15234583616256714
6339,RU-NNLS,ru_nnls,DIA-like,1,0.17394255101680756
6339,RU-NNLS,ru_nnls,DeepRed-like,2,0.18459326028823853
6353,RU-NNLS,ru_nnls,SYTO16-like,0,0.1921982616186142
6353,RU-NNLS,ru_nnls,DIA-like,1,0.17560721933841705
6353,RU-NNLS,ru_nnls,DeepRed-like,2,0.2109510898590088
6362,RU-NNLS,ru_nnls,SYTO16-like,0,0.22184599936008453
6362,RU-NNLS,ru_nnls,DIA-like,1,0.25729355216026306
6362,RU-NNLS,ru_nnls,DeepRed-like,2,0.1784820854663849
6364,RU-NNLS,ru_nnls,SYTO16-like,0,0.1517067551612854
6364,RU-NNLS,ru_nnls,DIA-like,1,0.16071850061416626
6364,RU-NNLS,ru_nnls,DeepRed-like,2,0.12852874398231506
6366,RU-NNLS,ru_nnls,SYTO16-like,0,0.18104246258735657
6366,RU-NNLS,ru_nnls,DIA-like,1,0.16786035895347595
6366,RU-NNLS,ru_nnls,DeepRed-like,2,0.17490331828594208
6368,RU-NNLS,ru_nnls,SYTO16-like,0,0.20281560719013214
6368,RU-NNLS,ru_nnls,DIA-like,1,0.17078560590744019
6368,RU-NNLS,ru_nnls,DeepRed-like,2,0.17513808608055115
6386,RU-NNLS,ru_nnls,SYTO16-like,0,0.15511950850486755
6386,RU-NNLS,ru_nnls,DIA-like,1,0.18481886386871338
6386,RU-NNLS,ru_nnls,DeepRed-like,2,0.22144083678722382
6402,RU-NNLS,ru_nnls,SYTO16-like,0,0.12352760136127472
6402,RU-NNLS,ru_nnls,DIA-like,1,0.2649463713169098
6402,RU-NNLS,ru_nnls,DeepRed-like,2,0.1035514548420906
6403,RU-NNLS,ru_nnls,SYTO16-like,0,0.20470570027828217
6403,RU-NNLS,ru_nnls,DIA-like,1,0.20731326937675476
6403,RU-NNLS,ru_nnls,DeepRed-like,2,0.18293684720993042
6410,RU-NNLS,ru_nnls,SYTO16-like,0,0.16985580325126648
6410,RU-NNLS,ru_nnls,DIA-like,1,0.21023976802825928
6410,RU-NNLS,ru_nnls,DeepRed-like,2,0.2192646563053131
6416,RU-NNLS,ru_nnls,SYTO16-like,0,0.1862902045249939
6416,RU-NNLS,ru_nnls,DIA-like,1,0.2895268499851227
6416,RU-NNLS,ru_nnls,DeepRed-like,2,0.21476148068904877
6421,RU-NNLS,ru_nnls,SYTO16-like,0,0.13236819207668304
6421,RU-NNLS,ru_nnls,DIA-like,1,0.1360689103603363
6421,RU-NNLS,ru_nnls,DeepRed-like,2,0.14542722702026367
6422,RU-NNLS,ru_nnls,SYTO16-like,0,0.20108923316001892
6422,RU-NNLS,ru_nnls,DIA-like,1,0.25123128294944763
6422,RU-NNLS,ru_nnls,DeepRed-like,2,0.21388615667819977
6423,RU-NNLS,ru_nnls,SYTO16-like,0,0.18172995746135712
6423,RU-NNLS,ru_nnls,DIA-like,1,0.2301667332649231
6423,RU-NNLS,ru_nnls,DeepRed-like,2,0.19573651254177094
6427,RU-NNLS,ru_nnls,SYTO16-like,0,0.1451631635427475
6427,RU-NNLS,ru_nnls,DIA-like,1,0.2209518998861313
6427,RU-NNLS,ru_nnls,DeepRed-like,2,0.24015773832798004
6428,RU-NNLS,ru_nnls,SYTO16-like,0,0.13052153587341309
6428,RU-NNLS,ru_nnls,DIA-like,1,0.17757602035999298
6428,RU-NNLS,ru_nnls,DeepRed-like,2,0.19423389434814453
6432,RU-NNLS,ru_nnls,SYTO16-like,0,0.18190203607082367
6432,RU-NNLS,ru_nnls,DIA-like,1,0.20462827384471893
6432,RU-NNLS,ru_nnls,DeepRed-like,2,0.26533785462379456
6446,RU-NNLS,ru_nnls,SYTO16-like,0,0.2230546772480011
6446,RU-NNLS,ru_nnls,DIA-like,1,0.2793647348880768
6446,RU-NNLS,ru_nnls,DeepRed-like,2,0.17359775304794312
6457,RU-NNLS,ru_nnls,SYTO16-like,0,0.1777716875076294
6457,RU-NNLS,ru_nnls,DIA-like,1,0.17019084095954895
6457,RU-NNLS,ru_nnls,DeepRed-like,2,0.12816055119037628
6471,RU-NNLS,ru_nnls,SYTO16-like,0,0.1647244691848755
6471,RU-NNLS,ru_nnls,DIA-like,1,0.16846783459186554
6471,RU-NNLS,ru_nnls,DeepRed-like,2,0.1858799010515213
6484,RU-NNLS,ru_nnls,SYTO16-like,0,0.15330538153648376
6484,RU-NNLS,ru_nnls,DIA-like,1,0.17142942547798157
6484,RU-NNLS,ru_nnls,DeepRed-like,2,0.1957050859928131
6496,RU-NNLS,ru_nnls,SYTO16-like,0,0.24629521369934082
6496,RU-NNLS,ru_nnls,DIA-like,1,0.21296431124210358
6496,RU-NNLS,ru_nnls,DeepRed-like,2,0.21552716195583344
6498,RU-NNLS,ru_nnls,SYTO16-like,0,0.20358483493328094
6498,RU-NNLS,ru_nnls,DIA-like,1,0.23643524944782257
6498,RU-NNLS,ru_nnls,DeepRed-like,2,0.17945967614650726
6503,RU-NNLS,ru_nnls,SYTO16-like,0,0.18113833665847778
6503,RU-NNLS,ru_nnls,DIA-like,1,0.20937436819076538
6503,RU-NNLS,ru_nnls,DeepRed-like,2,0.20282919704914093
6509,RU-NNLS,ru_nnls,SYTO16-like,0,0.18221497535705566
6509,RU-NNLS,ru_nnls,DIA-like,1,0.1719171106815338
6509,RU-NNLS,ru_nnls,DeepRed-like,2,0.2163676619529724
6513,RU-NNLS,ru_nnls,SYTO16-like,0,0.1821119785308838
6513,RU-NNLS,ru_nnls,DIA-like,1,0.19498179852962494
6513,RU-NNLS,ru_nnls,DeepRed-like,2,0.22518379986286163
6522,RU-NNLS,ru_nnls,SYTO16-like,0,0.14477473497390747
6522,RU-NNLS,ru_nnls,DIA-like,1,0.1576792448759079
6522,RU-NNLS,ru_nnls,DeepRed-like,2,0.2020849883556366
6539,RU-NNLS,ru_nnls,SYTO16-like,0,0.16154184937477112
6539,RU-NNLS,ru_nnls,DIA-like,1,0.1659717857837677
6539,RU-NNLS,ru_nnls,DeepRed-like,2,0.21846690773963928
6545,RU-NNLS,ru_nnls,SYTO16-like,0,0.13980622589588165
6545,RU-NNLS,ru_nnls,DIA-like,1,0.20724934339523315
6545,RU-NNLS,ru_nnls,DeepRed-like,2,0.1846286803483963
6547,RU-NNLS,ru_nnls,SYTO16-like,0,0.1459680199623108
6547,RU-NNLS,ru_nnls,DIA-like,1,0.19945791363716125
6547,RU-NNLS,ru_nnls,DeepRed-like,2,0.15722055733203888
6552,RU-NNLS,ru_nnls,SYTO16-like,0,0.30715012550354004
6552,RU-NNLS,ru_nnls,DIA-like,1,0.2247810661792755
6552,RU-NNLS,ru_nnls,DeepRed-like,2,0.22202573716640472
6559,RU-NNLS,ru_nnls,SYTO16-like,0,0.21609438955783844
6559,RU-NNLS,ru_nnls,DIA-like,1,0.34389597177505493
6559,RU-NNLS,ru_nnls,DeepRed-like,2,0.20816056430339813
6564,RU-NNLS,ru_nnls,SYTO16-like,0,0.19415898621082306
6564,RU-NNLS,ru_nnls,DIA-like,1,0.20260153710842133
6564,RU-NNLS,ru_nnls,DeepRed-like,2,0.20015743374824524
6566,RU-NNLS,ru_nnls,SYTO16-like,0,0.1663009375333786
6566,RU-NNLS,ru_nnls,DIA-like,1,0.21251600980758667
6566,RU-NNLS,ru_nnls,DeepRed-like,2,0.2250746190547943
6570,RU-NNLS,ru_nnls,SYTO16-like,0,0.1379522681236267
6570,RU-NNLS,ru_nnls,DIA-like,1,0.16884374618530273
6570,RU-NNLS,ru_nnls,DeepRed-like,2,0.14551763236522675
6584,RU-NNLS,ru_nnls,SYTO16-like,0,0.16652911901474
6584,RU-NNLS,ru_nnls,DIA-like,1,0.24149957299232483
6584,RU-NNLS,ru_nnls,DeepRed-like,2,0.25280332565307617
6588,RU-NNLS,ru_nnls,SYTO16-like,0,0.2062523066997528
6588,RU-NNLS,ru_nnls,DIA-like,1,0.15319472551345825
6588,RU-NNLS,ru_nnls,DeepRed-like,2,0.1826067566871643
6594,RU-NNLS,ru_nnls,SYTO16-like,0,0.12471412122249603
6594,RU-NNLS,ru_nnls,DIA-like,1,0.1633923202753067
6594,RU-NNLS,ru_nnls,DeepRed-like,2,0.16805702447891235
6612,RU-NNLS,ru_nnls,SYTO16-like,0,0.1403268575668335
6612,RU-NNLS,ru_nnls,DIA-like,1,0.1606702208518982
6612,RU-NNLS,ru_nnls,DeepRed-like,2,0.16176266968250275
6628,RU-NNLS,ru_nnls,SYTO16-like,0,0.11749403178691864
6628,RU-NNLS,ru_nnls,DIA-like,1,0.15578019618988037
6628,RU-NNLS,ru_nnls,DeepRed-like,2,0.16878250241279602
6637,RU-NNLS,ru_nnls,SYTO16-like,0,0.2267473042011261
6637,RU-NNLS,ru_nnls,DIA-like,1,0.17673906683921814
6637,RU-NNLS,ru_nnls,DeepRed-like,2,0.21957212686538696
6642,RU-NNLS,ru_nnls,SYTO16-like,0,0.20928703248500824
6642,RU-NNLS,ru_nnls,DIA-like,1,0.23524481058120728
6642,RU-NNLS,ru_nnls,DeepRed-like,2,0.13915923237800598
6647,RU-NNLS,ru_nnls,SYTO16-like,0,0.15776734054088593
6647,RU-NNLS,ru_nnls,DIA-like,1,0.2116163820028305
6647,RU-NNLS,ru_nnls,DeepRed-like,2,0.23969855904579163
6648,RU-NNLS,ru_nnls,SYTO16-like,0,0.18565618991851807
6648,RU-NNLS,ru_nnls,DIA-like,1,0.21031007170677185
6648,RU-NNLS,ru_nnls,DeepRed-like,2,0.1965952068567276
6649,RU-NNLS,ru_nnls,SYTO16-like,0,0.16337163746356964
6649,RU-NNLS,ru_nnls,DIA-like,1,0.17568689584732056
6649,RU-NNLS,ru_nnls,DeepRed-like,2,0.22430413961410522
6653,RU-NNLS,ru_nnls,SYTO16-like,0,0.16365045309066772
6653,RU-NNLS,ru_nnls,DIA-like,1,0.1695680171251297
6653,RU-NNLS,ru_nnls,DeepRed-like,2,0.19423511624336243
6656,RU-NNLS,ru_nnls,SYTO16-like,0,0.18185476958751678
6656,RU-NNLS,ru_nnls,DIA-like,1,0.19159671664237976
6656,RU-NNLS,ru_nnls,DeepRed-like,2,0.19473525881767273
6660,RU-NNLS,ru_nnls,SYTO16-like,0,0.20182017982006073
6660,RU-NNLS,ru_nnls,DIA-like,1,0.22831708192825317
6660,RU-NNLS,ru_nnls,DeepRed-like,2,0.21412450075149536
6672,RU-NNLS,ru_nnls,SYTO16-like,0,0.15903982520103455
6672,RU-NNLS,ru_nnls,DIA-like,1,0.179977685213089
6672,RU-NNLS,ru_nnls,DeepRed-like,2,0.20064739882946014
6676,RU-NNLS,ru_nnls,SYTO16-like,0,0.13757897913455963
6676,RU-NNLS,ru_nnls,DIA-like,1,0.20665845274925232
6676,RU-NNLS,ru_nnls,DeepRed-like,2,0.20648473501205444
6682,RU-NNLS,ru_nnls,SYTO16-like,0,0.12607935070991516
6682,RU-NNLS,ru_nnls,DIA-like,1,0.21973925828933716
6682,RU-NNLS,ru_nnls,DeepRed-like,2,0.20381325483322144
6683,RU-NNLS,ru_nnls,SYTO16-like,0,0.13252229988574982
6683,RU-NNLS,ru_nnls,DIA-like,1,0.2001415491104126
6683,RU-NNLS,ru_nnls,DeepRed-like,2,0.21050132811069489
6691,RU-NNLS,ru_nnls,SYTO16-like,0,0.2142537385225296
6691,RU-NNLS,ru_nnls,DIA-like,1,0.2536395490169525
6691,RU-NNLS,ru_nnls,DeepRed-like,2,0.21970228850841522
6695,RU-NNLS,ru_nnls,SYTO16-like,0,0.19575460255146027
6695,RU-NNLS,ru_nnls,DIA-like,1,0.2673906683921814
6695,RU-NNLS,ru_nnls,DeepRed-like,2,0.23182301223278046
6700,RU-NNLS,ru_nnls,SYTO16-like,0,0.16757091879844666
6700,RU-NNLS,ru_nnls,DIA-like,1,0.18263493478298187
6700,RU-NNLS,ru_nnls,DeepRed-like,2,0.197746142745018
6705,RU-NNLS,ru_nnls,SYTO16-like,0,0.17473050951957703
6705,RU-NNLS,ru_nnls,DIA-like,1,0.21950338780879974
6705,RU-NNLS,ru_nnls,DeepRed-like,2,0.21033073961734772
6706,RU-NNLS,ru_nnls,SYTO16-like,0,0.15697452425956726
6706,RU-NNLS,ru_nnls,DIA-like,1,0.21575167775154114
6706,RU-NNLS,ru_nnls,DeepRed-like,2,0.1793031096458435
6711,RU-NNLS,ru_nnls,SYTO16-like,0,0.18640336394309998
6711,RU-NNLS,ru_nnls,DIA-like,1,0.16341589391231537
6711,RU-NNLS,ru_nnls,DeepRed-like,2,0.1419197916984558
6732,RU-NNLS,ru_nnls,SYTO16-like,0,0.1637142300605774
6732,RU-NNLS,ru_nnls,DIA-like,1,0.16487891972064972
6732,RU-NNLS,ru_nnls,DeepRed-like,2,0.17241065204143524
6742,RU-NNLS,ru_nnls,SYTO16-like,0,0.17355699837207794
6742,RU-NNLS,ru_nnls,DIA-like,1,0.17712663114070892
6742,RU-NNLS,ru_nnls,DeepRed-like,2,0.20798328518867493
6744,RU-NNLS,ru_nnls,SYTO16-like,0,0.25002843141555786
6744,RU-NNLS,ru_nnls,DIA-like,1,3.5493876934051514
6744,RU-NNLS,ru_nnls,DeepRed-like,2,0.3155977427959442
6747,RU-NNLS,ru_nnls,SYTO16-like,0,0.2043941766023636
6747,RU-NNLS,ru_nnls,DIA-like,1,0.20489387214183807
6747,RU-NNLS,ru_nnls,DeepRed-like,2,0.1954798549413681
6757,RU-NNLS,ru_nnls,SYTO16-like,0,0.14523839950561523
6757,RU-NNLS,ru_nnls,DIA-like,1,0.18002253770828247
6757,RU-NNLS,ru_nnls,DeepRed-like,2,0.22153814136981964
6769,RU-NNLS,ru_nnls,SYTO16-like,0,0.15241071581840515
6769,RU-NNLS,ru_nnls,DIA-like,1,0.17966397106647491
6769,RU-NNLS,ru_nnls,DeepRed-like,2,0.15475055575370789
6786,RU-NNLS,ru_nnls,SYTO16-like,0,0.1326921135187149
6786,RU-NNLS,ru_nnls,DIA-like,1,0.21315929293632507
6786,RU-NNLS,ru_nnls,DeepRed-like,2,0.20384535193443298
6787,RU-NNLS,ru_nnls,SYTO16-like,0,0.13704897463321686
6787,RU-NNLS,ru_nnls,DIA-like,1,0.1920405924320221
6787,RU-NNLS,ru_nnls,DeepRed-like,2,0.19747667014598846
6800,RU-NNLS,ru_nnls,SYTO16-like,0,0.14017967879772186
6800,RU-NNLS,ru_nnls,DIA-like,1,0.19907750189304352
6800,RU-NNLS,ru_nnls,DeepRed-like,2,0.15041224658489227
6808,RU-NNLS,ru_nnls,SYTO16-like,0,0.18481558561325073
6808,RU-NNLS,ru_nnls,DIA-like,1,0.17074519395828247
6808,RU-NNLS,ru_nnls,DeepRed-like,2,0.2256958782672882
6826,RU-NNLS,ru_nnls,SYTO16-like,0,0.18891607224941254
6826,RU-NNLS,ru_nnls,DIA-like,1,0.1804695576429367
6826,RU-NNLS,ru_nnls,DeepRed-like,2,0.19225873053073883
6831,RU-NNLS,ru_nnls,SYTO16-like,0,0.16384868323802948
6831,RU-NNLS,ru_nnls,DIA-like,1,0.2073681652545929
6831,RU-NNLS,ru_nnls,DeepRed-like,2,0.17991149425506592
6833,RU-NNLS,ru_nnls,SYTO16-like,0,0.1951456516981125
6833,RU-NNLS,ru_nnls,DIA-like,1,0.23109480738639832
6833,RU-NNLS,ru_nnls,DeepRed-like,2,0.21968889236450195
6835,RU-NNLS,ru_nnls,SYTO16-like,0,0.1581069678068161
6835,RU-NNLS,ru_nnls,DIA-like,1,0.15079918503761292
6835,RU-NNLS,ru_nnls,DeepRed-like,2,0.19482679665088654
6837,RU-NNLS,ru_nnls,SYTO16-like,0,0.17851880192756653
6837,RU-NNLS,ru_nnls,DIA-like,1,9.610039710998535
6837,RU-NNLS,ru_nnls,DeepRed-like,2,3.9656593799591064
6845,RU-NNLS,ru_nnls,SYTO16-like,0,0.20387880504131317
6845,RU-NNLS,ru_nnls,DIA-like,1,0.19120162725448608
6845,RU-NNLS,ru_nnls,DeepRed-like,2,0.246816486120224
6848,RU-NNLS,ru_nnls,SYTO16-like,0,0.1536451280117035
6848,RU-NNLS,ru_nnls,DIA-like,1,0.23827683925628662
6848,RU-NNLS,ru_nnls,DeepRed-like,2,0.17327019572257996
6855,RU-NNLS,ru_nnls,SYTO16-like,0,0.1902087926864624
6855,RU-NNLS,ru_nnls,DIA-like,1,0.2172536849975586
6855,RU-NNLS,ru_nnls,DeepRed-like,2,0.2135743349790573
6860,RU-NNLS,ru_nnls,SYTO16-like,0,0.1936231404542923
6860,RU-NNLS,ru_nnls,DIA-like,1,0.2088034301996231
6860,RU-NNLS,ru_nnls,DeepRed-like,2,0.21022909879684448
6865,RU-NNLS,ru_nnls,SYTO16-like,0,0.166630357503891
6865,RU-NNLS,ru_nnls,DIA-like,1,0.17728669941425323
6865,RU-NNLS,ru_nnls,DeepRed-like,2,0.16965311765670776
6872,RU-NNLS,ru_nnls,SYTO16-like,0,0.13958975672721863
6872,RU-NNLS,ru_nnls,DIA-like,1,0.20642398297786713
6872,RU-NNLS,ru_nnls,DeepRed-like,2,0.1787058562040329
6880,RU-NNLS,ru_nnls,SYTO16-like,0,0.1643359512090683
6880,RU-NNLS,ru_nnls,DIA-like,1,0.27581679821014404
6880,RU-NNLS,ru_nnls,DeepRed-like,2,0.20826222002506256
6887,RU-NNLS,ru_nnls,SYTO16-like,0,0.1642497330904007
6887,RU-NNLS,ru_nnls,DIA-like,1,0.19880066812038422
6887,RU-NNLS,ru_nnls,DeepRed-like,2,0.20158743858337402
6889,RU-NNLS,ru_nnls,SYTO16-like,0,0.15607908368110657
6889,RU-NNLS,ru_nnls,DIA-like,1,0.22847743332386017
6889,RU-NNLS,ru_nnls,DeepRed-like,2,0.19822660088539124
6894,RU-NNLS,ru_nnls,SYTO16-like,0,0.14451462030410767
6894,RU-NNLS,ru_nnls,DIA-like,1,0.18314623832702637
6894,RU-NNLS,ru_nnls,DeepRed-like,2,0.2077227085828781
6904,RU-NNLS,ru_nnls,SYTO16-like,0,0.1573268324136734
6904,RU-NNLS,ru_nnls,DIA-like,1,0.1569177359342575
6904,RU-NNLS,ru_nnls,DeepRed-like,2,0.19216330349445343
6913,RU-NNLS,ru_nnls,SYTO16-like,0,0.15184728801250458
6913,RU-NNLS,ru_nnls,DIA-like,1,0.24065203964710236
6913,RU-NNLS,ru_nnls,DeepRed-like,2,0.22952137887477875
6928,RU-NNLS,ru_nnls,SYTO16-like,0,0.12542864680290222
6928,RU-NNLS,ru_nnls,DIA-like,1,0.15181156992912292
6928,RU-NNLS,ru_nnls,DeepRed-like,2,0.12692876160144806
6936,RU-NNLS,ru_nnls,SYTO16-like,0,0.16791574656963348
6936,RU-NNLS,ru_nnls,DIA-like,1,0.22201445698738098
6936,RU-NNLS,ru_nnls,DeepRed-like,2,0.20509473979473114
6963,RU-NNLS,ru_nnls,SYTO16-like,0,0.17644153535366058
6963,RU-NNLS,ru_nnls,DIA-like,1,0.17998622357845306
6963,RU-NNLS,ru_nnls,DeepRed-like,2,0.25825613737106323
6971,RU-NNLS,ru_nnls,SYTO16-like,0,0.3259962797164917
6971,RU-NNLS,ru_nnls,DIA-like,1,0.32135334610939026
6971,RU-NNLS,ru_nnls,DeepRed-like,2,0.3014737665653229
6992,RU-NNLS,ru_nnls,SYTO16-like,0,0.22237619757652283
6992,RU-NNLS,ru_nnls,DIA-like,1,0.18619085848331451
6992,RU-NNLS,ru_nnls,DeepRed-like,2,0.1808592975139618
7011,RU-NNLS,ru_nnls,SYTO16-like,0,0.1738326996564865
7011,RU-NNLS,ru_nnls,DIA-like,1,0.19627206027507782
7011,RU-NNLS,ru_nnls,DeepRed-like,2,0.25037944316864014
7013,RU-NNLS,ru_nnls,SYTO16-like,0,0.19298937916755676
7013,RU-NNLS,ru_nnls,DIA-like,1,0.24695397913455963
7013,RU-NNLS,ru_nnls,DeepRed-like,2,0.19433246552944183
7018,RU-NNLS,ru_nnls,SYTO16-like,0,0.1703822910785675
7018,RU-NNLS,ru_nnls,DIA-like,1,0.19082406163215637
7018,RU-NNLS,ru_nnls,DeepRed-like,2,0.20992787182331085
7023,RU-NNLS,ru_nnls,SYTO16-like,0,0.166957288980484
7023,RU-NNLS,ru_nnls,DIA-like,1,0.18315404653549194
7023,RU-NNLS,ru_nnls,DeepRed-like,2,0.18788743019104004
7035,RU-NNLS,ru_nnls,SYTO16-like,0,0.20652371644973755
7035,RU-NNLS,ru_nnls,DIA-like,1,0.19210758805274963
7035,RU-NNLS,ru_nnls,DeepRed-like,2,0.2366258054971695
7038,RU-NNLS,ru_nnls,SYTO16-like,0,0.1535111516714096
7038,RU-NNLS,ru_nnls,DIA-like,1,0.1742643415927887
7038,RU-NNLS,ru_nnls,DeepRed-like,2,0.17628082633018494
7041,RU-NNLS,ru_nnls,SYTO16-like,0,0.17331330478191376
7041,RU-NNLS,ru_nnls,DIA-like,1,0.1883220076560974
7041,RU-NNLS,ru_nnls,DeepRed-like,2,0.25539979338645935
7042,RU-NNLS,ru_nnls,SYTO16-like,0,0.14871592819690704
7042,RU-NNLS,ru_nnls,DIA-like,1,0.1749276965856552
7042,RU-NNLS,ru_nnls,DeepRed-like,2,0.2144043892621994
7047,RU-NNLS,ru_nnls,SYTO16-like,0,0.1311875283718109
7047,RU-NNLS,ru_nnls,DIA-like,1,0.15932412445545197
7047,RU-NNLS,ru_nnls,DeepRed-like,2,0.14559294283390045
7057,RU-NNLS,ru_nnls,SYTO16-like,0,0.17753955721855164
7057,RU-NNLS,ru_nnls,DIA-like,1,0.1736096888780594
7057,RU-NNLS,ru_nnls,DeepRed-like,2,0.178566113114357
7068,RU-NNLS,ru_nnls,SYTO16-like,0,0.12973667681217194
7068,RU-NNLS,ru_nnls,DIA-like,1,0.1383800059556961
7068,RU-NNLS,ru_nnls,DeepRed-like,2,0.14044637978076935
7088,RU-NNLS,ru_nnls,SYTO16-like,0,0.13455000519752502
7088,RU-NNLS,ru_nnls,DIA-like,1,0.14806099236011505
7088,RU-NNLS,ru_nnls,DeepRed-like,2,0.22792789340019226
7092,RU-NNLS,ru_nnls,SYTO16-like,0,0.1370891034603119
7092,RU-NNLS,ru_nnls,DIA-like,1,0.17606979608535767
7092,RU-NNLS,ru_nnls,DeepRed-like,2,0.17846174538135529
7100,RU-NNLS,ru_nnls,SYTO16-like,0,0.15592323243618011
7100,RU-NNLS,ru_nnls,DIA-like,1,0.16560478508472443
7100,RU-NNLS,ru_nnls,DeepRed-like,2,0.1755964756011963
7114,RU-NNLS,ru_nnls,SYTO16-like,0,0.16640712320804596
7114,RU-NNLS,ru_nnls,DIA-like,1,0.2080274224281311
7114,RU-NNLS,ru_nnls,DeepRed-like,2,0.2740926742553711
7119,RU-NNLS,ru_nnls,SYTO16-like,0,0.1576559841632843
7119,RU-NNLS,ru_nnls,DIA-like,1,0.1489841341972351
7119,RU-NNLS,ru_nnls,DeepRed-like,2,0.19137664139270782
7126,RU-NNLS,ru_nnls,SYTO16-like,0,0.18799516558647156
7126,RU-NNLS,ru_nnls,DIA-like,1,0.18941739201545715
7126,RU-NNLS,ru_nnls,DeepRed-like,2,0.1815807819366455
7131,RU-NNLS,ru_nnls,SYTO16-like,0,0.16340358555316925
7131,RU-NNLS,ru_nnls,DIA-like,1,0.24672091007232666
7131,RU-NNLS,ru_nnls,DeepRed-like,2,0.17609666287899017
7140,RU-NNLS,ru_nnls,SYTO16-like,0,0.20031969249248505
7140,RU-NNLS,ru_nnls,DIA-like,1,0.19252057373523712
7140,RU-NNLS,ru_nnls,DeepRed-like,2,0.2066969871520996
7142,RU-NNLS,ru_nnls,SYTO16-like,0,0.19030943512916565
7142,RU-NNLS,ru_nnls,DIA-like,1,0.23466700315475464
7142,RU-NNLS,ru_nnls,DeepRed-like,2,0.21876020729541779
7143,RU-NNLS,ru_nnls,SYTO16-like,0,0.1490687131881714
7143,RU-NNLS,ru_nnls,DIA-like,1,0.27599820494651794
7143,RU-NNLS,ru_nnls,DeepRed-like,2,0.13431334495544434
7153,RU-NNLS,ru_nnls,SYTO16-like,0,0.17794254422187805
7153,RU-NNLS,ru_nnls,DIA-like,1,0.19045020639896393
7153,RU-NNLS,ru_nnls,DeepRed-like,2,0.24853980541229248
7154,RU-NNLS,ru_nnls,SYTO16-like,0,0.15862411260604858
7154,RU-NNLS,ru_nnls,DIA-like,1,0.20250017940998077
7154,RU-NNLS,ru_nnls,DeepRed-like,2,0.3611801862716675
7169,RU-NNLS,ru_nnls,SYTO16-like,0,0.22233788669109344
7169,RU-NNLS,ru_nnls,DIA-like,1,0.2620776295661926
7169,RU-NNLS,ru_nnls,DeepRed-like,2,0.1977965384721756
7171,RU-NNLS,ru_nnls,SYTO16-like,0,0.2250767946243286
7171,RU-NNLS,ru_nnls,DIA-like,1,0.1552295833826065
7171,RU-NNLS,ru_nnls,DeepRed-like,2,0.1616475135087967
7172,RU-NNLS,ru_nnls,SYTO16-like,0,0.1501837819814682
7172,RU-NNLS,ru_nnls,DIA-like,1,0.1820317506790161
7172,RU-NNLS,ru_nnls,DeepRed-like,2,0.20357942581176758
7178,RU-NNLS,ru_nnls,SYTO16-like,0,0.16081984341144562
7178,RU-NNLS,ru_nnls,DIA-like,1,0.15728811919689178
7178,RU-NNLS,ru_nnls,DeepRed-like,2,0.1595418006181717
7184,RU-NNLS,ru_nnls,SYTO16-like,0,0.20637869834899902
7184,RU-NNLS,ru_nnls,DIA-like,1,0.17261742055416107
7184,RU-NNLS,ru_nnls,DeepRed-like,2,0.22891800105571747
7202,RU-NNLS,ru_nnls,SYTO16-like,0,0.15074320137500763
7202,RU-NNLS,ru_nnls,DIA-like,1,0.20294320583343506
7202,RU-NNLS,ru_nnls,DeepRed-like,2,0.22021524608135223
7206,RU-NNLS,ru_nnls,SYTO16-like,0,0.20450472831726074
7206,RU-NNLS,ru_nnls,DIA-like,1,0.233707994222641
7206,RU-NNLS,ru_nnls,DeepRed-like,2,0.21504099667072296
7220,RU-NNLS,ru_nnls,SYTO16-like,0,0.17815013229846954
7220,RU-NNLS,ru_nnls,DIA-like,1,0.2615301311016083
7220,RU-NNLS,ru_nnls,DeepRed-like,2,0.19261644780635834
7226,RU-NNLS,ru_nnls,SYTO16-like,0,0.15437224507331848
7226,RU-NNLS,ru_nnls,DIA-like,1,0.2188313752412796
7226,RU-NNLS,ru_nnls,DeepRed-like,2,0.1970503181219101
7229,RU-NNLS,ru_nnls,SYTO16-like,0,0.2724323272705078
7229,RU-NNLS,ru_nnls,DIA-like,1,0.20689177513122559
7229,RU-NNLS,ru_nnls,DeepRed-like,2,0.22697538137435913
7231,RU-NNLS,ru_nnls,SYTO16-like,0,0.18228839337825775
7231,RU-NNLS,ru_nnls,DIA-like,1,0.17465370893478394
7231,RU-NNLS,ru_nnls,DeepRed-like,2,0.16880029439926147
7237,RU-NNLS,ru_nnls,SYTO16-like,0,0.22024022042751312
7237,RU-NNLS,ru_nnls,DIA-like,1,0.21186135709285736
7237,RU-NNLS,ru_nnls,DeepRed-like,2,0.18230721354484558
7244,RU-NNLS,ru_nnls,SYTO16-like,0,0.1865619719028473
7244,RU-NNLS,ru_nnls,DIA-like,1,0.17301800847053528
7244,RU-NNLS,ru_nnls,DeepRed-like,2,0.21071338653564453
7256,RU-NNLS,ru_nnls,SYTO16-like,0,0.1397225558757782
7256,RU-NNLS,ru_nnls,DIA-like,1,0.23198829591274261
7256,RU-NNLS,ru_nnls,DeepRed-like,2,0.17933759093284607
7259,RU-NNLS,ru_nnls,SYTO16-like,0,0.19434189796447754
7259,RU-NNLS,ru_nnls,DIA-like,1,0.15617935359477997
7259,RU-NNLS,ru_nnls,DeepRed-like,2,0.2151235193014145
7269,RU-NNLS,ru_nnls,SYTO16-like,0,0.14831948280334473
7269,RU-NNLS,ru_nnls,DIA-like,1,0.20931476354599
7269,RU-NNLS,ru_nnls,DeepRed-like,2,0.21116800606250763
7272,RU-NNLS,ru_nnls,SYTO16-like,0,0.1629612296819687
7272,RU-NNLS,ru_nnls,DIA-like,1,0.2401583045721054
7272,RU-NNLS,ru_nnls,DeepRed-like,2,0.1986732929944992
7274,RU-NNLS,ru_nnls,SYTO16-like,0,0.19298622012138367
7274,RU-NNLS,ru_nnls,DIA-like,1,0.20549003779888153
7274,RU-NNLS,ru_nnls,DeepRed-like,2,0.2048816978931427
7276,RU-NNLS,ru_nnls,SYTO16-like,0,0.1484057456254959
7276,RU-NNLS,ru_nnls,DIA-like,1,0.17732654511928558
7276,RU-NNLS,ru_nnls,DeepRed-like,2,0.1367054432630539
7287,RU-NNLS,ru_nnls,SYTO16-like,0,0.17879940569400787
7287,RU-NNLS,ru_nnls,DIA-like,1,0.23470285534858704
7287,RU-NNLS,ru_nnls,DeepRed-like,2,0.2418942153453827
7288,RU-NNLS,ru_nnls,SYTO16-like,0,0.13586392998695374
7288,RU-NNLS,ru_nnls,DIA-like,1,0.2824796736240387
7288,RU-NNLS,ru_nnls,DeepRed-like,2,0.20455826818943024
7290,RU-NNLS,ru_nnls,SYTO16-like,0,0.17967233061790466
7290,RU-NNLS,ru_nnls,DIA-like,1,0.1854289472103119
7290,RU-NNLS,ru_nnls,DeepRed-like,2,0.2381664365530014
7293,RU-NNLS,ru_nnls,SYTO16-like,0,0.24194271862506866
7293,RU-NNLS,ru_nnls,DIA-like,1,0.18777506053447723
7293,RU-NNLS,ru_nnls,DeepRed-like,2,0.21491216123104095
7295,RU-NNLS,ru_nnls,SYTO16-like,0,0.17485642433166504
7295,RU-NNLS,ru_nnls,DIA-like,1,0.15442930161952972
7295,RU-NNLS,ru_nnls,DeepRed-like,2,0.16499997675418854
7299,RU-NNLS,ru_nnls,SYTO16-like,0,0.1973302662372589
7299,RU-NNLS,ru_nnls,DIA-like,1,0.3548094928264618
7299,RU-NNLS,ru_nnls,DeepRed-like,2,0.16570836305618286
7301,RU-NNLS,ru_nnls,SYTO16-like,0,0.14712905883789062
7301,RU-NNLS,ru_nnls,DIA-like,1,0.19314268231391907
7301,RU-NNLS,ru_nnls,DeepRed-like,2,0.2092856913805008
7313,RU-NNLS,ru_nnls,SYTO16-like,0,0.17999504506587982
7313,RU-NNLS,ru_nnls,DIA-like,1,0.27105286717414856
7313,RU-NNLS,ru_nnls,DeepRed-like,2,0.20186448097229004
7321,RU-NNLS,ru_nnls,SYTO16-like,0,0.2276681363582611
7321,RU-NNLS,ru_nnls,DIA-like,1,0.19871093332767487
7321,RU-NNLS,ru_nnls,DeepRed-like,2,0.19286680221557617
7327,RU-NNLS,ru_nnls,SYTO16-like,0,0.16036859154701233
7327,RU-NNLS,ru_nnls,DIA-like,1,0.16219846904277802
7327,RU-NNLS,ru_nnls,DeepRed-like,2,0.20969346165657043
7328,RU-NNLS,ru_nnls,SYTO16-like,0,0.18502245843410492
7328,RU-NNLS,ru_nnls,DIA-like,1,0.2346958965063095
7328,RU-NNLS,ru_nnls,DeepRed-like,2,0.20900265872478485
7331,RU-NNLS,ru_nnls,SYTO16-like,0,0.1269201785326004
7331,RU-NNLS,ru_nnls,DIA-like,1,0.14729484915733337
7331,RU-NNLS,ru_nnls,DeepRed-like,2,0.12720318138599396
7340,RU-NNLS,ru_nnls,SYTO16-like,0,0.14826416969299316
7340,RU-NNLS,ru_nnls,DIA-like,1,0.201556995511055
7340,RU-NNLS,ru_nnls,DeepRed-like,2,0.22774919867515564
7346,RU-NNLS,ru_nnls,SYTO16-like,0,0.1419771909713745
7346,RU-NNLS,ru_nnls,DIA-like,1,0.20731425285339355
7346,RU-NNLS,ru_nnls,DeepRed-like,2,0.21537010371685028
7350,RU-NNLS,ru_nnls,SYTO16-like,0,0.15148305892944336
7350,RU-NNLS,ru_nnls,DIA-like,1,0.20654091238975525
7350,RU-NNLS,ru_nnls,DeepRed-like,2,0.21017736196517944
7373,RU-NNLS,ru_nnls,SYTO16-like,0,0.21841461956501007
7373,RU-NNLS,ru_nnls,DIA-like,1,0.15034472942352295
7373,RU-NNLS,ru_nnls,DeepRed-like,2,0.18311408162117004
7376,RU-NNLS,ru_nnls,SYTO16-like,0,0.1654721200466156
7376,RU-NNLS,ru_nnls,DIA-like,1,0.18122243881225586
7376,RU-NNLS,ru_nnls,DeepRed-like,2,0.16430942714214325
7383,RU-NNLS,ru_nnls,SYTO16-like,0,0.16726811230182648
7383,RU-NNLS,ru_nnls,DIA-like,1,0.1931392401456833
7383,RU-NNLS,ru_nnls,DeepRed-like,2,0.16350699961185455
7404,RU-NNLS,ru_nnls,SYTO16-like,0,0.17424003779888153
7404,RU-NNLS,ru_nnls,DIA-like,1,0.2039826661348343
7404,RU-NNLS,ru_nnls,DeepRed-like,2,0.21568052470684052
7412,RU-NNLS,ru_nnls,SYTO16-like,0,0.24370503425598145
7412,RU-NNLS,ru_nnls,DIA-like,1,0.21821872889995575
7412,RU-NNLS,ru_nnls,DeepRed-like,2,0.2175523340702057
7413,RU-NNLS,ru_nnls,SYTO16-like,0,0.20526710152626038
7413,RU-NNLS,ru_nnls,DIA-like,1,0.1692931354045868
7413,RU-NNLS,ru_nnls,DeepRed-like,2,0.2311376929283142
7421,RU-NNLS,ru_nnls,SYTO16-like,0,0.16335530579090118
7421,RU-NNLS,ru_nnls,DIA-like,1,0.23667055368423462
7421,RU-NNLS,ru_nnls,DeepRed-like,2,0.20241062343120575
7422,RU-NNLS,ru_nnls,SYTO16-like,0,0.17477412521839142
7422,RU-NNLS,ru_nnls,DIA-like,1,0.23687802255153656
7422,RU-NNLS,ru_nnls,DeepRed-like,2,0.21064907312393188
7426,RU-NNLS,ru_nnls,SYTO16-like,0,0.17598870396614075
7426,RU-NNLS,ru_nnls,DIA-like,1,0.259960412979126
7426,RU-NNLS,ru_nnls,DeepRed-like,2,0.2023705244064331
7427,RU-NNLS,ru_nnls,SYTO16-like,0,0.1703220009803772
7427,RU-NNLS,ru_nnls,DIA-like,1,0.16523131728172302
7427,RU-NNLS,ru_nnls,DeepRed-like,2,0.16717484593391418
7429,RU-NNLS,ru_nnls,SYTO16-like,0,0.194960817694664
7429,RU-NNLS,ru_nnls,DIA-like,1,0.19171206653118134
7429,RU-NNLS,ru_nnls,DeepRed-like,2,0.20461684465408325
7432,RU-NNLS,ru_nnls,SYTO16-like,0,0.1297856569290161
7432,RU-NNLS,ru_nnls,DIA-like,1,0.1547529101371765
7432,RU-NNLS,ru_nnls,DeepRed-like,2,0.1149270161986351
7454,RU-NNLS,ru_nnls,SYTO16-like,0,0.22168739140033722
7454,RU-NNLS,ru_nnls,DIA-like,1,0.18751375377178192
7454,RU-NNLS,ru_nnls,DeepRed-like,2,0.2046024054288864
7459,RU-NNLS,ru_nnls,SYTO16-like,0,0.19649243354797363
7459,RU-NNLS,ru_nnls,DIA-like,1,0.26534220576286316
7459,RU-NNLS,ru_nnls,DeepRed-like,2,0.21983970701694489
7463,RU-NNLS,ru_nnls,SYTO16-like,0,0.13208866119384766
7463,RU-NNLS,ru_nnls,DIA-like,1,0.22655528783798218
7463,RU-NNLS,ru_nnls,DeepRed-like,2,0.23574407398700714
7464,RU-NNLS,ru_nnls,SYTO16-like,0,0.1510632038116455
7464,RU-NNLS,ru_nnls,DIA-like,1,0.1693674921989441
7464,RU-NNLS,ru_nnls,DeepRed-like,2,0.231933131814003
7476,RU-NNLS,ru_nnls,SYTO16-like,0,0.12164843827486038
7476,RU-NNLS,ru_nnls,DIA-like,1,0.15183444321155548
7476,RU-NNLS,ru_nnls,DeepRed-like,2,0.13632145524024963
7477,RU-NNLS,ru_nnls,SYTO16-like,0,0.1473328173160553
7477,RU-NNLS,ru_nnls,DIA-like,1,0.2812667489051819
7477,RU-NNLS,ru_nnls,DeepRed-like,2,0.20927903056144714
7498,RU-NNLS,ru_nnls,SYTO16-like,0,0.1723545491695404
7498,RU-NNLS,ru_nnls,DIA-like,1,0.1963714361190796
7498,RU-NNLS,ru_nnls,DeepRed-like,2,0.19064660370349884
7509,RU-NNLS,ru_nnls,SYTO16-like,0,0.157197043299675
7509,RU-NNLS,ru_nnls,DIA-like,1,0.19165536761283875
7509,RU-NNLS,ru_nnls,DeepRed-like,2,0.19772157073020935
7511,RU-NNLS,ru_nnls,SYTO16-like,0,0.17654183506965637
7511,RU-NNLS,ru_nnls,DIA-like,1,0.209228515625
7511,RU-NNLS,ru_nnls,DeepRed-like,2,0.1843302696943283
7517,RU-NNLS,ru_nnls,SYTO16-like,0,0.11757639795541763
7517,RU-NNLS,ru_nnls,DIA-like,1,0.15430086851119995
7517,RU-NNLS,ru_nnls,DeepRed-like,2,0.12136165797710419
7526,RU-NNLS,ru_nnls,SYTO16-like,0,0.12194012850522995
7526,RU-NNLS,ru_nnls,DIA-like,1,0.15117749571800232
7526,RU-NNLS,ru_nnls,DeepRed-like,2,0.1594998687505722
7528,RU-NNLS,ru_nnls,SYTO16-like,0,0.15575473010540009
7528,RU-NNLS,ru_nnls,DIA-like,1,0.1708453744649887
7528,RU-NNLS,ru_nnls,DeepRed-like,2,0.18839453160762787
7529,RU-NNLS,ru_nnls,SYTO16-like,0,0.18267853558063507
7529,RU-NNLS,ru_nnls,DIA-like,1,0.1568092405796051
7529,RU-NNLS,ru_nnls,DeepRed-like,2,0.20316173136234283
7545,RU-NNLS,ru_nnls,SYTO16-like,0,0.181819885969162
7545,RU-NNLS,ru_nnls,DIA-like,1,0.17359775304794312
7545,RU-NNLS,ru_nnls,DeepRed-like,2,0.16426979005336761
7546,RU-NNLS,ru_nnls,SYTO16-like,0,0.15536396205425262
7546,RU-NNLS,ru_nnls,DIA-like,1,0.22241751849651337
7546,RU-NNLS,ru_nnls,DeepRed-like,2,0.18268582224845886
7548,RU-NNLS,ru_nnls,SYTO16-like,0,0.18479213118553162
7548,RU-NNLS,ru_nnls,DIA-like,1,0.21511304378509521
7548,RU-NNLS,ru_nnls,DeepRed-like,2,0.16436591744422913
7555,RU-NNLS,ru_nnls,SYTO16-like,0,0.14708667993545532
7555,RU-NNLS,ru_nnls,DIA-like,1,0.1985945850610733
7555,RU-NNLS,ru_nnls,DeepRed-like,2,0.20453180372714996
7563,RU-NNLS,ru_nnls,SYTO16-like,0,0.12969020009040833
7563,RU-NNLS,ru_nnls,DIA-like,1,0.16475605964660645
7563,RU-NNLS,ru_nnls,DeepRed-like,2,0.2012854963541031
7570,RU-NNLS,ru_nnls,SYTO16-like,0,0.18230633437633514
7570,RU-NNLS,ru_nnls,DIA-like,1,0.21802081167697906
7570,RU-NNLS,ru_nnls,DeepRed-like,2,0.24197906255722046
7572,RU-NNLS,ru_nnls,SYTO16-like,0,0.2037523239850998
7572,RU-NNLS,ru_nnls,DIA-like,1,0.2295299917459488
7572,RU-NNLS,ru_nnls,DeepRed-like,2,0.17823143303394318
7576,RU-NNLS,ru_nnls,SYTO16-like,0,0.1540650874376297
7576,RU-NNLS,ru_nnls,DIA-like,1,0.2108791023492813
7576,RU-NNLS,ru_nnls,DeepRed-like,2,0.205585315823555
7577,RU-NNLS,ru_nnls,SYTO16-like,0,0.17694704234600067
7577,RU-NNLS,ru_nnls,DIA-like,1,0.2304142266511917
7577,RU-NNLS,ru_nnls,DeepRed-like,2,0.22735384106636047
7595,RU-NNLS,ru_nnls,SYTO16-like,0,0.22886209189891815
7595,RU-NNLS,ru_nnls,DIA-like,1,0.2299419790506363
7595,RU-NNLS,ru_nnls,DeepRed-like,2,0.18574465811252594
7606,RU-NNLS,ru_nnls,SYTO16-like,0,0.13743096590042114
7606,RU-NNLS,ru_nnls,DIA-like,1,0.1635405570268631
7606,RU-NNLS,ru_nnls,DeepRed-like,2,0.1194770559668541
7608,RU-NNLS,ru_nnls,SYTO16-like,0,0.13516651093959808
7608,RU-NNLS,ru_nnls,DIA-like,1,0.15299300849437714
7608,RU-NNLS,ru_nnls,DeepRed-like,2,0.15588971972465515
7619,RU-NNLS,ru_nnls,SYTO16-like,0,0.16089490056037903
7619,RU-NNLS,ru_nnls,DIA-like,1,0.19335439801216125
7619,RU-NNLS,ru_nnls,DeepRed-like,2,0.17119012773036957
7620,RU-NNLS,ru_nnls,SYTO16-like,0,0.14840039610862732
7620,RU-NNLS,ru_nnls,DIA-like,1,0.16345840692520142
7620,RU-NNLS,ru_nnls,DeepRed-like,2,0.18847568333148956
7624,RU-NNLS,ru_nnls,SYTO16-like,0,0.14063957333564758
7624,RU-NNLS,ru_nnls,DIA-like,1,0.17391343414783478
7624,RU-NNLS,ru_nnls,DeepRed-like,2,0.21010681986808777
7627,RU-NNLS,ru_nnls,SYTO16-like,0,0.1612253338098526
7627,RU-NNLS,ru_nnls,DIA-like,1,0.1751849353313446
7627,RU-NNLS,ru_nnls,DeepRed-like,2,0.2738206386566162
7629,RU-NNLS,ru_nnls,SYTO16-like,0,0.1835808902978897
7629,RU-NNLS,ru_nnls,DIA-like,1,0.31113535165786743
7629,RU-NNLS,ru_nnls,DeepRed-like,2,0.21357639133930206
7630,RU-NNLS,ru_nnls,SYTO16-like,0,0.14082187414169312
7630,RU-NNLS,ru_nnls,DIA-like,1,0.2171095460653305
7630,RU-NNLS,ru_nnls,DeepRed-like,2,0.19148340821266174
7632,RU-NNLS,ru_nnls,SYTO16-like,0,0.15188266336917877
7632,RU-NNLS,ru_nnls,DIA-like,1,0.21662336587905884
7632,RU-NNLS,ru_nnls,DeepRed-like,2,0.21460309624671936
7645,RU-NNLS,ru_nnls,SYTO16-like,0,0.17351554334163666
7645,RU-NNLS,ru_nnls,DIA-like,1,0.178402379155159
7645,RU-NNLS,ru_nnls,DeepRed-like,2,0.22108756005764008
7656,RU-NNLS,ru_nnls,SYTO16-like,0,0.1937417834997177
7656,RU-NNLS,ru_nnls,DIA-like,1,0.15583950281143188
7656,RU-NNLS,ru_nnls,DeepRed-like,2,0.21688492596149445
7671,RU-NNLS,ru_nnls,SYTO16-like,0,0.15493784844875336
7671,RU-NNLS,ru_nnls,DIA-like,1,0.19835230708122253
7671,RU-NNLS,ru_nnls,DeepRed-like,2,0.16068612039089203
7676,RU-NNLS,ru_nnls,SYTO16-like,0,0.1365690529346466
7676,RU-NNLS,ru_nnls,DIA-like,1,0.1760353446006775
7676,RU-NNLS,ru_nnls,DeepRed-like,2,0.19772107899188995
7688,RU-NNLS,ru_nnls,SYTO16-like,0,0.16852590441703796
7688,RU-NNLS,ru_nnls,DIA-like,1,0.19053861498832703
7688,RU-NNLS,ru_nnls,DeepRed-like,2,0.2071484476327896
7691,RU-NNLS,ru_nnls,SYTO16-like,0,0.15002696216106415
7691,RU-NNLS,ru_nnls,DIA-like,1,0.18483185768127441
7691,RU-NNLS,ru_nnls,DeepRed-like,2,0.21649041771888733
7692,RU-NNLS,ru_nnls,SYTO16-like,0,0.15396849811077118
7692,RU-NNLS,ru_nnls,DIA-like,1,0.15993985533714294
7692,RU-NNLS,ru_nnls,DeepRed-like,2,0.13042116165161133
7709,RU-NNLS,ru_nnls,SYTO16-like,0,0.14171309769153595
7709,RU-NNLS,ru_nnls,DIA-like,1,0.19677796959877014
7709,RU-NNLS,ru_nnls,DeepRed-like,2,0.14817410707473755
7710,RU-NNLS,ru_nnls,SYTO16-like,0,0.16197168827056885
7710,RU-NNLS,ru_nnls,DIA-like,1,0.2005285620689392
7710,RU-NNLS,ru_nnls,DeepRed-like,2,0.24149245023727417
7719,RU-NNLS,ru_nnls,SYTO16-like,0,0.15738718211650848
7719,RU-NNLS,ru_nnls,DIA-like,1,0.178755983710289
7719,RU-NNLS,ru_nnls,DeepRed-like,2,0.18966397643089294
7738,RU-NNLS,ru_nnls,SYTO16-like,0,0.152022123336792
7738,RU-NNLS,ru_nnls,DIA-like,1,0.18684984743595123
7738,RU-NNLS,ru_nnls,DeepRed-like,2,0.19391226768493652
7740,RU-NNLS,ru_nnls,SYTO16-like,0,0.13543489575386047
7740,RU-NNLS,ru_nnls,DIA-like,1,0.21659991145133972
7740,RU-NNLS,ru_nnls,DeepRed-like,2,0.19764427840709686
7741,RU-NNLS,ru_nnls,SYTO16-like,0,0.1868407130241394
7741,RU-NNLS,ru_nnls,DIA-like,1,0.16195964813232422
7741,RU-NNLS,ru_nnls,DeepRed-like,2,0.22961261868476868
7742,RU-NNLS,ru_nnls,SYTO16-like,0,0.15032632648944855
7742,RU-NNLS,ru_nnls,DIA-like,1,0.15569479763507843
7742,RU-NNLS,ru_nnls,DeepRed-like,2,0.15808989107608795
7759,RU-NNLS,ru_nnls,SYTO16-like,0,0.1482565551996231
7759,RU-NNLS,ru_nnls,DIA-like,1,0.13224467635154724
7759,RU-NNLS,ru_nnls,DeepRed-like,2,0.16750110685825348
7764,RU-NNLS,ru_nnls,SYTO16-like,0,0.13988693058490753
7764,RU-NNLS,ru_nnls,DIA-like,1,0.1940152645111084
7764,RU-NNLS,ru_nnls,DeepRed-like,2,0.19680996239185333
7768,RU-NNLS,ru_nnls,SYTO16-like,0,0.1246924176812172
7768,RU-NNLS,ru_nnls,DIA-like,1,0.22255408763885498
7768,RU-NNLS,ru_nnls,DeepRed-like,2,0.17249007523059845
7772,RU-NNLS,ru_nnls,SYTO16-like,0,0.16675370931625366
7772,RU-NNLS,ru_nnls,DIA-like,1,0.1391117423772812
7772,RU-NNLS,ru_nnls,DeepRed-like,2,0.18155354261398315
7774,RU-NNLS,ru_nnls,SYTO16-like,0,0.20447522401809692
7774,RU-NNLS,ru_nnls,DIA-like,1,0.2574297785758972
7774,RU-NNLS,ru_nnls,DeepRed-like,2,0.18210503458976746
7775,RU-NNLS,ru_nnls,SYTO16-like,0,0.13778948783874512
7775,RU-NNLS,ru_nnls,DIA-like,1,0.20990505814552307
7775,RU-NNLS,ru_nnls,DeepRed-like,2,0.248423770070076
7776,RU-NNLS,ru_nnls,SYTO16-like,0,0.1592860221862793
7776,RU-NNLS,ru_nnls,DIA-like,1,0.17230969667434692
7776,RU-NNLS,ru_nnls,DeepRed-like,2,0.2109784334897995
7779,RU-NNLS,ru_nnls,SYTO16-like,0,0.1709035485982895
7779,RU-NNLS,ru_nnls,DIA-like,1,0.24348290264606476
7779,RU-NNLS,ru_nnls,DeepRed-like,2,0.20447099208831787
7791,RU-NNLS,ru_nnls,SYTO16-like,0,0.1767129749059677
7791,RU-NNLS,ru_nnls,DIA-like,1,0.15096813440322876
7791,RU-NNLS,ru_nnls,DeepRed-like,2,0.13754408061504364
7808,RU-NNLS,ru_nnls,SYTO16-like,0,0.16927658021450043
7808,RU-NNLS,ru_nnls,DIA-like,1,0.16792798042297363
7808,RU-NNLS,ru_nnls,DeepRed-like,2,0.21130403876304626
7813,RU-NNLS,ru_nnls,SYTO16-like,0,0.1569749265909195
7813,RU-NNLS,ru_nnls,DIA-like,1,0.17995594441890717
7813,RU-NNLS,ru_nnls,DeepRed-like,2,0.1724662482738495
7822,RU-NNLS,ru_nnls,SYTO16-like,0,0.12688790261745453
7822,RU-NNLS,ru_nnls,DIA-like,1,0.199973002076149
7822,RU-NNLS,ru_nnls,DeepRed-like,2,0.16264456510543823
7825,RU-NNLS,ru_nnls,SYTO16-like,0,0.1664903610944748
7825,RU-NNLS,ru_nnls,DIA-like,1,0.19744077324867249
7825,RU-NNLS,ru_nnls,DeepRed-like,2,0.2165495753288269
7829,RU-NNLS,ru_nnls,SYTO16-like,0,0.17414194345474243
7829,RU-NNLS,ru_nnls,DIA-like,1,0.20858602225780487
7829,RU-NNLS,ru_nnls,DeepRed-like,2,0.17129796743392944
7835,RU-NNLS,ru_nnls,SYTO16-like,0,0.15318213403224945
7835,RU-NNLS,ru_nnls,DIA-like,1,0.2931181490421295
7835,RU-NNLS,ru_nnls,DeepRed-like,2,0.15176594257354736
7845,RU-NNLS,ru_nnls,SYTO16-like,0,0.1471603363752365
7845,RU-NNLS,ru_nnls,DIA-like,1,0.191947802901268
7845,RU-NNLS,ru_nnls,DeepRed-like,2,0.2741868495941162
7861,RU-NNLS,ru_nnls,SYTO16-like,0,0.18040522933006287
7861,RU-NNLS,ru_nnls,DIA-like,1,0.17611724138259888
7861,RU-NNLS,ru_nnls,DeepRed-like,2,0.14474579691886902
7863,RU-NNLS,ru_nnls,SYTO16-like,0,0.153983935713768
7863,RU-NNLS,ru_nnls,DIA-like,1,0.19091546535491943
7863,RU-NNLS,ru_nnls,DeepRed-like,2,0.1806388944387436
7869,RU-NNLS,ru_nnls,SYTO16-like,0,0.17780686914920807
7869,RU-NNLS,ru_nnls,DIA-like,1,0.2412673830986023
7869,RU-NNLS,ru_nnls,DeepRed-like,2,0.18889379501342773
7874,RU-NNLS,ru_nnls,SYTO16-like,0,0.13209523260593414
7874,RU-NNLS,ru_nnls,DIA-like,1,0.13707463443279266
7874,RU-NNLS,ru_nnls,DeepRed-like,2,0.13756510615348816
7891,RU-NNLS,ru_nnls,SYTO16-like,0,0.18011189997196198
7891,RU-NNLS,ru_nnls,DIA-like,1,0.22341886162757874
7891,RU-NNLS,ru_nnls,DeepRed-like,2,0.2398340106010437
7902,RU-NNLS,ru_nnls,SYTO16-like,0,0.158152773976326
7902,RU-NNLS,ru_nnls,DIA-like,1,0.20092609524726868
7902,RU-NNLS,ru_nnls,DeepRed-like,2,0.233872190117836
7916,RU-NNLS,ru_nnls,SYTO16-like,0,0.22177353501319885
7916,RU-NNLS,ru_nnls,DIA-like,1,0.21944785118103027
7916,RU-NNLS,ru_nnls,DeepRed-like,2,0.18535226583480835
7934,RU-NNLS,ru_nnls,SYTO16-like,0,0.13648755848407745
7934,RU-NNLS,ru_nnls,DIA-like,1,0.16333766281604767
7934,RU-NNLS,ru_nnls,DeepRed-like,2,0.14829078316688538
7940,RU-NNLS,ru_nnls,SYTO16-like,0,0.14409339427947998
7940,RU-NNLS,ru_nnls,DIA-like,1,0.1598445028066635
7940,RU-NNLS,ru_nnls,DeepRed-like,2,0.1662038415670395
7944,RU-NNLS,ru_nnls,SYTO16-like,0,0.17078226804733276
7944,RU-NNLS,ru_nnls,DIA-like,1,0.20035144686698914
7944,RU-NNLS,ru_nnls,DeepRed-like,2,0.21529491245746613
7960,RU-NNLS,ru_nnls,SYTO16-like,0,0.14031833410263062
7960,RU-NNLS,ru_nnls,DIA-like,1,0.168536975979805
7960,RU-NNLS,ru_nnls,DeepRed-like,2,0.20281310379505157
7966,RU-NNLS,ru_nnls,SYTO16-like,0,0.2288515567779541
7966,RU-NNLS,ru_nnls,DIA-like,1,0.1983116865158081
7966,RU-NNLS,ru_nnls,DeepRed-like,2,0.21394017338752747
7967,RU-NNLS,ru_nnls,SYTO16-like,0,0.1737813502550125
7967,RU-NNLS,ru_nnls,DIA-like,1,0.20115536451339722
7967,RU-NNLS,ru_nnls,DeepRed-like,2,0.24494923651218414
7970,RU-NNLS,ru_nnls,SYTO16-like,0,0.1445990353822708
7970,RU-NNLS,ru_nnls,DIA-like,1,0.1813202202320099
7970,RU-NNLS,ru_nnls,DeepRed-like,2,0.1299787014722824
7971,RU-NNLS,ru_nnls,SYTO16-like,0,0.1554553508758545
7971,RU-NNLS,ru_nnls,DIA-like,1,0.19723176956176758
7971,RU-NNLS,ru_nnls,DeepRed-like,2,0.1655636578798294
7972,RU-NNLS,ru_nnls,SYTO16-like,0,0.13886024057865143
7972,RU-NNLS,ru_nnls,DIA-like,1,0.25706973671913147
7972,RU-NNLS,ru_nnls,DeepRed-like,2,0.240097314119339
7977,RU-NNLS,ru_nnls,SYTO16-like,0,0.17182111740112305
7977,RU-NNLS,ru_nnls,DIA-like,1,0.20101754367351532
7977,RU-NNLS,ru_nnls,DeepRed-like,2,0.1922498643398285
7992,RU-NNLS,ru_nnls,SYTO16-like,0,0.14282825589179993
7992,RU-NNLS,ru_nnls,DIA-like,1,0.17275074124336243
7992,RU-NNLS,ru_nnls,DeepRed-like,2,0.1710088551044464
8002,RU-NNLS,ru_nnls,SYTO16-like,0,0.14154286682605743
8002,RU-NNLS,ru_nnls,DIA-like,1,0.17402949929237366
8002,RU-NNLS,ru_nnls,DeepRed-like,2,0.13366089761257172
8003,RU-NNLS,ru_nnls,SYTO16-like,0,0.16660642623901367
8003,RU-NNLS,ru_nnls,DIA-like,1,0.1661970019340515
8003,RU-NNLS,ru_nnls,DeepRed-like,2,0.20019134879112244
8004,RU-NNLS,ru_nnls,SYTO16-like,0,0.14450600743293762
8004,RU-NNLS,ru_nnls,DIA-like,1,0.19113530218601227
8004,RU-NNLS,ru_nnls,DeepRed-like,2,0.17919939756393433
8010,RU-NNLS,ru_nnls,SYTO16-like,0,0.1468469351530075
8010,RU-NNLS,ru_nnls,DIA-like,1,0.2356528341770172
8010,RU-NNLS,ru_nnls,DeepRed-like,2,0.29017478227615356
8015,RU-NNLS,ru_nnls,SYTO16-like,0,0.15398506820201874
8015,RU-NNLS,ru_nnls,DIA-like,1,0.21693527698516846
8015,RU-NNLS,ru_nnls,DeepRed-like,2,0.14794328808784485
8016,RU-NNLS,ru_nnls,SYTO16-like,0,0.22226248681545258
8016,RU-NNLS,ru_nnls,DIA-like,1,0.21779821813106537
8016,RU-NNLS,ru_nnls,DeepRed-like,2,0.22821356356143951
8024,RU-NNLS,ru_nnls,SYTO16-like,0,0.18004582822322845
8024,RU-NNLS,ru_nnls,DIA-like,1,0.2107517272233963
8024,RU-NNLS,ru_nnls,DeepRed-like,2,0.2560814917087555
8047,RU-NNLS,ru_nnls,SYTO16-like,0,0.16794061660766602
8047,RU-NNLS,ru_nnls,DIA-like,1,0.2053043395280838
8047,RU-NNLS,ru_nnls,DeepRed-like,2,0.1840604692697525
8058,RU-NNLS,ru_nnls,SYTO16-like,0,0.31552156805992126
8058,RU-NNLS,ru_nnls,DIA-like,1,0.23395422101020813
8058,RU-NNLS,ru_nnls,DeepRed-like,2,0.34984269738197327
8067,RU-NNLS,ru_nnls,SYTO16-like,0,0.20887400209903717
8067,RU-NNLS,ru_nnls,DIA-like,1,0.2553877830505371
8067,RU-NNLS,ru_nnls,DeepRed-like,2,0.19813458621501923
8073,RU-NNLS,ru_nnls,SYTO16-like,0,0.1746993213891983
8073,RU-NNLS,ru_nnls,DIA-like,1,0.16599300503730774
8073,RU-NNLS,ru_nnls,DeepRed-like,2,0.2322128713130951
8076,RU-NNLS,ru_nnls,SYTO16-like,0,0.18448105454444885
8076,RU-NNLS,ru_nnls,DIA-like,1,0.21617445349693298
8076,RU-NNLS,ru_nnls,DeepRed-like,2,0.23993267118930817
8081,RU-NNLS,ru_nnls,SYTO16-like,0,0.20154760777950287
8081,RU-NNLS,ru_nnls,DIA-like,1,0.2497856169939041
8081,RU-NNLS,ru_nnls,DeepRed-like,2,0.29296302795410156
8114,RU-NNLS,ru_nnls,SYTO16-like,0,0.15465867519378662
8114,RU-NNLS,ru_nnls,DIA-like,1,0.22596541047096252
8114,RU-NNLS,ru_nnls,DeepRed-like,2,0.16947971284389496
8115,RU-NNLS,ru_nnls,SYTO16-like,0,0.21885326504707336
8115,RU-NNLS,ru_nnls,DIA-like,1,0.18352559208869934
8115,RU-NNLS,ru_nnls,DeepRed-like,2,0.17097848653793335
8120,RU-NNLS,ru_nnls,SYTO16-like,0,0.21008558571338654
8120,RU-NNLS,ru_nnls,DIA-like,1,0.18696166574954987
8120,RU-NNLS,ru_nnls,DeepRed-like,2,0.2291702777147293
8122,RU-NNLS,ru_nnls,SYTO16-like,0,0.17734560370445251
8122,RU-NNLS,ru_nnls,DIA-like,1,0.19203604757785797
8122,RU-NNLS,ru_nnls,DeepRed-like,2,0.1942569762468338
8125,RU-NNLS,ru_nnls,SYTO16-like,0,0.1578594297170639
8125,RU-NNLS,ru_nnls,DIA-like,1,0.18907906115055084
8125,RU-NNLS,ru_nnls,DeepRed-like,2,0.14286331832408905
8136,RU-NNLS,ru_nnls,SYTO16-like,0,0.16082881391048431
8136,RU-NNLS,ru_nnls,DIA-like,1,0.19091761112213135
8136,RU-NNLS,ru_nnls,DeepRed-like,2,0.18458658456802368
8138,RU-NNLS,ru_nnls,SYTO16-like,0,0.14942225813865662
8138,RU-NNLS,ru_nnls,DIA-like,1,0.26359447836875916
8138,RU-NNLS,ru_nnls,DeepRed-like,2,0.20666536688804626
8149,RU-NNLS,ru_nnls,SYTO16-like,0,0.2863612473011017
8149,RU-NNLS,ru_nnls,DIA-like,1,0.2605231702327728
8149,RU-NNLS,ru_nnls,DeepRed-like,2,0.28346750140190125
8156,RU-NNLS,ru_nnls,SYTO16-like,0,0.17326872050762177
8156,RU-NNLS,ru_nnls,DIA-like,1,0.19312548637390137
8156,RU-NNLS,ru_nnls,DeepRed-like,2,0.1887332648038864
8157,RU-NNLS,ru_nnls,SYTO16-like,0,0.12417860329151154
8157,RU-NNLS,ru_nnls,DIA-like,1,0.17185476422309875
8157,RU-NNLS,ru_nnls,DeepRed-like,2,0.12260671705007553
8162,RU-NNLS,ru_nnls,SYTO16-like,0,0.17675073444843292
8162,RU-NNLS,ru_nnls,DIA-like,1,0.18906641006469727
8162,RU-NNLS,ru_nnls,DeepRed-like,2,0.21383912861347198
8167,RU-NNLS,ru_nnls,SYTO16-like,0,0.15706835687160492
8167,RU-NNLS,ru_nnls,DIA-like,1,0.19009536504745483
8167,RU-NNLS,ru_nnls,DeepRed-like,2,0.20995651185512543
8169,RU-NNLS,ru_nnls,SYTO16-like,0,0.2148067206144333
8169,RU-NNLS,ru_nnls,DIA-like,1,0.19855165481567383
8169,RU-NNLS,ru_nnls,DeepRed-like,2,0.2000102996826172
8170,RU-NNLS,ru_nnls,SYTO16-like,0,0.1650555282831192
8170,RU-NNLS,ru_nnls,DIA-like,1,0.20347930490970612
8170,RU-NNLS,ru_nnls,DeepRed-like,2,0.18559178709983826
8172,RU-NNLS,ru_nnls,SYTO16-like,0,0.17142274975776672
8172,RU-NNLS,ru_nnls,DIA-like,1,0.22009539604187012
8172,RU-NNLS,ru_nnls,DeepRed-like,2,0.21996276080608368
8202,RU-NNLS,ru_nnls,SYTO16-like,0,0.15958213806152344
8202,RU-NNLS,ru_nnls,DIA-like,1,0.18469320237636566
8202,RU-NNLS,ru_nnls,DeepRed-like,2,0.14309923350811005
8206,RU-NNLS,ru_nnls,SYTO16-like,0,0.169686958193779
8206,RU-NNLS,ru_nnls,DIA-like,1,0.1962704062461853
8206,RU-NNLS,ru_nnls,DeepRed-like,2,0.23476062715053558
8217,RU-NNLS,ru_nnls,SYTO16-like,0,0.20164035260677338
8217,RU-NNLS,ru_nnls,DIA-like,1,0.19709481298923492
8217,RU-NNLS,ru_nnls,DeepRed-like,2,0.20641981065273285
8218,RU-NNLS,ru_nnls,SYTO16-like,0,0.1488041877746582
8218,RU-NNLS,ru_nnls,DIA-like,1,0.19897888600826263
8218,RU-NNLS,ru_nnls,DeepRed-like,2,0.18208539485931396
8222,RU-NNLS,ru_nnls,SYTO16-like,0,0.16338205337524414
8222,RU-NNLS,ru_nnls,DIA-like,1,0.2151821404695511
8222,RU-NNLS,ru_nnls,DeepRed-like,2,0.16604912281036377
8227,RU-NNLS,ru_nnls,SYTO16-like,0,0.16098296642303467
8227,RU-NNLS,ru_nnls,DIA-like,1,0.19564983248710632
8227,RU-NNLS,ru_nnls,DeepRed-like,2,0.20897744596004486
8249,RU-NNLS,ru_nnls,SYTO16-like,0,0.24016614258289337
8249,RU-NNLS,ru_nnls,DIA-like,1,0.24508753418922424
8249,RU-NNLS,ru_nnls,DeepRed-like,2,0.19101393222808838
8251,RU-NNLS,ru_nnls,SYTO16-like,0,0.15807324647903442
8251,RU-NNLS,ru_nnls,DIA-like,1,0.20450623333454132
8251,RU-NNLS,ru_nnls,DeepRed-like,2,0.22287654876708984
8252,RU-NNLS,ru_nnls,SYTO16-like,0,0.2261904776096344
8252,RU-NNLS,ru_nnls,DIA-like,1,0.24134963750839233
8252,RU-NNLS,ru_nnls,DeepRed-like,2,0.22082996368408203
8256,RU-NNLS,ru_nnls,SYTO16-like,0,0.15871402621269226
8256,RU-NNLS,ru_nnls,DIA-like,1,0.22463594377040863
8256,RU-NNLS,ru_nnls,DeepRed-like,2,0.2830853760242462
8263,RU-NNLS,ru_nnls,SYTO16-like,0,0.1772173047065735
8263,RU-NNLS,ru_nnls,DIA-like,1,0.23285241425037384
8263,RU-NNLS,ru_nnls,DeepRed-like,2,0.28359493613243103
5,RU-Poisson,ru_poisson,SYTO16-like,0,0.17696437239646912
5,RU-Poisson,ru_poisson,DIA-like,1,0.23701514303684235
5,RU-Poisson,ru_poisson,DeepRed-like,2,0.19985176622867584
12,RU-Poisson,ru_poisson,SYTO16-like,0,0.15325014293193817
12,RU-Poisson,ru_poisson,DIA-like,1,0.2023276388645172
12,RU-Poisson,ru_poisson,DeepRed-like,2,0.18471339344978333
24,RU-Poisson,ru_poisson,SYTO16-like,0,0.181327685713768
24,RU-Poisson,ru_poisson,DIA-like,1,0.16175630688667297
24,RU-Poisson,ru_poisson,DeepRed-like,2,0.19574232399463654
26,RU-Poisson,ru_poisson,SYTO16-like,0,0.18925994634628296
26,RU-Poisson,ru_poisson,DIA-like,1,0.17032083868980408
26,RU-Poisson,ru_poisson,DeepRed-like,2,0.21810288727283478
30,RU-Poisson,ru_poisson,SYTO16-like,0,0.15151269733905792
30,RU-Poisson,ru_poisson,DIA-like,1,0.18130381405353546
30,RU-Poisson,ru_poisson,DeepRed-like,2,0.20772455632686615
35,RU-Poisson,ru_poisson,SYTO16-like,0,0.1309175342321396
35,RU-Poisson,ru_poisson,DIA-like,1,0.29985311627388
35,RU-Poisson,ru_poisson,DeepRed-like,2,0.3407893776893616
39,RU-Poisson,ru_poisson,SYTO16-like,0,0.16652138531208038
39,RU-Poisson,ru_poisson,DIA-like,1,0.16311120986938477
39,RU-Poisson,ru_poisson,DeepRed-like,2,0.18067604303359985
41,RU-Poisson,ru_poisson,SYTO16-like,0,0.2525360584259033
41,RU-Poisson,ru_poisson,DIA-like,1,0.34102609753608704
41,RU-Poisson,ru_poisson,DeepRed-like,2,0.24092450737953186
42,RU-Poisson,ru_poisson,SYTO16-like,0,0.10845336318016052
42,RU-Poisson,ru_poisson,DIA-like,1,0.14116796851158142
42,RU-Poisson,ru_poisson,DeepRed-like,2,0.09095846861600876
44,RU-Poisson,ru_poisson,SYTO16-like,0,0.135751873254776
44,RU-Poisson,ru_poisson,DIA-like,1,0.22261092066764832
44,RU-Poisson,ru_poisson,DeepRed-like,2,0.1791679710149765
48,RU-Poisson,ru_poisson,SYTO16-like,0,0.15659871697425842
48,RU-Poisson,ru_poisson,DIA-like,1,0.29331907629966736
48,RU-Poisson,ru_poisson,DeepRed-like,2,0.2111881822347641
65,RU-Poisson,ru_poisson,SYTO16-like,0,0.1429046392440796
65,RU-Poisson,ru_poisson,DIA-like,1,0.29933851957321167
65,RU-Poisson,ru_poisson,DeepRed-like,2,0.23714123666286469
69,RU-Poisson,ru_poisson,SYTO16-like,0,0.18213330209255219
69,RU-Poisson,ru_poisson,DIA-like,1,0.17412418127059937
69,RU-Poisson,ru_poisson,DeepRed-like,2,0.2118150293827057
71,RU-Poisson,ru_poisson,SYTO16-like,0,0.12528583407402039
71,RU-Poisson,ru_poisson,DIA-like,1,0.2102716863155365
71,RU-Poisson,ru_poisson,DeepRed-like,2,0.16554132103919983
73,RU-Poisson,ru_poisson,SYTO16-like,0,0.18460239470005035
73,RU-Poisson,ru_poisson,DIA-like,1,0.23347711563110352
73,RU-Poisson,ru_poisson,DeepRed-like,2,0.26171422004699707
80,RU-Poisson,ru_poisson,SYTO16-like,0,0.2304031103849411
80,RU-Poisson,ru_poisson,DIA-like,1,0.1638639271259308
80,RU-Poisson,ru_poisson,DeepRed-like,2,0.17231789231300354
83,RU-Poisson,ru_poisson,SYTO16-like,0,0.15253177285194397
83,RU-Poisson,ru_poisson,DIA-like,1,0.23331806063652039
83,RU-Poisson,ru_poisson,DeepRed-like,2,0.20737336575984955
99,RU-Poisson,ru_poisson,SYTO16-like,0,0.1917157918214798
99,RU-Poisson,ru_poisson,DIA-like,1,0.19192911684513092
99,RU-Poisson,ru_poisson,DeepRed-like,2,0.2032390832901001
100,RU-Poisson,ru_poisson,SYTO16-like,0,0.1852395236492157
100,RU-Poisson,ru_poisson,DIA-like,1,0.17326080799102783
100,RU-Poisson,ru_poisson,DeepRed-like,2,0.21746382117271423
110,RU-Poisson,ru_poisson,SYTO16-like,0,0.18994511663913727
110,RU-Poisson,ru_poisson,DIA-like,1,0.1780560314655304
110,RU-Poisson,ru_poisson,DeepRed-like,2,0.130962073802948
116,RU-Poisson,ru_poisson,SYTO16-like,0,0.1352696418762207
116,RU-Poisson,ru_poisson,DIA-like,1,0.18276497721672058
116,RU-Poisson,ru_poisson,DeepRed-like,2,0.20542415976524353
122,RU-Poisson,ru_poisson,SYTO16-like,0,0.17405617237091064
122,RU-Poisson,ru_poisson,DIA-like,1,0.19985270500183105
122,RU-Poisson,ru_poisson,DeepRed-like,2,0.13867002725601196
132,RU-Poisson,ru_poisson,SYTO16-like,0,0.1949274092912674
132,RU-Poisson,ru_poisson,DIA-like,1,0.19033482670783997
132,RU-Poisson,ru_poisson,DeepRed-like,2,0.15810376405715942
141,RU-Poisson,ru_poisson,SYTO16-like,0,0.1546282172203064
141,RU-Poisson,ru_poisson,DIA-like,1,0.15219761431217194
141,RU-Poisson,ru_poisson,DeepRed-like,2,0.19110405445098877
151,RU-Poisson,ru_poisson,SYTO16-like,0,0.1463356912136078
151,RU-Poisson,ru_poisson,DIA-like,1,0.18426914513111115
151,RU-Poisson,ru_poisson,DeepRed-like,2,0.21209731698036194
154,RU-Poisson,ru_poisson,SYTO16-like,0,0.13139808177947998
154,RU-Poisson,ru_poisson,DIA-like,1,0.23164288699626923
154,RU-Poisson,ru_poisson,DeepRed-like,2,0.17585249245166779
156,RU-Poisson,ru_poisson,SYTO16-like,0,0.21650074422359467
156,RU-Poisson,ru_poisson,DIA-like,1,0.25367292761802673
156,RU-Poisson,ru_poisson,DeepRed-like,2,0.17739857733249664
157,RU-Poisson,ru_poisson,SYTO16-like,0,0.17263175547122955
157,RU-Poisson,ru_poisson,DIA-like,1,0.274411678314209
157,RU-Poisson,ru_poisson,DeepRed-like,2,0.21025864779949188
159,RU-Poisson,ru_poisson,SYTO16-like,0,0.19375844299793243
159,RU-Poisson,ru_poisson,DIA-like,1,0.21396641433238983
159,RU-Poisson,ru_poisson,DeepRed-like,2,0.2274630069732666
178,RU-Poisson,ru_poisson,SYTO16-like,0,0.18852922320365906
178,RU-Poisson,ru_poisson,DIA-like,1,0.2294377088546753
178,RU-Poisson,ru_poisson,DeepRed-like,2,0.2320694476366043
197,RU-Poisson,ru_poisson,SYTO16-like,0,0.1288987696170807
197,RU-Poisson,ru_poisson,DIA-like,1,0.12817901372909546
197,RU-Poisson,ru_poisson,DeepRed-like,2,0.13205672800540924
199,RU-Poisson,ru_poisson,SYTO16-like,0,0.1909322738647461
199,RU-Poisson,ru_poisson,DIA-like,1,0.2080385833978653
199,RU-Poisson,ru_poisson,DeepRed-like,2,0.13335594534873962
211,RU-Poisson,ru_poisson,SYTO16-like,0,0.1252633035182953
211,RU-Poisson,ru_poisson,DIA-like,1,0.1636309176683426
211,RU-Poisson,ru_poisson,DeepRed-like,2,0.1224803477525711
212,RU-Poisson,ru_poisson,SYTO16-like,0,0.15233969688415527
212,RU-Poisson,ru_poisson,DIA-like,1,0.13019445538520813
212,RU-Poisson,ru_poisson,DeepRed-like,2,0.2085551768541336
214,RU-Poisson,ru_poisson,SYTO16-like,0,0.19716310501098633
214,RU-Poisson,ru_poisson,DIA-like,1,0.22540730237960815
214,RU-Poisson,ru_poisson,DeepRed-like,2,0.20365501940250397
221,RU-Poisson,ru_poisson,SYTO16-like,0,0.24592548608779907
221,RU-Poisson,ru_poisson,DIA-like,1,0.1724124401807785
221,RU-Poisson,ru_poisson,DeepRed-like,2,0.16235606372356415
232,RU-Poisson,ru_poisson,SYTO16-like,0,0.15247486531734467
232,RU-Poisson,ru_poisson,DIA-like,1,0.21902316808700562
232,RU-Poisson,ru_poisson,DeepRed-like,2,0.19082331657409668
233,RU-Poisson,ru_poisson,SYTO16-like,0,0.14386150240898132
233,RU-Poisson,ru_poisson,DIA-like,1,0.19917508959770203
233,RU-Poisson,ru_poisson,DeepRed-like,2,0.19163183867931366
240,RU-Poisson,ru_poisson,SYTO16-like,0,0.15878894925117493
240,RU-Poisson,ru_poisson,DIA-like,1,0.1608130782842636
240,RU-Poisson,ru_poisson,DeepRed-like,2,0.20143070816993713
242,RU-Poisson,ru_poisson,SYTO16-like,0,0.1442679911851883
242,RU-Poisson,ru_poisson,DIA-like,1,0.16665403544902802
242,RU-Poisson,ru_poisson,DeepRed-like,2,0.19643892347812653
243,RU-Poisson,ru_poisson,SYTO16-like,0,0.1546863317489624
243,RU-Poisson,ru_poisson,DIA-like,1,0.18074095249176025
243,RU-Poisson,ru_poisson,DeepRed-like,2,0.13895297050476074
244,RU-Poisson,ru_poisson,SYTO16-like,0,0.13117988407611847
244,RU-Poisson,ru_poisson,DIA-like,1,0.19253632426261902
244,RU-Poisson,ru_poisson,DeepRed-like,2,0.19012068212032318
260,RU-Poisson,ru_poisson,SYTO16-like,0,0.20222042500972748
260,RU-Poisson,ru_poisson,DIA-like,1,0.2374723255634308
260,RU-Poisson,ru_poisson,DeepRed-like,2,0.6186069846153259
273,RU-Poisson,ru_poisson,SYTO16-like,0,0.15209037065505981
273,RU-Poisson,ru_poisson,DIA-like,1,0.1646633744239807
273,RU-Poisson,ru_poisson,DeepRed-like,2,0.15866313874721527
275,RU-Poisson,ru_poisson,SYTO16-like,0,0.19347195327281952
275,RU-Poisson,ru_poisson,DIA-like,1,0.2610745429992676
275,RU-Poisson,ru_poisson,DeepRed-like,2,0.21213994920253754
276,RU-Poisson,ru_poisson,SYTO16-like,0,0.15570499002933502
276,RU-Poisson,ru_poisson,DIA-like,1,0.17202052474021912
276,RU-Poisson,ru_poisson,DeepRed-like,2,0.2017623335123062
283,RU-Poisson,ru_poisson,SYTO16-like,0,0.14571602642536163
283,RU-Poisson,ru_poisson,DIA-like,1,0.17074452340602875
283,RU-Poisson,ru_poisson,DeepRed-like,2,0.20587079226970673
297,RU-Poisson,ru_poisson,SYTO16-like,0,0.24857734143733978
297,RU-Poisson,ru_poisson,DIA-like,1,0.30418235063552856
297,RU-Poisson,ru_poisson,DeepRed-like,2,0.2365136742591858
303,RU-Poisson,ru_poisson,SYTO16-like,0,0.14280809462070465
303,RU-Poisson,ru_poisson,DIA-like,1,0.16469153761863708
303,RU-Poisson,ru_poisson,DeepRed-like,2,0.13566990196704865
310,RU-Poisson,ru_poisson,SYTO16-like,0,0.16940729320049286
310,RU-Poisson,ru_poisson,DIA-like,1,0.19256867468357086
310,RU-Poisson,ru_poisson,DeepRed-like,2,0.19390836358070374
318,RU-Poisson,ru_poisson,SYTO16-like,0,0.1659420281648636
318,RU-Poisson,ru_poisson,DIA-like,1,0.21405178308486938
318,RU-Poisson,ru_poisson,DeepRed-like,2,0.21027007699012756
319,RU-Poisson,ru_poisson,SYTO16-like,0,0.11165998131036758
319,RU-Poisson,ru_poisson,DIA-like,1,0.1494693011045456
319,RU-Poisson,ru_poisson,DeepRed-like,2,0.12720300257205963
324,RU-Poisson,ru_poisson,SYTO16-like,0,0.1496317833662033
324,RU-Poisson,ru_poisson,DIA-like,1,0.17089474201202393
324,RU-Poisson,ru_poisson,DeepRed-like,2,0.2119734138250351
326,RU-Poisson,ru_poisson,SYTO16-like,0,0.1442805826663971
326,RU-Poisson,ru_poisson,DIA-like,1,0.15701329708099365
326,RU-Poisson,ru_poisson,DeepRed-like,2,0.1130424216389656
328,RU-Poisson,ru_poisson,SYTO16-like,0,0.19366633892059326
328,RU-Poisson,ru_poisson,DIA-like,1,0.16342230141162872
328,RU-Poisson,ru_poisson,DeepRed-like,2,0.20180875062942505
330,RU-Poisson,ru_poisson,SYTO16-like,0,0.17219486832618713
330,RU-Poisson,ru_poisson,DIA-like,1,0.16829097270965576
330,RU-Poisson,ru_poisson,DeepRed-like,2,0.13797084987163544
333,RU-Poisson,ru_poisson,SYTO16-like,0,0.16384705901145935
333,RU-Poisson,ru_poisson,DIA-like,1,0.17485789954662323
333,RU-Poisson,ru_poisson,DeepRed-like,2,0.17669792473316193
340,RU-Poisson,ru_poisson,SYTO16-like,0,0.15921767055988312
340,RU-Poisson,ru_poisson,DIA-like,1,0.18513906002044678
340,RU-Poisson,ru_poisson,DeepRed-like,2,0.21468666195869446
347,RU-Poisson,ru_poisson,SYTO16-like,0,0.1354769617319107
347,RU-Poisson,ru_poisson,DIA-like,1,0.20564214885234833
347,RU-Poisson,ru_poisson,DeepRed-like,2,0.12487960606813431
348,RU-Poisson,ru_poisson,SYTO16-like,0,0.1288415789604187
348,RU-Poisson,ru_poisson,DIA-like,1,0.18121297657489777
348,RU-Poisson,ru_poisson,DeepRed-like,2,0.18425704538822174
360,RU-Poisson,ru_poisson,SYTO16-like,0,0.16819685697555542
360,RU-Poisson,ru_poisson,DIA-like,1,0.21596196293830872
360,RU-Poisson,ru_poisson,DeepRed-like,2,0.17016498744487762
361,RU-Poisson,ru_poisson,SYTO16-like,0,0.150817409157753
361,RU-Poisson,ru_poisson,DIA-like,1,0.1559622883796692
361,RU-Poisson,ru_poisson,DeepRed-like,2,0.1950872242450714
364,RU-Poisson,ru_poisson,SYTO16-like,0,0.15744160115718842
364,RU-Poisson,ru_poisson,DIA-like,1,0.20035699009895325
364,RU-Poisson,ru_poisson,DeepRed-like,2,0.20266391336917877
366,RU-Poisson,ru_poisson,SYTO16-like,0,0.13438615202903748
366,RU-Poisson,ru_poisson,DIA-like,1,0.34318122267723083
366,RU-Poisson,ru_poisson,DeepRed-like,2,0.1566668450832367
378,RU-Poisson,ru_poisson,SYTO16-like,0,0.18362772464752197
378,RU-Poisson,ru_poisson,DIA-like,1,0.1957077831029892
378,RU-Poisson,ru_poisson,DeepRed-like,2,0.19341100752353668
391,RU-Poisson,ru_poisson,SYTO16-like,0,0.13606177270412445
391,RU-Poisson,ru_poisson,DIA-like,1,0.15529271960258484
391,RU-Poisson,ru_poisson,DeepRed-like,2,0.16541220247745514
394,RU-Poisson,ru_poisson,SYTO16-like,0,0.16634789109230042
394,RU-Poisson,ru_poisson,DIA-like,1,0.20988519489765167
394,RU-Poisson,ru_poisson,DeepRed-like,2,0.23394790291786194
398,RU-Poisson,ru_poisson,SYTO16-like,0,0.1483488827943802
398,RU-Poisson,ru_poisson,DIA-like,1,0.18856395781040192
398,RU-Poisson,ru_poisson,DeepRed-like,2,0.18636013567447662
408,RU-Poisson,ru_poisson,SYTO16-like,0,0.1729680448770523
408,RU-Poisson,ru_poisson,DIA-like,1,0.20742319524288177
408,RU-Poisson,ru_poisson,DeepRed-like,2,0.17058594524860382
409,RU-Poisson,ru_poisson,SYTO16-like,0,0.15365035831928253
409,RU-Poisson,ru_poisson,DIA-like,1,0.13987575471401215
409,RU-Poisson,ru_poisson,DeepRed-like,2,0.18396320939064026
410,RU-Poisson,ru_poisson,SYTO16-like,0,0.16507019102573395
410,RU-Poisson,ru_poisson,DIA-like,1,0.19450069963932037
410,RU-Poisson,ru_poisson,DeepRed-like,2,0.16567522287368774
412,RU-Poisson,ru_poisson,SYTO16-like,0,0.1614842265844345
412,RU-Poisson,ru_poisson,DIA-like,1,0.26124000549316406
412,RU-Poisson,ru_poisson,DeepRed-like,2,0.22851496934890747
425,RU-Poisson,ru_poisson,SYTO16-like,0,0.16019512712955475
425,RU-Poisson,ru_poisson,DIA-like,1,0.22647584974765778
425,RU-Poisson,ru_poisson,DeepRed-like,2,0.1939905732870102
429,RU-Poisson,ru_poisson,SYTO16-like,0,0.15012623369693756
429,RU-Poisson,ru_poisson,DIA-like,1,0.20233893394470215
429,RU-Poisson,ru_poisson,DeepRed-like,2,0.17576536536216736
438,RU-Poisson,ru_poisson,SYTO16-like,0,0.16865283250808716
438,RU-Poisson,ru_poisson,DIA-like,1,0.20718713104724884
438,RU-Poisson,ru_poisson,DeepRed-like,2,0.2167646437883377
461,RU-Poisson,ru_poisson,SYTO16-like,0,0.16350455582141876
461,RU-Poisson,ru_poisson,DIA-like,1,0.15575601160526276
461,RU-Poisson,ru_poisson,DeepRed-like,2,0.19305305182933807
463,RU-Poisson,ru_poisson,SYTO16-like,0,0.15720154345035553
463,RU-Poisson,ru_poisson,DIA-like,1,0.19550162553787231
463,RU-Poisson,ru_poisson,DeepRed-like,2,0.2660536468029022
464,RU-Poisson,ru_poisson,SYTO16-like,0,0.16493141651153564
464,RU-Poisson,ru_poisson,DIA-like,1,0.2028639167547226
464,RU-Poisson,ru_poisson,DeepRed-like,2,0.21400921046733856
477,RU-Poisson,ru_poisson,SYTO16-like,0,0.22141656279563904
477,RU-Poisson,ru_poisson,DIA-like,1,0.16688691079616547
477,RU-Poisson,ru_poisson,DeepRed-like,2,0.15651239454746246
486,RU-Poisson,ru_poisson,SYTO16-like,0,0.18735577166080475
486,RU-Poisson,ru_poisson,DIA-like,1,0.2018417865037918
486,RU-Poisson,ru_poisson,DeepRed-like,2,0.15480467677116394
491,RU-Poisson,ru_poisson,SYTO16-like,0,0.16685320436954498
491,RU-Poisson,ru_poisson,DIA-like,1,0.35233792662620544
491,RU-Poisson,ru_poisson,DeepRed-like,2,0.25181856751441956
495,RU-Poisson,ru_poisson,SYTO16-like,0,0.16752129793167114
495,RU-Poisson,ru_poisson,DIA-like,1,0.2211247831583023
495,RU-Poisson,ru_poisson,DeepRed-like,2,0.23328696191310883
516,RU-Poisson,ru_poisson,SYTO16-like,0,0.1500757336616516
516,RU-Poisson,ru_poisson,DIA-like,1,0.18749931454658508
516,RU-Poisson,ru_poisson,DeepRed-like,2,0.18685267865657806
521,RU-Poisson,ru_poisson,SYTO16-like,0,0.20018091797828674
521,RU-Poisson,ru_poisson,DIA-like,1,0.19415727257728577
521,RU-Poisson,ru_poisson,DeepRed-like,2,0.2233612984418869
531,RU-Poisson,ru_poisson,SYTO16-like,0,0.1486159712076187
531,RU-Poisson,ru_poisson,DIA-like,1,0.2129141092300415
531,RU-Poisson,ru_poisson,DeepRed-like,2,0.164214089512825
533,RU-Poisson,ru_poisson,SYTO16-like,0,0.16010461747646332
533,RU-Poisson,ru_poisson,DIA-like,1,0.1559005230665207
533,RU-Poisson,ru_poisson,DeepRed-like,2,0.18669486045837402
537,RU-Poisson,ru_poisson,SYTO16-like,0,0.14034920930862427
537,RU-Poisson,ru_poisson,DIA-like,1,0.17872539162635803
537,RU-Poisson,ru_poisson,DeepRed-like,2,0.18690794706344604
542,RU-Poisson,ru_poisson,SYTO16-like,0,0.2053280472755432
542,RU-Poisson,ru_poisson,DIA-like,1,0.20335404574871063
542,RU-Poisson,ru_poisson,DeepRed-like,2,0.2119574248790741
543,RU-Poisson,ru_poisson,SYTO16-like,0,0.17654533684253693
543,RU-Poisson,ru_poisson,DIA-like,1,0.1823955774307251
543,RU-Poisson,ru_poisson,DeepRed-like,2,0.19249624013900757
548,RU-Poisson,ru_poisson,SYTO16-like,0,0.13494589924812317
548,RU-Poisson,ru_poisson,DIA-like,1,0.14442823827266693
548,RU-Poisson,ru_poisson,DeepRed-like,2,0.14157968759536743
554,RU-Poisson,ru_poisson,SYTO16-like,0,0.24099667370319366
554,RU-Poisson,ru_poisson,DIA-like,1,0.21192263066768646
554,RU-Poisson,ru_poisson,DeepRed-like,2,0.19710329174995422
565,RU-Poisson,ru_poisson,SYTO16-like,0,0.19981026649475098
565,RU-Poisson,ru_poisson,DIA-like,1,0.1676315814256668
565,RU-Poisson,ru_poisson,DeepRed-like,2,0.24081295728683472
570,RU-Poisson,ru_poisson,SYTO16-like,0,0.15929141640663147
570,RU-Poisson,ru_poisson,DIA-like,1,0.18397198617458344
570,RU-Poisson,ru_poisson,DeepRed-like,2,0.2179236263036728
574,RU-Poisson,ru_poisson,SYTO16-like,0,0.19388946890830994
574,RU-Poisson,ru_poisson,DIA-like,1,0.20263825356960297
574,RU-Poisson,ru_poisson,DeepRed-like,2,0.2164655476808548
590,RU-Poisson,ru_poisson,SYTO16-like,0,0.15350227057933807
590,RU-Poisson,ru_poisson,DIA-like,1,0.1788235306739807
590,RU-Poisson,ru_poisson,DeepRed-like,2,0.19192852079868317
610,RU-Poisson,ru_poisson,SYTO16-like,0,0.16156817972660065
610,RU-Poisson,ru_poisson,DIA-like,1,0.17835521697998047
610,RU-Poisson,ru_poisson,DeepRed-like,2,0.15352118015289307
613,RU-Poisson,ru_poisson,SYTO16-like,0,0.1557416170835495
613,RU-Poisson,ru_poisson,DIA-like,1,0.18314719200134277
613,RU-Poisson,ru_poisson,DeepRed-like,2,0.1693522334098816
634,RU-Poisson,ru_poisson,SYTO16-like,0,0.1382896453142166
634,RU-Poisson,ru_poisson,DIA-like,1,0.1700725108385086
634,RU-Poisson,ru_poisson,DeepRed-like,2,0.1556653529405594
637,RU-Poisson,ru_poisson,SYTO16-like,0,0.1872292459011078
637,RU-Poisson,ru_poisson,DIA-like,1,0.20910537242889404
637,RU-Poisson,ru_poisson,DeepRed-like,2,0.23133356869220734
642,RU-Poisson,ru_poisson,SYTO16-like,0,0.21529929339885712
642,RU-Poisson,ru_poisson,DIA-like,1,0.17669956386089325
642,RU-Poisson,ru_poisson,DeepRed-like,2,0.18553049862384796
644,RU-Poisson,ru_poisson,SYTO16-like,0,0.175017312169075
644,RU-Poisson,ru_poisson,DIA-like,1,0.20212911069393158
644,RU-Poisson,ru_poisson,DeepRed-like,2,0.2101050615310669
663,RU-Poisson,ru_poisson,SYTO16-like,0,0.15681618452072144
663,RU-Poisson,ru_poisson,DIA-like,1,0.20499466359615326
663,RU-Poisson,ru_poisson,DeepRed-like,2,0.2643955647945404
670,RU-Poisson,ru_poisson,SYTO16-like,0,0.14843322336673737
670,RU-Poisson,ru_poisson,DIA-like,1,0.20789003372192383
670,RU-Poisson,ru_poisson,DeepRed-like,2,0.19406799972057343
676,RU-Poisson,ru_poisson,SYTO16-like,0,0.19901566207408905
676,RU-Poisson,ru_poisson,DIA-like,1,0.17034748196601868
676,RU-Poisson,ru_poisson,DeepRed-like,2,0.18589924275875092
680,RU-Poisson,ru_poisson,SYTO16-like,0,0.18039251863956451
680,RU-Poisson,ru_poisson,DIA-like,1,0.21733881533145905
680,RU-Poisson,ru_poisson,DeepRed-like,2,0.19122743606567383
686,RU-Poisson,ru_poisson,SYTO16-like,0,0.18972617387771606
686,RU-Poisson,ru_poisson,DIA-like,1,0.20636607706546783
686,RU-Poisson,ru_poisson,DeepRed-like,2,0.21315644681453705
695,RU-Poisson,ru_poisson,SYTO16-like,0,0.14329224824905396
695,RU-Poisson,ru_poisson,DIA-like,1,0.1641046106815338
695,RU-Poisson,ru_poisson,DeepRed-like,2,0.1879076510667801
707,RU-Poisson,ru_poisson,SYTO16-like,0,0.17071618139743805
707,RU-Poisson,ru_poisson,DIA-like,1,0.19633930921554565
707,RU-Poisson,ru_poisson,DeepRed-like,2,0.16036392748355865
711,RU-Poisson,ru_poisson,SYTO16-like,0,0.13801033794879913
711,RU-Poisson,ru_poisson,DIA-like,1,0.16545981168746948
711,RU-Poisson,ru_poisson,DeepRed-like,2,0.14882689714431763
712,RU-Poisson,ru_poisson,SYTO16-like,0,0.23367337882518768
712,RU-Poisson,ru_poisson,DIA-like,1,0.2571527361869812
712,RU-Poisson,ru_poisson,DeepRed-like,2,0.141433984041214
713,RU-Poisson,ru_poisson,SYTO16-like,0,0.13875441253185272
713,RU-Poisson,ru_poisson,DIA-like,1,0.18921855092048645
713,RU-Poisson,ru_poisson,DeepRed-like,2,0.20736630260944366
717,RU-Poisson,ru_poisson,SYTO16-like,0,0.24154546856880188
717,RU-Poisson,ru_poisson,DIA-like,1,0.22267061471939087
717,RU-Poisson,ru_poisson,DeepRed-like,2,0.24685810506343842
721,RU-Poisson,ru_poisson,SYTO16-like,0,0.13843956589698792
721,RU-Poisson,ru_poisson,DIA-like,1,0.35389408469200134
721,RU-Poisson,ru_poisson,DeepRed-like,2,0.23675639927387238
738,RU-Poisson,ru_poisson,SYTO16-like,0,0.16554632782936096
738,RU-Poisson,ru_poisson,DIA-like,1,0.15583057701587677
738,RU-Poisson,ru_poisson,DeepRed-like,2,0.20102690160274506
748,RU-Poisson,ru_poisson,SYTO16-like,0,0.15619085729122162
748,RU-Poisson,ru_poisson,DIA-like,1,0.17696484923362732
748,RU-Poisson,ru_poisson,DeepRed-like,2,0.11735794693231583
752,RU-Poisson,ru_poisson,SYTO16-like,0,0.15555480122566223
752,RU-Poisson,ru_poisson,DIA-like,1,0.19270499050617218
752,RU-Poisson,ru_poisson,DeepRed-like,2,0.16011404991149902
760,RU-Poisson,ru_poisson,SYTO16-like,0,0.22918559610843658
760,RU-Poisson,ru_poisson,DIA-like,1,0.2598482668399811
760,RU-Poisson,ru_poisson,DeepRed-like,2,0.23344357311725616
763,RU-Poisson,ru_poisson,SYTO16-like,0,0.16443313658237457
763,RU-Poisson,ru_poisson,DIA-like,1,0.20923379063606262
763,RU-Poisson,ru_poisson,DeepRed-like,2,0.242078959941864
770,RU-Poisson,ru_poisson,SYTO16-like,0,0.181472048163414
770,RU-Poisson,ru_poisson,DIA-like,1,0.20520462095737457
770,RU-Poisson,ru_poisson,DeepRed-like,2,0.19220106303691864
776,RU-Poisson,ru_poisson,SYTO16-like,0,0.1554815173149109
776,RU-Poisson,ru_poisson,DIA-like,1,0.2190861999988556
776,RU-Poisson,ru_poisson,DeepRed-like,2,0.2000591903924942
778,RU-Poisson,ru_poisson,SYTO16-like,0,0.17227429151535034
778,RU-Poisson,ru_poisson,DIA-like,1,0.18960174918174744
778,RU-Poisson,ru_poisson,DeepRed-like,2,0.186637744307518
782,RU-Poisson,ru_poisson,SYTO16-like,0,0.15197469294071198
782,RU-Poisson,ru_poisson,DIA-like,1,0.199060320854187
782,RU-Poisson,ru_poisson,DeepRed-like,2,0.19277937710285187
787,RU-Poisson,ru_poisson,SYTO16-like,0,0.13261841237545013
787,RU-Poisson,ru_poisson,DIA-like,1,0.17461563646793365
787,RU-Poisson,ru_poisson,DeepRed-like,2,0.19252286851406097
793,RU-Poisson,ru_poisson,SYTO16-like,0,0.18148921430110931
793,RU-Poisson,ru_poisson,DIA-like,1,0.25837138295173645
793,RU-Poisson,ru_poisson,DeepRed-like,2,0.22107547521591187
799,RU-Poisson,ru_poisson,SYTO16-like,0,0.17006492614746094
799,RU-Poisson,ru_poisson,DIA-like,1,0.21352674067020416
799,RU-Poisson,ru_poisson,DeepRed-like,2,0.2240041196346283
800,RU-Poisson,ru_poisson,SYTO16-like,0,0.15746131539344788
800,RU-Poisson,ru_poisson,DIA-like,1,0.20727072656154633
800,RU-Poisson,ru_poisson,DeepRed-like,2,0.1835375428199768
804,RU-Poisson,ru_poisson,SYTO16-like,0,0.1941979080438614
804,RU-Poisson,ru_poisson,DIA-like,1,0.237714484333992
804,RU-Poisson,ru_poisson,DeepRed-like,2,0.2031029462814331
810,RU-Poisson,ru_poisson,SYTO16-like,0,0.18348428606987
810,RU-Poisson,ru_poisson,DIA-like,1,0.19288605451583862
810,RU-Poisson,ru_poisson,DeepRed-like,2,0.22338616847991943
812,RU-Poisson,ru_poisson,SYTO16-like,0,0.12314730882644653
812,RU-Poisson,ru_poisson,DIA-like,1,0.20979464054107666
812,RU-Poisson,ru_poisson,DeepRed-like,2,0.19216661155223846
819,RU-Poisson,ru_poisson,SYTO16-like,0,0.1292322874069214
819,RU-Poisson,ru_poisson,DIA-like,1,0.15406598150730133
819,RU-Poisson,ru_poisson,DeepRed-like,2,0.1665811985731125
823,RU-Poisson,ru_poisson,SYTO16-like,0,0.1812230944633484
823,RU-Poisson,ru_poisson,DIA-like,1,0.1936112344264984
823,RU-Poisson,ru_poisson,DeepRed-like,2,0.18177099525928497
827,RU-Poisson,ru_poisson,SYTO16-like,0,0.15534406900405884
827,RU-Poisson,ru_poisson,DIA-like,1,0.2069479525089264
827,RU-Poisson,ru_poisson,DeepRed-like,2,0.15864121913909912
831,RU-Poisson,ru_poisson,SYTO16-like,0,0.1594645380973816
831,RU-Poisson,ru_poisson,DIA-like,1,0.19942262768745422
831,RU-Poisson,ru_poisson,DeepRed-like,2,0.20199859142303467
847,RU-Poisson,ru_poisson,SYTO16-like,0,0.15335457026958466
847,RU-Poisson,ru_poisson,DIA-like,1,0.1759071797132492
847,RU-Poisson,ru_poisson,DeepRed-like,2,0.17255379259586334
849,RU-Poisson,ru_poisson,SYTO16-like,0,0.19282782077789307
849,RU-Poisson,ru_poisson,DIA-like,1,0.22231855988502502
849,RU-Poisson,ru_poisson,DeepRed-like,2,0.26849570870399475
856,RU-Poisson,ru_poisson,SYTO16-like,0,0.1934681236743927
856,RU-Poisson,ru_poisson,DIA-like,1,0.2024698704481125
856,RU-Poisson,ru_poisson,DeepRed-like,2,0.23359347879886627
865,RU-Poisson,ru_poisson,SYTO16-like,0,0.22387997806072235
865,RU-Poisson,ru_poisson,DIA-like,1,0.19840936362743378
865,RU-Poisson,ru_poisson,DeepRed-like,2,0.23275244235992432
871,RU-Poisson,ru_poisson,SYTO16-like,0,0.20615743100643158
871,RU-Poisson,ru_poisson,DIA-like,1,0.2208237498998642
871,RU-Poisson,ru_poisson,DeepRed-like,2,0.21879880130290985
873,RU-Poisson,ru_poisson,SYTO16-like,0,0.17000946402549744
873,RU-Poisson,ru_poisson,DIA-like,1,0.21127277612686157
873,RU-Poisson,ru_poisson,DeepRed-like,2,0.2447790801525116
880,RU-Poisson,ru_poisson,SYTO16-like,0,0.22661182284355164
880,RU-Poisson,ru_poisson,DIA-like,1,0.19597633183002472
880,RU-Poisson,ru_poisson,DeepRed-like,2,0.177371546626091
884,RU-Poisson,ru_poisson,SYTO16-like,0,0.17551401257514954
884,RU-Poisson,ru_poisson,DIA-like,1,0.16130663454532623
884,RU-Poisson,ru_poisson,DeepRed-like,2,0.19938357174396515
887,RU-Poisson,ru_poisson,SYTO16-like,0,0.14506825804710388
887,RU-Poisson,ru_poisson,DIA-like,1,0.1852790117263794
887,RU-Poisson,ru_poisson,DeepRed-like,2,0.17557120323181152
893,RU-Poisson,ru_poisson,SYTO16-like,0,0.17854471504688263
893,RU-Poisson,ru_poisson,DIA-like,1,0.17163324356079102
893,RU-Poisson,ru_poisson,DeepRed-like,2,0.2041139304637909
906,RU-Poisson,ru_poisson,SYTO16-like,0,0.16674837470054626
906,RU-Poisson,ru_poisson,DIA-like,1,0.20456059277057648
906,RU-Poisson,ru_poisson,DeepRed-like,2,0.2546028792858124
909,RU-Poisson,ru_poisson,SYTO16-like,0,0.12526001036167145
909,RU-Poisson,ru_poisson,DIA-like,1,0.19158786535263062
909,RU-Poisson,ru_poisson,DeepRed-like,2,0.13845747709274292
910,RU-Poisson,ru_poisson,SYTO16-like,0,0.14208491146564484
910,RU-Poisson,ru_poisson,DIA-like,1,0.20193809270858765
910,RU-Poisson,ru_poisson,DeepRed-like,2,0.17963148653507233
913,RU-Poisson,ru_poisson,SYTO16-like,0,0.13271687924861908
913,RU-Poisson,ru_poisson,DIA-like,1,0.17711672186851501
913,RU-Poisson,ru_poisson,DeepRed-like,2,0.17063510417938232
916,RU-Poisson,ru_poisson,SYTO16-like,0,0.22742289304733276
916,RU-Poisson,ru_poisson,DIA-like,1,0.19568906724452972
916,RU-Poisson,ru_poisson,DeepRed-like,2,0.18276789784431458
927,RU-Poisson,ru_poisson,SYTO16-like,0,0.14431604743003845
927,RU-Poisson,ru_poisson,DIA-like,1,0.18028520047664642
927,RU-Poisson,ru_poisson,DeepRed-like,2,0.1978684663772583
930,RU-Poisson,ru_poisson,SYTO16-like,0,0.13267676532268524
930,RU-Poisson,ru_poisson,DIA-like,1,0.21045947074890137
930,RU-Poisson,ru_poisson,DeepRed-like,2,0.1944195032119751
939,RU-Poisson,ru_poisson,SYTO16-like,0,0.13697189092636108
939,RU-Poisson,ru_poisson,DIA-like,1,0.17449168860912323
939,RU-Poisson,ru_poisson,DeepRed-like,2,0.146442711353302
956,RU-Poisson,ru_poisson,SYTO16-like,0,0.14447814226150513
956,RU-Poisson,ru_poisson,DIA-like,1,0.17891865968704224
956,RU-Poisson,ru_poisson,DeepRed-like,2,0.16848959028720856
963,RU-Poisson,ru_poisson,SYTO16-like,0,0.17015035450458527
963,RU-Poisson,ru_poisson,DIA-like,1,0.19682826101779938
963,RU-Poisson,ru_poisson,DeepRed-like,2,0.18999728560447693
966,RU-Poisson,ru_poisson,SYTO16-like,0,0.13627837598323822
966,RU-Poisson,ru_poisson,DIA-like,1,0.15391786396503448
966,RU-Poisson,ru_poisson,DeepRed-like,2,0.12958374619483948
969,RU-Poisson,ru_poisson,SYTO16-like,0,0.14867959916591644
969,RU-Poisson,ru_poisson,DIA-like,1,0.15396931767463684
969,RU-Poisson,ru_poisson,DeepRed-like,2,0.21015200018882751
970,RU-Poisson,ru_poisson,SYTO16-like,0,0.24721388518810272
970,RU-Poisson,ru_poisson,DIA-like,1,0.2283233106136322
970,RU-Poisson,ru_poisson,DeepRed-like,2,0.2667730748653412
978,RU-Poisson,ru_poisson,SYTO16-like,0,0.22336986660957336
978,RU-Poisson,ru_poisson,DIA-like,1,0.2311655730009079
978,RU-Poisson,ru_poisson,DeepRed-like,2,0.21640276908874512
988,RU-Poisson,ru_poisson,SYTO16-like,0,0.21102328598499298
988,RU-Poisson,ru_poisson,DIA-like,1,0.16792340576648712
988,RU-Poisson,ru_poisson,DeepRed-like,2,0.1954132616519928
989,RU-Poisson,ru_poisson,SYTO16-like,0,0.1416771411895752
989,RU-Poisson,ru_poisson,DIA-like,1,0.20940542221069336
989,RU-Poisson,ru_poisson,DeepRed-like,2,0.1933019906282425
992,RU-Poisson,ru_poisson,SYTO16-like,0,0.1746683120727539
992,RU-Poisson,ru_poisson,DIA-like,1,0.26753494143486023
992,RU-Poisson,ru_poisson,DeepRed-like,2,0.23326382040977478
995,RU-Poisson,ru_poisson,SYTO16-like,0,0.1441231369972229
995,RU-Poisson,ru_poisson,DIA-like,1,0.201382577419281
995,RU-Poisson,ru_poisson,DeepRed-like,2,0.17287585139274597
1004,RU-Poisson,ru_poisson,SYTO16-like,0,0.2246556431055069
1004,RU-Poisson,ru_poisson,DIA-like,1,0.21845272183418274
1004,RU-Poisson,ru_poisson,DeepRed-like,2,0.23193074762821198
1008,RU-Poisson,ru_poisson,SYTO16-like,0,0.16946955025196075
1008,RU-Poisson,ru_poisson,DIA-like,1,0.14928758144378662
1008,RU-Poisson,ru_poisson,DeepRed-like,2,0.19539660215377808
1011,RU-Poisson,ru_poisson,SYTO16-like,0,0.15830101072788239
1011,RU-Poisson,ru_poisson,DIA-like,1,0.1872631013393402
1011,RU-Poisson,ru_poisson,DeepRed-like,2,0.19253495335578918
1013,RU-Poisson,ru_poisson,SYTO16-like,0,0.15924426913261414
1013,RU-Poisson,ru_poisson,DIA-like,1,0.187879279255867
1013,RU-Poisson,ru_poisson,DeepRed-like,2,0.18092525005340576
1018,RU-Poisson,ru_poisson,SYTO16-like,0,0.15696962177753448
1018,RU-Poisson,ru_poisson,DIA-like,1,0.16055595874786377
1018,RU-Poisson,ru_poisson,DeepRed-like,2,0.22023501992225647
1022,RU-Poisson,ru_poisson,SYTO16-like,0,0.1844378113746643
1022,RU-Poisson,ru_poisson,DIA-like,1,0.25255516171455383
1022,RU-Poisson,ru_poisson,DeepRed-like,2,0.23639941215515137
1045,RU-Poisson,ru_poisson,SYTO16-like,0,0.15306077897548676
1045,RU-Poisson,ru_poisson,DIA-like,1,0.24196183681488037
1045,RU-Poisson,ru_poisson,DeepRed-like,2,0.2088097482919693
1049,RU-Poisson,ru_poisson,SYTO16-like,0,0.17987565696239471
1049,RU-Poisson,ru_poisson,DIA-like,1,0.20760029554367065
1049,RU-Poisson,ru_poisson,DeepRed-like,2,0.19173724949359894
1051,RU-Poisson,ru_poisson,SYTO16-like,0,0.19038935005664825
1051,RU-Poisson,ru_poisson,DIA-like,1,0.20230260491371155
1051,RU-Poisson,ru_poisson,DeepRed-like,2,0.20099475979804993
1061,RU-Poisson,ru_poisson,SYTO16-like,0,0.2278430461883545
1061,RU-Poisson,ru_poisson,DIA-like,1,0.17807766795158386
1061,RU-Poisson,ru_poisson,DeepRed-like,2,0.19565118849277496
1063,RU-Poisson,ru_poisson,SYTO16-like,0,0.1637178212404251
1063,RU-Poisson,ru_poisson,DIA-like,1,0.2734852433204651
1063,RU-Poisson,ru_poisson,DeepRed-like,2,0.20903782546520233
1068,RU-Poisson,ru_poisson,SYTO16-like,0,0.4001202881336212
1068,RU-Poisson,ru_poisson,DIA-like,1,0.26079949736595154
1068,RU-Poisson,ru_poisson,DeepRed-like,2,0.28781089186668396
1076,RU-Poisson,ru_poisson,SYTO16-like,0,0.15607254207134247
1076,RU-Poisson,ru_poisson,DIA-like,1,0.42119139432907104
1076,RU-Poisson,ru_poisson,DeepRed-like,2,0.15882565081119537
1079,RU-Poisson,ru_poisson,SYTO16-like,0,0.16587555408477783
1079,RU-Poisson,ru_poisson,DIA-like,1,0.23229455947875977
1079,RU-Poisson,ru_poisson,DeepRed-like,2,0.22716772556304932
1084,RU-Poisson,ru_poisson,SYTO16-like,0,0.15624794363975525
1084,RU-Poisson,ru_poisson,DIA-like,1,0.2866641879081726
1084,RU-Poisson,ru_poisson,DeepRed-like,2,0.1861768662929535
1089,RU-Poisson,ru_poisson,SYTO16-like,0,0.14473100006580353
1089,RU-Poisson,ru_poisson,DIA-like,1,0.20758076012134552
1089,RU-Poisson,ru_poisson,DeepRed-like,2,0.22230198979377747
1090,RU-Poisson,ru_poisson,SYTO16-like,0,0.21742479503154755
1090,RU-Poisson,ru_poisson,DIA-like,1,0.2394428700208664
1090,RU-Poisson,ru_poisson,DeepRed-like,2,0.2554415464401245
1099,RU-Poisson,ru_poisson,SYTO16-like,0,0.16076800227165222
1099,RU-Poisson,ru_poisson,DIA-like,1,0.19770759344100952
1099,RU-Poisson,ru_poisson,DeepRed-like,2,0.17948061227798462
1114,RU-Poisson,ru_poisson,SYTO16-like,0,0.15129412710666656
1114,RU-Poisson,ru_poisson,DIA-like,1,0.21442091464996338
1114,RU-Poisson,ru_poisson,DeepRed-like,2,0.19441723823547363
1120,RU-Poisson,ru_poisson,SYTO16-like,0,0.21035288274288177
1120,RU-Poisson,ru_poisson,DIA-like,1,0.21428081393241882
1120,RU-Poisson,ru_poisson,DeepRed-like,2,0.20569169521331787
1121,RU-Poisson,ru_poisson,SYTO16-like,0,0.24335011839866638
1121,RU-Poisson,ru_poisson,DIA-like,1,0.1597391664981842
1121,RU-Poisson,ru_poisson,DeepRed-like,2,0.18217195570468903
1134,RU-Poisson,ru_poisson,SYTO16-like,0,0.17059172689914703
1134,RU-Poisson,ru_poisson,DIA-like,1,0.23187343776226044
1134,RU-Poisson,ru_poisson,DeepRed-like,2,0.27184340357780457
1177,RU-Poisson,ru_poisson,SYTO16-like,0,0.2057802975177765
1177,RU-Poisson,ru_poisson,DIA-like,1,0.18895918130874634
1177,RU-Poisson,ru_poisson,DeepRed-like,2,0.22392669320106506
1178,RU-Poisson,ru_poisson,SYTO16-like,0,0.16872571408748627
1178,RU-Poisson,ru_poisson,DIA-like,1,0.14389680325984955
1178,RU-Poisson,ru_poisson,DeepRed-like,2,0.17328815162181854
1183,RU-Poisson,ru_poisson,SYTO16-like,0,0.12624619901180267
1183,RU-Poisson,ru_poisson,DIA-like,1,0.1569339781999588
1183,RU-Poisson,ru_poisson,DeepRed-like,2,0.156056210398674
1193,RU-Poisson,ru_poisson,SYTO16-like,0,0.14473189413547516
1193,RU-Poisson,ru_poisson,DIA-like,1,0.1833483874797821
1193,RU-Poisson,ru_poisson,DeepRed-like,2,0.19208647310733795
1204,RU-Poisson,ru_poisson,SYTO16-like,0,0.20989137887954712
1204,RU-Poisson,ru_poisson,DIA-like,1,0.2513968050479889
1204,RU-Poisson,ru_poisson,DeepRed-like,2,0.1942809671163559
1208,RU-Poisson,ru_poisson,SYTO16-like,0,0.19713257253170013
1208,RU-Poisson,ru_poisson,DIA-like,1,0.23738738894462585
1208,RU-Poisson,ru_poisson,DeepRed-like,2,0.1776002198457718
1213,RU-Poisson,ru_poisson,SYTO16-like,0,0.18538852035999298
1213,RU-Poisson,ru_poisson,DIA-like,1,0.3190933167934418
1213,RU-Poisson,ru_poisson,DeepRed-like,2,0.19809143245220184
1231,RU-Poisson,ru_poisson,SYTO16-like,0,0.17145906388759613
1231,RU-Poisson,ru_poisson,DIA-like,1,0.19156286120414734
1231,RU-Poisson,ru_poisson,DeepRed-like,2,0.26299557089805603
1232,RU-Poisson,ru_poisson,SYTO16-like,0,0.16842955350875854
1232,RU-Poisson,ru_poisson,DIA-like,1,0.1816917061805725
1232,RU-Poisson,ru_poisson,DeepRed-like,2,0.18094976246356964
1233,RU-Poisson,ru_poisson,SYTO16-like,0,0.19348397850990295
1233,RU-Poisson,ru_poisson,DIA-like,1,0.21834339201450348
1233,RU-Poisson,ru_poisson,DeepRed-like,2,0.21233168244361877
1238,RU-Poisson,ru_poisson,SYTO16-like,0,0.13553422689437866
1238,RU-Poisson,ru_poisson,DIA-like,1,0.17054779827594757
1238,RU-Poisson,ru_poisson,DeepRed-like,2,0.17864039540290833
1240,RU-Poisson,ru_poisson,SYTO16-like,0,0.1719377040863037
1240,RU-Poisson,ru_poisson,DIA-like,1,0.2668675184249878
1240,RU-Poisson,ru_poisson,DeepRed-like,2,0.2070939689874649
1243,RU-Poisson,ru_poisson,SYTO16-like,0,0.1758354902267456
1243,RU-Poisson,ru_poisson,DIA-like,1,0.23463158309459686
1243,RU-Poisson,ru_poisson,DeepRed-like,2,0.20521746575832367
1260,RU-Poisson,ru_poisson,SYTO16-like,0,0.15641289949417114
1260,RU-Poisson,ru_poisson,DIA-like,1,0.24383895099163055
1260,RU-Poisson,ru_poisson,DeepRed-like,2,0.2074878215789795
1267,RU-Poisson,ru_poisson,SYTO16-like,0,0.1768007129430771
1267,RU-Poisson,ru_poisson,DIA-like,1,0.2077009379863739
1267,RU-Poisson,ru_poisson,DeepRed-like,2,0.21552954614162445
1268,RU-Poisson,ru_poisson,SYTO16-like,0,0.15927036106586456
1268,RU-Poisson,ru_poisson,DIA-like,1,0.1779479682445526
1268,RU-Poisson,ru_poisson,DeepRed-like,2,0.19296200573444366
1274,RU-Poisson,ru_poisson,SYTO16-like,0,0.19141484797000885
1274,RU-Poisson,ru_poisson,DIA-like,1,0.2282685935497284
1274,RU-Poisson,ru_poisson,DeepRed-like,2,0.21412977576255798
1281,RU-Poisson,ru_poisson,SYTO16-like,0,0.13448552787303925
1281,RU-Poisson,ru_poisson,DIA-like,1,0.14978142082691193
1281,RU-Poisson,ru_poisson,DeepRed-like,2,0.14389726519584656
1297,RU-Poisson,ru_poisson,SYTO16-like,0,0.1531132459640503
1297,RU-Poisson,ru_poisson,DIA-like,1,0.15728306770324707
1297,RU-Poisson,ru_poisson,DeepRed-like,2,0.1461835652589798
1307,RU-Poisson,ru_poisson,SYTO16-like,0,0.1548820286989212
1307,RU-Poisson,ru_poisson,DIA-like,1,0.21235796809196472
1307,RU-Poisson,ru_poisson,DeepRed-like,2,0.1859252154827118
1313,RU-Poisson,ru_poisson,SYTO16-like,0,0.14448034763336182
1313,RU-Poisson,ru_poisson,DIA-like,1,0.1748291552066803
1313,RU-Poisson,ru_poisson,DeepRed-like,2,0.1571330577135086
1330,RU-Poisson,ru_poisson,SYTO16-like,0,0.1773095428943634
1330,RU-Poisson,ru_poisson,DIA-like,1,0.167493999004364
1330,RU-Poisson,ru_poisson,DeepRed-like,2,0.15416783094406128
1334,RU-Poisson,ru_poisson,SYTO16-like,0,0.1685471087694168
1334,RU-Poisson,ru_poisson,DIA-like,1,0.2251138836145401
1334,RU-Poisson,ru_poisson,DeepRed-like,2,0.2972606420516968
1346,RU-Poisson,ru_poisson,SYTO16-like,0,0.16173876821994781
1346,RU-Poisson,ru_poisson,DIA-like,1,0.18663151562213898
1346,RU-Poisson,ru_poisson,DeepRed-like,2,0.16133421659469604
1348,RU-Poisson,ru_poisson,SYTO16-like,0,0.1704173982143402
1348,RU-Poisson,ru_poisson,DIA-like,1,0.2813851237297058
1348,RU-Poisson,ru_poisson,DeepRed-like,2,0.20795930922031403
1355,RU-Poisson,ru_poisson,SYTO16-like,0,0.16798071563243866
1355,RU-Poisson,ru_poisson,DIA-like,1,0.16993792355060577
1355,RU-Poisson,ru_poisson,DeepRed-like,2,0.13854381442070007
1363,RU-Poisson,ru_poisson,SYTO16-like,0,0.18029296398162842
1363,RU-Poisson,ru_poisson,DIA-like,1,0.2183171510696411
1363,RU-Poisson,ru_poisson,DeepRed-like,2,0.21847717463970184
1366,RU-Poisson,ru_poisson,SYTO16-like,0,0.1418001502752304
1366,RU-Poisson,ru_poisson,DIA-like,1,0.18959186971187592
1366,RU-Poisson,ru_poisson,DeepRed-like,2,0.21602046489715576
1391,RU-Poisson,ru_poisson,SYTO16-like,0,0.15705828368663788
1391,RU-Poisson,ru_poisson,DIA-like,1,0.21272815763950348
1391,RU-Poisson,ru_poisson,DeepRed-like,2,0.2213032841682434
1400,RU-Poisson,ru_poisson,SYTO16-like,0,0.1573965698480606
1400,RU-Poisson,ru_poisson,DIA-like,1,0.1557704508304596
1400,RU-Poisson,ru_poisson,DeepRed-like,2,0.15287958085536957
1411,RU-Poisson,ru_poisson,SYTO16-like,0,0.16879470646381378
1411,RU-Poisson,ru_poisson,DIA-like,1,0.1714867353439331
1411,RU-Poisson,ru_poisson,DeepRed-like,2,0.23029425740242004
1413,RU-Poisson,ru_poisson,SYTO16-like,0,0.18666742742061615
1413,RU-Poisson,ru_poisson,DIA-like,1,0.24052035808563232
1413,RU-Poisson,ru_poisson,DeepRed-like,2,0.17588086426258087
1422,RU-Poisson,ru_poisson,SYTO16-like,0,0.14310577511787415
1422,RU-Poisson,ru_poisson,DIA-like,1,0.19630824029445648
1422,RU-Poisson,ru_poisson,DeepRed-like,2,0.1916101723909378
1425,RU-Poisson,ru_poisson,SYTO16-like,0,0.1680772602558136
1425,RU-Poisson,ru_poisson,DIA-like,1,0.13834790885448456
1425,RU-Poisson,ru_poisson,DeepRed-like,2,0.17925581336021423
1434,RU-Poisson,ru_poisson,SYTO16-like,0,0.18894927203655243
1434,RU-Poisson,ru_poisson,DIA-like,1,0.1912999302148819
1434,RU-Poisson,ru_poisson,DeepRed-like,2,0.1788676381111145
1441,RU-Poisson,ru_poisson,SYTO16-like,0,0.15570341050624847
1441,RU-Poisson,ru_poisson,DIA-like,1,0.4177670478820801
1441,RU-Poisson,ru_poisson,DeepRed-like,2,0.22918842732906342
1447,RU-Poisson,ru_poisson,SYTO16-like,0,0.13987033069133759
1447,RU-Poisson,ru_poisson,DIA-like,1,0.17639397084712982
1447,RU-Poisson,ru_poisson,DeepRed-like,2,0.12999233603477478
1458,RU-Poisson,ru_poisson,SYTO16-like,0,0.1563536375761032
1458,RU-Poisson,ru_poisson,DIA-like,1,0.20073820650577545
1458,RU-Poisson,ru_poisson,DeepRed-like,2,0.19734038412570953
1471,RU-Poisson,ru_poisson,SYTO16-like,0,0.17013077437877655
1471,RU-Poisson,ru_poisson,DIA-like,1,0.16188815236091614
1471,RU-Poisson,ru_poisson,DeepRed-like,2,0.18447619676589966
1481,RU-Poisson,ru_poisson,SYTO16-like,0,0.14244909584522247
1481,RU-Poisson,ru_poisson,DIA-like,1,0.2110506296157837
1481,RU-Poisson,ru_poisson,DeepRed-like,2,0.1838008314371109
1499,RU-Poisson,ru_poisson,SYTO16-like,0,0.14029665291309357
1499,RU-Poisson,ru_poisson,DIA-like,1,0.19892822206020355
1499,RU-Poisson,ru_poisson,DeepRed-like,2,0.15534314513206482
1506,RU-Poisson,ru_poisson,SYTO16-like,0,0.23673725128173828
1506,RU-Poisson,ru_poisson,DIA-like,1,0.23621803522109985
1506,RU-Poisson,ru_poisson,DeepRed-like,2,0.25072669982910156
1511,RU-Poisson,ru_poisson,SYTO16-like,0,0.17526346445083618
1511,RU-Poisson,ru_poisson,DIA-like,1,0.21023333072662354
1511,RU-Poisson,ru_poisson,DeepRed-like,2,0.2327457219362259
1512,RU-Poisson,ru_poisson,SYTO16-like,0,0.17610108852386475
1512,RU-Poisson,ru_poisson,DIA-like,1,0.2791304290294647
1512,RU-Poisson,ru_poisson,DeepRed-like,2,0.18785978853702545
1515,RU-Poisson,ru_poisson,SYTO16-like,0,0.18833738565444946
1515,RU-Poisson,ru_poisson,DIA-like,1,0.18021126091480255
1515,RU-Poisson,ru_poisson,DeepRed-like,2,0.17567557096481323
1522,RU-Poisson,ru_poisson,SYTO16-like,0,0.1952832043170929
1522,RU-Poisson,ru_poisson,DIA-like,1,0.174767404794693
1522,RU-Poisson,ru_poisson,DeepRed-like,2,0.16214995086193085
1525,RU-Poisson,ru_poisson,SYTO16-like,0,0.1435757726430893
1525,RU-Poisson,ru_poisson,DIA-like,1,0.2079939991235733
1525,RU-Poisson,ru_poisson,DeepRed-like,2,0.1919085830450058
1536,RU-Poisson,ru_poisson,SYTO16-like,0,0.13952559232711792
1536,RU-Poisson,ru_poisson,DIA-like,1,0.16924521327018738
1536,RU-Poisson,ru_poisson,DeepRed-like,2,0.21123190224170685
1541,RU-Poisson,ru_poisson,SYTO16-like,0,0.2522348463535309
1541,RU-Poisson,ru_poisson,DIA-like,1,0.19988420605659485
1541,RU-Poisson,ru_poisson,DeepRed-like,2,0.24888619780540466
1543,RU-Poisson,ru_poisson,SYTO16-like,0,0.21311843395233154
1543,RU-Poisson,ru_poisson,DIA-like,1,0.2095457911491394
1543,RU-Poisson,ru_poisson,DeepRed-like,2,0.16968287527561188
1546,RU-Poisson,ru_poisson,SYTO16-like,0,0.1748328059911728
1546,RU-Poisson,ru_poisson,DIA-like,1,0.2051156759262085
1546,RU-Poisson,ru_poisson,DeepRed-like,2,0.14954455196857452
1551,RU-Poisson,ru_poisson,SYTO16-like,0,0.15434309840202332
1551,RU-Poisson,ru_poisson,DIA-like,1,0.15987055003643036
1551,RU-Poisson,ru_poisson,DeepRed-like,2,0.18191023170948029
1553,RU-Poisson,ru_poisson,SYTO16-like,0,0.1833459734916687
1553,RU-Poisson,ru_poisson,DIA-like,1,0.2024524062871933
1553,RU-Poisson,ru_poisson,DeepRed-like,2,0.1960151642560959
1559,RU-Poisson,ru_poisson,SYTO16-like,0,0.20725975930690765
1559,RU-Poisson,ru_poisson,DIA-like,1,0.1799420416355133
1559,RU-Poisson,ru_poisson,DeepRed-like,2,0.21844317018985748
1562,RU-Poisson,ru_poisson,SYTO16-like,0,0.1252869963645935
1562,RU-Poisson,ru_poisson,DIA-like,1,0.13371308147907257
1562,RU-Poisson,ru_poisson,DeepRed-like,2,0.12982386350631714
1563,RU-Poisson,ru_poisson,SYTO16-like,0,0.23747484385967255
1563,RU-Poisson,ru_poisson,DIA-like,1,0.2189657986164093
1563,RU-Poisson,ru_poisson,DeepRed-like,2,0.20696903765201569
1581,RU-Poisson,ru_poisson,SYTO16-like,0,0.17822763323783875
1581,RU-Poisson,ru_poisson,DIA-like,1,0.19857054948806763
1581,RU-Poisson,ru_poisson,DeepRed-like,2,0.2334243506193161
1613,RU-Poisson,ru_poisson,SYTO16-like,0,0.13113796710968018
1613,RU-Poisson,ru_poisson,DIA-like,1,0.21418170630931854
1613,RU-Poisson,ru_poisson,DeepRed-like,2,0.188118577003479
1619,RU-Poisson,ru_poisson,SYTO16-like,0,0.11333100497722626
1619,RU-Poisson,ru_poisson,DIA-like,1,0.18368861079216003
1619,RU-Poisson,ru_poisson,DeepRed-like,2,0.16899266839027405
1622,RU-Poisson,ru_poisson,SYTO16-like,0,0.19797390699386597
1622,RU-Poisson,ru_poisson,DIA-like,1,0.2267056107521057
1622,RU-Poisson,ru_poisson,DeepRed-like,2,0.20610836148262024
1624,RU-Poisson,ru_poisson,SYTO16-like,0,0.12403073161840439
1624,RU-Poisson,ru_poisson,DIA-like,1,0.19663400948047638
1624,RU-Poisson,ru_poisson,DeepRed-like,2,0.15928447246551514
1634,RU-Poisson,ru_poisson,SYTO16-like,0,0.17060399055480957
1634,RU-Poisson,ru_poisson,DIA-like,1,0.21864739060401917
1634,RU-Poisson,ru_poisson,DeepRed-like,2,0.1914171725511551
1644,RU-Poisson,ru_poisson,SYTO16-like,0,0.20206451416015625
1644,RU-Poisson,ru_poisson,DIA-like,1,0.27388492226600647
1644,RU-Poisson,ru_poisson,DeepRed-like,2,0.2200465053319931
1645,RU-Poisson,ru_poisson,SYTO16-like,0,0.1828613132238388
1645,RU-Poisson,ru_poisson,DIA-like,1,0.24234971404075623
1645,RU-Poisson,ru_poisson,DeepRed-like,2,0.17267575860023499
1663,RU-Poisson,ru_poisson,SYTO16-like,0,0.1443869024515152
1663,RU-Poisson,ru_poisson,DIA-like,1,0.17638449370861053
1663,RU-Poisson,ru_poisson,DeepRed-like,2,0.195392906665802
1673,RU-Poisson,ru_poisson,SYTO16-like,0,0.1236506924033165
1673,RU-Poisson,ru_poisson,DIA-like,1,0.1551206111907959
1673,RU-Poisson,ru_poisson,DeepRed-like,2,0.14041124284267426
1684,RU-Poisson,ru_poisson,SYTO16-like,0,0.16070915758609772
1684,RU-Poisson,ru_poisson,DIA-like,1,0.19991435110569
1684,RU-Poisson,ru_poisson,DeepRed-like,2,0.20765821635723114
1685,RU-Poisson,ru_poisson,SYTO16-like,0,0.14880970120429993
1685,RU-Poisson,ru_poisson,DIA-like,1,0.17860862612724304
1685,RU-Poisson,ru_poisson,DeepRed-like,2,0.17286860942840576
1694,RU-Poisson,ru_poisson,SYTO16-like,0,0.18931245803833008
1694,RU-Poisson,ru_poisson,DIA-like,1,0.2273688018321991
1694,RU-Poisson,ru_poisson,DeepRed-like,2,0.19297488033771515
1697,RU-Poisson,ru_poisson,SYTO16-like,0,0.12650947272777557
1697,RU-Poisson,ru_poisson,DIA-like,1,0.15969792008399963
1697,RU-Poisson,ru_poisson,DeepRed-like,2,0.20780028402805328
1698,RU-Poisson,ru_poisson,SYTO16-like,0,0.1628282070159912
1698,RU-Poisson,ru_poisson,DIA-like,1,0.17934571206569672
1698,RU-Poisson,ru_poisson,DeepRed-like,2,0.16862212121486664
1700,RU-Poisson,ru_poisson,SYTO16-like,0,0.20655854046344757
1700,RU-Poisson,ru_poisson,DIA-like,1,0.15721039474010468
1700,RU-Poisson,ru_poisson,DeepRed-like,2,0.15921913087368011
1715,RU-Poisson,ru_poisson,SYTO16-like,0,0.1629652976989746
1715,RU-Poisson,ru_poisson,DIA-like,1,0.1798233985900879
1715,RU-Poisson,ru_poisson,DeepRed-like,2,0.2237488031387329
1721,RU-Poisson,ru_poisson,SYTO16-like,0,0.15182210505008698
1721,RU-Poisson,ru_poisson,DIA-like,1,0.15160000324249268
1721,RU-Poisson,ru_poisson,DeepRed-like,2,0.11690504103899002
1724,RU-Poisson,ru_poisson,SYTO16-like,0,0.17201732099056244
1724,RU-Poisson,ru_poisson,DIA-like,1,0.16804656386375427
1724,RU-Poisson,ru_poisson,DeepRed-like,2,0.16821052134037018
1727,RU-Poisson,ru_poisson,SYTO16-like,0,0.14073336124420166
1727,RU-Poisson,ru_poisson,DIA-like,1,0.17934173345565796
1727,RU-Poisson,ru_poisson,DeepRed-like,2,0.1698443740606308
1729,RU-Poisson,ru_poisson,SYTO16-like,0,0.15523266792297363
1729,RU-Poisson,ru_poisson,DIA-like,1,0.23816944658756256
1729,RU-Poisson,ru_poisson,DeepRed-like,2,0.21210996806621552
1741,RU-Poisson,ru_poisson,SYTO16-like,0,0.1912742704153061
1741,RU-Poisson,ru_poisson,DIA-like,1,0.17693260312080383
1741,RU-Poisson,ru_poisson,DeepRed-like,2,0.22054938971996307
1760,RU-Poisson,ru_poisson,SYTO16-like,0,0.1866912692785263
1760,RU-Poisson,ru_poisson,DIA-like,1,0.19740675389766693
1760,RU-Poisson,ru_poisson,DeepRed-like,2,0.14226815104484558
1761,RU-Poisson,ru_poisson,SYTO16-like,0,0.14943291246891022
1761,RU-Poisson,ru_poisson,DIA-like,1,0.19289904832839966
1761,RU-Poisson,ru_poisson,DeepRed-like,2,0.2186436951160431
1763,RU-Poisson,ru_poisson,SYTO16-like,0,0.18676890432834625
1763,RU-Poisson,ru_poisson,DIA-like,1,0.26373687386512756
1763,RU-Poisson,ru_poisson,DeepRed-like,2,0.20095394551753998
1765,RU-Poisson,ru_poisson,SYTO16-like,0,0.20697075128555298
1765,RU-Poisson,ru_poisson,DIA-like,1,0.3174557685852051
1765,RU-Poisson,ru_poisson,DeepRed-like,2,0.16611096262931824
1773,RU-Poisson,ru_poisson,SYTO16-like,0,0.12632207572460175
1773,RU-Poisson,ru_poisson,DIA-like,1,0.19128985702991486
1773,RU-Poisson,ru_poisson,DeepRed-like,2,0.18941466510295868
1782,RU-Poisson,ru_poisson,SYTO16-like,0,0.1334759145975113
1782,RU-Poisson,ru_poisson,DIA-like,1,0.12663790583610535
1782,RU-Poisson,ru_poisson,DeepRed-like,2,0.091758131980896
1784,RU-Poisson,ru_poisson,SYTO16-like,0,0.16924545168876648
1784,RU-Poisson,ru_poisson,DIA-like,1,0.22157953679561615
1784,RU-Poisson,ru_poisson,DeepRed-like,2,0.2058907300233841
1791,RU-Poisson,ru_poisson,SYTO16-like,0,0.13412874937057495
1791,RU-Poisson,ru_poisson,DIA-like,1,0.15278592705726624
1791,RU-Poisson,ru_poisson,DeepRed-like,2,0.1775227040052414
1798,RU-Poisson,ru_poisson,SYTO16-like,0,0.1530451625585556
1798,RU-Poisson,ru_poisson,DIA-like,1,0.208475723862648
1798,RU-Poisson,ru_poisson,DeepRed-like,2,0.19176319241523743
1804,RU-Poisson,ru_poisson,SYTO16-like,0,0.17275811731815338
1804,RU-Poisson,ru_poisson,DIA-like,1,0.16684705018997192
1804,RU-Poisson,ru_poisson,DeepRed-like,2,0.22835920751094818
1812,RU-Poisson,ru_poisson,SYTO16-like,0,0.19140608608722687
1812,RU-Poisson,ru_poisson,DIA-like,1,0.19413700699806213
1812,RU-Poisson,ru_poisson,DeepRed-like,2,0.20940086245536804
1814,RU-Poisson,ru_poisson,SYTO16-like,0,0.18978022038936615
1814,RU-Poisson,ru_poisson,DIA-like,1,0.19686874747276306
1814,RU-Poisson,ru_poisson,DeepRed-like,2,0.21590641140937805
1819,RU-Poisson,ru_poisson,SYTO16-like,0,0.15305474400520325
1819,RU-Poisson,ru_poisson,DIA-like,1,0.19938631355762482
1819,RU-Poisson,ru_poisson,DeepRed-like,2,0.25094708800315857
1824,RU-Poisson,ru_poisson,SYTO16-like,0,0.1597318798303604
1824,RU-Poisson,ru_poisson,DIA-like,1,0.19540229439735413
1824,RU-Poisson,ru_poisson,DeepRed-like,2,0.20004355907440186
1831,RU-Poisson,ru_poisson,SYTO16-like,0,0.15759864449501038
1831,RU-Poisson,ru_poisson,DIA-like,1,0.2398301213979721
1831,RU-Poisson,ru_poisson,DeepRed-like,2,0.2002592831850052
1833,RU-Poisson,ru_poisson,SYTO16-like,0,0.1717611849308014
1833,RU-Poisson,ru_poisson,DIA-like,1,0.19306910037994385
1833,RU-Poisson,ru_poisson,DeepRed-like,2,0.19707781076431274
1841,RU-Poisson,ru_poisson,SYTO16-like,0,0.16468144953250885
1841,RU-Poisson,ru_poisson,DIA-like,1,0.23571327328681946
1841,RU-Poisson,ru_poisson,DeepRed-like,2,0.23101823031902313
1843,RU-Poisson,ru_poisson,SYTO16-like,0,0.28587761521339417
1843,RU-Poisson,ru_poisson,DIA-like,1,0.2764383852481842
1843,RU-Poisson,ru_poisson,DeepRed-like,2,0.2044162005186081
1868,RU-Poisson,ru_poisson,SYTO16-like,0,0.18108347058296204
1868,RU-Poisson,ru_poisson,DIA-like,1,0.2374720275402069
1868,RU-Poisson,ru_poisson,DeepRed-like,2,0.2101552039384842
1871,RU-Poisson,ru_poisson,SYTO16-like,0,0.17965422570705414
1871,RU-Poisson,ru_poisson,DIA-like,1,0.18718062341213226
1871,RU-Poisson,ru_poisson,DeepRed-like,2,0.2341862916946411
1881,RU-Poisson,ru_poisson,SYTO16-like,0,0.19568602740764618
1881,RU-Poisson,ru_poisson,DIA-like,1,0.3128098249435425
1881,RU-Poisson,ru_poisson,DeepRed-like,2,0.1924578845500946
1882,RU-Poisson,ru_poisson,SYTO16-like,0,0.1265571415424347
1882,RU-Poisson,ru_poisson,DIA-like,1,0.14747576415538788
1882,RU-Poisson,ru_poisson,DeepRed-like,2,0.16040882468223572
1888,RU-Poisson,ru_poisson,SYTO16-like,0,0.15859182178974152
1888,RU-Poisson,ru_poisson,DIA-like,1,0.31378015875816345
1888,RU-Poisson,ru_poisson,DeepRed-like,2,0.2180350422859192
1911,RU-Poisson,ru_poisson,SYTO16-like,0,0.1692112237215042
1911,RU-Poisson,ru_poisson,DIA-like,1,0.2587359845638275
1911,RU-Poisson,ru_poisson,DeepRed-like,2,0.2371155023574829
1919,RU-Poisson,ru_poisson,SYTO16-like,0,0.1452634036540985
1919,RU-Poisson,ru_poisson,DIA-like,1,0.1736566424369812
1919,RU-Poisson,ru_poisson,DeepRed-like,2,0.14430712163448334
1935,RU-Poisson,ru_poisson,SYTO16-like,0,0.21589653193950653
1935,RU-Poisson,ru_poisson,DIA-like,1,0.22785232961177826
1935,RU-Poisson,ru_poisson,DeepRed-like,2,0.1752455085515976
1942,RU-Poisson,ru_poisson,SYTO16-like,0,0.15679879486560822
1942,RU-Poisson,ru_poisson,DIA-like,1,0.18288441002368927
1942,RU-Poisson,ru_poisson,DeepRed-like,2,0.1930476874113083
1943,RU-Poisson,ru_poisson,SYTO16-like,0,0.15046387910842896
1943,RU-Poisson,ru_poisson,DIA-like,1,0.1915138214826584
1943,RU-Poisson,ru_poisson,DeepRed-like,2,0.211782306432724
1963,RU-Poisson,ru_poisson,SYTO16-like,0,0.15006910264492035
1963,RU-Poisson,ru_poisson,DIA-like,1,0.21934649348258972
1963,RU-Poisson,ru_poisson,DeepRed-like,2,0.21227209270000458
1968,RU-Poisson,ru_poisson,SYTO16-like,0,0.15224072337150574
1968,RU-Poisson,ru_poisson,DIA-like,1,0.17941690981388092
1968,RU-Poisson,ru_poisson,DeepRed-like,2,0.19533699750900269
1985,RU-Poisson,ru_poisson,SYTO16-like,0,0.13631494343280792
1985,RU-Poisson,ru_poisson,DIA-like,1,0.15756107866764069
1985,RU-Poisson,ru_poisson,DeepRed-like,2,0.23427924513816833
1999,RU-Poisson,ru_poisson,SYTO16-like,0,0.16217051446437836
1999,RU-Poisson,ru_poisson,DIA-like,1,0.22393286228179932
1999,RU-Poisson,ru_poisson,DeepRed-like,2,0.2587805688381195
2000,RU-Poisson,ru_poisson,SYTO16-like,0,0.18359966576099396
2000,RU-Poisson,ru_poisson,DIA-like,1,0.19139426946640015
2000,RU-Poisson,ru_poisson,DeepRed-like,2,0.2606920003890991
2002,RU-Poisson,ru_poisson,SYTO16-like,0,0.1590130478143692
2002,RU-Poisson,ru_poisson,DIA-like,1,0.24001458287239075
2002,RU-Poisson,ru_poisson,DeepRed-like,2,0.2198682278394699
2003,RU-Poisson,ru_poisson,SYTO16-like,0,0.1436404585838318
2003,RU-Poisson,ru_poisson,DIA-like,1,0.18298380076885223
2003,RU-Poisson,ru_poisson,DeepRed-like,2,0.20333445072174072
2015,RU-Poisson,ru_poisson,SYTO16-like,0,0.13879209756851196
2015,RU-Poisson,ru_poisson,DIA-like,1,0.1767229288816452
2015,RU-Poisson,ru_poisson,DeepRed-like,2,0.16193006932735443
2020,RU-Poisson,ru_poisson,SYTO16-like,0,0.15429742634296417
2020,RU-Poisson,ru_poisson,DIA-like,1,0.191554456949234
2020,RU-Poisson,ru_poisson,DeepRed-like,2,0.2148575335741043
2021,RU-Poisson,ru_poisson,SYTO16-like,0,0.14359499514102936
2021,RU-Poisson,ru_poisson,DIA-like,1,0.24988900125026703
2021,RU-Poisson,ru_poisson,DeepRed-like,2,0.19079796969890594
2026,RU-Poisson,ru_poisson,SYTO16-like,0,0.19981281459331512
2026,RU-Poisson,ru_poisson,DIA-like,1,0.18657128512859344
2026,RU-Poisson,ru_poisson,DeepRed-like,2,0.2271900773048401
2028,RU-Poisson,ru_poisson,SYTO16-like,0,0.15521475672721863
2028,RU-Poisson,ru_poisson,DIA-like,1,0.21529725193977356
2028,RU-Poisson,ru_poisson,DeepRed-like,2,0.18616047501564026
2034,RU-Poisson,ru_poisson,SYTO16-like,0,0.17734003067016602
2034,RU-Poisson,ru_poisson,DIA-like,1,0.20381005108356476
2034,RU-Poisson,ru_poisson,DeepRed-like,2,0.1755230724811554
2038,RU-Poisson,ru_poisson,SYTO16-like,0,0.13678693771362305
2038,RU-Poisson,ru_poisson,DIA-like,1,0.14056140184402466
2038,RU-Poisson,ru_poisson,DeepRed-like,2,0.18348628282546997
2060,RU-Poisson,ru_poisson,SYTO16-like,0,0.16939544677734375
2060,RU-Poisson,ru_poisson,DIA-like,1,0.20574450492858887
2060,RU-Poisson,ru_poisson,DeepRed-like,2,0.23945002257823944
2075,RU-Poisson,ru_poisson,SYTO16-like,0,0.20344242453575134
2075,RU-Poisson,ru_poisson,DIA-like,1,0.17474164068698883
2075,RU-Poisson,ru_poisson,DeepRed-like,2,0.22337666153907776
2078,RU-Poisson,ru_poisson,SYTO16-like,0,0.16797903180122375
2078,RU-Poisson,ru_poisson,DIA-like,1,0.22788488864898682
2078,RU-Poisson,ru_poisson,DeepRed-like,2,0.19417157769203186
2081,RU-Poisson,ru_poisson,SYTO16-like,0,0.1450522243976593
2081,RU-Poisson,ru_poisson,DIA-like,1,0.1452546864748001
2081,RU-Poisson,ru_poisson,DeepRed-like,2,0.14000529050827026
2095,RU-Poisson,ru_poisson,SYTO16-like,0,0.15338383615016937
2095,RU-Poisson,ru_poisson,DIA-like,1,0.18120110034942627
2095,RU-Poisson,ru_poisson,DeepRed-like,2,0.19500702619552612
2096,RU-Poisson,ru_poisson,SYTO16-like,0,0.12535704672336578
2096,RU-Poisson,ru_poisson,DIA-like,1,0.17222027480602264
2096,RU-Poisson,ru_poisson,DeepRed-like,2,0.20565636456012726
2102,RU-Poisson,ru_poisson,SYTO16-like,0,0.1587785929441452
2102,RU-Poisson,ru_poisson,DIA-like,1,0.1653100550174713
2102,RU-Poisson,ru_poisson,DeepRed-like,2,0.2061750888824463
2107,RU-Poisson,ru_poisson,SYTO16-like,0,0.1522890031337738
2107,RU-Poisson,ru_poisson,DIA-like,1,0.21207185089588165
2107,RU-Poisson,ru_poisson,DeepRed-like,2,0.19862374663352966
2109,RU-Poisson,ru_poisson,SYTO16-like,0,0.13762396574020386
2109,RU-Poisson,ru_poisson,DIA-like,1,0.18206289410591125
2109,RU-Poisson,ru_poisson,DeepRed-like,2,0.20802965760231018
2111,RU-Poisson,ru_poisson,SYTO16-like,0,0.21826283633708954
2111,RU-Poisson,ru_poisson,DIA-like,1,0.20872578024864197
2111,RU-Poisson,ru_poisson,DeepRed-like,2,0.2831420600414276
2112,RU-Poisson,ru_poisson,SYTO16-like,0,0.1443815380334854
2112,RU-Poisson,ru_poisson,DIA-like,1,0.1851188689470291
2112,RU-Poisson,ru_poisson,DeepRed-like,2,0.2248467206954956
2118,RU-Poisson,ru_poisson,SYTO16-like,0,0.211847186088562
2118,RU-Poisson,ru_poisson,DIA-like,1,0.21480430662631989
2118,RU-Poisson,ru_poisson,DeepRed-like,2,0.1803540587425232
2122,RU-Poisson,ru_poisson,SYTO16-like,0,0.1508149653673172
2122,RU-Poisson,ru_poisson,DIA-like,1,0.18047811090946198
2122,RU-Poisson,ru_poisson,DeepRed-like,2,0.17818467319011688
2123,RU-Poisson,ru_poisson,SYTO16-like,0,0.1328013837337494
2123,RU-Poisson,ru_poisson,DIA-like,1,0.1806030124425888
2123,RU-Poisson,ru_poisson,DeepRed-like,2,0.19186559319496155
2128,RU-Poisson,ru_poisson,SYTO16-like,0,0.14117944240570068
2128,RU-Poisson,ru_poisson,DIA-like,1,0.1955072283744812
2128,RU-Poisson,ru_poisson,DeepRed-like,2,0.20398908853530884
2140,RU-Poisson,ru_poisson,SYTO16-like,0,0.13943509757518768
2140,RU-Poisson,ru_poisson,DIA-like,1,0.17197757959365845
2140,RU-Poisson,ru_poisson,DeepRed-like,2,0.12760743498802185
2148,RU-Poisson,ru_poisson,SYTO16-like,0,0.14251868426799774
2148,RU-Poisson,ru_poisson,DIA-like,1,0.1902775913476944
2148,RU-Poisson,ru_poisson,DeepRed-like,2,0.18473593890666962
2149,RU-Poisson,ru_poisson,SYTO16-like,0,0.1460849493741989
2149,RU-Poisson,ru_poisson,DIA-like,1,0.1879814863204956
2149,RU-Poisson,ru_poisson,DeepRed-like,2,0.22050993144512177
2151,RU-Poisson,ru_poisson,SYTO16-like,0,0.1775139421224594
2151,RU-Poisson,ru_poisson,DIA-like,1,0.23781490325927734
2151,RU-Poisson,ru_poisson,DeepRed-like,2,0.23466405272483826
2152,RU-Poisson,ru_poisson,SYTO16-like,0,0.14689569175243378
2152,RU-Poisson,ru_poisson,DIA-like,1,0.18698377907276154
2152,RU-Poisson,ru_poisson,DeepRed-like,2,0.14134374260902405
2166,RU-Poisson,ru_poisson,SYTO16-like,0,0.22046667337417603
2166,RU-Poisson,ru_poisson,DIA-like,1,0.16140006482601166
2166,RU-Poisson,ru_poisson,DeepRed-like,2,0.23545603454113007
2168,RU-Poisson,ru_poisson,SYTO16-like,0,0.1897461712360382
2168,RU-Poisson,ru_poisson,DIA-like,1,0.19377312064170837
2168,RU-Poisson,ru_poisson,DeepRed-like,2,0.19996215403079987
2176,RU-Poisson,ru_poisson,SYTO16-like,0,0.2095802277326584
2176,RU-Poisson,ru_poisson,DIA-like,1,0.13471035659313202
2176,RU-Poisson,ru_poisson,DeepRed-like,2,0.21161384880542755
2178,RU-Poisson,ru_poisson,SYTO16-like,0,0.20157469809055328
2178,RU-Poisson,ru_poisson,DIA-like,1,0.2002260982990265
2178,RU-Poisson,ru_poisson,DeepRed-like,2,0.2514123022556305
2183,RU-Poisson,ru_poisson,SYTO16-like,0,0.14691798388957977
2183,RU-Poisson,ru_poisson,DIA-like,1,0.155829057097435
2183,RU-Poisson,ru_poisson,DeepRed-like,2,0.20992310345172882
2195,RU-Poisson,ru_poisson,SYTO16-like,0,0.17416314780712128
2195,RU-Poisson,ru_poisson,DIA-like,1,0.2239423394203186
2195,RU-Poisson,ru_poisson,DeepRed-like,2,0.20164301991462708
2200,RU-Poisson,ru_poisson,SYTO16-like,0,0.1876274049282074
2200,RU-Poisson,ru_poisson,DIA-like,1,0.2605190873146057
2200,RU-Poisson,ru_poisson,DeepRed-like,2,0.22027941048145294
2204,RU-Poisson,ru_poisson,SYTO16-like,0,0.15035764873027802
2204,RU-Poisson,ru_poisson,DIA-like,1,0.1880955696105957
2204,RU-Poisson,ru_poisson,DeepRed-like,2,0.2031795084476471
2205,RU-Poisson,ru_poisson,SYTO16-like,0,0.1619717925786972
2205,RU-Poisson,ru_poisson,DIA-like,1,0.2291731834411621
2205,RU-Poisson,ru_poisson,DeepRed-like,2,0.19850903749465942
2206,RU-Poisson,ru_poisson,SYTO16-like,0,0.16176390647888184
2206,RU-Poisson,ru_poisson,DIA-like,1,0.22402271628379822
2206,RU-Poisson,ru_poisson,DeepRed-like,2,0.20882479846477509
2211,RU-Poisson,ru_poisson,SYTO16-like,0,0.1417922079563141
2211,RU-Poisson,ru_poisson,DIA-like,1,0.17659349739551544
2211,RU-Poisson,ru_poisson,DeepRed-like,2,0.18562376499176025
2218,RU-Poisson,ru_poisson,SYTO16-like,0,0.2273237556219101
2218,RU-Poisson,ru_poisson,DIA-like,1,0.1935582458972931
2218,RU-Poisson,ru_poisson,DeepRed-like,2,0.1690467894077301
2221,RU-Poisson,ru_poisson,SYTO16-like,0,0.14958906173706055
2221,RU-Poisson,ru_poisson,DIA-like,1,0.21696631610393524
2221,RU-Poisson,ru_poisson,DeepRed-like,2,0.2266688495874405
2224,RU-Poisson,ru_poisson,SYTO16-like,0,0.30430668592453003
2224,RU-Poisson,ru_poisson,DIA-like,1,0.238774374127388
2224,RU-Poisson,ru_poisson,DeepRed-like,2,0.2512904107570648
2227,RU-Poisson,ru_poisson,SYTO16-like,0,0.1875523179769516
2227,RU-Poisson,ru_poisson,DIA-like,1,0.2381039708852768
2227,RU-Poisson,ru_poisson,DeepRed-like,2,0.1670580506324768
2231,RU-Poisson,ru_poisson,SYTO16-like,0,0.23802803456783295
2231,RU-Poisson,ru_poisson,DIA-like,1,0.27313026785850525
2231,RU-Poisson,ru_poisson,DeepRed-like,2,0.1867087036371231
2236,RU-Poisson,ru_poisson,SYTO16-like,0,0.16742219030857086
2236,RU-Poisson,ru_poisson,DIA-like,1,0.165506049990654
2236,RU-Poisson,ru_poisson,DeepRed-like,2,0.18314117193222046
2238,RU-Poisson,ru_poisson,SYTO16-like,0,0.15403249859809875
2238,RU-Poisson,ru_poisson,DIA-like,1,0.21868403255939484
2238,RU-Poisson,ru_poisson,DeepRed-like,2,0.19565916061401367
2242,RU-Poisson,ru_poisson,SYTO16-like,0,0.20339229702949524
2242,RU-Poisson,ru_poisson,DIA-like,1,0.22052113711833954
2242,RU-Poisson,ru_poisson,DeepRed-like,2,0.23557201027870178
2246,RU-Poisson,ru_poisson,SYTO16-like,0,0.2126471996307373
2246,RU-Poisson,ru_poisson,DIA-like,1,0.17471250891685486
2246,RU-Poisson,ru_poisson,DeepRed-like,2,0.19944129884243011
2269,RU-Poisson,ru_poisson,SYTO16-like,0,0.16967403888702393
2269,RU-Poisson,ru_poisson,DIA-like,1,0.2246587872505188
2269,RU-Poisson,ru_poisson,DeepRed-like,2,0.2329460233449936
2278,RU-Poisson,ru_poisson,SYTO16-like,0,0.1572059839963913
2278,RU-Poisson,ru_poisson,DIA-like,1,0.19466334581375122
2278,RU-Poisson,ru_poisson,DeepRed-like,2,0.20446862280368805
2279,RU-Poisson,ru_poisson,SYTO16-like,0,0.1561306118965149
2279,RU-Poisson,ru_poisson,DIA-like,1,0.18383757770061493
2279,RU-Poisson,ru_poisson,DeepRed-like,2,0.20959347486495972
2305,RU-Poisson,ru_poisson,SYTO16-like,0,0.14430828392505646
2305,RU-Poisson,ru_poisson,DIA-like,1,0.20267918705940247
2305,RU-Poisson,ru_poisson,DeepRed-like,2,0.19385695457458496
2315,RU-Poisson,ru_poisson,SYTO16-like,0,0.1551142930984497
2315,RU-Poisson,ru_poisson,DIA-like,1,0.13628551363945007
2315,RU-Poisson,ru_poisson,DeepRed-like,2,0.18313536047935486
2316,RU-Poisson,ru_poisson,SYTO16-like,0,0.2367517501115799
2316,RU-Poisson,ru_poisson,DIA-like,1,0.20598097145557404
2316,RU-Poisson,ru_poisson,DeepRed-like,2,0.22219549119472504
2331,RU-Poisson,ru_poisson,SYTO16-like,0,0.19548510015010834
2331,RU-Poisson,ru_poisson,DIA-like,1,0.20370535552501678
2331,RU-Poisson,ru_poisson,DeepRed-like,2,0.19315911829471588
2332,RU-Poisson,ru_poisson,SYTO16-like,0,0.17211097478866577
2332,RU-Poisson,ru_poisson,DIA-like,1,0.23899509012699127
2332,RU-Poisson,ru_poisson,DeepRed-like,2,0.2089066207408905
2334,RU-Poisson,ru_poisson,SYTO16-like,0,0.1388746201992035
2334,RU-Poisson,ru_poisson,DIA-like,1,0.2157655507326126
2334,RU-Poisson,ru_poisson,DeepRed-like,2,0.21164846420288086
2336,RU-Poisson,ru_poisson,SYTO16-like,0,0.16154488921165466
2336,RU-Poisson,ru_poisson,DIA-like,1,0.23505398631095886
2336,RU-Poisson,ru_poisson,DeepRed-like,2,0.18359607458114624
2342,RU-Poisson,ru_poisson,SYTO16-like,0,0.15143892168998718
2342,RU-Poisson,ru_poisson,DIA-like,1,0.1963953673839569
2342,RU-Poisson,ru_poisson,DeepRed-like,2,0.1749035120010376
2344,RU-Poisson,ru_poisson,SYTO16-like,0,0.12161312997341156
2344,RU-Poisson,ru_poisson,DIA-like,1,0.16843199729919434
2344,RU-Poisson,ru_poisson,DeepRed-like,2,0.14403249323368073
2345,RU-Poisson,ru_poisson,SYTO16-like,0,0.13310298323631287
2345,RU-Poisson,ru_poisson,DIA-like,1,0.20595599710941315
2345,RU-Poisson,ru_poisson,DeepRed-like,2,0.20850835740566254
2350,RU-Poisson,ru_poisson,SYTO16-like,0,0.16958209872245789
2350,RU-Poisson,ru_poisson,DIA-like,1,0.24931703507900238
2350,RU-Poisson,ru_poisson,DeepRed-like,2,0.18217553198337555
2358,RU-Poisson,ru_poisson,SYTO16-like,0,0.14855161309242249
2358,RU-Poisson,ru_poisson,DIA-like,1,0.18090631067752838
2358,RU-Poisson,ru_poisson,DeepRed-like,2,0.17803823947906494
2378,RU-Poisson,ru_poisson,SYTO16-like,0,0.10998164862394333
2378,RU-Poisson,ru_poisson,DIA-like,1,0.13929393887519836
2378,RU-Poisson,ru_poisson,DeepRed-like,2,0.09610272198915482
2388,RU-Poisson,ru_poisson,SYTO16-like,0,0.15228396654129028
2388,RU-Poisson,ru_poisson,DIA-like,1,0.1736559271812439
2388,RU-Poisson,ru_poisson,DeepRed-like,2,0.28907597064971924
2390,RU-Poisson,ru_poisson,SYTO16-like,0,0.2106986939907074
2390,RU-Poisson,ru_poisson,DIA-like,1,0.21408943831920624
2390,RU-Poisson,ru_poisson,DeepRed-like,2,0.17111383378505707
2396,RU-Poisson,ru_poisson,SYTO16-like,0,0.15330754220485687
2396,RU-Poisson,ru_poisson,DIA-like,1,0.23023611307144165
2396,RU-Poisson,ru_poisson,DeepRed-like,2,0.1833375096321106
2415,RU-Poisson,ru_poisson,SYTO16-like,0,0.21908654272556305
2415,RU-Poisson,ru_poisson,DIA-like,1,0.20887726545333862
2415,RU-Poisson,ru_poisson,DeepRed-like,2,0.24926011264324188
2417,RU-Poisson,ru_poisson,SYTO16-like,0,0.17832805216312408
2417,RU-Poisson,ru_poisson,DIA-like,1,0.18845318257808685
2417,RU-Poisson,ru_poisson,DeepRed-like,2,0.19487759470939636
2427,RU-Poisson,ru_poisson,SYTO16-like,0,0.14743290841579437
2427,RU-Poisson,ru_poisson,DIA-like,1,0.16997137665748596
2427,RU-Poisson,ru_poisson,DeepRed-like,2,0.15143060684204102
2428,RU-Poisson,ru_poisson,SYTO16-like,0,0.21729201078414917
2428,RU-Poisson,ru_poisson,DIA-like,1,0.21994048357009888
2428,RU-Poisson,ru_poisson,DeepRed-like,2,0.20207391679286957
2442,RU-Poisson,ru_poisson,SYTO16-like,0,0.1702815443277359
2442,RU-Poisson,ru_poisson,DIA-like,1,0.1838243305683136
2442,RU-Poisson,ru_poisson,DeepRed-like,2,0.16954846680164337
2448,RU-Poisson,ru_poisson,SYTO16-like,0,0.11729195713996887
2448,RU-Poisson,ru_poisson,DIA-like,1,0.15064534544944763
2448,RU-Poisson,ru_poisson,DeepRed-like,2,0.12611769139766693
2459,RU-Poisson,ru_poisson,SYTO16-like,0,0.18399593234062195
2459,RU-Poisson,ru_poisson,DIA-like,1,0.17003102600574493
2459,RU-Poisson,ru_poisson,DeepRed-like,2,0.17257696390151978
2460,RU-Poisson,ru_poisson,SYTO16-like,0,0.14586538076400757
2460,RU-Poisson,ru_poisson,DIA-like,1,0.19624215364456177
2460,RU-Poisson,ru_poisson,DeepRed-like,2,0.12165708094835281
2482,RU-Poisson,ru_poisson,SYTO16-like,0,0.15176771581172943
2482,RU-Poisson,ru_poisson,DIA-like,1,0.15611007809638977
2482,RU-Poisson,ru_poisson,DeepRed-like,2,0.1636430323123932
2483,RU-Poisson,ru_poisson,SYTO16-like,0,0.1454048901796341
2483,RU-Poisson,ru_poisson,DIA-like,1,0.16395166516304016
2483,RU-Poisson,ru_poisson,DeepRed-like,2,0.13926762342453003
2501,RU-Poisson,ru_poisson,SYTO16-like,0,0.1771547943353653
2501,RU-Poisson,ru_poisson,DIA-like,1,0.19846628606319427
2501,RU-Poisson,ru_poisson,DeepRed-like,2,0.24561308324337006
2512,RU-Poisson,ru_poisson,SYTO16-like,0,0.15531466901302338
2512,RU-Poisson,ru_poisson,DIA-like,1,0.21964602172374725
2512,RU-Poisson,ru_poisson,DeepRed-like,2,0.1940646469593048
2514,RU-Poisson,ru_poisson,SYTO16-like,0,0.2156512588262558
2514,RU-Poisson,ru_poisson,DIA-like,1,0.1775817722082138
2514,RU-Poisson,ru_poisson,DeepRed-like,2,0.22101935744285583
2520,RU-Poisson,ru_poisson,SYTO16-like,0,0.16251899302005768
2520,RU-Poisson,ru_poisson,DIA-like,1,0.17007951438426971
2520,RU-Poisson,ru_poisson,DeepRed-like,2,0.20903006196022034
2536,RU-Poisson,ru_poisson,SYTO16-like,0,0.16501542925834656
2536,RU-Poisson,ru_poisson,DIA-like,1,0.2114441692829132
2536,RU-Poisson,ru_poisson,DeepRed-like,2,0.2123766988515854
2543,RU-Poisson,ru_poisson,SYTO16-like,0,0.1849944293498993
2543,RU-Poisson,ru_poisson,DIA-like,1,0.17803364992141724
2543,RU-Poisson,ru_poisson,DeepRed-like,2,0.24532459676265717
2554,RU-Poisson,ru_poisson,SYTO16-like,0,0.19896720349788666
2554,RU-Poisson,ru_poisson,DIA-like,1,0.15541274845600128
2554,RU-Poisson,ru_poisson,DeepRed-like,2,0.22395560145378113
2598,RU-Poisson,ru_poisson,SYTO16-like,0,0.19677430391311646
2598,RU-Poisson,ru_poisson,DIA-like,1,0.21394912898540497
2598,RU-Poisson,ru_poisson,DeepRed-like,2,0.14710891246795654
2602,RU-Poisson,ru_poisson,SYTO16-like,0,0.19646431505680084
2602,RU-Poisson,ru_poisson,DIA-like,1,0.15044716000556946
2602,RU-Poisson,ru_poisson,DeepRed-like,2,0.2068869024515152
2604,RU-Poisson,ru_poisson,SYTO16-like,0,0.1782653033733368
2604,RU-Poisson,ru_poisson,DIA-like,1,0.21568848192691803
2604,RU-Poisson,ru_poisson,DeepRed-like,2,0.223684161901474
2609,RU-Poisson,ru_poisson,SYTO16-like,0,0.21135492622852325
2609,RU-Poisson,ru_poisson,DIA-like,1,0.21632689237594604
2609,RU-Poisson,ru_poisson,DeepRed-like,2,0.29954177141189575
2611,RU-Poisson,ru_poisson,SYTO16-like,0,0.2218851000070572
2611,RU-Poisson,ru_poisson,DIA-like,1,0.19212104380130768
2611,RU-Poisson,ru_poisson,DeepRed-like,2,0.20699121057987213
2616,RU-Poisson,ru_poisson,SYTO16-like,0,0.16773337125778198
2616,RU-Poisson,ru_poisson,DIA-like,1,0.1892639696598053
2616,RU-Poisson,ru_poisson,DeepRed-like,2,0.19606877863407135
2618,RU-Poisson,ru_poisson,SYTO16-like,0,0.2007184773683548
2618,RU-Poisson,ru_poisson,DIA-like,1,0.17454421520233154
2618,RU-Poisson,ru_poisson,DeepRed-like,2,0.2565475404262543
2630,RU-Poisson,ru_poisson,SYTO16-like,0,0.14144104719161987
2630,RU-Poisson,ru_poisson,DIA-like,1,0.15450677275657654
2630,RU-Poisson,ru_poisson,DeepRed-like,2,0.14856179058551788
2647,RU-Poisson,ru_poisson,SYTO16-like,0,0.19075343012809753
2647,RU-Poisson,ru_poisson,DIA-like,1,0.22628739476203918
2647,RU-Poisson,ru_poisson,DeepRed-like,2,0.21803629398345947
2652,RU-Poisson,ru_poisson,SYTO16-like,0,0.1556204855442047
2652,RU-Poisson,ru_poisson,DIA-like,1,0.22760306298732758
2652,RU-Poisson,ru_poisson,DeepRed-like,2,0.21554788947105408
2653,RU-Poisson,ru_poisson,SYTO16-like,0,0.1577257364988327
2653,RU-Poisson,ru_poisson,DIA-like,1,0.18677586317062378
2653,RU-Poisson,ru_poisson,DeepRed-like,2,0.2179846614599228
2660,RU-Poisson,ru_poisson,SYTO16-like,0,0.1910196840763092
2660,RU-Poisson,ru_poisson,DIA-like,1,0.25446000695228577
2660,RU-Poisson,ru_poisson,DeepRed-like,2,0.2259371131658554
2673,RU-Poisson,ru_poisson,SYTO16-like,0,0.1389160454273224
2673,RU-Poisson,ru_poisson,DIA-like,1,0.19249634444713593
2673,RU-Poisson,ru_poisson,DeepRed-like,2,0.12443995475769043
2682,RU-Poisson,ru_poisson,SYTO16-like,0,0.12815536558628082
2682,RU-Poisson,ru_poisson,DIA-like,1,0.1711679846048355
2682,RU-Poisson,ru_poisson,DeepRed-like,2,0.17645512521266937
2687,RU-Poisson,ru_poisson,SYTO16-like,0,0.16097743809223175
2687,RU-Poisson,ru_poisson,DIA-like,1,0.2169044315814972
2687,RU-Poisson,ru_poisson,DeepRed-like,2,0.17578381299972534
2700,RU-Poisson,ru_poisson,SYTO16-like,0,0.14170408248901367
2700,RU-Poisson,ru_poisson,DIA-like,1,0.19072477519512177
2700,RU-Poisson,ru_poisson,DeepRed-like,2,0.2512647807598114
2702,RU-Poisson,ru_poisson,SYTO16-like,0,0.14992856979370117
2702,RU-Poisson,ru_poisson,DIA-like,1,0.1459474414587021
2702,RU-Poisson,ru_poisson,DeepRed-like,2,0.17668265104293823
2711,RU-Poisson,ru_poisson,SYTO16-like,0,0.1359681934118271
2711,RU-Poisson,ru_poisson,DIA-like,1,0.17059053480625153
2711,RU-Poisson,ru_poisson,DeepRed-like,2,0.19594253599643707
2725,RU-Poisson,ru_poisson,SYTO16-like,0,0.19007530808448792
2725,RU-Poisson,ru_poisson,DIA-like,1,0.20773017406463623
2725,RU-Poisson,ru_poisson,DeepRed-like,2,0.17639362812042236
2726,RU-Poisson,ru_poisson,SYTO16-like,0,0.21483957767486572
2726,RU-Poisson,ru_poisson,DIA-like,1,0.18751612305641174
2726,RU-Poisson,ru_poisson,DeepRed-like,2,0.20708100497722626
2727,RU-Poisson,ru_poisson,SYTO16-like,0,0.17885734140872955
2727,RU-Poisson,ru_poisson,DIA-like,1,0.1877855360507965
2727,RU-Poisson,ru_poisson,DeepRed-like,2,0.1621418446302414
2732,RU-Poisson,ru_poisson,SYTO16-like,0,0.195680171251297
2732,RU-Poisson,ru_poisson,DIA-like,1,0.23621955513954163
2732,RU-Poisson,ru_poisson,DeepRed-like,2,0.1726451963186264
2742,RU-Poisson,ru_poisson,SYTO16-like,0,0.17342256009578705
2742,RU-Poisson,ru_poisson,DIA-like,1,0.18375040590763092
2742,RU-Poisson,ru_poisson,DeepRed-like,2,0.16853445768356323
2744,RU-Poisson,ru_poisson,SYTO16-like,0,0.1542593538761139
2744,RU-Poisson,ru_poisson,DIA-like,1,0.18569493293762207
2744,RU-Poisson,ru_poisson,DeepRed-like,2,0.24594148993492126
2745,RU-Poisson,ru_poisson,SYTO16-like,0,0.18707047402858734
2745,RU-Poisson,ru_poisson,DIA-like,1,0.20302733778953552
2745,RU-Poisson,ru_poisson,DeepRed-like,2,0.21184119582176208
2751,RU-Poisson,ru_poisson,SYTO16-like,0,0.16367311775684357
2751,RU-Poisson,ru_poisson,DIA-like,1,0.24616959691047668
2751,RU-Poisson,ru_poisson,DeepRed-like,2,0.22013430297374725
2775,RU-Poisson,ru_poisson,SYTO16-like,0,0.1663406640291214
2775,RU-Poisson,ru_poisson,DIA-like,1,0.5993528962135315
2775,RU-Poisson,ru_poisson,DeepRed-like,2,0.1585017591714859
2782,RU-Poisson,ru_poisson,SYTO16-like,0,0.12275757640600204
2782,RU-Poisson,ru_poisson,DIA-like,1,0.15122734010219574
2782,RU-Poisson,ru_poisson,DeepRed-like,2,0.13199405372142792
2783,RU-Poisson,ru_poisson,SYTO16-like,0,0.16504494845867157
2783,RU-Poisson,ru_poisson,DIA-like,1,0.20800334215164185
2783,RU-Poisson,ru_poisson,DeepRed-like,2,0.19348369538784027
2787,RU-Poisson,ru_poisson,SYTO16-like,0,0.17370599508285522
2787,RU-Poisson,ru_poisson,DIA-like,1,0.24510611593723297
2787,RU-Poisson,ru_poisson,DeepRed-like,2,0.17868509888648987
2788,RU-Poisson,ru_poisson,SYTO16-like,0,0.14138534665107727
2788,RU-Poisson,ru_poisson,DIA-like,1,0.21307742595672607
2788,RU-Poisson,ru_poisson,DeepRed-like,2,0.18023346364498138
2792,RU-Poisson,ru_poisson,SYTO16-like,0,0.14989013969898224
2792,RU-Poisson,ru_poisson,DIA-like,1,0.16249479353427887
2792,RU-Poisson,ru_poisson,DeepRed-like,2,0.22992128133773804
2810,RU-Poisson,ru_poisson,SYTO16-like,0,0.17893682420253754
2810,RU-Poisson,ru_poisson,DIA-like,1,0.17035512626171112
2810,RU-Poisson,ru_poisson,DeepRed-like,2,0.22132112085819244
2813,RU-Poisson,ru_poisson,SYTO16-like,0,0.24490724503993988
2813,RU-Poisson,ru_poisson,DIA-like,1,0.16920624673366547
2813,RU-Poisson,ru_poisson,DeepRed-like,2,0.20577329397201538
2816,RU-Poisson,ru_poisson,SYTO16-like,0,0.1381007879972458
2816,RU-Poisson,ru_poisson,DIA-like,1,0.2213919758796692
2816,RU-Poisson,ru_poisson,DeepRed-like,2,0.20138393342494965
2817,RU-Poisson,ru_poisson,SYTO16-like,0,0.20646259188652039
2817,RU-Poisson,ru_poisson,DIA-like,1,0.1933976262807846
2817,RU-Poisson,ru_poisson,DeepRed-like,2,0.22553275525569916
2819,RU-Poisson,ru_poisson,SYTO16-like,0,0.1518269181251526
2819,RU-Poisson,ru_poisson,DIA-like,1,0.18148556351661682
2819,RU-Poisson,ru_poisson,DeepRed-like,2,0.1359143853187561
2841,RU-Poisson,ru_poisson,SYTO16-like,0,0.18056848645210266
2841,RU-Poisson,ru_poisson,DIA-like,1,0.1772688776254654
2841,RU-Poisson,ru_poisson,DeepRed-like,2,0.21234774589538574
2846,RU-Poisson,ru_poisson,SYTO16-like,0,0.1497596949338913
2846,RU-Poisson,ru_poisson,DIA-like,1,0.17207691073417664
2846,RU-Poisson,ru_poisson,DeepRed-like,2,0.15573307871818542
2851,RU-Poisson,ru_poisson,SYTO16-like,0,0.1625138819217682
2851,RU-Poisson,ru_poisson,DIA-like,1,0.22924813628196716
2851,RU-Poisson,ru_poisson,DeepRed-like,2,0.1870780885219574
2855,RU-Poisson,ru_poisson,SYTO16-like,0,0.25057917833328247
2855,RU-Poisson,ru_poisson,DIA-like,1,0.1938256025314331
2855,RU-Poisson,ru_poisson,DeepRed-like,2,0.2452557384967804
2864,RU-Poisson,ru_poisson,SYTO16-like,0,0.15043345093727112
2864,RU-Poisson,ru_poisson,DIA-like,1,0.17693863809108734
2864,RU-Poisson,ru_poisson,DeepRed-like,2,0.18085551261901855
2875,RU-Poisson,ru_poisson,SYTO16-like,0,0.22744335234165192
2875,RU-Poisson,ru_poisson,DIA-like,1,0.23876406252384186
2875,RU-Poisson,ru_poisson,DeepRed-like,2,0.21903648972511292
2886,RU-Poisson,ru_poisson,SYTO16-like,0,0.15658855438232422
2886,RU-Poisson,ru_poisson,DIA-like,1,0.18311341106891632
2886,RU-Poisson,ru_poisson,DeepRed-like,2,0.21929992735385895
2897,RU-Poisson,ru_poisson,SYTO16-like,0,0.15638020634651184
2897,RU-Poisson,ru_poisson,DIA-like,1,0.19997385144233704
2897,RU-Poisson,ru_poisson,DeepRed-like,2,0.13760745525360107
2911,RU-Poisson,ru_poisson,SYTO16-like,0,0.1511002629995346
2911,RU-Poisson,ru_poisson,DIA-like,1,0.2415228933095932
2911,RU-Poisson,ru_poisson,DeepRed-like,2,0.1781998723745346
2915,RU-Poisson,ru_poisson,SYTO16-like,0,0.13900096714496613
2915,RU-Poisson,ru_poisson,DIA-like,1,0.17183107137680054
2915,RU-Poisson,ru_poisson,DeepRed-like,2,0.17361778020858765
2929,RU-Poisson,ru_poisson,SYTO16-like,0,0.1464456021785736
2929,RU-Poisson,ru_poisson,DIA-like,1,0.21418334543704987
2929,RU-Poisson,ru_poisson,DeepRed-like,2,0.18016599118709564
2938,RU-Poisson,ru_poisson,SYTO16-like,0,0.1486879587173462
2938,RU-Poisson,ru_poisson,DIA-like,1,0.23676756024360657
2938,RU-Poisson,ru_poisson,DeepRed-like,2,0.15813390910625458
2945,RU-Poisson,ru_poisson,SYTO16-like,0,0.16010020673274994
2945,RU-Poisson,ru_poisson,DIA-like,1,0.1966872662305832
2945,RU-Poisson,ru_poisson,DeepRed-like,2,0.24782131612300873
2959,RU-Poisson,ru_poisson,SYTO16-like,0,0.14714111387729645
2959,RU-Poisson,ru_poisson,DIA-like,1,0.14505460858345032
2959,RU-Poisson,ru_poisson,DeepRed-like,2,0.23487229645252228
2966,RU-Poisson,ru_poisson,SYTO16-like,0,0.18917343020439148
2966,RU-Poisson,ru_poisson,DIA-like,1,0.1758575439453125
2966,RU-Poisson,ru_poisson,DeepRed-like,2,0.20333391427993774
2971,RU-Poisson,ru_poisson,SYTO16-like,0,0.1691197156906128
2971,RU-Poisson,ru_poisson,DIA-like,1,0.23097765445709229
2971,RU-Poisson,ru_poisson,DeepRed-like,2,0.152286097407341
2973,RU-Poisson,ru_poisson,SYTO16-like,0,0.14018793404102325
2973,RU-Poisson,ru_poisson,DIA-like,1,0.18918688595294952
2973,RU-Poisson,ru_poisson,DeepRed-like,2,0.18331071734428406
2975,RU-Poisson,ru_poisson,SYTO16-like,0,0.20601436495780945
2975,RU-Poisson,ru_poisson,DIA-like,1,0.21788948774337769
2975,RU-Poisson,ru_poisson,DeepRed-like,2,0.22366704046726227
2976,RU-Poisson,ru_poisson,SYTO16-like,0,0.1665770262479782
2976,RU-Poisson,ru_poisson,DIA-like,1,0.1771525740623474
2976,RU-Poisson,ru_poisson,DeepRed-like,2,0.1741906851530075
2986,RU-Poisson,ru_poisson,SYTO16-like,0,0.16589632630348206
2986,RU-Poisson,ru_poisson,DIA-like,1,0.2091292440891266
2986,RU-Poisson,ru_poisson,DeepRed-like,2,0.1831483542919159
3010,RU-Poisson,ru_poisson,SYTO16-like,0,0.2041834145784378
3010,RU-Poisson,ru_poisson,DIA-like,1,0.17073023319244385
3010,RU-Poisson,ru_poisson,DeepRed-like,2,0.20764699578285217
3020,RU-Poisson,ru_poisson,SYTO16-like,0,0.14834576845169067
3020,RU-Poisson,ru_poisson,DIA-like,1,0.21475917100906372
3020,RU-Poisson,ru_poisson,DeepRed-like,2,0.19248151779174805
3027,RU-Poisson,ru_poisson,SYTO16-like,0,0.14177967607975006
3027,RU-Poisson,ru_poisson,DIA-like,1,0.17966212332248688
3027,RU-Poisson,ru_poisson,DeepRed-like,2,0.191884845495224
3032,RU-Poisson,ru_poisson,SYTO16-like,0,0.20668187737464905
3032,RU-Poisson,ru_poisson,DIA-like,1,0.20003841817378998
3032,RU-Poisson,ru_poisson,DeepRed-like,2,0.2467275708913803
3039,RU-Poisson,ru_poisson,SYTO16-like,0,0.18921776115894318
3039,RU-Poisson,ru_poisson,DIA-like,1,0.1520543098449707
3039,RU-Poisson,ru_poisson,DeepRed-like,2,0.21793638169765472
3048,RU-Poisson,ru_poisson,SYTO16-like,0,0.13560980558395386
3048,RU-Poisson,ru_poisson,DIA-like,1,0.19019261002540588
3048,RU-Poisson,ru_poisson,DeepRed-like,2,0.20912578701972961
3049,RU-Poisson,ru_poisson,SYTO16-like,0,0.13089674711227417
3049,RU-Poisson,ru_poisson,DIA-like,1,0.2050769329071045
3049,RU-Poisson,ru_poisson,DeepRed-like,2,0.1878548413515091
3056,RU-Poisson,ru_poisson,SYTO16-like,0,0.205140620470047
3056,RU-Poisson,ru_poisson,DIA-like,1,0.2159358114004135
3056,RU-Poisson,ru_poisson,DeepRed-like,2,0.1898140162229538
3062,RU-Poisson,ru_poisson,SYTO16-like,0,0.16565664112567902
3062,RU-Poisson,ru_poisson,DIA-like,1,0.16757570207118988
3062,RU-Poisson,ru_poisson,DeepRed-like,2,0.14868852496147156
3065,RU-Poisson,ru_poisson,SYTO16-like,0,0.1728978008031845
3065,RU-Poisson,ru_poisson,DIA-like,1,0.24509209394454956
3065,RU-Poisson,ru_poisson,DeepRed-like,2,0.2060633897781372
3068,RU-Poisson,ru_poisson,SYTO16-like,0,0.14162325859069824
3068,RU-Poisson,ru_poisson,DIA-like,1,0.2055814415216446
3068,RU-Poisson,ru_poisson,DeepRed-like,2,0.1555369347333908
3071,RU-Poisson,ru_poisson,SYTO16-like,0,0.24538996815681458
3071,RU-Poisson,ru_poisson,DIA-like,1,0.1669623702764511
3071,RU-Poisson,ru_poisson,DeepRed-like,2,0.2644633650779724
3072,RU-Poisson,ru_poisson,SYTO16-like,0,0.20354388654232025
3072,RU-Poisson,ru_poisson,DIA-like,1,0.16959954798221588
3072,RU-Poisson,ru_poisson,DeepRed-like,2,0.16858947277069092
3073,RU-Poisson,ru_poisson,SYTO16-like,0,0.14373387396335602
3073,RU-Poisson,ru_poisson,DIA-like,1,0.20760245621204376
3073,RU-Poisson,ru_poisson,DeepRed-like,2,0.2515048086643219
3074,RU-Poisson,ru_poisson,SYTO16-like,0,0.16782641410827637
3074,RU-Poisson,ru_poisson,DIA-like,1,0.23431046307086945
3074,RU-Poisson,ru_poisson,DeepRed-like,2,0.23759019374847412
3085,RU-Poisson,ru_poisson,SYTO16-like,0,0.18442930281162262
3085,RU-Poisson,ru_poisson,DIA-like,1,0.2280663698911667
3085,RU-Poisson,ru_poisson,DeepRed-like,2,0.1953829675912857
3086,RU-Poisson,ru_poisson,SYTO16-like,0,0.15302465856075287
3086,RU-Poisson,ru_poisson,DIA-like,1,0.17137585580348969
3086,RU-Poisson,ru_poisson,DeepRed-like,2,0.170512855052948
3089,RU-Poisson,ru_poisson,SYTO16-like,0,0.16464905440807343
3089,RU-Poisson,ru_poisson,DIA-like,1,0.23390455543994904
3089,RU-Poisson,ru_poisson,DeepRed-like,2,0.20933841168880463
3095,RU-Poisson,ru_poisson,SYTO16-like,0,0.19175109267234802
3095,RU-Poisson,ru_poisson,DIA-like,1,0.2033046931028366
3095,RU-Poisson,ru_poisson,DeepRed-like,2,0.20695871114730835
3105,RU-Poisson,ru_poisson,SYTO16-like,0,0.17433948814868927
3105,RU-Poisson,ru_poisson,DIA-like,1,0.19182181358337402
3105,RU-Poisson,ru_poisson,DeepRed-like,2,0.24078716337680817
3107,RU-Poisson,ru_poisson,SYTO16-like,0,0.1904955953359604
3107,RU-Poisson,ru_poisson,DIA-like,1,0.20141789317131042
3107,RU-Poisson,ru_poisson,DeepRed-like,2,0.18786071240901947
3111,RU-Poisson,ru_poisson,SYTO16-like,0,0.13148537278175354
3111,RU-Poisson,ru_poisson,DIA-like,1,0.20722460746765137
3111,RU-Poisson,ru_poisson,DeepRed-like,2,0.18219637870788574
3118,RU-Poisson,ru_poisson,SYTO16-like,0,0.17827342450618744
3118,RU-Poisson,ru_poisson,DIA-like,1,0.20309412479400635
3118,RU-Poisson,ru_poisson,DeepRed-like,2,0.17398691177368164
3126,RU-Poisson,ru_poisson,SYTO16-like,0,0.13060906529426575
3126,RU-Poisson,ru_poisson,DIA-like,1,0.18868546187877655
3126,RU-Poisson,ru_poisson,DeepRed-like,2,0.17538486421108246
3132,RU-Poisson,ru_poisson,SYTO16-like,0,0.17487111687660217
3132,RU-Poisson,ru_poisson,DIA-like,1,0.20568828284740448
3132,RU-Poisson,ru_poisson,DeepRed-like,2,0.1879536211490631
3134,RU-Poisson,ru_poisson,SYTO16-like,0,0.17936594784259796
3134,RU-Poisson,ru_poisson,DIA-like,1,0.19240476191043854
3134,RU-Poisson,ru_poisson,DeepRed-like,2,0.22809943556785583
3142,RU-Poisson,ru_poisson,SYTO16-like,0,0.13522988557815552
3142,RU-Poisson,ru_poisson,DIA-like,1,0.15479592978954315
3142,RU-Poisson,ru_poisson,DeepRed-like,2,0.11830227822065353
3149,RU-Poisson,ru_poisson,SYTO16-like,0,0.21201267838478088
3149,RU-Poisson,ru_poisson,DIA-like,1,0.21943053603172302
3149,RU-Poisson,ru_poisson,DeepRed-like,2,0.1780964732170105
3151,RU-Poisson,ru_poisson,SYTO16-like,0,0.17265789210796356
3151,RU-Poisson,ru_poisson,DIA-like,1,0.17683443427085876
3151,RU-Poisson,ru_poisson,DeepRed-like,2,0.1658613085746765
3152,RU-Poisson,ru_poisson,SYTO16-like,0,0.2173982560634613
3152,RU-Poisson,ru_poisson,DIA-like,1,0.23836959898471832
3152,RU-Poisson,ru_poisson,DeepRed-like,2,0.2166726291179657
3165,RU-Poisson,ru_poisson,SYTO16-like,0,0.1351650506258011
3165,RU-Poisson,ru_poisson,DIA-like,1,0.19249726831912994
3165,RU-Poisson,ru_poisson,DeepRed-like,2,0.19876037538051605
3167,RU-Poisson,ru_poisson,SYTO16-like,0,0.14984549582004547
3167,RU-Poisson,ru_poisson,DIA-like,1,0.17172037065029144
3167,RU-Poisson,ru_poisson,DeepRed-like,2,0.1963968425989151
3168,RU-Poisson,ru_poisson,SYTO16-like,0,0.21690842509269714
3168,RU-Poisson,ru_poisson,DIA-like,1,0.1836088001728058
3168,RU-Poisson,ru_poisson,DeepRed-like,2,0.19761259853839874
3178,RU-Poisson,ru_poisson,SYTO16-like,0,0.1941513866186142
3178,RU-Poisson,ru_poisson,DIA-like,1,0.2050631195306778
3178,RU-Poisson,ru_poisson,DeepRed-like,2,0.2405407577753067
3183,RU-Poisson,ru_poisson,SYTO16-like,0,0.20523175597190857
3183,RU-Poisson,ru_poisson,DIA-like,1,0.22568435966968536
3183,RU-Poisson,ru_poisson,DeepRed-like,2,0.19706907868385315
3185,RU-Poisson,ru_poisson,SYTO16-like,0,0.20819887518882751
3185,RU-Poisson,ru_poisson,DIA-like,1,0.17572788894176483
3185,RU-Poisson,ru_poisson,DeepRed-like,2,0.18515588343143463
3217,RU-Poisson,ru_poisson,SYTO16-like,0,0.15012507140636444
3217,RU-Poisson,ru_poisson,DIA-like,1,0.2161281257867813
3217,RU-Poisson,ru_poisson,DeepRed-like,2,0.189188614487648
3219,RU-Poisson,ru_poisson,SYTO16-like,0,0.22372114658355713
3219,RU-Poisson,ru_poisson,DIA-like,1,0.21233810484409332
3219,RU-Poisson,ru_poisson,DeepRed-like,2,0.23350797593593597
3222,RU-Poisson,ru_poisson,SYTO16-like,0,0.22242657840251923
3222,RU-Poisson,ru_poisson,DIA-like,1,0.15287943184375763
3222,RU-Poisson,ru_poisson,DeepRed-like,2,0.22957423329353333
3225,RU-Poisson,ru_poisson,SYTO16-like,0,0.168243870139122
3225,RU-Poisson,ru_poisson,DIA-like,1,0.17867067456245422
3225,RU-Poisson,ru_poisson,DeepRed-like,2,0.1812722086906433
3236,RU-Poisson,ru_poisson,SYTO16-like,0,0.16923534870147705
3236,RU-Poisson,ru_poisson,DIA-like,1,0.22247780859470367
3236,RU-Poisson,ru_poisson,DeepRed-like,2,0.20530611276626587
3240,RU-Poisson,ru_poisson,SYTO16-like,0,0.18398071825504303
3240,RU-Poisson,ru_poisson,DIA-like,1,0.22734886407852173
3240,RU-Poisson,ru_poisson,DeepRed-like,2,0.20118503272533417
3242,RU-Poisson,ru_poisson,SYTO16-like,0,0.1310226321220398
3242,RU-Poisson,ru_poisson,DIA-like,1,0.1753941923379898
3242,RU-Poisson,ru_poisson,DeepRed-like,2,0.17512844502925873
3243,RU-Poisson,ru_poisson,SYTO16-like,0,0.16342811286449432
3243,RU-Poisson,ru_poisson,DIA-like,1,0.2305920124053955
3243,RU-Poisson,ru_poisson,DeepRed-like,2,0.1881175935268402
3250,RU-Poisson,ru_poisson,SYTO16-like,0,0.17046935856342316
3250,RU-Poisson,ru_poisson,DIA-like,1,0.2368164211511612
3250,RU-Poisson,ru_poisson,DeepRed-like,2,0.1902318149805069
3253,RU-Poisson,ru_poisson,SYTO16-like,0,0.21950046718120575
3253,RU-Poisson,ru_poisson,DIA-like,1,0.20891858637332916
3253,RU-Poisson,ru_poisson,DeepRed-like,2,0.23838068544864655
3276,RU-Poisson,ru_poisson,SYTO16-like,0,0.15106917917728424
3276,RU-Poisson,ru_poisson,DIA-like,1,0.16740253567695618
3276,RU-Poisson,ru_poisson,DeepRed-like,2,0.18942564725875854
3280,RU-Poisson,ru_poisson,SYTO16-like,0,0.1501874476671219
3280,RU-Poisson,ru_poisson,DIA-like,1,0.1753082275390625
3280,RU-Poisson,ru_poisson,DeepRed-like,2,0.2022978514432907
3289,RU-Poisson,ru_poisson,SYTO16-like,0,0.23462538421154022
3289,RU-Poisson,ru_poisson,DIA-like,1,0.22637633979320526
3289,RU-Poisson,ru_poisson,DeepRed-like,2,0.16009385883808136
3297,RU-Poisson,ru_poisson,SYTO16-like,0,0.16726967692375183
3297,RU-Poisson,ru_poisson,DIA-like,1,0.19245952367782593
3297,RU-Poisson,ru_poisson,DeepRed-like,2,0.18943098187446594
3313,RU-Poisson,ru_poisson,SYTO16-like,0,0.214917853474617
3313,RU-Poisson,ru_poisson,DIA-like,1,0.3029285669326782
3313,RU-Poisson,ru_poisson,DeepRed-like,2,0.21713191270828247
3317,RU-Poisson,ru_poisson,SYTO16-like,0,0.1308303028345108
3317,RU-Poisson,ru_poisson,DIA-like,1,0.15727084875106812
3317,RU-Poisson,ru_poisson,DeepRed-like,2,0.21340693533420563
3328,RU-Poisson,ru_poisson,SYTO16-like,0,0.15473392605781555
3328,RU-Poisson,ru_poisson,DIA-like,1,0.24362316727638245
3328,RU-Poisson,ru_poisson,DeepRed-like,2,0.20089712738990784
3333,RU-Poisson,ru_poisson,SYTO16-like,0,0.15653224289417267
3333,RU-Poisson,ru_poisson,DIA-like,1,0.14402510225772858
3333,RU-Poisson,ru_poisson,DeepRed-like,2,0.17451997101306915
3341,RU-Poisson,ru_poisson,SYTO16-like,0,0.21513094007968903
3341,RU-Poisson,ru_poisson,DIA-like,1,0.27818039059638977
3341,RU-Poisson,ru_poisson,DeepRed-like,2,0.2303238958120346
3342,RU-Poisson,ru_poisson,SYTO16-like,0,0.1844085454940796
3342,RU-Poisson,ru_poisson,DIA-like,1,0.2107992172241211
3342,RU-Poisson,ru_poisson,DeepRed-like,2,0.23528751730918884
3345,RU-Poisson,ru_poisson,SYTO16-like,0,0.21824386715888977
3345,RU-Poisson,ru_poisson,DIA-like,1,0.21264632046222687
3345,RU-Poisson,ru_poisson,DeepRed-like,2,0.12078198790550232
3363,RU-Poisson,ru_poisson,SYTO16-like,0,0.1274058222770691
3363,RU-Poisson,ru_poisson,DIA-like,1,0.16382384300231934
3363,RU-Poisson,ru_poisson,DeepRed-like,2,0.1533890664577484
3367,RU-Poisson,ru_poisson,SYTO16-like,0,0.14391596615314484
3367,RU-Poisson,ru_poisson,DIA-like,1,0.1698809713125229
3367,RU-Poisson,ru_poisson,DeepRed-like,2,0.17534802854061127
3381,RU-Poisson,ru_poisson,SYTO16-like,0,0.20094171166419983
3381,RU-Poisson,ru_poisson,DIA-like,1,0.17276552319526672
3381,RU-Poisson,ru_poisson,DeepRed-like,2,0.17437542974948883
3395,RU-Poisson,ru_poisson,SYTO16-like,0,0.14961829781532288
3395,RU-Poisson,ru_poisson,DIA-like,1,0.275131493806839
3395,RU-Poisson,ru_poisson,DeepRed-like,2,0.21264272928237915
3397,RU-Poisson,ru_poisson,SYTO16-like,0,0.19075052440166473
3397,RU-Poisson,ru_poisson,DIA-like,1,0.21849150955677032
3397,RU-Poisson,ru_poisson,DeepRed-like,2,0.18448330461978912
3402,RU-Poisson,ru_poisson,SYTO16-like,0,0.18662801384925842
3402,RU-Poisson,ru_poisson,DIA-like,1,0.2369406521320343
3402,RU-Poisson,ru_poisson,DeepRed-like,2,0.21098794043064117
3403,RU-Poisson,ru_poisson,SYTO16-like,0,0.13006077706813812
3403,RU-Poisson,ru_poisson,DIA-like,1,0.19199104607105255
3403,RU-Poisson,ru_poisson,DeepRed-like,2,0.2744992971420288
3404,RU-Poisson,ru_poisson,SYTO16-like,0,0.14792369306087494
3404,RU-Poisson,ru_poisson,DIA-like,1,0.18664765357971191
3404,RU-Poisson,ru_poisson,DeepRed-like,2,0.1762787401676178
3427,RU-Poisson,ru_poisson,SYTO16-like,0,0.1600365936756134
3427,RU-Poisson,ru_poisson,DIA-like,1,0.16921094059944153
3427,RU-Poisson,ru_poisson,DeepRed-like,2,0.13615992665290833
3436,RU-Poisson,ru_poisson,SYTO16-like,0,0.22230814397335052
3436,RU-Poisson,ru_poisson,DIA-like,1,0.1669330894947052
3436,RU-Poisson,ru_poisson,DeepRed-like,2,0.21837790310382843
3443,RU-Poisson,ru_poisson,SYTO16-like,0,0.13366788625717163
3443,RU-Poisson,ru_poisson,DIA-like,1,0.16222773492336273
3443,RU-Poisson,ru_poisson,DeepRed-like,2,0.2430126965045929
3461,RU-Poisson,ru_poisson,SYTO16-like,0,0.18653452396392822
3461,RU-Poisson,ru_poisson,DIA-like,1,0.2198244333267212
3461,RU-Poisson,ru_poisson,DeepRed-like,2,0.23928581178188324
3462,RU-Poisson,ru_poisson,SYTO16-like,0,0.18299321830272675
3462,RU-Poisson,ru_poisson,DIA-like,1,0.2573789060115814
3462,RU-Poisson,ru_poisson,DeepRed-like,2,0.23327316343784332
3465,RU-Poisson,ru_poisson,SYTO16-like,0,0.16662931442260742
3465,RU-Poisson,ru_poisson,DIA-like,1,0.2031574249267578
3465,RU-Poisson,ru_poisson,DeepRed-like,2,0.22295893728733063
3487,RU-Poisson,ru_poisson,SYTO16-like,0,0.12857970595359802
3487,RU-Poisson,ru_poisson,DIA-like,1,0.1407366394996643
3487,RU-Poisson,ru_poisson,DeepRed-like,2,0.10512392222881317
3495,RU-Poisson,ru_poisson,SYTO16-like,0,0.13828930258750916
3495,RU-Poisson,ru_poisson,DIA-like,1,0.1752208024263382
3495,RU-Poisson,ru_poisson,DeepRed-like,2,0.16383910179138184
3509,RU-Poisson,ru_poisson,SYTO16-like,0,0.1220536008477211
3509,RU-Poisson,ru_poisson,DIA-like,1,0.1858656108379364
3509,RU-Poisson,ru_poisson,DeepRed-like,2,0.1414279192686081
3510,RU-Poisson,ru_poisson,SYTO16-like,0,0.16667459905147552
3510,RU-Poisson,ru_poisson,DIA-like,1,0.2454734891653061
3510,RU-Poisson,ru_poisson,DeepRed-like,2,0.2061692178249359
3511,RU-Poisson,ru_poisson,SYTO16-like,0,0.20657505095005035
3511,RU-Poisson,ru_poisson,DIA-like,1,0.20497897267341614
3511,RU-Poisson,ru_poisson,DeepRed-like,2,0.2152317613363266
3512,RU-Poisson,ru_poisson,SYTO16-like,0,0.13920442759990692
3512,RU-Poisson,ru_poisson,DIA-like,1,0.18791350722312927
3512,RU-Poisson,ru_poisson,DeepRed-like,2,0.17574132978916168
3516,RU-Poisson,ru_poisson,SYTO16-like,0,0.22712242603302002
3516,RU-Poisson,ru_poisson,DIA-like,1,0.23393036425113678
3516,RU-Poisson,ru_poisson,DeepRed-like,2,0.2170260101556778
3527,RU-Poisson,ru_poisson,SYTO16-like,0,0.19161075353622437
3527,RU-Poisson,ru_poisson,DIA-like,1,0.19171839952468872
3527,RU-Poisson,ru_poisson,DeepRed-like,2,0.19052140414714813
3543,RU-Poisson,ru_poisson,SYTO16-like,0,0.14388413727283478
3543,RU-Poisson,ru_poisson,DIA-like,1,0.15983006358146667
3543,RU-Poisson,ru_poisson,DeepRed-like,2,0.1452776938676834
3551,RU-Poisson,ru_poisson,SYTO16-like,0,0.2118607610464096
3551,RU-Poisson,ru_poisson,DIA-like,1,0.20275378227233887
3551,RU-Poisson,ru_poisson,DeepRed-like,2,0.18633635342121124
3554,RU-Poisson,ru_poisson,SYTO16-like,0,0.1995633989572525
3554,RU-Poisson,ru_poisson,DIA-like,1,0.13947781920433044
3554,RU-Poisson,ru_poisson,DeepRed-like,2,0.20988565683364868
3557,RU-Poisson,ru_poisson,SYTO16-like,0,0.13161367177963257
3557,RU-Poisson,ru_poisson,DIA-like,1,0.15244075655937195
3557,RU-Poisson,ru_poisson,DeepRed-like,2,0.18778327107429504
3559,RU-Poisson,ru_poisson,SYTO16-like,0,0.13008154928684235
3559,RU-Poisson,ru_poisson,DIA-like,1,0.18151459097862244
3559,RU-Poisson,ru_poisson,DeepRed-like,2,0.19369655847549438
3561,RU-Poisson,ru_poisson,SYTO16-like,0,0.137526273727417
3561,RU-Poisson,ru_poisson,DIA-like,1,0.16675683856010437
3561,RU-Poisson,ru_poisson,DeepRed-like,2,0.14364176988601685
3567,RU-Poisson,ru_poisson,SYTO16-like,0,0.16601058840751648
3567,RU-Poisson,ru_poisson,DIA-like,1,0.19092345237731934
3567,RU-Poisson,ru_poisson,DeepRed-like,2,0.16560889780521393
3580,RU-Poisson,ru_poisson,SYTO16-like,0,0.12765280902385712
3580,RU-Poisson,ru_poisson,DIA-like,1,0.16193746030330658
3580,RU-Poisson,ru_poisson,DeepRed-like,2,0.13145068287849426
3592,RU-Poisson,ru_poisson,SYTO16-like,0,0.1678152233362198
3592,RU-Poisson,ru_poisson,DIA-like,1,0.3657374680042267
3592,RU-Poisson,ru_poisson,DeepRed-like,2,0.16047555208206177
3594,RU-Poisson,ru_poisson,SYTO16-like,0,0.15614669024944305
3594,RU-Poisson,ru_poisson,DIA-like,1,0.19079293310642242
3594,RU-Poisson,ru_poisson,DeepRed-like,2,0.20409132540225983
3597,RU-Poisson,ru_poisson,SYTO16-like,0,0.2545139491558075
3597,RU-Poisson,ru_poisson,DIA-like,1,0.31063228845596313
3597,RU-Poisson,ru_poisson,DeepRed-like,2,0.26397863030433655
3598,RU-Poisson,ru_poisson,SYTO16-like,0,0.19963611662387848
3598,RU-Poisson,ru_poisson,DIA-like,1,0.2541349232196808
3598,RU-Poisson,ru_poisson,DeepRed-like,2,0.32453498244285583
3610,RU-Poisson,ru_poisson,SYTO16-like,0,0.17155195772647858
3610,RU-Poisson,ru_poisson,DIA-like,1,0.18246734142303467
3610,RU-Poisson,ru_poisson,DeepRed-like,2,0.19768022000789642
3612,RU-Poisson,ru_poisson,SYTO16-like,0,0.1803489774465561
3612,RU-Poisson,ru_poisson,DIA-like,1,0.20442382991313934
3612,RU-Poisson,ru_poisson,DeepRed-like,2,0.2174563705921173
3625,RU-Poisson,ru_poisson,SYTO16-like,0,0.18049678206443787
3625,RU-Poisson,ru_poisson,DIA-like,1,0.15936517715454102
3625,RU-Poisson,ru_poisson,DeepRed-like,2,0.13785392045974731
3634,RU-Poisson,ru_poisson,SYTO16-like,0,0.1533755511045456
3634,RU-Poisson,ru_poisson,DIA-like,1,0.206598699092865
3634,RU-Poisson,ru_poisson,DeepRed-like,2,0.11432527750730515
3636,RU-Poisson,ru_poisson,SYTO16-like,0,0.1795363426208496
3636,RU-Poisson,ru_poisson,DIA-like,1,0.23153989017009735
3636,RU-Poisson,ru_poisson,DeepRed-like,2,0.18601484596729279
3644,RU-Poisson,ru_poisson,SYTO16-like,0,0.17247574031352997
3644,RU-Poisson,ru_poisson,DIA-like,1,0.21375519037246704
3644,RU-Poisson,ru_poisson,DeepRed-like,2,0.16435134410858154
3646,RU-Poisson,ru_poisson,SYTO16-like,0,0.1522260457277298
3646,RU-Poisson,ru_poisson,DIA-like,1,0.17508207261562347
3646,RU-Poisson,ru_poisson,DeepRed-like,2,0.21020963788032532
3647,RU-Poisson,ru_poisson,SYTO16-like,0,0.14556172490119934
3647,RU-Poisson,ru_poisson,DIA-like,1,0.16269691288471222
3647,RU-Poisson,ru_poisson,DeepRed-like,2,0.14932303130626678
3668,RU-Poisson,ru_poisson,SYTO16-like,0,0.21804572641849518
3668,RU-Poisson,ru_poisson,DIA-like,1,0.1635935753583908
3668,RU-Poisson,ru_poisson,DeepRed-like,2,0.12153342366218567
3674,RU-Poisson,ru_poisson,SYTO16-like,0,0.1642989218235016
3674,RU-Poisson,ru_poisson,DIA-like,1,0.2189750224351883
3674,RU-Poisson,ru_poisson,DeepRed-like,2,0.20778346061706543
3676,RU-Poisson,ru_poisson,SYTO16-like,0,0.24606497585773468
3676,RU-Poisson,ru_poisson,DIA-like,1,0.20946983993053436
3676,RU-Poisson,ru_poisson,DeepRed-like,2,0.2607821524143219
3694,RU-Poisson,ru_poisson,SYTO16-like,0,0.1561645120382309
3694,RU-Poisson,ru_poisson,DIA-like,1,0.2749289870262146
3694,RU-Poisson,ru_poisson,DeepRed-like,2,0.19968093931674957
3701,RU-Poisson,ru_poisson,SYTO16-like,0,0.2018519937992096
3701,RU-Poisson,ru_poisson,DIA-like,1,0.23053519427776337
3701,RU-Poisson,ru_poisson,DeepRed-like,2,0.20948033034801483
3712,RU-Poisson,ru_poisson,SYTO16-like,0,0.14820362627506256
3712,RU-Poisson,ru_poisson,DIA-like,1,0.19613955914974213
3712,RU-Poisson,ru_poisson,DeepRed-like,2,0.18383124470710754
3714,RU-Poisson,ru_poisson,SYTO16-like,0,0.1534329354763031
3714,RU-Poisson,ru_poisson,DIA-like,1,0.18531589210033417
3714,RU-Poisson,ru_poisson,DeepRed-like,2,0.16299402713775635
3719,RU-Poisson,ru_poisson,SYTO16-like,0,0.17934048175811768
3719,RU-Poisson,ru_poisson,DIA-like,1,0.17866358160972595
3719,RU-Poisson,ru_poisson,DeepRed-like,2,0.23812630772590637
3721,RU-Poisson,ru_poisson,SYTO16-like,0,0.19598181545734406
3721,RU-Poisson,ru_poisson,DIA-like,1,0.2587369978427887
3721,RU-Poisson,ru_poisson,DeepRed-like,2,0.21534281969070435
3723,RU-Poisson,ru_poisson,SYTO16-like,0,0.23008708655834198
3723,RU-Poisson,ru_poisson,DIA-like,1,0.1823476403951645
3723,RU-Poisson,ru_poisson,DeepRed-like,2,0.20813411474227905
3725,RU-Poisson,ru_poisson,SYTO16-like,0,0.1223679929971695
3725,RU-Poisson,ru_poisson,DIA-like,1,0.1803772896528244
3725,RU-Poisson,ru_poisson,DeepRed-like,2,0.13975773751735687
3728,RU-Poisson,ru_poisson,SYTO16-like,0,0.17909865081310272
3728,RU-Poisson,ru_poisson,DIA-like,1,0.2316562384366989
3728,RU-Poisson,ru_poisson,DeepRed-like,2,0.20510399341583252
3730,RU-Poisson,ru_poisson,SYTO16-like,0,0.1447027027606964
3730,RU-Poisson,ru_poisson,DIA-like,1,0.1764151155948639
3730,RU-Poisson,ru_poisson,DeepRed-like,2,0.16809329390525818
3739,RU-Poisson,ru_poisson,SYTO16-like,0,0.1626504361629486
3739,RU-Poisson,ru_poisson,DIA-like,1,0.23657086491584778
3739,RU-Poisson,ru_poisson,DeepRed-like,2,0.2103513777256012
3741,RU-Poisson,ru_poisson,SYTO16-like,0,0.15403753519058228
3741,RU-Poisson,ru_poisson,DIA-like,1,0.2166406363248825
3741,RU-Poisson,ru_poisson,DeepRed-like,2,0.18592703342437744
3745,RU-Poisson,ru_poisson,SYTO16-like,0,0.18336337804794312
3745,RU-Poisson,ru_poisson,DIA-like,1,0.19191455841064453
3745,RU-Poisson,ru_poisson,DeepRed-like,2,0.2175743728876114
3746,RU-Poisson,ru_poisson,SYTO16-like,0,0.14085856080055237
3746,RU-Poisson,ru_poisson,DIA-like,1,0.15938574075698853
3746,RU-Poisson,ru_poisson,DeepRed-like,2,0.16756723821163177
3754,RU-Poisson,ru_poisson,SYTO16-like,0,0.17893949151039124
3754,RU-Poisson,ru_poisson,DIA-like,1,0.18332552909851074
3754,RU-Poisson,ru_poisson,DeepRed-like,2,0.20627941191196442
3758,RU-Poisson,ru_poisson,SYTO16-like,0,0.18164345622062683
3758,RU-Poisson,ru_poisson,DIA-like,1,0.18080054223537445
3758,RU-Poisson,ru_poisson,DeepRed-like,2,0.17721262574195862
3759,RU-Poisson,ru_poisson,SYTO16-like,0,0.17496024072170258
3759,RU-Poisson,ru_poisson,DIA-like,1,0.20859704911708832
3759,RU-Poisson,ru_poisson,DeepRed-like,2,0.1837092489004135
3779,RU-Poisson,ru_poisson,SYTO16-like,0,0.1459607481956482
3779,RU-Poisson,ru_poisson,DIA-like,1,0.18038015067577362
3779,RU-Poisson,ru_poisson,DeepRed-like,2,0.20038190484046936
3791,RU-Poisson,ru_poisson,SYTO16-like,0,0.13292846083641052
3791,RU-Poisson,ru_poisson,DIA-like,1,0.14861281216144562
3791,RU-Poisson,ru_poisson,DeepRed-like,2,0.15055665373802185
3792,RU-Poisson,ru_poisson,SYTO16-like,0,0.17930352687835693
3792,RU-Poisson,ru_poisson,DIA-like,1,0.18267087638378143
3792,RU-Poisson,ru_poisson,DeepRed-like,2,0.1559387892484665
3794,RU-Poisson,ru_poisson,SYTO16-like,0,0.13805799186229706
3794,RU-Poisson,ru_poisson,DIA-like,1,0.23598669469356537
3794,RU-Poisson,ru_poisson,DeepRed-like,2,0.16382046043872833
3803,RU-Poisson,ru_poisson,SYTO16-like,0,0.12884794175624847
3803,RU-Poisson,ru_poisson,DIA-like,1,0.1479269117116928
3803,RU-Poisson,ru_poisson,DeepRed-like,2,0.1348649114370346
3804,RU-Poisson,ru_poisson,SYTO16-like,0,0.13475097715854645
3804,RU-Poisson,ru_poisson,DIA-like,1,0.19653277099132538
3804,RU-Poisson,ru_poisson,DeepRed-like,2,0.20470985770225525
3807,RU-Poisson,ru_poisson,SYTO16-like,0,0.2229910045862198
3807,RU-Poisson,ru_poisson,DIA-like,1,0.26929259300231934
3807,RU-Poisson,ru_poisson,DeepRed-like,2,0.22942525148391724
3809,RU-Poisson,ru_poisson,SYTO16-like,0,0.1323687732219696
3809,RU-Poisson,ru_poisson,DIA-like,1,0.15739311277866364
3809,RU-Poisson,ru_poisson,DeepRed-like,2,0.1659531593322754
3812,RU-Poisson,ru_poisson,SYTO16-like,0,0.16536495089530945
3812,RU-Poisson,ru_poisson,DIA-like,1,0.19261495769023895
3812,RU-Poisson,ru_poisson,DeepRed-like,2,0.19612622261047363
3813,RU-Poisson,ru_poisson,SYTO16-like,0,0.24165162444114685
3813,RU-Poisson,ru_poisson,DIA-like,1,0.23121872544288635
3813,RU-Poisson,ru_poisson,DeepRed-like,2,0.19917137920856476
3815,RU-Poisson,ru_poisson,SYTO16-like,0,0.21193963289260864
3815,RU-Poisson,ru_poisson,DIA-like,1,0.22620052099227905
3815,RU-Poisson,ru_poisson,DeepRed-like,2,0.17261752486228943
3823,RU-Poisson,ru_poisson,SYTO16-like,0,0.15037420392036438
3823,RU-Poisson,ru_poisson,DIA-like,1,0.2018774151802063
3823,RU-Poisson,ru_poisson,DeepRed-like,2,0.22735828161239624
3824,RU-Poisson,ru_poisson,SYTO16-like,0,0.14894595742225647
3824,RU-Poisson,ru_poisson,DIA-like,1,0.17116552591323853
3824,RU-Poisson,ru_poisson,DeepRed-like,2,0.1356883943080902
3827,RU-Poisson,ru_poisson,SYTO16-like,0,0.18720997869968414
3827,RU-Poisson,ru_poisson,DIA-like,1,0.18876318633556366
3827,RU-Poisson,ru_poisson,DeepRed-like,2,0.16404463350772858
3830,RU-Poisson,ru_poisson,SYTO16-like,0,0.23765037953853607
3830,RU-Poisson,ru_poisson,DIA-like,1,0.1782708615064621
3830,RU-Poisson,ru_poisson,DeepRed-like,2,0.15990571677684784
3834,RU-Poisson,ru_poisson,SYTO16-like,0,0.15780137479305267
3834,RU-Poisson,ru_poisson,DIA-like,1,0.21072593331336975
3834,RU-Poisson,ru_poisson,DeepRed-like,2,0.22010399401187897
3838,RU-Poisson,ru_poisson,SYTO16-like,0,0.15344688296318054
3838,RU-Poisson,ru_poisson,DIA-like,1,0.16608332097530365
3838,RU-Poisson,ru_poisson,DeepRed-like,2,0.2200523018836975
3845,RU-Poisson,ru_poisson,SYTO16-like,0,0.2475302666425705
3845,RU-Poisson,ru_poisson,DIA-like,1,0.33365070819854736
3845,RU-Poisson,ru_poisson,DeepRed-like,2,0.19113102555274963
3846,RU-Poisson,ru_poisson,SYTO16-like,0,0.15727989375591278
3846,RU-Poisson,ru_poisson,DIA-like,1,0.45042285323143005
3846,RU-Poisson,ru_poisson,DeepRed-like,2,0.14547057449817657
3849,RU-Poisson,ru_poisson,SYTO16-like,0,0.1384509950876236
3849,RU-Poisson,ru_poisson,DIA-like,1,0.23526133596897125
3849,RU-Poisson,ru_poisson,DeepRed-like,2,0.2551099956035614
3850,RU-Poisson,ru_poisson,SYTO16-like,0,0.12749725580215454
3850,RU-Poisson,ru_poisson,DIA-like,1,0.2199024111032486
3850,RU-Poisson,ru_poisson,DeepRed-like,2,0.19403065741062164
3859,RU-Poisson,ru_poisson,SYTO16-like,0,0.183096781373024
3859,RU-Poisson,ru_poisson,DIA-like,1,0.19906653463840485
3859,RU-Poisson,ru_poisson,DeepRed-like,2,0.18630248308181763
3883,RU-Poisson,ru_poisson,SYTO16-like,0,0.1610296368598938
3883,RU-Poisson,ru_poisson,DIA-like,1,0.23496569693088531
3883,RU-Poisson,ru_poisson,DeepRed-like,2,0.24415425956249237
3886,RU-Poisson,ru_poisson,SYTO16-like,0,0.32954272627830505
3886,RU-Poisson,ru_poisson,DIA-like,1,0.21264147758483887
3886,RU-Poisson,ru_poisson,DeepRed-like,2,0.17980119585990906
3887,RU-Poisson,ru_poisson,SYTO16-like,0,0.14622683823108673
3887,RU-Poisson,ru_poisson,DIA-like,1,0.2049112468957901
3887,RU-Poisson,ru_poisson,DeepRed-like,2,0.18907088041305542
3892,RU-Poisson,ru_poisson,SYTO16-like,0,0.1420331746339798
3892,RU-Poisson,ru_poisson,DIA-like,1,0.16505029797554016
3892,RU-Poisson,ru_poisson,DeepRed-like,2,0.1482122242450714
3894,RU-Poisson,ru_poisson,SYTO16-like,0,0.1560049057006836
3894,RU-Poisson,ru_poisson,DIA-like,1,0.16136576235294342
3894,RU-Poisson,ru_poisson,DeepRed-like,2,0.1702638417482376
3897,RU-Poisson,ru_poisson,SYTO16-like,0,0.2116950899362564
3897,RU-Poisson,ru_poisson,DIA-like,1,0.3271823227405548
3897,RU-Poisson,ru_poisson,DeepRed-like,2,0.19959722459316254
3917,RU-Poisson,ru_poisson,SYTO16-like,0,0.10543403774499893
3917,RU-Poisson,ru_poisson,DIA-like,1,0.14767715334892273
3917,RU-Poisson,ru_poisson,DeepRed-like,2,0.1433955579996109
3927,RU-Poisson,ru_poisson,SYTO16-like,0,0.18802811205387115
3927,RU-Poisson,ru_poisson,DIA-like,1,0.20482514798641205
3927,RU-Poisson,ru_poisson,DeepRed-like,2,0.18718145787715912
3928,RU-Poisson,ru_poisson,SYTO16-like,0,0.15508636832237244
3928,RU-Poisson,ru_poisson,DIA-like,1,0.19881297647953033
3928,RU-Poisson,ru_poisson,DeepRed-like,2,0.21385285258293152
3933,RU-Poisson,ru_poisson,SYTO16-like,0,0.1919836401939392
3933,RU-Poisson,ru_poisson,DIA-like,1,0.1926192194223404
3933,RU-Poisson,ru_poisson,DeepRed-like,2,0.19561158120632172
3937,RU-Poisson,ru_poisson,SYTO16-like,0,0.16740143299102783
3937,RU-Poisson,ru_poisson,DIA-like,1,0.2375958263874054
3937,RU-Poisson,ru_poisson,DeepRed-like,2,0.2348146289587021
3938,RU-Poisson,ru_poisson,SYTO16-like,0,0.15321491658687592
3938,RU-Poisson,ru_poisson,DIA-like,1,0.22965766489505768
3938,RU-Poisson,ru_poisson,DeepRed-like,2,0.2268940508365631
3951,RU-Poisson,ru_poisson,SYTO16-like,0,0.2260742038488388
3951,RU-Poisson,ru_poisson,DIA-like,1,0.2431948482990265
3951,RU-Poisson,ru_poisson,DeepRed-like,2,0.18796350061893463
3969,RU-Poisson,ru_poisson,SYTO16-like,0,0.15836364030838013
3969,RU-Poisson,ru_poisson,DIA-like,1,0.1927984058856964
3969,RU-Poisson,ru_poisson,DeepRed-like,2,0.18608658015727997
3972,RU-Poisson,ru_poisson,SYTO16-like,0,0.13888679444789886
3972,RU-Poisson,ru_poisson,DIA-like,1,0.19620972871780396
3972,RU-Poisson,ru_poisson,DeepRed-like,2,0.20050926506519318
3978,RU-Poisson,ru_poisson,SYTO16-like,0,0.22596235573291779
3978,RU-Poisson,ru_poisson,DIA-like,1,0.19432055950164795
3978,RU-Poisson,ru_poisson,DeepRed-like,2,0.1965455859899521
3982,RU-Poisson,ru_poisson,SYTO16-like,0,0.151696115732193
3982,RU-Poisson,ru_poisson,DIA-like,1,0.16077953577041626
3982,RU-Poisson,ru_poisson,DeepRed-like,2,0.19930334389209747
4000,RU-Poisson,ru_poisson,SYTO16-like,0,0.2379835546016693
4000,RU-Poisson,ru_poisson,DIA-like,1,0.14117339253425598
4000,RU-Poisson,ru_poisson,DeepRed-like,2,0.18932512402534485
4001,RU-Poisson,ru_poisson,SYTO16-like,0,0.16965343058109283
4001,RU-Poisson,ru_poisson,DIA-like,1,0.19489596784114838
4001,RU-Poisson,ru_poisson,DeepRed-like,2,0.20856067538261414
4006,RU-Poisson,ru_poisson,SYTO16-like,0,0.17866799235343933
4006,RU-Poisson,ru_poisson,DIA-like,1,0.2389436960220337
4006,RU-Poisson,ru_poisson,DeepRed-like,2,0.20376595854759216
4010,RU-Poisson,ru_poisson,SYTO16-like,0,0.1713145524263382
4010,RU-Poisson,ru_poisson,DIA-like,1,0.24446289241313934
4010,RU-Poisson,ru_poisson,DeepRed-like,2,0.15331809222698212
4018,RU-Poisson,ru_poisson,SYTO16-like,0,0.16821584105491638
4018,RU-Poisson,ru_poisson,DIA-like,1,0.19167542457580566
4018,RU-Poisson,ru_poisson,DeepRed-like,2,0.234115332365036
4020,RU-Poisson,ru_poisson,SYTO16-like,0,0.1342141181230545
4020,RU-Poisson,ru_poisson,DIA-like,1,0.1646294742822647
4020,RU-Poisson,ru_poisson,DeepRed-like,2,0.22237356007099152
4023,RU-Poisson,ru_poisson,SYTO16-like,0,0.13196559250354767
4023,RU-Poisson,ru_poisson,DIA-like,1,0.1732679158449173
4023,RU-Poisson,ru_poisson,DeepRed-like,2,0.17471468448638916
4028,RU-Poisson,ru_poisson,SYTO16-like,0,0.16447792947292328
4028,RU-Poisson,ru_poisson,DIA-like,1,0.16818557679653168
4028,RU-Poisson,ru_poisson,DeepRed-like,2,0.17349404096603394
4035,RU-Poisson,ru_poisson,SYTO16-like,0,0.19844375550746918
4035,RU-Poisson,ru_poisson,DIA-like,1,0.23391024768352509
4035,RU-Poisson,ru_poisson,DeepRed-like,2,0.20614318549633026
4038,RU-Poisson,ru_poisson,SYTO16-like,0,0.10838846117258072
4038,RU-Poisson,ru_poisson,DIA-like,1,0.15348975360393524
4038,RU-Poisson,ru_poisson,DeepRed-like,2,0.11395449191331863
4039,RU-Poisson,ru_poisson,SYTO16-like,0,0.16435514390468597
4039,RU-Poisson,ru_poisson,DIA-like,1,0.18469072878360748
4039,RU-Poisson,ru_poisson,DeepRed-like,2,0.21171601116657257
4047,RU-Poisson,ru_poisson,SYTO16-like,0,0.21094352006912231
4047,RU-Poisson,ru_poisson,DIA-like,1,0.2015891820192337
4047,RU-Poisson,ru_poisson,DeepRed-like,2,0.2294730395078659
4050,RU-Poisson,ru_poisson,SYTO16-like,0,0.13389335572719574
4050,RU-Poisson,ru_poisson,DIA-like,1,0.1922747790813446
4050,RU-Poisson,ru_poisson,DeepRed-like,2,0.19971691071987152
4052,RU-Poisson,ru_poisson,SYTO16-like,0,0.13308078050613403
4052,RU-Poisson,ru_poisson,DIA-like,1,0.16080881655216217
4052,RU-Poisson,ru_poisson,DeepRed-like,2,0.1514488011598587
4055,RU-Poisson,ru_poisson,SYTO16-like,0,0.1621863692998886
4055,RU-Poisson,ru_poisson,DIA-like,1,0.18640467524528503
4055,RU-Poisson,ru_poisson,DeepRed-like,2,0.18619994819164276
4069,RU-Poisson,ru_poisson,SYTO16-like,0,0.2553887367248535
4069,RU-Poisson,ru_poisson,DIA-like,1,0.2993425130844116
4069,RU-Poisson,ru_poisson,DeepRed-like,2,0.4165034890174866
4073,RU-Poisson,ru_poisson,SYTO16-like,0,0.16743279993534088
4073,RU-Poisson,ru_poisson,DIA-like,1,0.21360881626605988
4073,RU-Poisson,ru_poisson,DeepRed-like,2,0.2187604159116745
4078,RU-Poisson,ru_poisson,SYTO16-like,0,0.12269735336303711
4078,RU-Poisson,ru_poisson,DIA-like,1,0.19965554773807526
4078,RU-Poisson,ru_poisson,DeepRed-like,2,0.17897793650627136
4079,RU-Poisson,ru_poisson,SYTO16-like,0,0.13548827171325684
4079,RU-Poisson,ru_poisson,DIA-like,1,0.211329385638237
4079,RU-Poisson,ru_poisson,DeepRed-like,2,0.14604729413986206
4080,RU-Poisson,ru_poisson,SYTO16-like,0,0.2212824821472168
4080,RU-Poisson,ru_poisson,DIA-like,1,0.2039714902639389
4080,RU-Poisson,ru_poisson,DeepRed-like,2,0.1959160566329956
4091,RU-Poisson,ru_poisson,SYTO16-like,0,0.13312359154224396
4091,RU-Poisson,ru_poisson,DIA-like,1,0.16753628849983215
4091,RU-Poisson,ru_poisson,DeepRed-like,2,0.184016153216362
4096,RU-Poisson,ru_poisson,SYTO16-like,0,0.13694636523723602
4096,RU-Poisson,ru_poisson,DIA-like,1,0.18604055047035217
4096,RU-Poisson,ru_poisson,DeepRed-like,2,0.19639016687870026
4098,RU-Poisson,ru_poisson,SYTO16-like,0,0.18378227949142456
4098,RU-Poisson,ru_poisson,DIA-like,1,0.23934492468833923
4098,RU-Poisson,ru_poisson,DeepRed-like,2,0.1932976394891739
4121,RU-Poisson,ru_poisson,SYTO16-like,0,0.1705552339553833
4121,RU-Poisson,ru_poisson,DIA-like,1,0.21812012791633606
4121,RU-Poisson,ru_poisson,DeepRed-like,2,0.19531425833702087
4134,RU-Poisson,ru_poisson,SYTO16-like,0,0.15644480288028717
4134,RU-Poisson,ru_poisson,DIA-like,1,0.17976954579353333
4134,RU-Poisson,ru_poisson,DeepRed-like,2,0.21288689970970154
4135,RU-Poisson,ru_poisson,SYTO16-like,0,0.2077622413635254
4135,RU-Poisson,ru_poisson,DIA-like,1,0.21991664171218872
4135,RU-Poisson,ru_poisson,DeepRed-like,2,0.18933992087841034
4137,RU-Poisson,ru_poisson,SYTO16-like,0,0.14428922533988953
4137,RU-Poisson,ru_poisson,DIA-like,1,0.18334829807281494
4137,RU-Poisson,ru_poisson,DeepRed-like,2,0.17435979843139648
4145,RU-Poisson,ru_poisson,SYTO16-like,0,0.13593930006027222
4145,RU-Poisson,ru_poisson,DIA-like,1,0.18247495591640472
4145,RU-Poisson,ru_poisson,DeepRed-like,2,0.16224317252635956
4149,RU-Poisson,ru_poisson,SYTO16-like,0,0.20614919066429138
4149,RU-Poisson,ru_poisson,DIA-like,1,0.29150107502937317
4149,RU-Poisson,ru_poisson,DeepRed-like,2,0.154013991355896
4153,RU-Poisson,ru_poisson,SYTO16-like,0,0.13978822529315948
4153,RU-Poisson,ru_poisson,DIA-like,1,0.1662459820508957
4153,RU-Poisson,ru_poisson,DeepRed-like,2,0.19511011242866516
4181,RU-Poisson,ru_poisson,SYTO16-like,0,0.19667723774909973
4181,RU-Poisson,ru_poisson,DIA-like,1,0.18317972123622894
4181,RU-Poisson,ru_poisson,DeepRed-like,2,0.20559190213680267
4188,RU-Poisson,ru_poisson,SYTO16-like,0,0.21391621232032776
4188,RU-Poisson,ru_poisson,DIA-like,1,0.165695458650589
4188,RU-Poisson,ru_poisson,DeepRed-like,2,0.27191951870918274
4196,RU-Poisson,ru_poisson,SYTO16-like,0,0.18264082074165344
4196,RU-Poisson,ru_poisson,DIA-like,1,0.22789065539836884
4196,RU-Poisson,ru_poisson,DeepRed-like,2,0.18975822627544403
4204,RU-Poisson,ru_poisson,SYTO16-like,0,0.15152452886104584
4204,RU-Poisson,ru_poisson,DIA-like,1,0.1816195249557495
4204,RU-Poisson,ru_poisson,DeepRed-like,2,0.20632591843605042
4209,RU-Poisson,ru_poisson,SYTO16-like,0,0.18863196671009064
4209,RU-Poisson,ru_poisson,DIA-like,1,0.23419293761253357
4209,RU-Poisson,ru_poisson,DeepRed-like,2,0.2051686942577362
4211,RU-Poisson,ru_poisson,SYTO16-like,0,0.17166760563850403
4211,RU-Poisson,ru_poisson,DIA-like,1,0.21210968494415283
4211,RU-Poisson,ru_poisson,DeepRed-like,2,0.2180355191230774
4212,RU-Poisson,ru_poisson,SYTO16-like,0,0.18130214512348175
4212,RU-Poisson,ru_poisson,DIA-like,1,0.22656412422657013
4212,RU-Poisson,ru_poisson,DeepRed-like,2,0.21018248796463013
4218,RU-Poisson,ru_poisson,SYTO16-like,0,0.13122107088565826
4218,RU-Poisson,ru_poisson,DIA-like,1,0.14817874133586884
4218,RU-Poisson,ru_poisson,DeepRed-like,2,0.22173058986663818
4228,RU-Poisson,ru_poisson,SYTO16-like,0,0.1821286976337433
4228,RU-Poisson,ru_poisson,DIA-like,1,0.21070966124534607
4228,RU-Poisson,ru_poisson,DeepRed-like,2,0.22273318469524384
4229,RU-Poisson,ru_poisson,SYTO16-like,0,0.2633255124092102
4229,RU-Poisson,ru_poisson,DIA-like,1,0.2301444560289383
4229,RU-Poisson,ru_poisson,DeepRed-like,2,0.17122654616832733
4250,RU-Poisson,ru_poisson,SYTO16-like,0,0.20796345174312592
4250,RU-Poisson,ru_poisson,DIA-like,1,0.23607490956783295
4250,RU-Poisson,ru_poisson,DeepRed-like,2,0.23932115733623505
4254,RU-Poisson,ru_poisson,SYTO16-like,0,0.1251029372215271
4254,RU-Poisson,ru_poisson,DIA-like,1,0.2128109186887741
4254,RU-Poisson,ru_poisson,DeepRed-like,2,0.2054826319217682
4261,RU-Poisson,ru_poisson,SYTO16-like,0,0.15736797451972961
4261,RU-Poisson,ru_poisson,DIA-like,1,0.2616468369960785
4261,RU-Poisson,ru_poisson,DeepRed-like,2,0.1413537710905075
4264,RU-Poisson,ru_poisson,SYTO16-like,0,0.2332366555929184
4264,RU-Poisson,ru_poisson,DIA-like,1,0.16358913481235504
4264,RU-Poisson,ru_poisson,DeepRed-like,2,0.17326653003692627
4265,RU-Poisson,ru_poisson,SYTO16-like,0,0.2098216414451599
4265,RU-Poisson,ru_poisson,DIA-like,1,0.17263519763946533
4265,RU-Poisson,ru_poisson,DeepRed-like,2,0.1811813861131668
4284,RU-Poisson,ru_poisson,SYTO16-like,0,0.2002733051776886
4284,RU-Poisson,ru_poisson,DIA-like,1,0.1953217089176178
4284,RU-Poisson,ru_poisson,DeepRed-like,2,0.1846548467874527
4294,RU-Poisson,ru_poisson,SYTO16-like,0,0.1843269020318985
4294,RU-Poisson,ru_poisson,DIA-like,1,0.21010030806064606
4294,RU-Poisson,ru_poisson,DeepRed-like,2,0.19216299057006836
4296,RU-Poisson,ru_poisson,SYTO16-like,0,0.23245178163051605
4296,RU-Poisson,ru_poisson,DIA-like,1,0.22942306101322174
4296,RU-Poisson,ru_poisson,DeepRed-like,2,0.16359561681747437
4306,RU-Poisson,ru_poisson,SYTO16-like,0,0.2302975207567215
4306,RU-Poisson,ru_poisson,DIA-like,1,0.23074838519096375
4306,RU-Poisson,ru_poisson,DeepRed-like,2,0.18495075404644012
4321,RU-Poisson,ru_poisson,SYTO16-like,0,0.1379716992378235
4321,RU-Poisson,ru_poisson,DIA-like,1,0.1685110628604889
4321,RU-Poisson,ru_poisson,DeepRed-like,2,0.2144373059272766
4327,RU-Poisson,ru_poisson,SYTO16-like,0,0.16763348877429962
4327,RU-Poisson,ru_poisson,DIA-like,1,0.22184762358665466
4327,RU-Poisson,ru_poisson,DeepRed-like,2,0.27633488178253174
4331,RU-Poisson,ru_poisson,SYTO16-like,0,0.16412796080112457
4331,RU-Poisson,ru_poisson,DIA-like,1,0.21289560198783875
4331,RU-Poisson,ru_poisson,DeepRed-like,2,0.24732857942581177
4334,RU-Poisson,ru_poisson,SYTO16-like,0,0.15164512395858765
4334,RU-Poisson,ru_poisson,DIA-like,1,0.17962487041950226
4334,RU-Poisson,ru_poisson,DeepRed-like,2,0.1548684537410736
4339,RU-Poisson,ru_poisson,SYTO16-like,0,0.13211487233638763
4339,RU-Poisson,ru_poisson,DIA-like,1,0.1814580261707306
4339,RU-Poisson,ru_poisson,DeepRed-like,2,0.17450666427612305
4340,RU-Poisson,ru_poisson,SYTO16-like,0,0.14720866084098816
4340,RU-Poisson,ru_poisson,DIA-like,1,0.2006964534521103
4340,RU-Poisson,ru_poisson,DeepRed-like,2,0.2210151106119156
4344,RU-Poisson,ru_poisson,SYTO16-like,0,0.15024901926517487
4344,RU-Poisson,ru_poisson,DIA-like,1,0.20097407698631287
4344,RU-Poisson,ru_poisson,DeepRed-like,2,0.16049781441688538
4349,RU-Poisson,ru_poisson,SYTO16-like,0,0.18813537061214447
4349,RU-Poisson,ru_poisson,DIA-like,1,0.19063280522823334
4349,RU-Poisson,ru_poisson,DeepRed-like,2,0.22164049744606018
4361,RU-Poisson,ru_poisson,SYTO16-like,0,0.17710572481155396
4361,RU-Poisson,ru_poisson,DIA-like,1,0.33840352296829224
4361,RU-Poisson,ru_poisson,DeepRed-like,2,0.20111703872680664
4370,RU-Poisson,ru_poisson,SYTO16-like,0,0.16642998158931732
4370,RU-Poisson,ru_poisson,DIA-like,1,0.1915978193283081
4370,RU-Poisson,ru_poisson,DeepRed-like,2,0.20382998883724213
4371,RU-Poisson,ru_poisson,SYTO16-like,0,0.16813752055168152
4371,RU-Poisson,ru_poisson,DIA-like,1,0.16554176807403564
4371,RU-Poisson,ru_poisson,DeepRed-like,2,0.13909627497196198
4376,RU-Poisson,ru_poisson,SYTO16-like,0,0.17538149654865265
4376,RU-Poisson,ru_poisson,DIA-like,1,0.218110591173172
4376,RU-Poisson,ru_poisson,DeepRed-like,2,0.3130260109901428
4390,RU-Poisson,ru_poisson,SYTO16-like,0,0.17117340862751007
4390,RU-Poisson,ru_poisson,DIA-like,1,0.20865531265735626
4390,RU-Poisson,ru_poisson,DeepRed-like,2,0.1681906282901764
4403,RU-Poisson,ru_poisson,SYTO16-like,0,0.14549620449543
4403,RU-Poisson,ru_poisson,DIA-like,1,0.2084604650735855
4403,RU-Poisson,ru_poisson,DeepRed-like,2,0.17906075716018677
4408,RU-Poisson,ru_poisson,SYTO16-like,0,0.1333935260772705
4408,RU-Poisson,ru_poisson,DIA-like,1,0.17658288776874542
4408,RU-Poisson,ru_poisson,DeepRed-like,2,0.21332873404026031
4412,RU-Poisson,ru_poisson,SYTO16-like,0,0.1584419459104538
4412,RU-Poisson,ru_poisson,DIA-like,1,0.22239558398723602
4412,RU-Poisson,ru_poisson,DeepRed-like,2,0.16892795264720917
4419,RU-Poisson,ru_poisson,SYTO16-like,0,0.14629416167736053
4419,RU-Poisson,ru_poisson,DIA-like,1,0.15852993726730347
4419,RU-Poisson,ru_poisson,DeepRed-like,2,0.13405808806419373
4433,RU-Poisson,ru_poisson,SYTO16-like,0,0.24554356932640076
4433,RU-Poisson,ru_poisson,DIA-like,1,0.19177408516407013
4433,RU-Poisson,ru_poisson,DeepRed-like,2,0.2049867808818817
4437,RU-Poisson,ru_poisson,SYTO16-like,0,0.18353788554668427
4437,RU-Poisson,ru_poisson,DIA-like,1,0.17080168426036835
4437,RU-Poisson,ru_poisson,DeepRed-like,2,0.19192035496234894
4446,RU-Poisson,ru_poisson,SYTO16-like,0,0.14559562504291534
4446,RU-Poisson,ru_poisson,DIA-like,1,0.18706479668617249
4446,RU-Poisson,ru_poisson,DeepRed-like,2,0.15983590483665466
4450,RU-Poisson,ru_poisson,SYTO16-like,0,0.15900686383247375
4450,RU-Poisson,ru_poisson,DIA-like,1,0.18696296215057373
4450,RU-Poisson,ru_poisson,DeepRed-like,2,0.2630161643028259
4460,RU-Poisson,ru_poisson,SYTO16-like,0,0.2017894685268402
4460,RU-Poisson,ru_poisson,DIA-like,1,0.25423651933670044
4460,RU-Poisson,ru_poisson,DeepRed-like,2,0.228962242603302
4464,RU-Poisson,ru_poisson,SYTO16-like,0,0.22486980259418488
4464,RU-Poisson,ru_poisson,DIA-like,1,0.15173006057739258
4464,RU-Poisson,ru_poisson,DeepRed-like,2,0.21136881411075592
4466,RU-Poisson,ru_poisson,SYTO16-like,0,0.18277889490127563
4466,RU-Poisson,ru_poisson,DIA-like,1,0.22607731819152832
4466,RU-Poisson,ru_poisson,DeepRed-like,2,0.24944646656513214
4474,RU-Poisson,ru_poisson,SYTO16-like,0,0.19106337428092957
4474,RU-Poisson,ru_poisson,DIA-like,1,0.17957021296024323
4474,RU-Poisson,ru_poisson,DeepRed-like,2,0.2373257428407669
4491,RU-Poisson,ru_poisson,SYTO16-like,0,0.13088209927082062
4491,RU-Poisson,ru_poisson,DIA-like,1,0.17559249699115753
4491,RU-Poisson,ru_poisson,DeepRed-like,2,0.16230089962482452
4499,RU-Poisson,ru_poisson,SYTO16-like,0,0.19607096910476685
4499,RU-Poisson,ru_poisson,DIA-like,1,0.221364364027977
4499,RU-Poisson,ru_poisson,DeepRed-like,2,0.23610369861125946
4527,RU-Poisson,ru_poisson,SYTO16-like,0,0.15189921855926514
4527,RU-Poisson,ru_poisson,DIA-like,1,0.2011316865682602
4527,RU-Poisson,ru_poisson,DeepRed-like,2,0.1658080369234085
4535,RU-Poisson,ru_poisson,SYTO16-like,0,0.18187172710895538
4535,RU-Poisson,ru_poisson,DIA-like,1,0.1973196566104889
4535,RU-Poisson,ru_poisson,DeepRed-like,2,0.20613877475261688
4542,RU-Poisson,ru_poisson,SYTO16-like,0,0.15373826026916504
4542,RU-Poisson,ru_poisson,DIA-like,1,0.1493823379278183
4542,RU-Poisson,ru_poisson,DeepRed-like,2,0.18154969811439514
4544,RU-Poisson,ru_poisson,SYTO16-like,0,0.13908475637435913
4544,RU-Poisson,ru_poisson,DIA-like,1,0.17651130259037018
4544,RU-Poisson,ru_poisson,DeepRed-like,2,0.13843342661857605
4547,RU-Poisson,ru_poisson,SYTO16-like,0,0.1693384200334549
4547,RU-Poisson,ru_poisson,DIA-like,1,0.1991696059703827
4547,RU-Poisson,ru_poisson,DeepRed-like,2,0.21373321115970612
4554,RU-Poisson,ru_poisson,SYTO16-like,0,0.2292860597372055
4554,RU-Poisson,ru_poisson,DIA-like,1,0.25738367438316345
4554,RU-Poisson,ru_poisson,DeepRed-like,2,0.1687309741973877
4555,RU-Poisson,ru_poisson,SYTO16-like,0,0.14111346006393433
4555,RU-Poisson,ru_poisson,DIA-like,1,0.3360661566257477
4555,RU-Poisson,ru_poisson,DeepRed-like,2,0.29780277609825134
4561,RU-Poisson,ru_poisson,SYTO16-like,0,0.16182595491409302
4561,RU-Poisson,ru_poisson,DIA-like,1,0.18079927563667297
4561,RU-Poisson,ru_poisson,DeepRed-like,2,0.17621254920959473
4566,RU-Poisson,ru_poisson,SYTO16-like,0,0.17052146792411804
4566,RU-Poisson,ru_poisson,DIA-like,1,0.18946893513202667
4566,RU-Poisson,ru_poisson,DeepRed-like,2,0.2191138118505478
4568,RU-Poisson,ru_poisson,SYTO16-like,0,0.1759563535451889
4568,RU-Poisson,ru_poisson,DIA-like,1,0.20172111690044403
4568,RU-Poisson,ru_poisson,DeepRed-like,2,0.23915740847587585
4586,RU-Poisson,ru_poisson,SYTO16-like,0,0.19965951144695282
4586,RU-Poisson,ru_poisson,DIA-like,1,0.2231309413909912
4586,RU-Poisson,ru_poisson,DeepRed-like,2,0.25583210587501526
4589,RU-Poisson,ru_poisson,SYTO16-like,0,0.1512819230556488
4589,RU-Poisson,ru_poisson,DIA-like,1,0.1745270937681198
4589,RU-Poisson,ru_poisson,DeepRed-like,2,0.16828027367591858
4590,RU-Poisson,ru_poisson,SYTO16-like,0,0.17769084870815277
4590,RU-Poisson,ru_poisson,DIA-like,1,0.18569636344909668
4590,RU-Poisson,ru_poisson,DeepRed-like,2,0.1695268750190735
4597,RU-Poisson,ru_poisson,SYTO16-like,0,0.15794703364372253
4597,RU-Poisson,ru_poisson,DIA-like,1,0.1734437197446823
4597,RU-Poisson,ru_poisson,DeepRed-like,2,0.2023535817861557
4602,RU-Poisson,ru_poisson,SYTO16-like,0,0.20729409158229828
4602,RU-Poisson,ru_poisson,DIA-like,1,0.23888196051120758
4602,RU-Poisson,ru_poisson,DeepRed-like,2,0.20884720981121063
4613,RU-Poisson,ru_poisson,SYTO16-like,0,0.20924432575702667
4613,RU-Poisson,ru_poisson,DIA-like,1,0.20647498965263367
4613,RU-Poisson,ru_poisson,DeepRed-like,2,0.20963311195373535
4614,RU-Poisson,ru_poisson,SYTO16-like,0,0.16787800192832947
4614,RU-Poisson,ru_poisson,DIA-like,1,0.1912432610988617
4614,RU-Poisson,ru_poisson,DeepRed-like,2,0.23833626508712769
4619,RU-Poisson,ru_poisson,SYTO16-like,0,0.14845037460327148
4619,RU-Poisson,ru_poisson,DIA-like,1,0.15314003825187683
4619,RU-Poisson,ru_poisson,DeepRed-like,2,0.1763337105512619
4627,RU-Poisson,ru_poisson,SYTO16-like,0,0.15138445794582367
4627,RU-Poisson,ru_poisson,DIA-like,1,0.2073713093996048
4627,RU-Poisson,ru_poisson,DeepRed-like,2,0.18980355560779572
4629,RU-Poisson,ru_poisson,SYTO16-like,0,0.14116014540195465
4629,RU-Poisson,ru_poisson,DIA-like,1,0.19549047946929932
4629,RU-Poisson,ru_poisson,DeepRed-like,2,0.17565420269966125
4633,RU-Poisson,ru_poisson,SYTO16-like,0,0.13234709203243256
4633,RU-Poisson,ru_poisson,DIA-like,1,0.16955001652240753
4633,RU-Poisson,ru_poisson,DeepRed-like,2,0.21222299337387085
4635,RU-Poisson,ru_poisson,SYTO16-like,0,0.1429353952407837
4635,RU-Poisson,ru_poisson,DIA-like,1,0.2287081778049469
4635,RU-Poisson,ru_poisson,DeepRed-like,2,0.2018909603357315
4650,RU-Poisson,ru_poisson,SYTO16-like,0,0.1727091670036316
4650,RU-Poisson,ru_poisson,DIA-like,1,0.24532708525657654
4650,RU-Poisson,ru_poisson,DeepRed-like,2,0.19623683393001556
4656,RU-Poisson,ru_poisson,SYTO16-like,0,0.20058731734752655
4656,RU-Poisson,ru_poisson,DIA-like,1,0.2877880036830902
4656,RU-Poisson,ru_poisson,DeepRed-like,2,0.22687044739723206
4677,RU-Poisson,ru_poisson,SYTO16-like,0,0.1585177779197693
4677,RU-Poisson,ru_poisson,DIA-like,1,0.16734515130519867
4677,RU-Poisson,ru_poisson,DeepRed-like,2,0.13059644401073456
4682,RU-Poisson,ru_poisson,SYTO16-like,0,0.1467948853969574
4682,RU-Poisson,ru_poisson,DIA-like,1,0.17489390075206757
4682,RU-Poisson,ru_poisson,DeepRed-like,2,0.156959667801857
4685,RU-Poisson,ru_poisson,SYTO16-like,0,0.12262015789747238
4685,RU-Poisson,ru_poisson,DIA-like,1,0.1496361345052719
4685,RU-Poisson,ru_poisson,DeepRed-like,2,0.12046303600072861
4691,RU-Poisson,ru_poisson,SYTO16-like,0,0.17220434546470642
4691,RU-Poisson,ru_poisson,DIA-like,1,0.2403377890586853
4691,RU-Poisson,ru_poisson,DeepRed-like,2,0.17626573145389557
4703,RU-Poisson,ru_poisson,SYTO16-like,0,0.21545815467834473
4703,RU-Poisson,ru_poisson,DIA-like,1,0.20823682844638824
4703,RU-Poisson,ru_poisson,DeepRed-like,2,0.1967013031244278
4712,RU-Poisson,ru_poisson,SYTO16-like,0,0.1136004626750946
4712,RU-Poisson,ru_poisson,DIA-like,1,0.16109074652194977
4712,RU-Poisson,ru_poisson,DeepRed-like,2,0.11551600694656372
4716,RU-Poisson,ru_poisson,SYTO16-like,0,0.17385664582252502
4716,RU-Poisson,ru_poisson,DIA-like,1,0.1387362778186798
4716,RU-Poisson,ru_poisson,DeepRed-like,2,0.10268933326005936
4725,RU-Poisson,ru_poisson,SYTO16-like,0,0.21759068965911865
4725,RU-Poisson,ru_poisson,DIA-like,1,0.1791568398475647
4725,RU-Poisson,ru_poisson,DeepRed-like,2,0.19071811437606812
4727,RU-Poisson,ru_poisson,SYTO16-like,0,0.1490497887134552
4727,RU-Poisson,ru_poisson,DIA-like,1,0.2007998824119568
4727,RU-Poisson,ru_poisson,DeepRed-like,2,0.21693189442157745
4734,RU-Poisson,ru_poisson,SYTO16-like,0,0.18662302196025848
4734,RU-Poisson,ru_poisson,DIA-like,1,0.23059220612049103
4734,RU-Poisson,ru_poisson,DeepRed-like,2,0.19418488442897797
4750,RU-Poisson,ru_poisson,SYTO16-like,0,0.19596222043037415
4750,RU-Poisson,ru_poisson,DIA-like,1,0.22857341170310974
4750,RU-Poisson,ru_poisson,DeepRed-like,2,0.1992497742176056
4751,RU-Poisson,ru_poisson,SYTO16-like,0,0.13721536099910736
4751,RU-Poisson,ru_poisson,DIA-like,1,0.18637464940547943
4751,RU-Poisson,ru_poisson,DeepRed-like,2,0.1592678427696228
4752,RU-Poisson,ru_poisson,SYTO16-like,0,0.21070511639118195
4752,RU-Poisson,ru_poisson,DIA-like,1,0.1925385594367981
4752,RU-Poisson,ru_poisson,DeepRed-like,2,0.20893768966197968
4753,RU-Poisson,ru_poisson,SYTO16-like,0,0.15837496519088745
4753,RU-Poisson,ru_poisson,DIA-like,1,0.15164265036582947
4753,RU-Poisson,ru_poisson,DeepRed-like,2,0.18040835857391357
4760,RU-Poisson,ru_poisson,SYTO16-like,0,0.1851942092180252
4760,RU-Poisson,ru_poisson,DIA-like,1,0.2533129155635834
4760,RU-Poisson,ru_poisson,DeepRed-like,2,0.25601503252983093
4761,RU-Poisson,ru_poisson,SYTO16-like,0,0.1575801819562912
4761,RU-Poisson,ru_poisson,DIA-like,1,0.1884942203760147
4761,RU-Poisson,ru_poisson,DeepRed-like,2,0.19074057042598724
4770,RU-Poisson,ru_poisson,SYTO16-like,0,0.172819122672081
4770,RU-Poisson,ru_poisson,DIA-like,1,0.20168854296207428
4770,RU-Poisson,ru_poisson,DeepRed-like,2,0.12610265612602234
4774,RU-Poisson,ru_poisson,SYTO16-like,0,0.17143166065216064
4774,RU-Poisson,ru_poisson,DIA-like,1,0.1852118819952011
4774,RU-Poisson,ru_poisson,DeepRed-like,2,0.18343017995357513
4777,RU-Poisson,ru_poisson,SYTO16-like,0,0.17080822587013245
4777,RU-Poisson,ru_poisson,DIA-like,1,0.24377219378948212
4777,RU-Poisson,ru_poisson,DeepRed-like,2,0.20790114998817444
4791,RU-Poisson,ru_poisson,SYTO16-like,0,0.1799660325050354
4791,RU-Poisson,ru_poisson,DIA-like,1,0.255052387714386
4791,RU-Poisson,ru_poisson,DeepRed-like,2,0.2601753771305084
4793,RU-Poisson,ru_poisson,SYTO16-like,0,0.17761684954166412
4793,RU-Poisson,ru_poisson,DIA-like,1,0.14207734167575836
4793,RU-Poisson,ru_poisson,DeepRed-like,2,0.20112591981887817
4796,RU-Poisson,ru_poisson,SYTO16-like,0,0.13820961117744446
4796,RU-Poisson,ru_poisson,DIA-like,1,0.1645684540271759
4796,RU-Poisson,ru_poisson,DeepRed-like,2,0.21398048102855682
4801,RU-Poisson,ru_poisson,SYTO16-like,0,0.16327247023582458
4801,RU-Poisson,ru_poisson,DIA-like,1,0.19888843595981598
4801,RU-Poisson,ru_poisson,DeepRed-like,2,0.21845248341560364
4809,RU-Poisson,ru_poisson,SYTO16-like,0,0.13806432485580444
4809,RU-Poisson,ru_poisson,DIA-like,1,0.18877296149730682
4809,RU-Poisson,ru_poisson,DeepRed-like,2,0.1850818246603012
4811,RU-Poisson,ru_poisson,SYTO16-like,0,0.15092583000659943
4811,RU-Poisson,ru_poisson,DIA-like,1,0.22728228569030762
4811,RU-Poisson,ru_poisson,DeepRed-like,2,0.2683638334274292
4813,RU-Poisson,ru_poisson,SYTO16-like,0,0.16659800708293915
4813,RU-Poisson,ru_poisson,DIA-like,1,0.17596016824245453
4813,RU-Poisson,ru_poisson,DeepRed-like,2,0.1522659808397293
4821,RU-Poisson,ru_poisson,SYTO16-like,0,0.1683957874774933
4821,RU-Poisson,ru_poisson,DIA-like,1,0.18951785564422607
4821,RU-Poisson,ru_poisson,DeepRed-like,2,0.21101893484592438
4828,RU-Poisson,ru_poisson,SYTO16-like,0,0.1368887722492218
4828,RU-Poisson,ru_poisson,DIA-like,1,0.15196260809898376
4828,RU-Poisson,ru_poisson,DeepRed-like,2,0.14494206011295319
4839,RU-Poisson,ru_poisson,SYTO16-like,0,0.15671899914741516
4839,RU-Poisson,ru_poisson,DIA-like,1,0.17146608233451843
4839,RU-Poisson,ru_poisson,DeepRed-like,2,0.1917109489440918
4842,RU-Poisson,ru_poisson,SYTO16-like,0,0.17893879115581512
4842,RU-Poisson,ru_poisson,DIA-like,1,0.18548505008220673
4842,RU-Poisson,ru_poisson,DeepRed-like,2,0.2216050773859024
4851,RU-Poisson,ru_poisson,SYTO16-like,0,0.1218322217464447
4851,RU-Poisson,ru_poisson,DIA-like,1,0.16380617022514343
4851,RU-Poisson,ru_poisson,DeepRed-like,2,0.156263068318367
4854,RU-Poisson,ru_poisson,SYTO16-like,0,0.12289406359195709
4854,RU-Poisson,ru_poisson,DIA-like,1,0.17675113677978516
4854,RU-Poisson,ru_poisson,DeepRed-like,2,0.2170369029045105
4859,RU-Poisson,ru_poisson,SYTO16-like,0,0.1160627081990242
4859,RU-Poisson,ru_poisson,DIA-like,1,0.19745191931724548
4859,RU-Poisson,ru_poisson,DeepRed-like,2,0.10988346487283707
4862,RU-Poisson,ru_poisson,SYTO16-like,0,0.14670167863368988
4862,RU-Poisson,ru_poisson,DIA-like,1,0.16190342605113983
4862,RU-Poisson,ru_poisson,DeepRed-like,2,0.24724656343460083
4866,RU-Poisson,ru_poisson,SYTO16-like,0,0.16217932105064392
4866,RU-Poisson,ru_poisson,DIA-like,1,0.22715000808238983
4866,RU-Poisson,ru_poisson,DeepRed-like,2,0.25687095522880554
4881,RU-Poisson,ru_poisson,SYTO16-like,0,0.18792739510536194
4881,RU-Poisson,ru_poisson,DIA-like,1,0.2627805471420288
4881,RU-Poisson,ru_poisson,DeepRed-like,2,0.18221446871757507
4901,RU-Poisson,ru_poisson,SYTO16-like,0,0.14614051580429077
4901,RU-Poisson,ru_poisson,DIA-like,1,0.19903291761875153
4901,RU-Poisson,ru_poisson,DeepRed-like,2,0.20483724772930145
4905,RU-Poisson,ru_poisson,SYTO16-like,0,0.17464801669120789
4905,RU-Poisson,ru_poisson,DIA-like,1,0.23913107812404633
4905,RU-Poisson,ru_poisson,DeepRed-like,2,0.2131401002407074
4907,RU-Poisson,ru_poisson,SYTO16-like,0,0.2345290184020996
4907,RU-Poisson,ru_poisson,DIA-like,1,0.2084706425666809
4907,RU-Poisson,ru_poisson,DeepRed-like,2,0.17701347172260284
4911,RU-Poisson,ru_poisson,SYTO16-like,0,0.15697860717773438
4911,RU-Poisson,ru_poisson,DIA-like,1,0.2841740846633911
4911,RU-Poisson,ru_poisson,DeepRed-like,2,0.183515727519989
4923,RU-Poisson,ru_poisson,SYTO16-like,0,0.1411140114068985
4923,RU-Poisson,ru_poisson,DIA-like,1,0.20408011972904205
4923,RU-Poisson,ru_poisson,DeepRed-like,2,0.22763477265834808
4926,RU-Poisson,ru_poisson,SYTO16-like,0,0.14416499435901642
4926,RU-Poisson,ru_poisson,DIA-like,1,0.16558705270290375
4926,RU-Poisson,ru_poisson,DeepRed-like,2,0.21321575343608856
4936,RU-Poisson,ru_poisson,SYTO16-like,0,0.15919576585292816
4936,RU-Poisson,ru_poisson,DIA-like,1,0.19327567517757416
4936,RU-Poisson,ru_poisson,DeepRed-like,2,0.20079828798770905
4937,RU-Poisson,ru_poisson,SYTO16-like,0,0.13532273471355438
4937,RU-Poisson,ru_poisson,DIA-like,1,0.17878560721874237
4937,RU-Poisson,ru_poisson,DeepRed-like,2,0.1603514552116394
4939,RU-Poisson,ru_poisson,SYTO16-like,0,0.2374151349067688
4939,RU-Poisson,ru_poisson,DIA-like,1,0.193731427192688
4939,RU-Poisson,ru_poisson,DeepRed-like,2,0.2374698370695114
4943,RU-Poisson,ru_poisson,SYTO16-like,0,0.15913264453411102
4943,RU-Poisson,ru_poisson,DIA-like,1,0.23791316151618958
4943,RU-Poisson,ru_poisson,DeepRed-like,2,0.2175617665052414
4973,RU-Poisson,ru_poisson,SYTO16-like,0,0.1984405517578125
4973,RU-Poisson,ru_poisson,DIA-like,1,0.2530979812145233
4973,RU-Poisson,ru_poisson,DeepRed-like,2,0.18464750051498413
4975,RU-Poisson,ru_poisson,SYTO16-like,0,0.12396781146526337
4975,RU-Poisson,ru_poisson,DIA-like,1,0.1427128165960312
4975,RU-Poisson,ru_poisson,DeepRed-like,2,0.11871392279863358
4980,RU-Poisson,ru_poisson,SYTO16-like,0,0.21217094361782074
4980,RU-Poisson,ru_poisson,DIA-like,1,0.18269431591033936
4980,RU-Poisson,ru_poisson,DeepRed-like,2,0.2340306043624878
4987,RU-Poisson,ru_poisson,SYTO16-like,0,0.19279642403125763
4987,RU-Poisson,ru_poisson,DIA-like,1,0.27056071162223816
4987,RU-Poisson,ru_poisson,DeepRed-like,2,0.22038275003433228
4995,RU-Poisson,ru_poisson,SYTO16-like,0,0.15403418242931366
4995,RU-Poisson,ru_poisson,DIA-like,1,0.2165614366531372
4995,RU-Poisson,ru_poisson,DeepRed-like,2,0.28029191493988037
4997,RU-Poisson,ru_poisson,SYTO16-like,0,0.15613263845443726
4997,RU-Poisson,ru_poisson,DIA-like,1,0.15066823363304138
4997,RU-Poisson,ru_poisson,DeepRed-like,2,0.16967831552028656
5010,RU-Poisson,ru_poisson,SYTO16-like,0,0.16650912165641785
5010,RU-Poisson,ru_poisson,DIA-like,1,0.15121734142303467
5010,RU-Poisson,ru_poisson,DeepRed-like,2,0.19227367639541626
5013,RU-Poisson,ru_poisson,SYTO16-like,0,0.16743388772010803
5013,RU-Poisson,ru_poisson,DIA-like,1,0.21956220269203186
5013,RU-Poisson,ru_poisson,DeepRed-like,2,0.20476636290550232
5017,RU-Poisson,ru_poisson,SYTO16-like,0,0.10771934688091278
5017,RU-Poisson,ru_poisson,DIA-like,1,0.18836158514022827
5017,RU-Poisson,ru_poisson,DeepRed-like,2,0.13224200904369354
5025,RU-Poisson,ru_poisson,SYTO16-like,0,0.1793578714132309
5025,RU-Poisson,ru_poisson,DIA-like,1,0.22429248690605164
5025,RU-Poisson,ru_poisson,DeepRed-like,2,0.26726505160331726
5028,RU-Poisson,ru_poisson,SYTO16-like,0,0.18610326945781708
5028,RU-Poisson,ru_poisson,DIA-like,1,0.17339196801185608
5028,RU-Poisson,ru_poisson,DeepRed-like,2,0.19027581810951233
5039,RU-Poisson,ru_poisson,SYTO16-like,0,0.182876855134964
5039,RU-Poisson,ru_poisson,DIA-like,1,0.2581930458545685
5039,RU-Poisson,ru_poisson,DeepRed-like,2,0.19617465138435364
5041,RU-Poisson,ru_poisson,SYTO16-like,0,0.13932205736637115
5041,RU-Poisson,ru_poisson,DIA-like,1,0.17903590202331543
5041,RU-Poisson,ru_poisson,DeepRed-like,2,0.21003901958465576
5053,RU-Poisson,ru_poisson,SYTO16-like,0,0.13949765264987946
5053,RU-Poisson,ru_poisson,DIA-like,1,0.16584894061088562
5053,RU-Poisson,ru_poisson,DeepRed-like,2,0.2070925533771515
5058,RU-Poisson,ru_poisson,SYTO16-like,0,0.15540096163749695
5058,RU-Poisson,ru_poisson,DIA-like,1,0.1265595704317093
5058,RU-Poisson,ru_poisson,DeepRed-like,2,0.12410929054021835
5064,RU-Poisson,ru_poisson,SYTO16-like,0,0.17424876987934113
5064,RU-Poisson,ru_poisson,DIA-like,1,0.1945854276418686
5064,RU-Poisson,ru_poisson,DeepRed-like,2,0.1566452980041504
5069,RU-Poisson,ru_poisson,SYTO16-like,0,0.13719625771045685
5069,RU-Poisson,ru_poisson,DIA-like,1,0.1911088526248932
5069,RU-Poisson,ru_poisson,DeepRed-like,2,0.16255909204483032
5073,RU-Poisson,ru_poisson,SYTO16-like,0,0.16038960218429565
5073,RU-Poisson,ru_poisson,DIA-like,1,0.17209085822105408
5073,RU-Poisson,ru_poisson,DeepRed-like,2,0.1962072253227234
5084,RU-Poisson,ru_poisson,SYTO16-like,0,0.21542204916477203
5084,RU-Poisson,ru_poisson,DIA-like,1,0.2084738165140152
5084,RU-Poisson,ru_poisson,DeepRed-like,2,0.22843770682811737
5096,RU-Poisson,ru_poisson,SYTO16-like,0,0.15915565192699432
5096,RU-Poisson,ru_poisson,DIA-like,1,0.20246000587940216
5096,RU-Poisson,ru_poisson,DeepRed-like,2,0.1543036550283432
5099,RU-Poisson,ru_poisson,SYTO16-like,0,0.141897514462471
5099,RU-Poisson,ru_poisson,DIA-like,1,0.1933744251728058
5099,RU-Poisson,ru_poisson,DeepRed-like,2,0.204432874917984
5101,RU-Poisson,ru_poisson,SYTO16-like,0,0.16127866506576538
5101,RU-Poisson,ru_poisson,DIA-like,1,0.19427797198295593
5101,RU-Poisson,ru_poisson,DeepRed-like,2,0.2202366292476654
5103,RU-Poisson,ru_poisson,SYTO16-like,0,0.1839960664510727
5103,RU-Poisson,ru_poisson,DIA-like,1,0.24392743408679962
5103,RU-Poisson,ru_poisson,DeepRed-like,2,0.19884179532527924
5105,RU-Poisson,ru_poisson,SYTO16-like,0,0.22502471506595612
5105,RU-Poisson,ru_poisson,DIA-like,1,0.1871471107006073
5105,RU-Poisson,ru_poisson,DeepRed-like,2,0.21986471116542816
5106,RU-Poisson,ru_poisson,SYTO16-like,0,0.15739858150482178
5106,RU-Poisson,ru_poisson,DIA-like,1,0.19246472418308258
5106,RU-Poisson,ru_poisson,DeepRed-like,2,0.20993351936340332
5120,RU-Poisson,ru_poisson,SYTO16-like,0,0.3292626440525055
5120,RU-Poisson,ru_poisson,DIA-like,1,0.17557799816131592
5120,RU-Poisson,ru_poisson,DeepRed-like,2,0.1571771204471588
5125,RU-Poisson,ru_poisson,SYTO16-like,0,0.16401423513889313
5125,RU-Poisson,ru_poisson,DIA-like,1,0.22390896081924438
5125,RU-Poisson,ru_poisson,DeepRed-like,2,0.20608747005462646
5139,RU-Poisson,ru_poisson,SYTO16-like,0,0.15364708006381989
5139,RU-Poisson,ru_poisson,DIA-like,1,0.20045460760593414
5139,RU-Poisson,ru_poisson,DeepRed-like,2,0.2153165489435196
5151,RU-Poisson,ru_poisson,SYTO16-like,0,0.1686682403087616
5151,RU-Poisson,ru_poisson,DIA-like,1,0.20037485659122467
5151,RU-Poisson,ru_poisson,DeepRed-like,2,0.21800565719604492
5154,RU-Poisson,ru_poisson,SYTO16-like,0,0.13943208754062653
5154,RU-Poisson,ru_poisson,DIA-like,1,0.16501790285110474
5154,RU-Poisson,ru_poisson,DeepRed-like,2,0.19378899037837982
5160,RU-Poisson,ru_poisson,SYTO16-like,0,0.19134245812892914
5160,RU-Poisson,ru_poisson,DIA-like,1,0.25019052624702454
5160,RU-Poisson,ru_poisson,DeepRed-like,2,0.26605767011642456
5162,RU-Poisson,ru_poisson,SYTO16-like,0,0.2520703375339508
5162,RU-Poisson,ru_poisson,DIA-like,1,0.16021212935447693
5162,RU-Poisson,ru_poisson,DeepRed-like,2,0.15557584166526794
5182,RU-Poisson,ru_poisson,SYTO16-like,0,0.20847013592720032
5182,RU-Poisson,ru_poisson,DIA-like,1,0.22891953587532043
5182,RU-Poisson,ru_poisson,DeepRed-like,2,0.1981523185968399
5183,RU-Poisson,ru_poisson,SYTO16-like,0,0.13240382075309753
5183,RU-Poisson,ru_poisson,DIA-like,1,0.19778379797935486
5183,RU-Poisson,ru_poisson,DeepRed-like,2,0.15767966210842133
5190,RU-Poisson,ru_poisson,SYTO16-like,0,0.1359088271856308
5190,RU-Poisson,ru_poisson,DIA-like,1,0.17141373455524445
5190,RU-Poisson,ru_poisson,DeepRed-like,2,0.15790323913097382
5199,RU-Poisson,ru_poisson,SYTO16-like,0,0.22828026115894318
5199,RU-Poisson,ru_poisson,DIA-like,1,0.1898353099822998
5199,RU-Poisson,ru_poisson,DeepRed-like,2,0.15285980701446533
5216,RU-Poisson,ru_poisson,SYTO16-like,0,0.1566823273897171
5216,RU-Poisson,ru_poisson,DIA-like,1,0.14118771255016327
5216,RU-Poisson,ru_poisson,DeepRed-like,2,0.19851206243038177
5220,RU-Poisson,ru_poisson,SYTO16-like,0,0.19342750310897827
5220,RU-Poisson,ru_poisson,DIA-like,1,0.21223831176757812
5220,RU-Poisson,ru_poisson,DeepRed-like,2,0.20619109272956848
5221,RU-Poisson,ru_poisson,SYTO16-like,0,0.14652927219867706
5221,RU-Poisson,ru_poisson,DIA-like,1,0.15751993656158447
5221,RU-Poisson,ru_poisson,DeepRed-like,2,0.20482417941093445
5227,RU-Poisson,ru_poisson,SYTO16-like,0,0.12961769104003906
5227,RU-Poisson,ru_poisson,DIA-like,1,0.13597159087657928
5227,RU-Poisson,ru_poisson,DeepRed-like,2,0.09754068404436111
5234,RU-Poisson,ru_poisson,SYTO16-like,0,0.19234512746334076
5234,RU-Poisson,ru_poisson,DIA-like,1,0.24146123230457306
5234,RU-Poisson,ru_poisson,DeepRed-like,2,0.21582671999931335
5235,RU-Poisson,ru_poisson,SYTO16-like,0,0.148843914270401
5235,RU-Poisson,ru_poisson,DIA-like,1,0.15505053102970123
5235,RU-Poisson,ru_poisson,DeepRed-like,2,0.17719966173171997
5250,RU-Poisson,ru_poisson,SYTO16-like,0,0.1478658765554428
5250,RU-Poisson,ru_poisson,DIA-like,1,0.16944220662117004
5250,RU-Poisson,ru_poisson,DeepRed-like,2,0.24601438641548157
5254,RU-Poisson,ru_poisson,SYTO16-like,0,0.15102550387382507
5254,RU-Poisson,ru_poisson,DIA-like,1,0.15938320755958557
5254,RU-Poisson,ru_poisson,DeepRed-like,2,0.11882077902555466
5259,RU-Poisson,ru_poisson,SYTO16-like,0,0.20154690742492676
5259,RU-Poisson,ru_poisson,DIA-like,1,0.18954500555992126
5259,RU-Poisson,ru_poisson,DeepRed-like,2,0.2501489222049713
5263,RU-Poisson,ru_poisson,SYTO16-like,0,0.15303844213485718
5263,RU-Poisson,ru_poisson,DIA-like,1,0.1942499428987503
5263,RU-Poisson,ru_poisson,DeepRed-like,2,0.2100089192390442
5265,RU-Poisson,ru_poisson,SYTO16-like,0,0.15282706916332245
5265,RU-Poisson,ru_poisson,DIA-like,1,0.774239182472229
5265,RU-Poisson,ru_poisson,DeepRed-like,2,0.3196732997894287
5268,RU-Poisson,ru_poisson,SYTO16-like,0,0.13263367116451263
5268,RU-Poisson,ru_poisson,DIA-like,1,0.17871005833148956
5268,RU-Poisson,ru_poisson,DeepRed-like,2,0.15730872750282288
5275,RU-Poisson,ru_poisson,SYTO16-like,0,0.2307056486606598
5275,RU-Poisson,ru_poisson,DIA-like,1,0.20497478544712067
5275,RU-Poisson,ru_poisson,DeepRed-like,2,0.12923835217952728
5281,RU-Poisson,ru_poisson,SYTO16-like,0,0.16209183633327484
5281,RU-Poisson,ru_poisson,DIA-like,1,0.15483352541923523
5281,RU-Poisson,ru_poisson,DeepRed-like,2,0.22349713742733002
5290,RU-Poisson,ru_poisson,SYTO16-like,0,0.14243163168430328
5290,RU-Poisson,ru_poisson,DIA-like,1,0.1890387386083603
5290,RU-Poisson,ru_poisson,DeepRed-like,2,0.16642674803733826
5293,RU-Poisson,ru_poisson,SYTO16-like,0,0.17539815604686737
5293,RU-Poisson,ru_poisson,DIA-like,1,0.21511463820934296
5293,RU-Poisson,ru_poisson,DeepRed-like,2,0.2154085785150528
5302,RU-Poisson,ru_poisson,SYTO16-like,0,0.191903218626976
5302,RU-Poisson,ru_poisson,DIA-like,1,0.2425343096256256
5302,RU-Poisson,ru_poisson,DeepRed-like,2,0.24218611419200897
5313,RU-Poisson,ru_poisson,SYTO16-like,0,0.1538066416978836
5313,RU-Poisson,ru_poisson,DIA-like,1,0.1816934198141098
5313,RU-Poisson,ru_poisson,DeepRed-like,2,0.21635137498378754
5336,RU-Poisson,ru_poisson,SYTO16-like,0,0.15281790494918823
5336,RU-Poisson,ru_poisson,DIA-like,1,0.190120667219162
5336,RU-Poisson,ru_poisson,DeepRed-like,2,0.2303209751844406
5337,RU-Poisson,ru_poisson,SYTO16-like,0,0.1611914336681366
5337,RU-Poisson,ru_poisson,DIA-like,1,0.174080029129982
5337,RU-Poisson,ru_poisson,DeepRed-like,2,0.18395112454891205
5347,RU-Poisson,ru_poisson,SYTO16-like,0,0.29764243960380554
5347,RU-Poisson,ru_poisson,DIA-like,1,0.2802489697933197
5347,RU-Poisson,ru_poisson,DeepRed-like,2,0.23166164755821228
5357,RU-Poisson,ru_poisson,SYTO16-like,0,0.14840908348560333
5357,RU-Poisson,ru_poisson,DIA-like,1,0.20971335470676422
5357,RU-Poisson,ru_poisson,DeepRed-like,2,0.15690764784812927
5360,RU-Poisson,ru_poisson,SYTO16-like,0,0.28585946559906006
5360,RU-Poisson,ru_poisson,DIA-like,1,0.25506311655044556
5360,RU-Poisson,ru_poisson,DeepRed-like,2,0.32063308358192444
5362,RU-Poisson,ru_poisson,SYTO16-like,0,0.17192162573337555
5362,RU-Poisson,ru_poisson,DIA-like,1,0.149642676115036
5362,RU-Poisson,ru_poisson,DeepRed-like,2,0.12004081159830093
5370,RU-Poisson,ru_poisson,SYTO16-like,0,0.3239157199859619
5370,RU-Poisson,ru_poisson,DIA-like,1,0.35095059871673584
5370,RU-Poisson,ru_poisson,DeepRed-like,2,0.25701457262039185
5372,RU-Poisson,ru_poisson,SYTO16-like,0,0.21587823331356049
5372,RU-Poisson,ru_poisson,DIA-like,1,0.19785408675670624
5372,RU-Poisson,ru_poisson,DeepRed-like,2,0.23053522408008575
5378,RU-Poisson,ru_poisson,SYTO16-like,0,0.2045232653617859
5378,RU-Poisson,ru_poisson,DIA-like,1,0.21513774991035461
5378,RU-Poisson,ru_poisson,DeepRed-like,2,0.2201353907585144
5383,RU-Poisson,ru_poisson,SYTO16-like,0,0.18181556463241577
5383,RU-Poisson,ru_poisson,DIA-like,1,0.22541393339633942
5383,RU-Poisson,ru_poisson,DeepRed-like,2,0.2659968435764313
5400,RU-Poisson,ru_poisson,SYTO16-like,0,0.2061547487974167
5400,RU-Poisson,ru_poisson,DIA-like,1,0.22312389314174652
5400,RU-Poisson,ru_poisson,DeepRed-like,2,0.17806649208068848
5408,RU-Poisson,ru_poisson,SYTO16-like,0,0.14132818579673767
5408,RU-Poisson,ru_poisson,DIA-like,1,0.2349066287279129
5408,RU-Poisson,ru_poisson,DeepRed-like,2,0.17202559113502502
5413,RU-Poisson,ru_poisson,SYTO16-like,0,0.1332712471485138
5413,RU-Poisson,ru_poisson,DIA-like,1,0.17448952794075012
5413,RU-Poisson,ru_poisson,DeepRed-like,2,0.16994154453277588
5415,RU-Poisson,ru_poisson,SYTO16-like,0,0.17592743039131165
5415,RU-Poisson,ru_poisson,DIA-like,1,0.19442108273506165
5415,RU-Poisson,ru_poisson,DeepRed-like,2,0.20041745901107788
5417,RU-Poisson,ru_poisson,SYTO16-like,0,0.13694629073143005
5417,RU-Poisson,ru_poisson,DIA-like,1,0.2624601721763611
5417,RU-Poisson,ru_poisson,DeepRed-like,2,0.16144885122776031
5425,RU-Poisson,ru_poisson,SYTO16-like,0,0.1884746253490448
5425,RU-Poisson,ru_poisson,DIA-like,1,0.2276196926832199
5425,RU-Poisson,ru_poisson,DeepRed-like,2,0.19850005209445953
5435,RU-Poisson,ru_poisson,SYTO16-like,0,0.1602446585893631
5435,RU-Poisson,ru_poisson,DIA-like,1,0.26889359951019287
5435,RU-Poisson,ru_poisson,DeepRed-like,2,0.19674254953861237
5437,RU-Poisson,ru_poisson,SYTO16-like,0,0.17618541419506073
5437,RU-Poisson,ru_poisson,DIA-like,1,0.17759685218334198
5437,RU-Poisson,ru_poisson,DeepRed-like,2,0.24030831456184387
5443,RU-Poisson,ru_poisson,SYTO16-like,0,0.1849360316991806
5443,RU-Poisson,ru_poisson,DIA-like,1,0.26484936475753784
5443,RU-Poisson,ru_poisson,DeepRed-like,2,0.22883719205856323
5450,RU-Poisson,ru_poisson,SYTO16-like,0,0.20550645887851715
5450,RU-Poisson,ru_poisson,DIA-like,1,0.21272918581962585
5450,RU-Poisson,ru_poisson,DeepRed-like,2,0.2224745899438858
5452,RU-Poisson,ru_poisson,SYTO16-like,0,0.1485111266374588
5452,RU-Poisson,ru_poisson,DIA-like,1,0.2768869996070862
5452,RU-Poisson,ru_poisson,DeepRed-like,2,0.16701072454452515
5456,RU-Poisson,ru_poisson,SYTO16-like,0,0.1448012739419937
5456,RU-Poisson,ru_poisson,DIA-like,1,0.20892150700092316
5456,RU-Poisson,ru_poisson,DeepRed-like,2,0.22876645624637604
5459,RU-Poisson,ru_poisson,SYTO16-like,0,0.15470534563064575
5459,RU-Poisson,ru_poisson,DIA-like,1,0.20317862927913666
5459,RU-Poisson,ru_poisson,DeepRed-like,2,0.21273694932460785
5479,RU-Poisson,ru_poisson,SYTO16-like,0,0.23484793305397034
5479,RU-Poisson,ru_poisson,DIA-like,1,0.2134953886270523
5479,RU-Poisson,ru_poisson,DeepRed-like,2,0.2768690884113312
5485,RU-Poisson,ru_poisson,SYTO16-like,0,0.17035219073295593
5485,RU-Poisson,ru_poisson,DIA-like,1,0.23935097455978394
5485,RU-Poisson,ru_poisson,DeepRed-like,2,0.18748851120471954
5493,RU-Poisson,ru_poisson,SYTO16-like,0,0.18245598673820496
5493,RU-Poisson,ru_poisson,DIA-like,1,0.21973273158073425
5493,RU-Poisson,ru_poisson,DeepRed-like,2,0.25913143157958984
5496,RU-Poisson,ru_poisson,SYTO16-like,0,0.16183508932590485
5496,RU-Poisson,ru_poisson,DIA-like,1,0.18642142415046692
5496,RU-Poisson,ru_poisson,DeepRed-like,2,0.15608419477939606
5497,RU-Poisson,ru_poisson,SYTO16-like,0,0.16327685117721558
5497,RU-Poisson,ru_poisson,DIA-like,1,0.2167474627494812
5497,RU-Poisson,ru_poisson,DeepRed-like,2,0.2060243785381317
5519,RU-Poisson,ru_poisson,SYTO16-like,0,0.14715006947517395
5519,RU-Poisson,ru_poisson,DIA-like,1,0.16032123565673828
5519,RU-Poisson,ru_poisson,DeepRed-like,2,0.14415046572685242
5521,RU-Poisson,ru_poisson,SYTO16-like,0,0.2161717265844345
5521,RU-Poisson,ru_poisson,DIA-like,1,0.24020598828792572
5521,RU-Poisson,ru_poisson,DeepRed-like,2,0.20140913128852844
5522,RU-Poisson,ru_poisson,SYTO16-like,0,0.15516380965709686
5522,RU-Poisson,ru_poisson,DIA-like,1,0.19668316841125488
5522,RU-Poisson,ru_poisson,DeepRed-like,2,0.2271963208913803
5532,RU-Poisson,ru_poisson,SYTO16-like,0,0.16940785944461823
5532,RU-Poisson,ru_poisson,DIA-like,1,0.23223169147968292
5532,RU-Poisson,ru_poisson,DeepRed-like,2,0.19580407440662384
5544,RU-Poisson,ru_poisson,SYTO16-like,0,0.16700462996959686
5544,RU-Poisson,ru_poisson,DIA-like,1,0.18547405302524567
5544,RU-Poisson,ru_poisson,DeepRed-like,2,0.1546923965215683
5545,RU-Poisson,ru_poisson,SYTO16-like,0,0.1874161660671234
5545,RU-Poisson,ru_poisson,DIA-like,1,0.16789153218269348
5545,RU-Poisson,ru_poisson,DeepRed-like,2,0.14553888142108917
5551,RU-Poisson,ru_poisson,SYTO16-like,0,0.23926584422588348
5551,RU-Poisson,ru_poisson,DIA-like,1,0.1963781714439392
5551,RU-Poisson,ru_poisson,DeepRed-like,2,0.18337798118591309
5555,RU-Poisson,ru_poisson,SYTO16-like,0,0.16056683659553528
5555,RU-Poisson,ru_poisson,DIA-like,1,0.21665947139263153
5555,RU-Poisson,ru_poisson,DeepRed-like,2,0.22923356294631958
5556,RU-Poisson,ru_poisson,SYTO16-like,0,0.13371101021766663
5556,RU-Poisson,ru_poisson,DIA-like,1,0.15436133742332458
5556,RU-Poisson,ru_poisson,DeepRed-like,2,0.11337880045175552
5557,RU-Poisson,ru_poisson,SYTO16-like,0,0.21311627328395844
5557,RU-Poisson,ru_poisson,DIA-like,1,0.16957712173461914
5557,RU-Poisson,ru_poisson,DeepRed-like,2,0.14908555150032043
5560,RU-Poisson,ru_poisson,SYTO16-like,0,0.19521155953407288
5560,RU-Poisson,ru_poisson,DIA-like,1,0.26504936814308167
5560,RU-Poisson,ru_poisson,DeepRed-like,2,0.17042529582977295
5569,RU-Poisson,ru_poisson,SYTO16-like,0,0.16684579849243164
5569,RU-Poisson,ru_poisson,DIA-like,1,0.20675143599510193
5569,RU-Poisson,ru_poisson,DeepRed-like,2,0.17422707378864288
5572,RU-Poisson,ru_poisson,SYTO16-like,0,0.2061442732810974
5572,RU-Poisson,ru_poisson,DIA-like,1,0.20109841227531433
5572,RU-Poisson,ru_poisson,DeepRed-like,2,0.2059812843799591
5573,RU-Poisson,ru_poisson,SYTO16-like,0,0.24150694906711578
5573,RU-Poisson,ru_poisson,DIA-like,1,0.17768481373786926
5573,RU-Poisson,ru_poisson,DeepRed-like,2,0.22706931829452515
5578,RU-Poisson,ru_poisson,SYTO16-like,0,0.15065202116966248
5578,RU-Poisson,ru_poisson,DIA-like,1,0.16786496341228485
5578,RU-Poisson,ru_poisson,DeepRed-like,2,0.2017308473587036
5584,RU-Poisson,ru_poisson,SYTO16-like,0,0.16952835023403168
5584,RU-Poisson,ru_poisson,DIA-like,1,0.1944488137960434
5584,RU-Poisson,ru_poisson,DeepRed-like,2,0.2287350296974182
5585,RU-Poisson,ru_poisson,SYTO16-like,0,0.1784219890832901
5585,RU-Poisson,ru_poisson,DIA-like,1,0.2043849378824234
5585,RU-Poisson,ru_poisson,DeepRed-like,2,0.223589688539505
5587,RU-Poisson,ru_poisson,SYTO16-like,0,0.14978443086147308
5587,RU-Poisson,ru_poisson,DIA-like,1,0.1875709593296051
5587,RU-Poisson,ru_poisson,DeepRed-like,2,0.19911013543605804
5589,RU-Poisson,ru_poisson,SYTO16-like,0,0.17900550365447998
5589,RU-Poisson,ru_poisson,DIA-like,1,0.21739515662193298
5589,RU-Poisson,ru_poisson,DeepRed-like,2,0.12827177345752716
5596,RU-Poisson,ru_poisson,SYTO16-like,0,0.2056964933872223
5596,RU-Poisson,ru_poisson,DIA-like,1,0.18865825235843658
5596,RU-Poisson,ru_poisson,DeepRed-like,2,0.2681058943271637
5603,RU-Poisson,ru_poisson,SYTO16-like,0,0.164458766579628
5603,RU-Poisson,ru_poisson,DIA-like,1,0.20117291808128357
5603,RU-Poisson,ru_poisson,DeepRed-like,2,0.1812189668416977
5608,RU-Poisson,ru_poisson,SYTO16-like,0,0.15498827397823334
5608,RU-Poisson,ru_poisson,DIA-like,1,0.4032881557941437
5608,RU-Poisson,ru_poisson,DeepRed-like,2,0.20327864587306976
5610,RU-Poisson,ru_poisson,SYTO16-like,0,0.18129205703735352
5610,RU-Poisson,ru_poisson,DIA-like,1,0.21783199906349182
5610,RU-Poisson,ru_poisson,DeepRed-like,2,0.19210268557071686
5615,RU-Poisson,ru_poisson,SYTO16-like,0,0.11352948099374771
5615,RU-Poisson,ru_poisson,DIA-like,1,0.17597949504852295
5615,RU-Poisson,ru_poisson,DeepRed-like,2,0.10584505647420883
5618,RU-Poisson,ru_poisson,SYTO16-like,0,0.14455994963645935
5618,RU-Poisson,ru_poisson,DIA-like,1,0.24024492502212524
5618,RU-Poisson,ru_poisson,DeepRed-like,2,0.18654769659042358
5623,RU-Poisson,ru_poisson,SYTO16-like,0,0.21263447403907776
5623,RU-Poisson,ru_poisson,DIA-like,1,0.14358000457286835
5623,RU-Poisson,ru_poisson,DeepRed-like,2,0.1178738921880722
5633,RU-Poisson,ru_poisson,SYTO16-like,0,0.16167573630809784
5633,RU-Poisson,ru_poisson,DIA-like,1,0.15681099891662598
5633,RU-Poisson,ru_poisson,DeepRed-like,2,0.1883503496646881
5646,RU-Poisson,ru_poisson,SYTO16-like,0,0.20434939861297607
5646,RU-Poisson,ru_poisson,DIA-like,1,0.2285260558128357
5646,RU-Poisson,ru_poisson,DeepRed-like,2,0.15601231157779694
5648,RU-Poisson,ru_poisson,SYTO16-like,0,0.1621319055557251
5648,RU-Poisson,ru_poisson,DIA-like,1,0.21235011518001556
5648,RU-Poisson,ru_poisson,DeepRed-like,2,0.1977834403514862
5657,RU-Poisson,ru_poisson,SYTO16-like,0,0.17360687255859375
5657,RU-Poisson,ru_poisson,DIA-like,1,0.18899616599082947
5657,RU-Poisson,ru_poisson,DeepRed-like,2,0.1983947455883026
5662,RU-Poisson,ru_poisson,SYTO16-like,0,0.1734786480665207
5662,RU-Poisson,ru_poisson,DIA-like,1,0.21147088706493378
5662,RU-Poisson,ru_poisson,DeepRed-like,2,0.1735917180776596
5667,RU-Poisson,ru_poisson,SYTO16-like,0,0.1839301735162735
5667,RU-Poisson,ru_poisson,DIA-like,1,0.18175216019153595
5667,RU-Poisson,ru_poisson,DeepRed-like,2,0.18741102516651154
5674,RU-Poisson,ru_poisson,SYTO16-like,0,0.18838155269622803
5674,RU-Poisson,ru_poisson,DIA-like,1,0.2047266960144043
5674,RU-Poisson,ru_poisson,DeepRed-like,2,0.171397402882576
5677,RU-Poisson,ru_poisson,SYTO16-like,0,0.22948725521564484
5677,RU-Poisson,ru_poisson,DIA-like,1,0.20277073979377747
5677,RU-Poisson,ru_poisson,DeepRed-like,2,0.2191120684146881
5697,RU-Poisson,ru_poisson,SYTO16-like,0,0.175447478890419
5697,RU-Poisson,ru_poisson,DIA-like,1,0.2435576617717743
5697,RU-Poisson,ru_poisson,DeepRed-like,2,0.2304466813802719
5712,RU-Poisson,ru_poisson,SYTO16-like,0,0.1858094185590744
5712,RU-Poisson,ru_poisson,DIA-like,1,0.22034776210784912
5712,RU-Poisson,ru_poisson,DeepRed-like,2,0.15349720418453217
5715,RU-Poisson,ru_poisson,SYTO16-like,0,0.19409388303756714
5715,RU-Poisson,ru_poisson,DIA-like,1,0.2149573117494583
5715,RU-Poisson,ru_poisson,DeepRed-like,2,0.17053766548633575
5728,RU-Poisson,ru_poisson,SYTO16-like,0,0.14240936934947968
5728,RU-Poisson,ru_poisson,DIA-like,1,0.1845719814300537
5728,RU-Poisson,ru_poisson,DeepRed-like,2,0.22383762896060944
5737,RU-Poisson,ru_poisson,SYTO16-like,0,0.17759272456169128
5737,RU-Poisson,ru_poisson,DIA-like,1,0.20115113258361816
5737,RU-Poisson,ru_poisson,DeepRed-like,2,0.19795583188533783
5742,RU-Poisson,ru_poisson,SYTO16-like,0,0.15254561603069305
5742,RU-Poisson,ru_poisson,DIA-like,1,0.21273088455200195
5742,RU-Poisson,ru_poisson,DeepRed-like,2,0.18713052570819855
5744,RU-Poisson,ru_poisson,SYTO16-like,0,0.18022021651268005
5744,RU-Poisson,ru_poisson,DIA-like,1,0.19946232438087463
5744,RU-Poisson,ru_poisson,DeepRed-like,2,0.1674574613571167
5758,RU-Poisson,ru_poisson,SYTO16-like,0,0.14902789890766144
5758,RU-Poisson,ru_poisson,DIA-like,1,0.22380538284778595
5758,RU-Poisson,ru_poisson,DeepRed-like,2,0.17699120938777924
5763,RU-Poisson,ru_poisson,SYTO16-like,0,0.16140152513980865
5763,RU-Poisson,ru_poisson,DIA-like,1,0.2860640287399292
5763,RU-Poisson,ru_poisson,DeepRed-like,2,0.22228531539440155
5770,RU-Poisson,ru_poisson,SYTO16-like,0,0.19025196135044098
5770,RU-Poisson,ru_poisson,DIA-like,1,0.3997371196746826
5770,RU-Poisson,ru_poisson,DeepRed-like,2,0.26232075691223145
5774,RU-Poisson,ru_poisson,SYTO16-like,0,0.1834859549999237
5774,RU-Poisson,ru_poisson,DIA-like,1,0.3766498565673828
5774,RU-Poisson,ru_poisson,DeepRed-like,2,0.20699737966060638
5785,RU-Poisson,ru_poisson,SYTO16-like,0,0.18086493015289307
5785,RU-Poisson,ru_poisson,DIA-like,1,0.2226075530052185
5785,RU-Poisson,ru_poisson,DeepRed-like,2,0.23270991444587708
5793,RU-Poisson,ru_poisson,SYTO16-like,0,0.20977629721164703
5793,RU-Poisson,ru_poisson,DIA-like,1,0.23989954590797424
5793,RU-Poisson,ru_poisson,DeepRed-like,2,0.1783832460641861
5802,RU-Poisson,ru_poisson,SYTO16-like,0,0.18507756292819977
5802,RU-Poisson,ru_poisson,DIA-like,1,0.20427891612052917
5802,RU-Poisson,ru_poisson,DeepRed-like,2,0.18264582753181458
5803,RU-Poisson,ru_poisson,SYTO16-like,0,0.21881166100502014
5803,RU-Poisson,ru_poisson,DIA-like,1,0.17169371247291565
5803,RU-Poisson,ru_poisson,DeepRed-like,2,0.18912222981452942
5804,RU-Poisson,ru_poisson,SYTO16-like,0,0.20789985358715057
5804,RU-Poisson,ru_poisson,DIA-like,1,0.17129424214363098
5804,RU-Poisson,ru_poisson,DeepRed-like,2,0.23186884820461273
5810,RU-Poisson,ru_poisson,SYTO16-like,0,0.1609344333410263
5810,RU-Poisson,ru_poisson,DIA-like,1,0.17668785154819489
5810,RU-Poisson,ru_poisson,DeepRed-like,2,0.1879657655954361
5813,RU-Poisson,ru_poisson,SYTO16-like,0,0.12514029443264008
5813,RU-Poisson,ru_poisson,DIA-like,1,0.15207251906394958
5813,RU-Poisson,ru_poisson,DeepRed-like,2,0.1465732902288437
5819,RU-Poisson,ru_poisson,SYTO16-like,0,0.17838838696479797
5819,RU-Poisson,ru_poisson,DIA-like,1,0.16786743700504303
5819,RU-Poisson,ru_poisson,DeepRed-like,2,0.1344984918832779
5831,RU-Poisson,ru_poisson,SYTO16-like,0,0.1637045294046402
5831,RU-Poisson,ru_poisson,DIA-like,1,0.2021656036376953
5831,RU-Poisson,ru_poisson,DeepRed-like,2,0.19659724831581116
5838,RU-Poisson,ru_poisson,SYTO16-like,0,0.18801595270633698
5838,RU-Poisson,ru_poisson,DIA-like,1,0.24186870455741882
5838,RU-Poisson,ru_poisson,DeepRed-like,2,0.18632809817790985
5848,RU-Poisson,ru_poisson,SYTO16-like,0,0.14446499943733215
5848,RU-Poisson,ru_poisson,DIA-like,1,0.18280871212482452
5848,RU-Poisson,ru_poisson,DeepRed-like,2,0.20088548958301544
5850,RU-Poisson,ru_poisson,SYTO16-like,0,0.19433116912841797
5850,RU-Poisson,ru_poisson,DIA-like,1,0.25116658210754395
5850,RU-Poisson,ru_poisson,DeepRed-like,2,0.24173764884471893
5851,RU-Poisson,ru_poisson,SYTO16-like,0,0.15634974837303162
5851,RU-Poisson,ru_poisson,DIA-like,1,0.15125998854637146
5851,RU-Poisson,ru_poisson,DeepRed-like,2,0.1895311027765274
5860,RU-Poisson,ru_poisson,SYTO16-like,0,0.15379714965820312
5860,RU-Poisson,ru_poisson,DIA-like,1,0.2075459063053131
5860,RU-Poisson,ru_poisson,DeepRed-like,2,0.17360545694828033
5877,RU-Poisson,ru_poisson,SYTO16-like,0,0.2072886973619461
5877,RU-Poisson,ru_poisson,DIA-like,1,0.3337174654006958
5877,RU-Poisson,ru_poisson,DeepRed-like,2,0.1842028796672821
5878,RU-Poisson,ru_poisson,SYTO16-like,0,0.18282218277454376
5878,RU-Poisson,ru_poisson,DIA-like,1,0.21035614609718323
5878,RU-Poisson,ru_poisson,DeepRed-like,2,0.2744131088256836
5880,RU-Poisson,ru_poisson,SYTO16-like,0,0.14511367678642273
5880,RU-Poisson,ru_poisson,DIA-like,1,0.21482814848423004
5880,RU-Poisson,ru_poisson,DeepRed-like,2,0.2534559965133667
5884,RU-Poisson,ru_poisson,SYTO16-like,0,0.17528341710567474
5884,RU-Poisson,ru_poisson,DIA-like,1,0.18197105824947357
5884,RU-Poisson,ru_poisson,DeepRed-like,2,0.196419820189476
5890,RU-Poisson,ru_poisson,SYTO16-like,0,0.19717290997505188
5890,RU-Poisson,ru_poisson,DIA-like,1,0.14307355880737305
5890,RU-Poisson,ru_poisson,DeepRed-like,2,0.189376100897789
5892,RU-Poisson,ru_poisson,SYTO16-like,0,0.1697818785905838
5892,RU-Poisson,ru_poisson,DIA-like,1,0.2826894521713257
5892,RU-Poisson,ru_poisson,DeepRed-like,2,0.2971642017364502
5895,RU-Poisson,ru_poisson,SYTO16-like,0,0.1660800278186798
5895,RU-Poisson,ru_poisson,DIA-like,1,0.21334566175937653
5895,RU-Poisson,ru_poisson,DeepRed-like,2,0.1967330425977707
5899,RU-Poisson,ru_poisson,SYTO16-like,0,0.15390127897262573
5899,RU-Poisson,ru_poisson,DIA-like,1,0.22501349449157715
5899,RU-Poisson,ru_poisson,DeepRed-like,2,0.2046486884355545
5903,RU-Poisson,ru_poisson,SYTO16-like,0,0.15265512466430664
5903,RU-Poisson,ru_poisson,DIA-like,1,0.15554504096508026
5903,RU-Poisson,ru_poisson,DeepRed-like,2,0.18030260503292084
5904,RU-Poisson,ru_poisson,SYTO16-like,0,0.1468011885881424
5904,RU-Poisson,ru_poisson,DIA-like,1,0.2253357619047165
5904,RU-Poisson,ru_poisson,DeepRed-like,2,0.2310580313205719
5906,RU-Poisson,ru_poisson,SYTO16-like,0,0.1358090490102768
5906,RU-Poisson,ru_poisson,DIA-like,1,0.19353626668453217
5906,RU-Poisson,ru_poisson,DeepRed-like,2,0.23827217519283295
5916,RU-Poisson,ru_poisson,SYTO16-like,0,0.22638395428657532
5916,RU-Poisson,ru_poisson,DIA-like,1,0.28073400259017944
5916,RU-Poisson,ru_poisson,DeepRed-like,2,0.20395925641059875
5919,RU-Poisson,ru_poisson,SYTO16-like,0,0.16789619624614716
5919,RU-Poisson,ru_poisson,DIA-like,1,0.26087382435798645
5919,RU-Poisson,ru_poisson,DeepRed-like,2,0.21897928416728973
5939,RU-Poisson,ru_poisson,SYTO16-like,0,0.15316195785999298
5939,RU-Poisson,ru_poisson,DIA-like,1,0.2489139884710312
5939,RU-Poisson,ru_poisson,DeepRed-like,2,0.2072184979915619
5941,RU-Poisson,ru_poisson,SYTO16-like,0,0.1655169576406479
5941,RU-Poisson,ru_poisson,DIA-like,1,0.25280213356018066
5941,RU-Poisson,ru_poisson,DeepRed-like,2,0.16053278744220734
5961,RU-Poisson,ru_poisson,SYTO16-like,0,0.16342993080615997
5961,RU-Poisson,ru_poisson,DIA-like,1,0.24739046394824982
5961,RU-Poisson,ru_poisson,DeepRed-like,2,0.21560749411582947
5966,RU-Poisson,ru_poisson,SYTO16-like,0,0.1246275082230568
5966,RU-Poisson,ru_poisson,DIA-like,1,0.1766367256641388
5966,RU-Poisson,ru_poisson,DeepRed-like,2,0.1794039011001587
5967,RU-Poisson,ru_poisson,SYTO16-like,0,0.17263495922088623
5967,RU-Poisson,ru_poisson,DIA-like,1,0.17601437866687775
5967,RU-Poisson,ru_poisson,DeepRed-like,2,0.23018723726272583
5968,RU-Poisson,ru_poisson,SYTO16-like,0,0.13894058763980865
5968,RU-Poisson,ru_poisson,DIA-like,1,0.16874617338180542
5968,RU-Poisson,ru_poisson,DeepRed-like,2,0.16814517974853516
5969,RU-Poisson,ru_poisson,SYTO16-like,0,0.20632249116897583
5969,RU-Poisson,ru_poisson,DIA-like,1,0.2276647835969925
5969,RU-Poisson,ru_poisson,DeepRed-like,2,0.2045007348060608
5976,RU-Poisson,ru_poisson,SYTO16-like,0,0.16270917654037476
5976,RU-Poisson,ru_poisson,DIA-like,1,0.22207322716712952
5976,RU-Poisson,ru_poisson,DeepRed-like,2,0.17534519731998444
5980,RU-Poisson,ru_poisson,SYTO16-like,0,0.18301773071289062
5980,RU-Poisson,ru_poisson,DIA-like,1,0.18051175773143768
5980,RU-Poisson,ru_poisson,DeepRed-like,2,0.1698635369539261
5994,RU-Poisson,ru_poisson,SYTO16-like,0,0.19000041484832764
5994,RU-Poisson,ru_poisson,DIA-like,1,0.1776561439037323
5994,RU-Poisson,ru_poisson,DeepRed-like,2,0.1491648107767105
6006,RU-Poisson,ru_poisson,SYTO16-like,0,0.1319965273141861
6006,RU-Poisson,ru_poisson,DIA-like,1,0.19023235142230988
6006,RU-Poisson,ru_poisson,DeepRed-like,2,0.20308616757392883
6013,RU-Poisson,ru_poisson,SYTO16-like,0,0.15349863469600677
6013,RU-Poisson,ru_poisson,DIA-like,1,0.21005745232105255
6013,RU-Poisson,ru_poisson,DeepRed-like,2,0.1674117147922516
6018,RU-Poisson,ru_poisson,SYTO16-like,0,0.14845867455005646
6018,RU-Poisson,ru_poisson,DIA-like,1,0.20494326949119568
6018,RU-Poisson,ru_poisson,DeepRed-like,2,0.19778060913085938
6020,RU-Poisson,ru_poisson,SYTO16-like,0,0.18218547105789185
6020,RU-Poisson,ru_poisson,DIA-like,1,0.18904726207256317
6020,RU-Poisson,ru_poisson,DeepRed-like,2,0.19509021937847137
6021,RU-Poisson,ru_poisson,SYTO16-like,0,0.1726127713918686
6021,RU-Poisson,ru_poisson,DIA-like,1,0.1962309330701828
6021,RU-Poisson,ru_poisson,DeepRed-like,2,0.1817135512828827
6022,RU-Poisson,ru_poisson,SYTO16-like,0,0.13247789442539215
6022,RU-Poisson,ru_poisson,DIA-like,1,0.20579563081264496
6022,RU-Poisson,ru_poisson,DeepRed-like,2,0.22079136967658997
6025,RU-Poisson,ru_poisson,SYTO16-like,0,0.15323594212532043
6025,RU-Poisson,ru_poisson,DIA-like,1,0.24382014572620392
6025,RU-Poisson,ru_poisson,DeepRed-like,2,0.22520330548286438
6027,RU-Poisson,ru_poisson,SYTO16-like,0,0.17995664477348328
6027,RU-Poisson,ru_poisson,DIA-like,1,0.1690620630979538
6027,RU-Poisson,ru_poisson,DeepRed-like,2,0.1877519190311432
6042,RU-Poisson,ru_poisson,SYTO16-like,0,0.14186689257621765
6042,RU-Poisson,ru_poisson,DIA-like,1,0.13284467160701752
6042,RU-Poisson,ru_poisson,DeepRed-like,2,0.12183642387390137
6047,RU-Poisson,ru_poisson,SYTO16-like,0,0.15457767248153687
6047,RU-Poisson,ru_poisson,DIA-like,1,0.17844761908054352
6047,RU-Poisson,ru_poisson,DeepRed-like,2,0.2464260458946228
6048,RU-Poisson,ru_poisson,SYTO16-like,0,0.1476151943206787
6048,RU-Poisson,ru_poisson,DIA-like,1,0.1881953924894333
6048,RU-Poisson,ru_poisson,DeepRed-like,2,0.15897293388843536
6060,RU-Poisson,ru_poisson,SYTO16-like,0,0.12127795815467834
6060,RU-Poisson,ru_poisson,DIA-like,1,0.18209336698055267
6060,RU-Poisson,ru_poisson,DeepRed-like,2,0.11086499691009521
6063,RU-Poisson,ru_poisson,SYTO16-like,0,0.16474856436252594
6063,RU-Poisson,ru_poisson,DIA-like,1,0.19393348693847656
6063,RU-Poisson,ru_poisson,DeepRed-like,2,0.16565003991127014
6067,RU-Poisson,ru_poisson,SYTO16-like,0,0.17253771424293518
6067,RU-Poisson,ru_poisson,DIA-like,1,0.19652879238128662
6067,RU-Poisson,ru_poisson,DeepRed-like,2,0.1874898225069046
6071,RU-Poisson,ru_poisson,SYTO16-like,0,0.14281266927719116
6071,RU-Poisson,ru_poisson,DIA-like,1,0.18241214752197266
6071,RU-Poisson,ru_poisson,DeepRed-like,2,0.17187076807022095
6075,RU-Poisson,ru_poisson,SYTO16-like,0,0.14248843491077423
6075,RU-Poisson,ru_poisson,DIA-like,1,0.21141177415847778
6075,RU-Poisson,ru_poisson,DeepRed-like,2,0.17528094351291656
6083,RU-Poisson,ru_poisson,SYTO16-like,0,0.14359474182128906
6083,RU-Poisson,ru_poisson,DIA-like,1,0.1782360076904297
6083,RU-Poisson,ru_poisson,DeepRed-like,2,0.18659821152687073
6085,RU-Poisson,ru_poisson,SYTO16-like,0,0.1699674278497696
6085,RU-Poisson,ru_poisson,DIA-like,1,0.20196521282196045
6085,RU-Poisson,ru_poisson,DeepRed-like,2,0.19578386843204498
6089,RU-Poisson,ru_poisson,SYTO16-like,0,0.2045663446187973
6089,RU-Poisson,ru_poisson,DIA-like,1,0.23007918894290924
6089,RU-Poisson,ru_poisson,DeepRed-like,2,0.16156376898288727
6091,RU-Poisson,ru_poisson,SYTO16-like,0,0.1422652006149292
6091,RU-Poisson,ru_poisson,DIA-like,1,0.15343953669071198
6091,RU-Poisson,ru_poisson,DeepRed-like,2,0.15908074378967285
6110,RU-Poisson,ru_poisson,SYTO16-like,0,0.1630491316318512
6110,RU-Poisson,ru_poisson,DIA-like,1,0.2944781482219696
6110,RU-Poisson,ru_poisson,DeepRed-like,2,0.14715741574764252
6117,RU-Poisson,ru_poisson,SYTO16-like,0,0.27551764249801636
6117,RU-Poisson,ru_poisson,DIA-like,1,0.21696707606315613
6117,RU-Poisson,ru_poisson,DeepRed-like,2,0.21543651819229126
6129,RU-Poisson,ru_poisson,SYTO16-like,0,0.17261971533298492
6129,RU-Poisson,ru_poisson,DIA-like,1,0.18673673272132874
6129,RU-Poisson,ru_poisson,DeepRed-like,2,0.1831032931804657
6135,RU-Poisson,ru_poisson,SYTO16-like,0,0.14411181211471558
6135,RU-Poisson,ru_poisson,DIA-like,1,0.18330799043178558
6135,RU-Poisson,ru_poisson,DeepRed-like,2,0.15588036179542542
6137,RU-Poisson,ru_poisson,SYTO16-like,0,0.16063839197158813
6137,RU-Poisson,ru_poisson,DIA-like,1,0.2115522027015686
6137,RU-Poisson,ru_poisson,DeepRed-like,2,0.19833339750766754
6139,RU-Poisson,ru_poisson,SYTO16-like,0,0.14425823092460632
6139,RU-Poisson,ru_poisson,DIA-like,1,0.20070673525333405
6139,RU-Poisson,ru_poisson,DeepRed-like,2,0.1774323731660843
6147,RU-Poisson,ru_poisson,SYTO16-like,0,0.1386471390724182
6147,RU-Poisson,ru_poisson,DIA-like,1,0.18091808259487152
6147,RU-Poisson,ru_poisson,DeepRed-like,2,0.18488776683807373
6156,RU-Poisson,ru_poisson,SYTO16-like,0,0.2035222053527832
6156,RU-Poisson,ru_poisson,DIA-like,1,0.16369713842868805
6156,RU-Poisson,ru_poisson,DeepRed-like,2,0.11943849176168442
6157,RU-Poisson,ru_poisson,SYTO16-like,0,0.1738353818655014
6157,RU-Poisson,ru_poisson,DIA-like,1,0.18314075469970703
6157,RU-Poisson,ru_poisson,DeepRed-like,2,0.10568840801715851
6158,RU-Poisson,ru_poisson,SYTO16-like,0,0.17727164924144745
6158,RU-Poisson,ru_poisson,DIA-like,1,0.19500498473644257
6158,RU-Poisson,ru_poisson,DeepRed-like,2,0.19409210979938507
6162,RU-Poisson,ru_poisson,SYTO16-like,0,0.17712843418121338
6162,RU-Poisson,ru_poisson,DIA-like,1,0.2101227045059204
6162,RU-Poisson,ru_poisson,DeepRed-like,2,0.22482898831367493
6171,RU-Poisson,ru_poisson,SYTO16-like,0,0.14701659977436066
6171,RU-Poisson,ru_poisson,DIA-like,1,0.20856381952762604
6171,RU-Poisson,ru_poisson,DeepRed-like,2,0.16229043900966644
6177,RU-Poisson,ru_poisson,SYTO16-like,0,0.15134598314762115
6177,RU-Poisson,ru_poisson,DIA-like,1,0.16142842173576355
6177,RU-Poisson,ru_poisson,DeepRed-like,2,0.13774526119232178
6181,RU-Poisson,ru_poisson,SYTO16-like,0,0.15200816094875336
6181,RU-Poisson,ru_poisson,DIA-like,1,0.24697764217853546
6181,RU-Poisson,ru_poisson,DeepRed-like,2,0.2385280579328537
6182,RU-Poisson,ru_poisson,SYTO16-like,0,0.14591310918331146
6182,RU-Poisson,ru_poisson,DIA-like,1,0.1804666668176651
6182,RU-Poisson,ru_poisson,DeepRed-like,2,0.17332884669303894
6184,RU-Poisson,ru_poisson,SYTO16-like,0,0.1958240270614624
6184,RU-Poisson,ru_poisson,DIA-like,1,0.2057165652513504
6184,RU-Poisson,ru_poisson,DeepRed-like,2,0.2078769952058792
6189,RU-Poisson,ru_poisson,SYTO16-like,0,0.1425972729921341
6189,RU-Poisson,ru_poisson,DIA-like,1,0.19061195850372314
6189,RU-Poisson,ru_poisson,DeepRed-like,2,0.16696104407310486
6199,RU-Poisson,ru_poisson,SYTO16-like,0,0.1520557403564453
6199,RU-Poisson,ru_poisson,DIA-like,1,0.17767980694770813
6199,RU-Poisson,ru_poisson,DeepRed-like,2,0.25632378458976746
6204,RU-Poisson,ru_poisson,SYTO16-like,0,0.14728665351867676
6204,RU-Poisson,ru_poisson,DIA-like,1,0.16407792270183563
6204,RU-Poisson,ru_poisson,DeepRed-like,2,0.16276024281978607
6208,RU-Poisson,ru_poisson,SYTO16-like,0,0.18890638649463654
6208,RU-Poisson,ru_poisson,DIA-like,1,0.17916008830070496
6208,RU-Poisson,ru_poisson,DeepRed-like,2,0.2185652107000351
6209,RU-Poisson,ru_poisson,SYTO16-like,0,0.17761030793190002
6209,RU-Poisson,ru_poisson,DIA-like,1,0.2129291445016861
6209,RU-Poisson,ru_poisson,DeepRed-like,2,0.193606436252594
6217,RU-Poisson,ru_poisson,SYTO16-like,0,0.16751866042613983
6217,RU-Poisson,ru_poisson,DIA-like,1,0.16696834564208984
6217,RU-Poisson,ru_poisson,DeepRed-like,2,0.215934157371521
6218,RU-Poisson,ru_poisson,SYTO16-like,0,0.15661539137363434
6218,RU-Poisson,ru_poisson,DIA-like,1,0.1845189929008484
6218,RU-Poisson,ru_poisson,DeepRed-like,2,0.227473184466362
6222,RU-Poisson,ru_poisson,SYTO16-like,0,0.16423389315605164
6222,RU-Poisson,ru_poisson,DIA-like,1,0.27522701025009155
6222,RU-Poisson,ru_poisson,DeepRed-like,2,0.21475987136363983
6226,RU-Poisson,ru_poisson,SYTO16-like,0,0.2267465442419052
6226,RU-Poisson,ru_poisson,DIA-like,1,0.23338843882083893
6226,RU-Poisson,ru_poisson,DeepRed-like,2,0.1794729083776474
6233,RU-Poisson,ru_poisson,SYTO16-like,0,0.21397873759269714
6233,RU-Poisson,ru_poisson,DIA-like,1,0.19416444003582
6233,RU-Poisson,ru_poisson,DeepRed-like,2,0.16856735944747925
6241,RU-Poisson,ru_poisson,SYTO16-like,0,0.1340259164571762
6241,RU-Poisson,ru_poisson,DIA-like,1,0.16777990758419037
6241,RU-Poisson,ru_poisson,DeepRed-like,2,0.10890662670135498
6243,RU-Poisson,ru_poisson,SYTO16-like,0,0.18126647174358368
6243,RU-Poisson,ru_poisson,DIA-like,1,0.18553565442562103
6243,RU-Poisson,ru_poisson,DeepRed-like,2,0.12500061094760895
6264,RU-Poisson,ru_poisson,SYTO16-like,0,0.19512443244457245
6264,RU-Poisson,ru_poisson,DIA-like,1,0.2489093393087387
6264,RU-Poisson,ru_poisson,DeepRed-like,2,0.2582542598247528
6265,RU-Poisson,ru_poisson,SYTO16-like,0,0.14809973537921906
6265,RU-Poisson,ru_poisson,DIA-like,1,0.20391900837421417
6265,RU-Poisson,ru_poisson,DeepRed-like,2,0.1678583025932312
6275,RU-Poisson,ru_poisson,SYTO16-like,0,0.1458957940340042
6275,RU-Poisson,ru_poisson,DIA-like,1,0.17608268558979034
6275,RU-Poisson,ru_poisson,DeepRed-like,2,0.17841149866580963
6277,RU-Poisson,ru_poisson,SYTO16-like,0,0.21494291722774506
6277,RU-Poisson,ru_poisson,DIA-like,1,0.20021560788154602
6277,RU-Poisson,ru_poisson,DeepRed-like,2,0.1734841912984848
6287,RU-Poisson,ru_poisson,SYTO16-like,0,0.15462204813957214
6287,RU-Poisson,ru_poisson,DIA-like,1,0.15823304653167725
6287,RU-Poisson,ru_poisson,DeepRed-like,2,0.20019572973251343
6292,RU-Poisson,ru_poisson,SYTO16-like,0,0.13592498004436493
6292,RU-Poisson,ru_poisson,DIA-like,1,0.19467473030090332
6292,RU-Poisson,ru_poisson,DeepRed-like,2,0.1780068576335907
6301,RU-Poisson,ru_poisson,SYTO16-like,0,0.14076364040374756
6301,RU-Poisson,ru_poisson,DIA-like,1,0.22191211581230164
6301,RU-Poisson,ru_poisson,DeepRed-like,2,0.19996000826358795
6309,RU-Poisson,ru_poisson,SYTO16-like,0,0.15746675431728363
6309,RU-Poisson,ru_poisson,DIA-like,1,0.21065886318683624
6309,RU-Poisson,ru_poisson,DeepRed-like,2,0.1656007617712021
6318,RU-Poisson,ru_poisson,SYTO16-like,0,0.13820865750312805
6318,RU-Poisson,ru_poisson,DIA-like,1,0.1621464341878891
6318,RU-Poisson,ru_poisson,DeepRed-like,2,0.2779926359653473
6325,RU-Poisson,ru_poisson,SYTO16-like,0,0.16655060648918152
6325,RU-Poisson,ru_poisson,DIA-like,1,0.1788301020860672
6325,RU-Poisson,ru_poisson,DeepRed-like,2,0.22164149582386017
6335,RU-Poisson,ru_poisson,SYTO16-like,0,0.17399132251739502
6335,RU-Poisson,ru_poisson,DIA-like,1,0.18229956924915314
6335,RU-Poisson,ru_poisson,DeepRed-like,2,0.19096127152442932
6339,RU-Poisson,ru_poisson,SYTO16-like,0,0.15610371530056
6339,RU-Poisson,ru_poisson,DIA-like,1,0.17448748648166656
6339,RU-Poisson,ru_poisson,DeepRed-like,2,0.18400396406650543
6353,RU-Poisson,ru_poisson,SYTO16-like,0,0.19328996539115906
6353,RU-Poisson,ru_poisson,DIA-like,1,0.17194317281246185
6353,RU-Poisson,ru_poisson,DeepRed-like,2,0.20874443650245667
6362,RU-Poisson,ru_poisson,SYTO16-like,0,0.22290709614753723
6362,RU-Poisson,ru_poisson,DIA-like,1,0.2546190917491913
6362,RU-Poisson,ru_poisson,DeepRed-like,2,0.17806977033615112
6364,RU-Poisson,ru_poisson,SYTO16-like,0,0.15112237632274628
6364,RU-Poisson,ru_poisson,DIA-like,1,0.15709927678108215
6364,RU-Poisson,ru_poisson,DeepRed-like,2,0.12693515419960022
6366,RU-Poisson,ru_poisson,SYTO16-like,0,0.1817055344581604
6366,RU-Poisson,ru_poisson,DIA-like,1,0.16581431031227112
6366,RU-Poisson,ru_poisson,DeepRed-like,2,0.172857403755188
6368,RU-Poisson,ru_poisson,SYTO16-like,0,0.20475366711616516
6368,RU-Poisson,ru_poisson,DIA-like,1,0.16749940812587738
6368,RU-Poisson,ru_poisson,DeepRed-like,2,0.1753200739622116
6386,RU-Poisson,ru_poisson,SYTO16-like,0,0.1539943516254425
6386,RU-Poisson,ru_poisson,DIA-like,1,0.18111445009708405
6386,RU-Poisson,ru_poisson,DeepRed-like,2,0.22052347660064697
6402,RU-Poisson,ru_poisson,SYTO16-like,0,0.12388870120048523
6402,RU-Poisson,ru_poisson,DIA-like,1,0.2622925043106079
6402,RU-Poisson,ru_poisson,DeepRed-like,2,0.1034107431769371
6403,RU-Poisson,ru_poisson,SYTO16-like,0,0.20311416685581207
6403,RU-Poisson,ru_poisson,DIA-like,1,0.20343679189682007
6403,RU-Poisson,ru_poisson,DeepRed-like,2,0.18049274384975433
6410,RU-Poisson,ru_poisson,SYTO16-like,0,0.16851238906383514
6410,RU-Poisson,ru_poisson,DIA-like,1,0.20709724724292755
6410,RU-Poisson,ru_poisson,DeepRed-like,2,0.21822234988212585
6416,RU-Poisson,ru_poisson,SYTO16-like,0,0.1870679259300232
6416,RU-Poisson,ru_poisson,DIA-like,1,0.28607532382011414
6416,RU-Poisson,ru_poisson,DeepRed-like,2,0.21502289175987244
6421,RU-Poisson,ru_poisson,SYTO16-like,0,0.1330203264951706
6421,RU-Poisson,ru_poisson,DIA-like,1,0.1327742636203766
6421,RU-Poisson,ru_poisson,DeepRed-like,2,0.14350004494190216
6422,RU-Poisson,ru_poisson,SYTO16-like,0,0.2006956934928894
6422,RU-Poisson,ru_poisson,DIA-like,1,0.2456219345331192
6422,RU-Poisson,ru_poisson,DeepRed-like,2,0.21451129019260406
6423,RU-Poisson,ru_poisson,SYTO16-like,0,0.1817771941423416
6423,RU-Poisson,ru_poisson,DIA-like,1,0.22678114473819733
6423,RU-Poisson,ru_poisson,DeepRed-like,2,0.19474881887435913
6427,RU-Poisson,ru_poisson,SYTO16-like,0,0.14611297845840454
6427,RU-Poisson,ru_poisson,DIA-like,1,0.2174861878156662
6427,RU-Poisson,ru_poisson,DeepRed-like,2,0.2372359335422516
6428,RU-Poisson,ru_poisson,SYTO16-like,0,0.12910671532154083
6428,RU-Poisson,ru_poisson,DIA-like,1,0.17444325983524323
6428,RU-Poisson,ru_poisson,DeepRed-like,2,0.19026491045951843
6432,RU-Poisson,ru_poisson,SYTO16-like,0,0.18256567418575287
6432,RU-Poisson,ru_poisson,DIA-like,1,0.19624510407447815
6432,RU-Poisson,ru_poisson,DeepRed-like,2,0.2627749741077423
6446,RU-Poisson,ru_poisson,SYTO16-like,0,0.22660444676876068
6446,RU-Poisson,ru_poisson,DIA-like,1,0.28179460763931274
6446,RU-Poisson,ru_poisson,DeepRed-like,2,0.1740349978208542
6457,RU-Poisson,ru_poisson,SYTO16-like,0,0.17746226489543915
6457,RU-Poisson,ru_poisson,DIA-like,1,0.1664382368326187
6457,RU-Poisson,ru_poisson,DeepRed-like,2,0.1265813410282135
6471,RU-Poisson,ru_poisson,SYTO16-like,0,0.16436490416526794
6471,RU-Poisson,ru_poisson,DIA-like,1,0.16477951407432556
6471,RU-Poisson,ru_poisson,DeepRed-like,2,0.1840960830450058
6484,RU-Poisson,ru_poisson,SYTO16-like,0,0.15326468646526337
6484,RU-Poisson,ru_poisson,DIA-like,1,0.16789105534553528
6484,RU-Poisson,ru_poisson,DeepRed-like,2,0.192914217710495
6496,RU-Poisson,ru_poisson,SYTO16-like,0,0.2454465925693512
6496,RU-Poisson,ru_poisson,DIA-like,1,0.20871588587760925
6496,RU-Poisson,ru_poisson,DeepRed-like,2,0.21401095390319824
6498,RU-Poisson,ru_poisson,SYTO16-like,0,0.20225383341312408
6498,RU-Poisson,ru_poisson,DIA-like,1,0.23476333916187286
6498,RU-Poisson,ru_poisson,DeepRed-like,2,0.1784893274307251
6503,RU-Poisson,ru_poisson,SYTO16-like,0,0.18386761844158173
6503,RU-Poisson,ru_poisson,DIA-like,1,0.21128754317760468
6503,RU-Poisson,ru_poisson,DeepRed-like,2,0.2048267424106598
6509,RU-Poisson,ru_poisson,SYTO16-like,0,0.18083640933036804
6509,RU-Poisson,ru_poisson,DIA-like,1,0.17089688777923584
6509,RU-Poisson,ru_poisson,DeepRed-like,2,0.2110588252544403
6513,RU-Poisson,ru_poisson,SYTO16-like,0,0.18185065686702728
6513,RU-Poisson,ru_poisson,DIA-like,1,0.19293606281280518
6513,RU-Poisson,ru_poisson,DeepRed-like,2,0.22442424297332764
6522,RU-Poisson,ru_poisson,SYTO16-like,0,0.14403635263442993
6522,RU-Poisson,ru_poisson,DIA-like,1,0.1550813466310501
6522,RU-Poisson,ru_poisson,DeepRed-like,2,0.1980830878019333
6539,RU-Poisson,ru_poisson,SYTO16-like,0,0.16175708174705505
6539,RU-Poisson,ru_poisson,DIA-like,1,0.1637393832206726
6539,RU-Poisson,ru_poisson,DeepRed-like,2,0.21571172773838043
6545,RU-Poisson,ru_poisson,SYTO16-like,0,0.14090892672538757
6545,RU-Poisson,ru_poisson,DIA-like,1,0.2051360160112381
6545,RU-Poisson,ru_poisson,DeepRed-like,2,0.18456768989562988
6547,RU-Poisson,ru_poisson,SYTO16-like,0,0.14676019549369812
6547,RU-Poisson,ru_poisson,DIA-like,1,0.1954260915517807
6547,RU-Poisson,ru_poisson,DeepRed-like,2,0.15505975484848022
6552,RU-Poisson,ru_poisson,SYTO16-like,0,0.3124557137489319
6552,RU-Poisson,ru_poisson,DIA-like,1,0.22000904381275177
6552,RU-Poisson,ru_poisson,DeepRed-like,2,0.22057558596134186
6559,RU-Poisson,ru_poisson,SYTO16-like,0,0.21747680008411407
6559,RU-Poisson,ru_poisson,DIA-like,1,0.3445883095264435
6559,RU-Poisson,ru_poisson,DeepRed-like,2,0.2088296264410019
6564,RU-Poisson,ru_poisson,SYTO16-like,0,0.19437789916992188
6564,RU-Poisson,ru_poisson,DIA-like,1,0.2019522339105606
6564,RU-Poisson,ru_poisson,DeepRed-like,2,0.19906441867351532
6566,RU-Poisson,ru_poisson,SYTO16-like,0,0.16625413298606873
6566,RU-Poisson,ru_poisson,DIA-like,1,0.21119505167007446
6566,RU-Poisson,ru_poisson,DeepRed-like,2,0.2247285097837448
6570,RU-Poisson,ru_poisson,SYTO16-like,0,0.13536711037158966
6570,RU-Poisson,ru_poisson,DIA-like,1,0.1643904596567154
6570,RU-Poisson,ru_poisson,DeepRed-like,2,0.1443880945444107
6584,RU-Poisson,ru_poisson,SYTO16-like,0,0.16843682527542114
6584,RU-Poisson,ru_poisson,DIA-like,1,0.2414143830537796
6584,RU-Poisson,ru_poisson,DeepRed-like,2,0.25271373987197876
6588,RU-Poisson,ru_poisson,SYTO16-like,0,0.20376700162887573
6588,RU-Poisson,ru_poisson,DIA-like,1,0.1512261927127838
6588,RU-Poisson,ru_poisson,DeepRed-like,2,0.17898602783679962
6594,RU-Poisson,ru_poisson,SYTO16-like,0,0.12171962857246399
6594,RU-Poisson,ru_poisson,DIA-like,1,0.1600123792886734
6594,RU-Poisson,ru_poisson,DeepRed-like,2,0.16567255556583405
6612,RU-Poisson,ru_poisson,SYTO16-like,0,0.14103804528713226
6612,RU-Poisson,ru_poisson,DIA-like,1,0.15858447551727295
6612,RU-Poisson,ru_poisson,DeepRed-like,2,0.16035570204257965
6628,RU-Poisson,ru_poisson,SYTO16-like,0,0.117219477891922
6628,RU-Poisson,ru_poisson,DIA-like,1,0.15347245335578918
6628,RU-Poisson,ru_poisson,DeepRed-like,2,0.16538432240486145
6637,RU-Poisson,ru_poisson,SYTO16-like,0,0.22561763226985931
6637,RU-Poisson,ru_poisson,DIA-like,1,0.17562468349933624
6637,RU-Poisson,ru_poisson,DeepRed-like,2,0.21828213334083557
6642,RU-Poisson,ru_poisson,SYTO16-like,0,0.21388649940490723
6642,RU-Poisson,ru_poisson,DIA-like,1,0.23413510620594025
6642,RU-Poisson,ru_poisson,DeepRed-like,2,0.13835658133029938
6647,RU-Poisson,ru_poisson,SYTO16-like,0,0.15870991349220276
6647,RU-Poisson,ru_poisson,DIA-like,1,0.2081814557313919
6647,RU-Poisson,ru_poisson,DeepRed-like,2,0.2377348691225052
6648,RU-Poisson,ru_poisson,SYTO16-like,0,0.18608707189559937
6648,RU-Poisson,ru_poisson,DIA-like,1,0.20832595229148865
6648,RU-Poisson,ru_poisson,DeepRed-like,2,0.19544512033462524
6649,RU-Poisson,ru_poisson,SYTO16-like,0,0.16216342151165009
6649,RU-Poisson,ru_poisson,DIA-like,1,0.173834890127182
6649,RU-Poisson,ru_poisson,DeepRed-like,2,0.22227656841278076
6653,RU-Poisson,ru_poisson,SYTO16-like,0,0.16260956227779388
6653,RU-Poisson,ru_poisson,DIA-like,1,0.1678546965122223
6653,RU-Poisson,ru_poisson,DeepRed-like,2,0.1933133900165558
6656,RU-Poisson,ru_poisson,SYTO16-like,0,0.18030117452144623
6656,RU-Poisson,ru_poisson,DIA-like,1,0.18571963906288147
6656,RU-Poisson,ru_poisson,DeepRed-like,2,0.19230534136295319
6660,RU-Poisson,ru_poisson,SYTO16-like,0,0.20423997938632965
6660,RU-Poisson,ru_poisson,DIA-like,1,0.22881022095680237
6660,RU-Poisson,ru_poisson,DeepRed-like,2,0.21373890340328217
6672,RU-Poisson,ru_poisson,SYTO16-like,0,0.1580018699169159
6672,RU-Poisson,ru_poisson,DIA-like,1,0.17600993812084198
6672,RU-Poisson,ru_poisson,DeepRed-like,2,0.19867496192455292
6676,RU-Poisson,ru_poisson,SYTO16-like,0,0.13744275271892548
6676,RU-Poisson,ru_poisson,DIA-like,1,0.20605804026126862
6676,RU-Poisson,ru_poisson,DeepRed-like,2,0.20536275207996368
6682,RU-Poisson,ru_poisson,SYTO16-like,0,0.1242234855890274
6682,RU-Poisson,ru_poisson,DIA-like,1,0.2124275118112564
6682,RU-Poisson,ru_poisson,DeepRed-like,2,0.20132240653038025
6683,RU-Poisson,ru_poisson,SYTO16-like,0,0.13304384052753448
6683,RU-Poisson,ru_poisson,DIA-like,1,0.1970047652721405
6683,RU-Poisson,ru_poisson,DeepRed-like,2,0.20865929126739502
6691,RU-Poisson,ru_poisson,SYTO16-like,0,0.21741299331188202
6691,RU-Poisson,ru_poisson,DIA-like,1,0.24859748780727386
6691,RU-Poisson,ru_poisson,DeepRed-like,2,0.21631969511508942
6695,RU-Poisson,ru_poisson,SYTO16-like,0,0.19590142369270325
6695,RU-Poisson,ru_poisson,DIA-like,1,0.2644377052783966
6695,RU-Poisson,ru_poisson,DeepRed-like,2,0.2310986965894699
6700,RU-Poisson,ru_poisson,SYTO16-like,0,0.16581474244594574
6700,RU-Poisson,ru_poisson,DIA-like,1,0.17916059494018555
6700,RU-Poisson,ru_poisson,DeepRed-like,2,0.1955646127462387
6705,RU-Poisson,ru_poisson,SYTO16-like,0,0.1740853488445282
6705,RU-Poisson,ru_poisson,DIA-like,1,0.2164539098739624
6705,RU-Poisson,ru_poisson,DeepRed-like,2,0.20942647755146027
6706,RU-Poisson,ru_poisson,SYTO16-like,0,0.15970994532108307
6706,RU-Poisson,ru_poisson,DIA-like,1,0.21399256587028503
6706,RU-Poisson,ru_poisson,DeepRed-like,2,0.17875614762306213
6711,RU-Poisson,ru_poisson,SYTO16-like,0,0.18685439229011536
6711,RU-Poisson,ru_poisson,DIA-like,1,0.16094189882278442
6711,RU-Poisson,ru_poisson,DeepRed-like,2,0.14106100797653198
6732,RU-Poisson,ru_poisson,SYTO16-like,0,0.1613139659166336
6732,RU-Poisson,ru_poisson,DIA-like,1,0.1608811616897583
6732,RU-Poisson,ru_poisson,DeepRed-like,2,0.1705871820449829
6742,RU-Poisson,ru_poisson,SYTO16-like,0,0.17307421565055847
6742,RU-Poisson,ru_poisson,DIA-like,1,0.17446276545524597
6742,RU-Poisson,ru_poisson,DeepRed-like,2,0.20505398511886597
6744,RU-Poisson,ru_poisson,SYTO16-like,0,0.25390392541885376
6744,RU-Poisson,ru_poisson,DIA-like,1,3.7505667209625244
6744,RU-Poisson,ru_poisson,DeepRed-like,2,0.33037659525871277
6747,RU-Poisson,ru_poisson,SYTO16-like,0,0.20270241796970367
6747,RU-Poisson,ru_poisson,DIA-like,1,0.19984425604343414
6747,RU-Poisson,ru_poisson,DeepRed-like,2,0.19299571216106415
6757,RU-Poisson,ru_poisson,SYTO16-like,0,0.14485277235507965
6757,RU-Poisson,ru_poisson,DIA-like,1,0.17648933827877045
6757,RU-Poisson,ru_poisson,DeepRed-like,2,0.21883034706115723
6769,RU-Poisson,ru_poisson,SYTO16-like,0,0.15272018313407898
6769,RU-Poisson,ru_poisson,DIA-like,1,0.17719608545303345
6769,RU-Poisson,ru_poisson,DeepRed-like,2,0.15375053882598877
6786,RU-Poisson,ru_poisson,SYTO16-like,0,0.1340513527393341
6786,RU-Poisson,ru_poisson,DIA-like,1,0.20982322096824646
6786,RU-Poisson,ru_poisson,DeepRed-like,2,0.2015911042690277
6787,RU-Poisson,ru_poisson,SYTO16-like,0,0.13450594246387482
6787,RU-Poisson,ru_poisson,DIA-like,1,0.18835721909999847
6787,RU-Poisson,ru_poisson,DeepRed-like,2,0.1964394599199295
6800,RU-Poisson,ru_poisson,SYTO16-like,0,0.14025191962718964
6800,RU-Poisson,ru_poisson,DIA-like,1,0.19507451355457306
6800,RU-Poisson,ru_poisson,DeepRed-like,2,0.1486162543296814
6808,RU-Poisson,ru_poisson,SYTO16-like,0,0.18334700167179108
6808,RU-Poisson,ru_poisson,DIA-like,1,0.16696220636367798
6808,RU-Poisson,ru_poisson,DeepRed-like,2,0.2229553610086441
6826,RU-Poisson,ru_poisson,SYTO16-like,0,0.18699519336223602
6826,RU-Poisson,ru_poisson,DIA-like,1,0.17647987604141235
6826,RU-Poisson,ru_poisson,DeepRed-like,2,0.1908619999885559
6831,RU-Poisson,ru_poisson,SYTO16-like,0,0.1660531461238861
6831,RU-Poisson,ru_poisson,DIA-like,1,0.2063654512166977
6831,RU-Poisson,ru_poisson,DeepRed-like,2,0.1800721436738968
6833,RU-Poisson,ru_poisson,SYTO16-like,0,0.19618123769760132
6833,RU-Poisson,ru_poisson,DIA-like,1,0.22432896494865417
6833,RU-Poisson,ru_poisson,DeepRed-like,2,0.22018440067768097
6835,RU-Poisson,ru_poisson,SYTO16-like,0,0.15640458464622498
6835,RU-Poisson,ru_poisson,DIA-like,1,0.14791983366012573
6835,RU-Poisson,ru_poisson,DeepRed-like,2,0.1926690936088562
6837,RU-Poisson,ru_poisson,SYTO16-like,0,0.1824243664741516
6837,RU-Poisson,ru_poisson,DIA-like,1,10.003401756286621
6837,RU-Poisson,ru_poisson,DeepRed-like,2,4.489807605743408
6845,RU-Poisson,ru_poisson,SYTO16-like,0,0.2048281878232956
6845,RU-Poisson,ru_poisson,DIA-like,1,0.18846701085567474
6845,RU-Poisson,ru_poisson,DeepRed-like,2,0.24657045304775238
6848,RU-Poisson,ru_poisson,SYTO16-like,0,0.15215128660202026
6848,RU-Poisson,ru_poisson,DIA-like,1,0.23608116805553436
6848,RU-Poisson,ru_poisson,DeepRed-like,2,0.17295919358730316
6855,RU-Poisson,ru_poisson,SYTO16-like,0,0.18811850249767303
6855,RU-Poisson,ru_poisson,DIA-like,1,0.21197976171970367
6855,RU-Poisson,ru_poisson,DeepRed-like,2,0.21161536872386932
6860,RU-Poisson,ru_poisson,SYTO16-like,0,0.1943168342113495
6860,RU-Poisson,ru_poisson,DIA-like,1,0.2043997347354889
6860,RU-Poisson,ru_poisson,DeepRed-like,2,0.20849420130252838
6865,RU-Poisson,ru_poisson,SYTO16-like,0,0.1626681387424469
6865,RU-Poisson,ru_poisson,DIA-like,1,0.17275874316692352
6865,RU-Poisson,ru_poisson,DeepRed-like,2,0.16769257187843323
6872,RU-Poisson,ru_poisson,SYTO16-like,0,0.13986016809940338
6872,RU-Poisson,ru_poisson,DIA-like,1,0.2040158212184906
6872,RU-Poisson,ru_poisson,DeepRed-like,2,0.17629307508468628
6880,RU-Poisson,ru_poisson,SYTO16-like,0,0.16602197289466858
6880,RU-Poisson,ru_poisson,DIA-like,1,0.27613765001296997
6880,RU-Poisson,ru_poisson,DeepRed-like,2,0.20765790343284607
6887,RU-Poisson,ru_poisson,SYTO16-like,0,0.16412758827209473
6887,RU-Poisson,ru_poisson,DIA-like,1,0.19600573182106018
6887,RU-Poisson,ru_poisson,DeepRed-like,2,0.19965049624443054
6889,RU-Poisson,ru_poisson,SYTO16-like,0,0.15567532181739807
6889,RU-Poisson,ru_poisson,DIA-like,1,0.2241060435771942
6889,RU-Poisson,ru_poisson,DeepRed-like,2,0.19593651592731476
6894,RU-Poisson,ru_poisson,SYTO16-like,0,0.14535202085971832
6894,RU-Poisson,ru_poisson,DIA-like,1,0.18062131106853485
6894,RU-Poisson,ru_poisson,DeepRed-like,2,0.2065647393465042
6904,RU-Poisson,ru_poisson,SYTO16-like,0,0.158050999045372
6904,RU-Poisson,ru_poisson,DIA-like,1,0.15465587377548218
6904,RU-Poisson,ru_poisson,DeepRed-like,2,0.1920228898525238
6913,RU-Poisson,ru_poisson,SYTO16-like,0,0.15267615020275116
6913,RU-Poisson,ru_poisson,DIA-like,1,0.2379561811685562
6913,RU-Poisson,ru_poisson,DeepRed-like,2,0.22795912623405457
6928,RU-Poisson,ru_poisson,SYTO16-like,0,0.1243743821978569
6928,RU-Poisson,ru_poisson,DIA-like,1,0.14926274120807648
6928,RU-Poisson,ru_poisson,DeepRed-like,2,0.12339286506175995
6936,RU-Poisson,ru_poisson,SYTO16-like,0,0.17352142930030823
6936,RU-Poisson,ru_poisson,DIA-like,1,0.2207530438899994
6936,RU-Poisson,ru_poisson,DeepRed-like,2,0.20414353907108307
6963,RU-Poisson,ru_poisson,SYTO16-like,0,0.17501427233219147
6963,RU-Poisson,ru_poisson,DIA-like,1,0.17737127840518951
6963,RU-Poisson,ru_poisson,DeepRed-like,2,0.2552334666252136
6971,RU-Poisson,ru_poisson,SYTO16-like,0,0.3368602395057678
6971,RU-Poisson,ru_poisson,DIA-like,1,0.32164353132247925
6971,RU-Poisson,ru_poisson,DeepRed-like,2,0.3095637261867523
6992,RU-Poisson,ru_poisson,SYTO16-like,0,0.2231021225452423
6992,RU-Poisson,ru_poisson,DIA-like,1,0.18559995293617249
6992,RU-Poisson,ru_poisson,DeepRed-like,2,0.1771119236946106
7011,RU-Poisson,ru_poisson,SYTO16-like,0,0.173648864030838
7011,RU-Poisson,ru_poisson,DIA-like,1,0.19417555630207062
7011,RU-Poisson,ru_poisson,DeepRed-like,2,0.2484320104122162
7013,RU-Poisson,ru_poisson,SYTO16-like,0,0.1931229829788208
7013,RU-Poisson,ru_poisson,DIA-like,1,0.2436525523662567
7013,RU-Poisson,ru_poisson,DeepRed-like,2,0.1929243803024292
7018,RU-Poisson,ru_poisson,SYTO16-like,0,0.1691664755344391
7018,RU-Poisson,ru_poisson,DIA-like,1,0.1873161941766739
7018,RU-Poisson,ru_poisson,DeepRed-like,2,0.2085634022951126
7023,RU-Poisson,ru_poisson,SYTO16-like,0,0.1669033318758011
7023,RU-Poisson,ru_poisson,DIA-like,1,0.18181724846363068
7023,RU-Poisson,ru_poisson,DeepRed-like,2,0.18628542125225067
7035,RU-Poisson,ru_poisson,SYTO16-like,0,0.20314668118953705
7035,RU-Poisson,ru_poisson,DIA-like,1,0.18952594697475433
7035,RU-Poisson,ru_poisson,DeepRed-like,2,0.23237985372543335
7038,RU-Poisson,ru_poisson,SYTO16-like,0,0.15228593349456787
7038,RU-Poisson,ru_poisson,DIA-like,1,0.169677272439003
7038,RU-Poisson,ru_poisson,DeepRed-like,2,0.17304611206054688
7041,RU-Poisson,ru_poisson,SYTO16-like,0,0.1733900010585785
7041,RU-Poisson,ru_poisson,DIA-like,1,0.1848473697900772
7041,RU-Poisson,ru_poisson,DeepRed-like,2,0.2554236948490143
7042,RU-Poisson,ru_poisson,SYTO16-like,0,0.14690960943698883
7042,RU-Poisson,ru_poisson,DIA-like,1,0.17056146264076233
7042,RU-Poisson,ru_poisson,DeepRed-like,2,0.2120271921157837
7047,RU-Poisson,ru_poisson,SYTO16-like,0,0.1296210139989853
7047,RU-Poisson,ru_poisson,DIA-like,1,0.1554749757051468
7047,RU-Poisson,ru_poisson,DeepRed-like,2,0.14237067103385925
7057,RU-Poisson,ru_poisson,SYTO16-like,0,0.1779971718788147
7057,RU-Poisson,ru_poisson,DIA-like,1,0.17134398221969604
7057,RU-Poisson,ru_poisson,DeepRed-like,2,0.17675022780895233
7068,RU-Poisson,ru_poisson,SYTO16-like,0,0.12931077182292938
7068,RU-Poisson,ru_poisson,DIA-like,1,0.13513441383838654
7068,RU-Poisson,ru_poisson,DeepRed-like,2,0.13858725130558014
7088,RU-Poisson,ru_poisson,SYTO16-like,0,0.1345769315958023
7088,RU-Poisson,ru_poisson,DIA-like,1,0.1459120661020279
7088,RU-Poisson,ru_poisson,DeepRed-like,2,0.22462205588817596
7092,RU-Poisson,ru_poisson,SYTO16-like,0,0.13846313953399658
7092,RU-Poisson,ru_poisson,DIA-like,1,0.1746816635131836
7092,RU-Poisson,ru_poisson,DeepRed-like,2,0.1770590841770172
7100,RU-Poisson,ru_poisson,SYTO16-like,0,0.15735842287540436
7100,RU-Poisson,ru_poisson,DIA-like,1,0.16540536284446716
7100,RU-Poisson,ru_poisson,DeepRed-like,2,0.1750781536102295
7114,RU-Poisson,ru_poisson,SYTO16-like,0,0.16556227207183838
7114,RU-Poisson,ru_poisson,DIA-like,1,0.20676550269126892
7114,RU-Poisson,ru_poisson,DeepRed-like,2,0.27168890833854675
7119,RU-Poisson,ru_poisson,SYTO16-like,0,0.15567216277122498
7119,RU-Poisson,ru_poisson,DIA-like,1,0.14485976099967957
7119,RU-Poisson,ru_poisson,DeepRed-like,2,0.1897161900997162
7126,RU-Poisson,ru_poisson,SYTO16-like,0,0.18570764362812042
7126,RU-Poisson,ru_poisson,DIA-like,1,0.18510305881500244
7126,RU-Poisson,ru_poisson,DeepRed-like,2,0.17983762919902802
7131,RU-Poisson,ru_poisson,SYTO16-like,0,0.16617587208747864
7131,RU-Poisson,ru_poisson,DIA-like,1,0.2413402497768402
7131,RU-Poisson,ru_poisson,DeepRed-like,2,0.17528365552425385
7140,RU-Poisson,ru_poisson,SYTO16-like,0,0.19888372719287872
7140,RU-Poisson,ru_poisson,DIA-like,1,0.19045279920101166
7140,RU-Poisson,ru_poisson,DeepRed-like,2,0.2055402249097824
7142,RU-Poisson,ru_poisson,SYTO16-like,0,0.1908092051744461
7142,RU-Poisson,ru_poisson,DIA-like,1,0.2354220598936081
7142,RU-Poisson,ru_poisson,DeepRed-like,2,0.21742267906665802
7143,RU-Poisson,ru_poisson,SYTO16-like,0,0.15195374190807343
7143,RU-Poisson,ru_poisson,DIA-like,1,0.27581700682640076
7143,RU-Poisson,ru_poisson,DeepRed-like,2,0.13414384424686432
7153,RU-Poisson,ru_poisson,SYTO16-like,0,0.1778041273355484
7153,RU-Poisson,ru_poisson,DIA-like,1,0.18898332118988037
7153,RU-Poisson,ru_poisson,DeepRed-like,2,0.2477981150150299
7154,RU-Poisson,ru_poisson,SYTO16-like,0,0.15873974561691284
7154,RU-Poisson,ru_poisson,DIA-like,1,0.19815059006214142
7154,RU-Poisson,ru_poisson,DeepRed-like,2,0.35459479689598083
7169,RU-Poisson,ru_poisson,SYTO16-like,0,0.2244453877210617
7169,RU-Poisson,ru_poisson,DIA-like,1,0.2561512887477875
7169,RU-Poisson,ru_poisson,DeepRed-like,2,0.19899055361747742
7171,RU-Poisson,ru_poisson,SYTO16-like,0,0.23048050701618195
7171,RU-Poisson,ru_poisson,DIA-like,1,0.15375445783138275
7171,RU-Poisson,ru_poisson,DeepRed-like,2,0.1608477383852005
7172,RU-Poisson,ru_poisson,SYTO16-like,0,0.1463569700717926
7172,RU-Poisson,ru_poisson,DIA-like,1,0.17869606614112854
7172,RU-Poisson,ru_poisson,DeepRed-like,2,0.2020256072282791
7178,RU-Poisson,ru_poisson,SYTO16-like,0,0.1620648354291916
7178,RU-Poisson,ru_poisson,DIA-like,1,0.15757648646831512
7178,RU-Poisson,ru_poisson,DeepRed-like,2,0.158823162317276
7184,RU-Poisson,ru_poisson,SYTO16-like,0,0.20511749386787415
7184,RU-Poisson,ru_poisson,DIA-like,1,0.16925263404846191
7184,RU-Poisson,ru_poisson,DeepRed-like,2,0.2262047678232193
7202,RU-Poisson,ru_poisson,SYTO16-like,0,0.1498270481824875
7202,RU-Poisson,ru_poisson,DIA-like,1,0.19781003892421722
7202,RU-Poisson,ru_poisson,DeepRed-like,2,0.21804067492485046
7206,RU-Poisson,ru_poisson,SYTO16-like,0,0.20410457253456116
7206,RU-Poisson,ru_poisson,DIA-like,1,0.23147991299629211
7206,RU-Poisson,ru_poisson,DeepRed-like,2,0.21255549788475037
7220,RU-Poisson,ru_poisson,SYTO16-like,0,0.17778094112873077
7220,RU-Poisson,ru_poisson,DIA-like,1,0.26006561517715454
7220,RU-Poisson,ru_poisson,DeepRed-like,2,0.19342342019081116
7226,RU-Poisson,ru_poisson,SYTO16-like,0,0.1531980186700821
7226,RU-Poisson,ru_poisson,DIA-like,1,0.21513299643993378
7226,RU-Poisson,ru_poisson,DeepRed-like,2,0.19505798816680908
7229,RU-Poisson,ru_poisson,SYTO16-like,0,0.2748512625694275
7229,RU-Poisson,ru_poisson,DIA-like,1,0.20577619969844818
7229,RU-Poisson,ru_poisson,DeepRed-like,2,0.22433343529701233
7231,RU-Poisson,ru_poisson,SYTO16-like,0,0.1831810176372528
7231,RU-Poisson,ru_poisson,DIA-like,1,0.17227055132389069
7231,RU-Poisson,ru_poisson,DeepRed-like,2,0.1671958863735199
7237,RU-Poisson,ru_poisson,SYTO16-like,0,0.21949748694896698
7237,RU-Poisson,ru_poisson,DIA-like,1,0.20983585715293884
7237,RU-Poisson,ru_poisson,DeepRed-like,2,0.18199673295021057
7244,RU-Poisson,ru_poisson,SYTO16-like,0,0.18792198598384857
7244,RU-Poisson,ru_poisson,DIA-like,1,0.1731014847755432
7244,RU-Poisson,ru_poisson,DeepRed-like,2,0.20795303583145142
7256,RU-Poisson,ru_poisson,SYTO16-like,0,0.14072467386722565
7256,RU-Poisson,ru_poisson,DIA-like,1,0.22832003235816956
7256,RU-Poisson,ru_poisson,DeepRed-like,2,0.17855411767959595
7259,RU-Poisson,ru_poisson,SYTO16-like,0,0.19311471283435822
7259,RU-Poisson,ru_poisson,DIA-like,1,0.15362870693206787
7259,RU-Poisson,ru_poisson,DeepRed-like,2,0.21287105977535248
7269,RU-Poisson,ru_poisson,SYTO16-like,0,0.14895115792751312
7269,RU-Poisson,ru_poisson,DIA-like,1,0.20569217205047607
7269,RU-Poisson,ru_poisson,DeepRed-like,2,0.21116365492343903
7272,RU-Poisson,ru_poisson,SYTO16-like,0,0.16219459474086761
7272,RU-Poisson,ru_poisson,DIA-like,1,0.2375866174697876
7272,RU-Poisson,ru_poisson,DeepRed-like,2,0.19620667397975922
7274,RU-Poisson,ru_poisson,SYTO16-like,0,0.19316233694553375
7274,RU-Poisson,ru_poisson,DIA-like,1,0.20273998379707336
7274,RU-Poisson,ru_poisson,DeepRed-like,2,0.20241396129131317
7276,RU-Poisson,ru_poisson,SYTO16-like,0,0.14970563352108002
7276,RU-Poisson,ru_poisson,DIA-like,1,0.17525598406791687
7276,RU-Poisson,ru_poisson,DeepRed-like,2,0.13525716960430145
7287,RU-Poisson,ru_poisson,SYTO16-like,0,0.17930041253566742
7287,RU-Poisson,ru_poisson,DIA-like,1,0.23041364550590515
7287,RU-Poisson,ru_poisson,DeepRed-like,2,0.23973557353019714
7288,RU-Poisson,ru_poisson,SYTO16-like,0,0.13461650907993317
7288,RU-Poisson,ru_poisson,DIA-like,1,0.2791299819946289
7288,RU-Poisson,ru_poisson,DeepRed-like,2,0.20484274625778198
7290,RU-Poisson,ru_poisson,SYTO16-like,0,0.1798856556415558
7290,RU-Poisson,ru_poisson,DIA-like,1,0.18404686450958252
7290,RU-Poisson,ru_poisson,DeepRed-like,2,0.2326061874628067
7293,RU-Poisson,ru_poisson,SYTO16-like,0,0.24436309933662415
7293,RU-Poisson,ru_poisson,DIA-like,1,0.18812783062458038
7293,RU-Poisson,ru_poisson,DeepRed-like,2,0.21398887038230896
7295,RU-Poisson,ru_poisson,SYTO16-like,0,0.17708949744701385
7295,RU-Poisson,ru_poisson,DIA-like,1,0.1532113254070282
7295,RU-Poisson,ru_poisson,DeepRed-like,2,0.16301651298999786
7299,RU-Poisson,ru_poisson,SYTO16-like,0,0.2032017558813095
7299,RU-Poisson,ru_poisson,DIA-like,1,0.3523052930831909
7299,RU-Poisson,ru_poisson,DeepRed-like,2,0.16755427420139313
7301,RU-Poisson,ru_poisson,SYTO16-like,0,0.14754542708396912
7301,RU-Poisson,ru_poisson,DIA-like,1,0.19278614223003387
7301,RU-Poisson,ru_poisson,DeepRed-like,2,0.21041998267173767
7313,RU-Poisson,ru_poisson,SYTO16-like,0,0.18204782903194427
7313,RU-Poisson,ru_poisson,DIA-like,1,0.271420419216156
7313,RU-Poisson,ru_poisson,DeepRed-like,2,0.20160011947155
7321,RU-Poisson,ru_poisson,SYTO16-like,0,0.2298196256160736
7321,RU-Poisson,ru_poisson,DIA-like,1,0.19473852217197418
7321,RU-Poisson,ru_poisson,DeepRed-like,2,0.19148965179920197
7327,RU-Poisson,ru_poisson,SYTO16-like,0,0.15609896183013916
7327,RU-Poisson,ru_poisson,DIA-like,1,0.16014690697193146
7327,RU-Poisson,ru_poisson,DeepRed-like,2,0.20657387375831604
7328,RU-Poisson,ru_poisson,SYTO16-like,0,0.18878108263015747
7328,RU-Poisson,ru_poisson,DIA-like,1,0.23123811185359955
7328,RU-Poisson,ru_poisson,DeepRed-like,2,0.20597699284553528
7331,RU-Poisson,ru_poisson,SYTO16-like,0,0.1300588995218277
7331,RU-Poisson,ru_poisson,DIA-like,1,0.14558234810829163
7331,RU-Poisson,ru_poisson,DeepRed-like,2,0.12508904933929443
7340,RU-Poisson,ru_poisson,SYTO16-like,0,0.14930908381938934
7340,RU-Poisson,ru_poisson,DIA-like,1,0.19952721893787384
7340,RU-Poisson,ru_poisson,DeepRed-like,2,0.22880548238754272
7346,RU-Poisson,ru_poisson,SYTO16-like,0,0.143670916557312
7346,RU-Poisson,ru_poisson,DIA-like,1,0.2053859382867813
7346,RU-Poisson,ru_poisson,DeepRed-like,2,0.21097537875175476
7350,RU-Poisson,ru_poisson,SYTO16-like,0,0.1507190614938736
7350,RU-Poisson,ru_poisson,DIA-like,1,0.2020791918039322
7350,RU-Poisson,ru_poisson,DeepRed-like,2,0.20776621997356415
7373,RU-Poisson,ru_poisson,SYTO16-like,0,0.2150871902704239
7373,RU-Poisson,ru_poisson,DIA-like,1,0.14757037162780762
7373,RU-Poisson,ru_poisson,DeepRed-like,2,0.18089659512043
7376,RU-Poisson,ru_poisson,SYTO16-like,0,0.16525684297084808
7376,RU-Poisson,ru_poisson,DIA-like,1,0.17964349687099457
7376,RU-Poisson,ru_poisson,DeepRed-like,2,0.16398392617702484
7383,RU-Poisson,ru_poisson,SYTO16-like,0,0.16705770790576935
7383,RU-Poisson,ru_poisson,DIA-like,1,0.19082605838775635
7383,RU-Poisson,ru_poisson,DeepRed-like,2,0.16218732297420502
7404,RU-Poisson,ru_poisson,SYTO16-like,0,0.17465455830097198
7404,RU-Poisson,ru_poisson,DIA-like,1,0.20261292159557343
7404,RU-Poisson,ru_poisson,DeepRed-like,2,0.21512162685394287
7412,RU-Poisson,ru_poisson,SYTO16-like,0,0.24676722288131714
7412,RU-Poisson,ru_poisson,DIA-like,1,0.21583640575408936
7412,RU-Poisson,ru_poisson,DeepRed-like,2,0.21847829222679138
7413,RU-Poisson,ru_poisson,SYTO16-like,0,0.20269641280174255
7413,RU-Poisson,ru_poisson,DIA-like,1,0.1662917286157608
7413,RU-Poisson,ru_poisson,DeepRed-like,2,0.2275315523147583
7421,RU-Poisson,ru_poisson,SYTO16-like,0,0.16524748504161835
7421,RU-Poisson,ru_poisson,DIA-like,1,0.2346932291984558
7421,RU-Poisson,ru_poisson,DeepRed-like,2,0.20295286178588867
7422,RU-Poisson,ru_poisson,SYTO16-like,0,0.17397081851959229
7422,RU-Poisson,ru_poisson,DIA-like,1,0.23268069326877594
7422,RU-Poisson,ru_poisson,DeepRed-like,2,0.20894615352153778
7426,RU-Poisson,ru_poisson,SYTO16-like,0,0.17699815332889557
7426,RU-Poisson,ru_poisson,DIA-like,1,0.25988277792930603
7426,RU-Poisson,ru_poisson,DeepRed-like,2,0.20231352746486664
7427,RU-Poisson,ru_poisson,SYTO16-like,0,0.17060090601444244
7427,RU-Poisson,ru_poisson,DIA-like,1,0.1666591465473175
7427,RU-Poisson,ru_poisson,DeepRed-like,2,0.16855254769325256
7429,RU-Poisson,ru_poisson,SYTO16-like,0,0.19627459347248077
7429,RU-Poisson,ru_poisson,DIA-like,1,0.19107984006404877
7429,RU-Poisson,ru_poisson,DeepRed-like,2,0.2076486349105835
7432,RU-Poisson,ru_poisson,SYTO16-like,0,0.1280931532382965
7432,RU-Poisson,ru_poisson,DIA-like,1,0.15259897708892822
7432,RU-Poisson,ru_poisson,DeepRed-like,2,0.11470570415258408
7454,RU-Poisson,ru_poisson,SYTO16-like,0,0.21919861435890198
7454,RU-Poisson,ru_poisson,DIA-like,1,0.1845169961452484
7454,RU-Poisson,ru_poisson,DeepRed-like,2,0.20283621549606323
7459,RU-Poisson,ru_poisson,SYTO16-like,0,0.20031961798667908
7459,RU-Poisson,ru_poisson,DIA-like,1,0.2664921283721924
7459,RU-Poisson,ru_poisson,DeepRed-like,2,0.22166453301906586
7463,RU-Poisson,ru_poisson,SYTO16-like,0,0.13120047748088837
7463,RU-Poisson,ru_poisson,DIA-like,1,0.22266384959220886
7463,RU-Poisson,ru_poisson,DeepRed-like,2,0.2320653200149536
7464,RU-Poisson,ru_poisson,SYTO16-like,0,0.14883804321289062
7464,RU-Poisson,ru_poisson,DIA-like,1,0.1665208786725998
7464,RU-Poisson,ru_poisson,DeepRed-like,2,0.22765949368476868
7476,RU-Poisson,ru_poisson,SYTO16-like,0,0.11980362981557846
7476,RU-Poisson,ru_poisson,DIA-like,1,0.14605307579040527
7476,RU-Poisson,ru_poisson,DeepRed-like,2,0.13290442526340485
7477,RU-Poisson,ru_poisson,SYTO16-like,0,0.14860399067401886
7477,RU-Poisson,ru_poisson,DIA-like,1,0.2809276282787323
7477,RU-Poisson,ru_poisson,DeepRed-like,2,0.20969516038894653
7498,RU-Poisson,ru_poisson,SYTO16-like,0,0.16979467868804932
7498,RU-Poisson,ru_poisson,DIA-like,1,0.19164900481700897
7498,RU-Poisson,ru_poisson,DeepRed-like,2,0.18815191090106964
7509,RU-Poisson,ru_poisson,SYTO16-like,0,0.1608048975467682
7509,RU-Poisson,ru_poisson,DIA-like,1,0.1902788132429123
7509,RU-Poisson,ru_poisson,DeepRed-like,2,0.1958143264055252
7511,RU-Poisson,ru_poisson,SYTO16-like,0,0.1760319173336029
7511,RU-Poisson,ru_poisson,DIA-like,1,0.2051609456539154
7511,RU-Poisson,ru_poisson,DeepRed-like,2,0.18419769406318665
7517,RU-Poisson,ru_poisson,SYTO16-like,0,0.11637507379055023
7517,RU-Poisson,ru_poisson,DIA-like,1,0.1519559919834137
7517,RU-Poisson,ru_poisson,DeepRed-like,2,0.11971037089824677
7526,RU-Poisson,ru_poisson,SYTO16-like,0,0.11964146047830582
7526,RU-Poisson,ru_poisson,DIA-like,1,0.14738689363002777
7526,RU-Poisson,ru_poisson,DeepRed-like,2,0.157475546002388
7528,RU-Poisson,ru_poisson,SYTO16-like,0,0.15387263894081116
7528,RU-Poisson,ru_poisson,DIA-like,1,0.16810040175914764
7528,RU-Poisson,ru_poisson,DeepRed-like,2,0.18516120314598083
7529,RU-Poisson,ru_poisson,SYTO16-like,0,0.1815548539161682
7529,RU-Poisson,ru_poisson,DIA-like,1,0.15548954904079437
7529,RU-Poisson,ru_poisson,DeepRed-like,2,0.2027939110994339
7545,RU-Poisson,ru_poisson,SYTO16-like,0,0.18070946633815765
7545,RU-Poisson,ru_poisson,DIA-like,1,0.17244477570056915
7545,RU-Poisson,ru_poisson,DeepRed-like,2,0.16175208985805511
7546,RU-Poisson,ru_poisson,SYTO16-like,0,0.1534263640642166
7546,RU-Poisson,ru_poisson,DIA-like,1,0.21976666152477264
7546,RU-Poisson,ru_poisson,DeepRed-like,2,0.18126307427883148
7548,RU-Poisson,ru_poisson,SYTO16-like,0,0.18412044644355774
7548,RU-Poisson,ru_poisson,DIA-like,1,0.21419991552829742
7548,RU-Poisson,ru_poisson,DeepRed-like,2,0.1640126258134842
7555,RU-Poisson,ru_poisson,SYTO16-like,0,0.14653393626213074
7555,RU-Poisson,ru_poisson,DIA-like,1,0.19521555304527283
7555,RU-Poisson,ru_poisson,DeepRed-like,2,0.20356465876102448
7563,RU-Poisson,ru_poisson,SYTO16-like,0,0.1303449422121048
7563,RU-Poisson,ru_poisson,DIA-like,1,0.16277287900447845
7563,RU-Poisson,ru_poisson,DeepRed-like,2,0.19816139340400696
7570,RU-Poisson,ru_poisson,SYTO16-like,0,0.18274010717868805
7570,RU-Poisson,ru_poisson,DIA-like,1,0.2159949243068695
7570,RU-Poisson,ru_poisson,DeepRed-like,2,0.24101988971233368
7572,RU-Poisson,ru_poisson,SYTO16-like,0,0.20430988073349
7572,RU-Poisson,ru_poisson,DIA-like,1,0.22571583092212677
7572,RU-Poisson,ru_poisson,DeepRed-like,2,0.17671646177768707
7576,RU-Poisson,ru_poisson,SYTO16-like,0,0.1528228223323822
7576,RU-Poisson,ru_poisson,DIA-like,1,0.20620541274547577
7576,RU-Poisson,ru_poisson,DeepRed-like,2,0.20318420231342316
7577,RU-Poisson,ru_poisson,SYTO16-like,0,0.17750585079193115
7577,RU-Poisson,ru_poisson,DIA-like,1,0.22792448103427887
7577,RU-Poisson,ru_poisson,DeepRed-like,2,0.2273983210325241
7595,RU-Poisson,ru_poisson,SYTO16-like,0,0.22595025599002838
7595,RU-Poisson,ru_poisson,DIA-like,1,0.22464582324028015
7595,RU-Poisson,ru_poisson,DeepRed-like,2,0.18457603454589844
7606,RU-Poisson,ru_poisson,SYTO16-like,0,0.13736772537231445
7606,RU-Poisson,ru_poisson,DIA-like,1,0.1639835387468338
7606,RU-Poisson,ru_poisson,DeepRed-like,2,0.1188434585928917
7608,RU-Poisson,ru_poisson,SYTO16-like,0,0.13702796399593353
7608,RU-Poisson,ru_poisson,DIA-like,1,0.15252593159675598
7608,RU-Poisson,ru_poisson,DeepRed-like,2,0.15433792769908905
7619,RU-Poisson,ru_poisson,SYTO16-like,0,0.1602988839149475
7619,RU-Poisson,ru_poisson,DIA-like,1,0.19044966995716095
7619,RU-Poisson,ru_poisson,DeepRed-like,2,0.16915220022201538
7620,RU-Poisson,ru_poisson,SYTO16-like,0,0.14663304388523102
7620,RU-Poisson,ru_poisson,DIA-like,1,0.16063185036182404
7620,RU-Poisson,ru_poisson,DeepRed-like,2,0.18509159982204437
7624,RU-Poisson,ru_poisson,SYTO16-like,0,0.13939015567302704
7624,RU-Poisson,ru_poisson,DIA-like,1,0.16935189068317413
7624,RU-Poisson,ru_poisson,DeepRed-like,2,0.2077368199825287
7627,RU-Poisson,ru_poisson,SYTO16-like,0,0.15874283015727997
7627,RU-Poisson,ru_poisson,DIA-like,1,0.17011134326457977
7627,RU-Poisson,ru_poisson,DeepRed-like,2,0.27030372619628906
7629,RU-Poisson,ru_poisson,SYTO16-like,0,0.1853189915418625
7629,RU-Poisson,ru_poisson,DIA-like,1,0.3084804117679596
7629,RU-Poisson,ru_poisson,DeepRed-like,2,0.21566647291183472
7630,RU-Poisson,ru_poisson,SYTO16-like,0,0.14021210372447968
7630,RU-Poisson,ru_poisson,DIA-like,1,0.2156866490840912
7630,RU-Poisson,ru_poisson,DeepRed-like,2,0.18873977661132812
7632,RU-Poisson,ru_poisson,SYTO16-like,0,0.15161481499671936
7632,RU-Poisson,ru_poisson,DIA-like,1,0.2125762403011322
7632,RU-Poisson,ru_poisson,DeepRed-like,2,0.2139093577861786
7645,RU-Poisson,ru_poisson,SYTO16-like,0,0.17086294293403625
7645,RU-Poisson,ru_poisson,DIA-like,1,0.17502588033676147
7645,RU-Poisson,ru_poisson,DeepRed-like,2,0.22180747985839844
7656,RU-Poisson,ru_poisson,SYTO16-like,0,0.1939256638288498
7656,RU-Poisson,ru_poisson,DIA-like,1,0.15449093282222748
7656,RU-Poisson,ru_poisson,DeepRed-like,2,0.21550031006336212
7671,RU-Poisson,ru_poisson,SYTO16-like,0,0.1551705151796341
7671,RU-Poisson,ru_poisson,DIA-like,1,0.19225892424583435
7671,RU-Poisson,ru_poisson,DeepRed-like,2,0.16113562881946564
7676,RU-Poisson,ru_poisson,SYTO16-like,0,0.13645046949386597
7676,RU-Poisson,ru_poisson,DIA-like,1,0.17632724344730377
7676,RU-Poisson,ru_poisson,DeepRed-like,2,0.1962873637676239
7688,RU-Poisson,ru_poisson,SYTO16-like,0,0.16786086559295654
7688,RU-Poisson,ru_poisson,DIA-like,1,0.18816015124320984
7688,RU-Poisson,ru_poisson,DeepRed-like,2,0.20594105124473572
7691,RU-Poisson,ru_poisson,SYTO16-like,0,0.14931626617908478
7691,RU-Poisson,ru_poisson,DIA-like,1,0.17997631430625916
7691,RU-Poisson,ru_poisson,DeepRed-like,2,0.2129468470811844
7692,RU-Poisson,ru_poisson,SYTO16-like,0,0.15252788364887238
7692,RU-Poisson,ru_poisson,DIA-like,1,0.15760129690170288
7692,RU-Poisson,ru_poisson,DeepRed-like,2,0.12912951409816742
7709,RU-Poisson,ru_poisson,SYTO16-like,0,0.1434919834136963
7709,RU-Poisson,ru_poisson,DIA-like,1,0.19685839116573334
7709,RU-Poisson,ru_poisson,DeepRed-like,2,0.1466522365808487
7710,RU-Poisson,ru_poisson,SYTO16-like,0,0.1634446084499359
7710,RU-Poisson,ru_poisson,DIA-like,1,0.19525983929634094
7710,RU-Poisson,ru_poisson,DeepRed-like,2,0.2412881851196289
7719,RU-Poisson,ru_poisson,SYTO16-like,0,0.15689875185489655
7719,RU-Poisson,ru_poisson,DIA-like,1,0.1780148446559906
7719,RU-Poisson,ru_poisson,DeepRed-like,2,0.18854278326034546
7738,RU-Poisson,ru_poisson,SYTO16-like,0,0.15228305757045746
7738,RU-Poisson,ru_poisson,DIA-like,1,0.1853763908147812
7738,RU-Poisson,ru_poisson,DeepRed-like,2,0.19210106134414673
7740,RU-Poisson,ru_poisson,SYTO16-like,0,0.13609151542186737
7740,RU-Poisson,ru_poisson,DIA-like,1,0.21355551481246948
7740,RU-Poisson,ru_poisson,DeepRed-like,2,0.19490914046764374
7741,RU-Poisson,ru_poisson,SYTO16-like,0,0.185355544090271
7741,RU-Poisson,ru_poisson,DIA-like,1,0.15938501060009003
7741,RU-Poisson,ru_poisson,DeepRed-like,2,0.2260257601737976
7742,RU-Poisson,ru_poisson,SYTO16-like,0,0.14869354665279388
7742,RU-Poisson,ru_poisson,DIA-like,1,0.15247851610183716
7742,RU-Poisson,ru_poisson,DeepRed-like,2,0.15668785572052002
7759,RU-Poisson,ru_poisson,SYTO16-like,0,0.14589489996433258
7759,RU-Poisson,ru_poisson,DIA-like,1,0.12837927043437958
7759,RU-Poisson,ru_poisson,DeepRed-like,2,0.16549178957939148
7764,RU-Poisson,ru_poisson,SYTO16-like,0,0.13869993388652802
7764,RU-Poisson,ru_poisson,DIA-like,1,0.1872699111700058
7764,RU-Poisson,ru_poisson,DeepRed-like,2,0.19410039484500885
7768,RU-Poisson,ru_poisson,SYTO16-like,0,0.12522120773792267
7768,RU-Poisson,ru_poisson,DIA-like,1,0.2194933146238327
7768,RU-Poisson,ru_poisson,DeepRed-like,2,0.17152142524719238
7772,RU-Poisson,ru_poisson,SYTO16-like,0,0.16738587617874146
7772,RU-Poisson,ru_poisson,DIA-like,1,0.13924752175807953
7772,RU-Poisson,ru_poisson,DeepRed-like,2,0.1816372275352478
7774,RU-Poisson,ru_poisson,SYTO16-like,0,0.20442844927310944
7774,RU-Poisson,ru_poisson,DIA-like,1,0.2530476748943329
7774,RU-Poisson,ru_poisson,DeepRed-like,2,0.1806022822856903
7775,RU-Poisson,ru_poisson,SYTO16-like,0,0.13893543183803558
7775,RU-Poisson,ru_poisson,DIA-like,1,0.20872357487678528
7775,RU-Poisson,ru_poisson,DeepRed-like,2,0.24685411155223846
7776,RU-Poisson,ru_poisson,SYTO16-like,0,0.16116248071193695
7776,RU-Poisson,ru_poisson,DIA-like,1,0.17250432074069977
7776,RU-Poisson,ru_poisson,DeepRed-like,2,0.2080753594636917
7779,RU-Poisson,ru_poisson,SYTO16-like,0,0.17148427665233612
7779,RU-Poisson,ru_poisson,DIA-like,1,0.24275588989257812
7779,RU-Poisson,ru_poisson,DeepRed-like,2,0.20383958518505096
7791,RU-Poisson,ru_poisson,SYTO16-like,0,0.17626455426216125
7791,RU-Poisson,ru_poisson,DIA-like,1,0.1461959332227707
7791,RU-Poisson,ru_poisson,DeepRed-like,2,0.13498248159885406
7808,RU-Poisson,ru_poisson,SYTO16-like,0,0.16832706332206726
7808,RU-Poisson,ru_poisson,DIA-like,1,0.16616886854171753
7808,RU-Poisson,ru_poisson,DeepRed-like,2,0.2088398039340973
7813,RU-Poisson,ru_poisson,SYTO16-like,0,0.15716925263404846
7813,RU-Poisson,ru_poisson,DIA-like,1,0.17735853791236877
7813,RU-Poisson,ru_poisson,DeepRed-like,2,0.17222194373607635
7822,RU-Poisson,ru_poisson,SYTO16-like,0,0.1264549195766449
7822,RU-Poisson,ru_poisson,DIA-like,1,0.19877949357032776
7822,RU-Poisson,ru_poisson,DeepRed-like,2,0.16091717779636383
7825,RU-Poisson,ru_poisson,SYTO16-like,0,0.16631905734539032
7825,RU-Poisson,ru_poisson,DIA-like,1,0.19235116243362427
7825,RU-Poisson,ru_poisson,DeepRed-like,2,0.21415309607982635
7829,RU-Poisson,ru_poisson,SYTO16-like,0,0.17384864389896393
7829,RU-Poisson,ru_poisson,DIA-like,1,0.20427893102169037
7829,RU-Poisson,ru_poisson,DeepRed-like,2,0.1697847843170166
7835,RU-Poisson,ru_poisson,SYTO16-like,0,0.1540183275938034
7835,RU-Poisson,ru_poisson,DIA-like,1,0.2939159870147705
7835,RU-Poisson,ru_poisson,DeepRed-like,2,0.15226462483406067
7845,RU-Poisson,ru_poisson,SYTO16-like,0,0.14614543318748474
7845,RU-Poisson,ru_poisson,DIA-like,1,0.1890503317117691
7845,RU-Poisson,ru_poisson,DeepRed-like,2,0.2704264223575592
7861,RU-Poisson,ru_poisson,SYTO16-like,0,0.1828947514295578
7861,RU-Poisson,ru_poisson,DIA-like,1,0.1719788908958435
7861,RU-Poisson,ru_poisson,DeepRed-like,2,0.14495770633220673
7863,RU-Poisson,ru_poisson,SYTO16-like,0,0.15423719584941864
7863,RU-Poisson,ru_poisson,DIA-like,1,0.18893057107925415
7863,RU-Poisson,ru_poisson,DeepRed-like,2,0.17821310460567474
7869,RU-Poisson,ru_poisson,SYTO16-like,0,0.17684775590896606
7869,RU-Poisson,ru_poisson,DIA-like,1,0.23930972814559937
7869,RU-Poisson,ru_poisson,DeepRed-like,2,0.18716838955879211
7874,RU-Poisson,ru_poisson,SYTO16-like,0,0.1342010349035263
7874,RU-Poisson,ru_poisson,DIA-like,1,0.13363902270793915
7874,RU-Poisson,ru_poisson,DeepRed-like,2,0.13704811036586761
7891,RU-Poisson,ru_poisson,SYTO16-like,0,0.18166476488113403
7891,RU-Poisson,ru_poisson,DIA-like,1,0.2237243801355362
7891,RU-Poisson,ru_poisson,DeepRed-like,2,0.2398385852575302
7902,RU-Poisson,ru_poisson,SYTO16-like,0,0.15712368488311768
7902,RU-Poisson,ru_poisson,DIA-like,1,0.19689252972602844
7902,RU-Poisson,ru_poisson,DeepRed-like,2,0.23146764934062958
7916,RU-Poisson,ru_poisson,SYTO16-like,0,0.22050689160823822
7916,RU-Poisson,ru_poisson,DIA-like,1,0.21633607149124146
7916,RU-Poisson,ru_poisson,DeepRed-like,2,0.1830611675977707
7934,RU-Poisson,ru_poisson,SYTO16-like,0,0.13733425736427307
7934,RU-Poisson,ru_poisson,DIA-like,1,0.16331642866134644
7934,RU-Poisson,ru_poisson,DeepRed-like,2,0.14642751216888428
7940,RU-Poisson,ru_poisson,SYTO16-like,0,0.14843787252902985
7940,RU-Poisson,ru_poisson,DIA-like,1,0.16138271987438202
7940,RU-Poisson,ru_poisson,DeepRed-like,2,0.16320036351680756
7944,RU-Poisson,ru_poisson,SYTO16-like,0,0.17071545124053955
7944,RU-Poisson,ru_poisson,DIA-like,1,0.19640719890594482
7944,RU-Poisson,ru_poisson,DeepRed-like,2,0.21150849759578705
7960,RU-Poisson,ru_poisson,SYTO16-like,0,0.14090164005756378
7960,RU-Poisson,ru_poisson,DIA-like,1,0.16597026586532593
7960,RU-Poisson,ru_poisson,DeepRed-like,2,0.20203797519207
7966,RU-Poisson,ru_poisson,SYTO16-like,0,0.23123149573802948
7966,RU-Poisson,ru_poisson,DIA-like,1,0.19636516273021698
7966,RU-Poisson,ru_poisson,DeepRed-like,2,0.21341651678085327
7967,RU-Poisson,ru_poisson,SYTO16-like,0,0.17725135385990143
7967,RU-Poisson,ru_poisson,DIA-like,1,0.20425118505954742
7967,RU-Poisson,ru_poisson,DeepRed-like,2,0.24510246515274048
7970,RU-Poisson,ru_poisson,SYTO16-like,0,0.143431156873703
7970,RU-Poisson,ru_poisson,DIA-like,1,0.17960432171821594
7970,RU-Poisson,ru_poisson,DeepRed-like,2,0.1287364810705185
7971,RU-Poisson,ru_poisson,SYTO16-like,0,0.15543988347053528
7971,RU-Poisson,ru_poisson,DIA-like,1,0.1948879361152649
7971,RU-Poisson,ru_poisson,DeepRed-like,2,0.16372328996658325
7972,RU-Poisson,ru_poisson,SYTO16-like,0,0.13833065330982208
7972,RU-Poisson,ru_poisson,DIA-like,1,0.25445201992988586
7972,RU-Poisson,ru_poisson,DeepRed-like,2,0.23841144144535065
7977,RU-Poisson,ru_poisson,SYTO16-like,0,0.17064324021339417
7977,RU-Poisson,ru_poisson,DIA-like,1,0.1981077343225479
7977,RU-Poisson,ru_poisson,DeepRed-like,2,0.1907389611005783
7992,RU-Poisson,ru_poisson,SYTO16-like,0,0.14329038560390472
7992,RU-Poisson,ru_poisson,DIA-like,1,0.1697375625371933
7992,RU-Poisson,ru_poisson,DeepRed-like,2,0.17038469016551971
8002,RU-Poisson,ru_poisson,SYTO16-like,0,0.1416986733675003
8002,RU-Poisson,ru_poisson,DIA-like,1,0.17106646299362183
8002,RU-Poisson,ru_poisson,DeepRed-like,2,0.13323797285556793
8003,RU-Poisson,ru_poisson,SYTO16-like,0,0.16641086339950562
8003,RU-Poisson,ru_poisson,DIA-like,1,0.1635245382785797
8003,RU-Poisson,ru_poisson,DeepRed-like,2,0.19967180490493774
8004,RU-Poisson,ru_poisson,SYTO16-like,0,0.14491666853427887
8004,RU-Poisson,ru_poisson,DIA-like,1,0.1897871494293213
8004,RU-Poisson,ru_poisson,DeepRed-like,2,0.17778679728507996
8010,RU-Poisson,ru_poisson,SYTO16-like,0,0.1500844955444336
8010,RU-Poisson,ru_poisson,DIA-like,1,0.23665904998779297
8010,RU-Poisson,ru_poisson,DeepRed-like,2,0.28932756185531616
8015,RU-Poisson,ru_poisson,SYTO16-like,0,0.15453121066093445
8015,RU-Poisson,ru_poisson,DIA-like,1,0.219478577375412
8015,RU-Poisson,ru_poisson,DeepRed-like,2,0.14771559834480286
8016,RU-Poisson,ru_poisson,SYTO16-like,0,0.2245090752840042
8016,RU-Poisson,ru_poisson,DIA-like,1,0.2156248539686203
8016,RU-Poisson,ru_poisson,DeepRed-like,2,0.22571693360805511
8024,RU-Poisson,ru_poisson,SYTO16-like,0,0.1801930069923401
8024,RU-Poisson,ru_poisson,DIA-like,1,0.20876042544841766
8024,RU-Poisson,ru_poisson,DeepRed-like,2,0.2554709017276764
8047,RU-Poisson,ru_poisson,SYTO16-like,0,0.16603174805641174
8047,RU-Poisson,ru_poisson,DIA-like,1,0.20248918235301971
8047,RU-Poisson,ru_poisson,DeepRed-like,2,0.18215660750865936
8058,RU-Poisson,ru_poisson,SYTO16-like,0,0.3303302228450775
8058,RU-Poisson,ru_poisson,DIA-like,1,0.23502008616924286
8058,RU-Poisson,ru_poisson,DeepRed-like,2,0.35047969222068787
8067,RU-Poisson,ru_poisson,SYTO16-like,0,0.21005412936210632
8067,RU-Poisson,ru_poisson,DIA-like,1,0.25166356563568115
8067,RU-Poisson,ru_poisson,DeepRed-like,2,0.19777143001556396
8073,RU-Poisson,ru_poisson,SYTO16-like,0,0.1735701709985733
8073,RU-Poisson,ru_poisson,DIA-like,1,0.16360507905483246
8073,RU-Poisson,ru_poisson,DeepRed-like,2,0.22708821296691895
8076,RU-Poisson,ru_poisson,SYTO16-like,0,0.18318739533424377
8076,RU-Poisson,ru_poisson,DIA-like,1,0.21596810221672058
8076,RU-Poisson,ru_poisson,DeepRed-like,2,0.23773838579654694
8081,RU-Poisson,ru_poisson,SYTO16-like,0,0.20313911139965057
8081,RU-Poisson,ru_poisson,DIA-like,1,0.24574176967144012
8081,RU-Poisson,ru_poisson,DeepRed-like,2,0.2914019227027893
8114,RU-Poisson,ru_poisson,SYTO16-like,0,0.1515674889087677
8114,RU-Poisson,ru_poisson,DIA-like,1,0.2215196192264557
8114,RU-Poisson,ru_poisson,DeepRed-like,2,0.16729359328746796
8115,RU-Poisson,ru_poisson,SYTO16-like,0,0.21828901767730713
8115,RU-Poisson,ru_poisson,DIA-like,1,0.18175983428955078
8115,RU-Poisson,ru_poisson,DeepRed-like,2,0.17025691270828247
8120,RU-Poisson,ru_poisson,SYTO16-like,0,0.2086026519536972
8120,RU-Poisson,ru_poisson,DIA-like,1,0.1858963966369629
8120,RU-Poisson,ru_poisson,DeepRed-like,2,0.22855626046657562
8122,RU-Poisson,ru_poisson,SYTO16-like,0,0.1776161938905716
8122,RU-Poisson,ru_poisson,DIA-like,1,0.19209687411785126
8122,RU-Poisson,ru_poisson,DeepRed-like,2,0.19036006927490234
8125,RU-Poisson,ru_poisson,SYTO16-like,0,0.15772277116775513
8125,RU-Poisson,ru_poisson,DIA-like,1,0.18629996478557587
8125,RU-Poisson,ru_poisson,DeepRed-like,2,0.14028410613536835
8136,RU-Poisson,ru_poisson,SYTO16-like,0,0.15993106365203857
8136,RU-Poisson,ru_poisson,DIA-like,1,0.18841935694217682
8136,RU-Poisson,ru_poisson,DeepRed-like,2,0.1825583130121231
8138,RU-Poisson,ru_poisson,SYTO16-like,0,0.1510983109474182
8138,RU-Poisson,ru_poisson,DIA-like,1,0.2587413489818573
8138,RU-Poisson,ru_poisson,DeepRed-like,2,0.20610027015209198
8149,RU-Poisson,ru_poisson,SYTO16-like,0,0.28896793723106384
8149,RU-Poisson,ru_poisson,DIA-like,1,0.25818532705307007
8149,RU-Poisson,ru_poisson,DeepRed-like,2,0.282853901386261
8156,RU-Poisson,ru_poisson,SYTO16-like,0,0.17345678806304932
8156,RU-Poisson,ru_poisson,DIA-like,1,0.19114446640014648
8156,RU-Poisson,ru_poisson,DeepRed-like,2,0.18735764920711517
8157,RU-Poisson,ru_poisson,SYTO16-like,0,0.12245889753103256
8157,RU-Poisson,ru_poisson,DIA-like,1,0.16815096139907837
8157,RU-Poisson,ru_poisson,DeepRed-like,2,0.12000525742769241
8162,RU-Poisson,ru_poisson,SYTO16-like,0,0.17612597346305847
8162,RU-Poisson,ru_poisson,DIA-like,1,0.18739262223243713
8162,RU-Poisson,ru_poisson,DeepRed-like,2,0.21296702325344086
8167,RU-Poisson,ru_poisson,SYTO16-like,0,0.15999194979667664
8167,RU-Poisson,ru_poisson,DIA-like,1,0.19242897629737854
8167,RU-Poisson,ru_poisson,DeepRed-like,2,0.2069811224937439
8169,RU-Poisson,ru_poisson,SYTO16-like,0,0.21360360085964203
8169,RU-Poisson,ru_poisson,DIA-like,1,0.19404929876327515
8169,RU-Poisson,ru_poisson,DeepRed-like,2,0.1983419507741928
8170,RU-Poisson,ru_poisson,SYTO16-like,0,0.1657986342906952
8170,RU-Poisson,ru_poisson,DIA-like,1,0.20047199726104736
8170,RU-Poisson,ru_poisson,DeepRed-like,2,0.18404366075992584
8172,RU-Poisson,ru_poisson,SYTO16-like,0,0.17117007076740265
8172,RU-Poisson,ru_poisson,DIA-like,1,0.22269076108932495
8172,RU-Poisson,ru_poisson,DeepRed-like,2,0.2203747034072876
8202,RU-Poisson,ru_poisson,SYTO16-like,0,0.16048979759216309
8202,RU-Poisson,ru_poisson,DIA-like,1,0.18170171976089478
8202,RU-Poisson,ru_poisson,DeepRed-like,2,0.14114291965961456
8206,RU-Poisson,ru_poisson,SYTO16-like,0,0.168168306350708
8206,RU-Poisson,ru_poisson,DIA-like,1,0.19417883455753326
8206,RU-Poisson,ru_poisson,DeepRed-like,2,0.23166869580745697
8217,RU-Poisson,ru_poisson,SYTO16-like,0,0.1991889923810959
8217,RU-Poisson,ru_poisson,DIA-like,1,0.19328829646110535
8217,RU-Poisson,ru_poisson,DeepRed-like,2,0.20432409644126892
8218,RU-Poisson,ru_poisson,SYTO16-like,0,0.15011245012283325
8218,RU-Poisson,ru_poisson,DIA-like,1,0.1964910924434662
8218,RU-Poisson,ru_poisson,DeepRed-like,2,0.18046145141124725
8222,RU-Poisson,ru_poisson,SYTO16-like,0,0.16832832992076874
8222,RU-Poisson,ru_poisson,DIA-like,1,0.21877247095108032
8222,RU-Poisson,ru_poisson,DeepRed-like,2,0.16595162451267242
8227,RU-Poisson,ru_poisson,SYTO16-like,0,0.16277049481868744
8227,RU-Poisson,ru_poisson,DIA-like,1,0.19377022981643677
8227,RU-Poisson,ru_poisson,DeepRed-like,2,0.2072988897562027
8249,RU-Poisson,ru_poisson,SYTO16-like,0,0.24371522665023804
8249,RU-Poisson,ru_poisson,DIA-like,1,0.24222077429294586
8249,RU-Poisson,ru_poisson,DeepRed-like,2,0.19227483868598938
8251,RU-Poisson,ru_poisson,SYTO16-like,0,0.16030625998973846
8251,RU-Poisson,ru_poisson,DIA-like,1,0.20193476974964142
8251,RU-Poisson,ru_poisson,DeepRed-like,2,0.21819369494915009
8252,RU-Poisson,ru_poisson,SYTO16-like,0,0.22586525976657867
8252,RU-Poisson,ru_poisson,DIA-like,1,0.23763985931873322
8252,RU-Poisson,ru_poisson,DeepRed-like,2,0.2205093652009964
8256,RU-Poisson,ru_poisson,SYTO16-like,0,0.1591423898935318
8256,RU-Poisson,ru_poisson,DIA-like,1,0.22615665197372437
8256,RU-Poisson,ru_poisson,DeepRed-like,2,0.2835598886013031
8263,RU-Poisson,ru_poisson,SYTO16-like,0,0.18061478435993195
8263,RU-Poisson,ru_poisson,DIA-like,1,0.23089806735515594
8263,RU-Poisson,ru_poisson,DeepRed-like,2,0.2814156711101532
5,Joint,joint,SYTO16-like,0,0.1496431529521942
5,Joint,joint,DIA-like,1,0.1679503172636032
5,Joint,joint,DeepRed-like,2,0.16283360123634338
12,Joint,joint,SYTO16-like,0,0.11131928116083145
12,Joint,joint,DIA-like,1,0.14482355117797852
12,Joint,joint,DeepRed-like,2,0.13921506702899933
24,Joint,joint,SYTO16-like,0,0.13059072196483612
24,Joint,joint,DIA-like,1,0.12102437019348145
24,Joint,joint,DeepRed-like,2,0.140776589512825
26,Joint,joint,SYTO16-like,0,0.14112018048763275
26,Joint,joint,DIA-like,1,0.12858125567436218
26,Joint,joint,DeepRed-like,2,0.13987299799919128
30,Joint,joint,SYTO16-like,0,0.10913539677858353
30,Joint,joint,DIA-like,1,0.13969668745994568
30,Joint,joint,DeepRed-like,2,0.17342901229858398
35,Joint,joint,SYTO16-like,0,0.10571278631687164
35,Joint,joint,DIA-like,1,0.23243634402751923
35,Joint,joint,DeepRed-like,2,0.2393229454755783
39,Joint,joint,SYTO16-like,0,0.1173749566078186
39,Joint,joint,DIA-like,1,0.12862224876880646
39,Joint,joint,DeepRed-like,2,0.14347177743911743
41,Joint,joint,SYTO16-like,0,0.22541303932666779
41,Joint,joint,DIA-like,1,0.25409722328186035
41,Joint,joint,DeepRed-like,2,0.26078084111213684
42,Joint,joint,SYTO16-like,0,0.07233070582151413
42,Joint,joint,DIA-like,1,0.09739673882722855
42,Joint,joint,DeepRed-like,2,0.07305224239826202
44,Joint,joint,SYTO16-like,0,0.11346542835235596
44,Joint,joint,DIA-like,1,0.1586332768201828
44,Joint,joint,DeepRed-like,2,0.14595621824264526
48,Joint,joint,SYTO16-like,0,0.1276826709508896
48,Joint,joint,DIA-like,1,0.1804492473602295
48,Joint,joint,DeepRed-like,2,0.17169202864170074
65,Joint,joint,SYTO16-like,0,0.10362347960472107
65,Joint,joint,DIA-like,1,0.23095764219760895
65,Joint,joint,DeepRed-like,2,0.2167397141456604
69,Joint,joint,SYTO16-like,0,0.14209312200546265
69,Joint,joint,DIA-like,1,0.13468246161937714
69,Joint,joint,DeepRed-like,2,0.18111804127693176
71,Joint,joint,SYTO16-like,0,0.09078145027160645
71,Joint,joint,DIA-like,1,0.1378784328699112
71,Joint,joint,DeepRed-like,2,0.12370628863573074
73,Joint,joint,SYTO16-like,0,0.13929952681064606
73,Joint,joint,DIA-like,1,0.16906869411468506
73,Joint,joint,DeepRed-like,2,0.2047380954027176
80,Joint,joint,SYTO16-like,0,0.17524637281894684
80,Joint,joint,DIA-like,1,0.1238628476858139
80,Joint,joint,DeepRed-like,2,0.1520073115825653
83,Joint,joint,SYTO16-like,0,0.11295278370380402
83,Joint,joint,DIA-like,1,0.17110268771648407
83,Joint,joint,DeepRed-like,2,0.191890150308609
99,Joint,joint,SYTO16-like,0,0.15384989976882935
99,Joint,joint,DIA-like,1,0.14198164641857147
99,Joint,joint,DeepRed-like,2,0.1614616960287094
100,Joint,joint,SYTO16-like,0,0.14832599461078644
100,Joint,joint,DIA-like,1,0.14044153690338135
100,Joint,joint,DeepRed-like,2,0.17662373185157776
110,Joint,joint,SYTO16-like,0,0.15564267337322235
110,Joint,joint,DIA-like,1,0.13962210714817047
110,Joint,joint,DeepRed-like,2,0.11877776682376862
116,Joint,joint,SYTO16-like,0,0.1077524945139885
116,Joint,joint,DIA-like,1,0.1407777965068817
116,Joint,joint,DeepRed-like,2,0.17943856120109558
122,Joint,joint,SYTO16-like,0,0.13062211871147156
122,Joint,joint,DIA-like,1,0.13860462605953217
122,Joint,joint,DeepRed-like,2,0.13315196335315704
132,Joint,joint,SYTO16-like,0,0.15021297335624695
132,Joint,joint,DIA-like,1,0.1370944380760193
132,Joint,joint,DeepRed-like,2,0.11540981382131577
141,Joint,joint,SYTO16-like,0,0.12085454910993576
141,Joint,joint,DIA-like,1,0.1191759929060936
141,Joint,joint,DeepRed-like,2,0.1452654004096985
151,Joint,joint,SYTO16-like,0,0.12002769112586975
151,Joint,joint,DIA-like,1,0.13767050206661224
151,Joint,joint,DeepRed-like,2,0.1808866411447525
154,Joint,joint,SYTO16-like,0,0.10632172971963882
154,Joint,joint,DIA-like,1,0.1506330966949463
154,Joint,joint,DeepRed-like,2,0.150835320353508
156,Joint,joint,SYTO16-like,0,0.1970638781785965
156,Joint,joint,DIA-like,1,0.1656840294599533
156,Joint,joint,DeepRed-like,2,0.14854241907596588
157,Joint,joint,SYTO16-like,0,0.1554761379957199
157,Joint,joint,DIA-like,1,0.1972160041332245
157,Joint,joint,DeepRed-like,2,0.19466787576675415
159,Joint,joint,SYTO16-like,0,0.1648419350385666
159,Joint,joint,DIA-like,1,0.1763586550951004
159,Joint,joint,DeepRed-like,2,0.20727014541625977
178,Joint,joint,SYTO16-like,0,0.14933618903160095
178,Joint,joint,DIA-like,1,0.17318540811538696
178,Joint,joint,DeepRed-like,2,0.18709370493888855
197,Joint,joint,SYTO16-like,0,0.07668226212263107
197,Joint,joint,DIA-like,1,0.08626830577850342
197,Joint,joint,DeepRed-like,2,0.10664815455675125
199,Joint,joint,SYTO16-like,0,0.12824028730392456
199,Joint,joint,DIA-like,1,0.13590499758720398
199,Joint,joint,DeepRed-like,2,0.09575867652893066
211,Joint,joint,SYTO16-like,0,0.1000591367483139
211,Joint,joint,DIA-like,1,0.10735777020454407
211,Joint,joint,DeepRed-like,2,0.11623118072748184
212,Joint,joint,SYTO16-like,0,0.12272913008928299
212,Joint,joint,DIA-like,1,0.11661285161972046
212,Joint,joint,DeepRed-like,2,0.18295620381832123
214,Joint,joint,SYTO16-like,0,0.15349924564361572
214,Joint,joint,DIA-like,1,0.17193004488945007
214,Joint,joint,DeepRed-like,2,0.15743421018123627
221,Joint,joint,SYTO16-like,0,0.18507851660251617
221,Joint,joint,DIA-like,1,0.14075279235839844
221,Joint,joint,DeepRed-like,2,0.14009618759155273
232,Joint,joint,SYTO16-like,0,0.11553458869457245
232,Joint,joint,DIA-like,1,0.16416971385478973
232,Joint,joint,DeepRed-like,2,0.1400766521692276
233,Joint,joint,SYTO16-like,0,0.09900439530611038
233,Joint,joint,DIA-like,1,0.14184696972370148
233,Joint,joint,DeepRed-like,2,0.13845469057559967
240,Joint,joint,SYTO16-like,0,0.1264408379793167
240,Joint,joint,DIA-like,1,0.12390788644552231
240,Joint,joint,DeepRed-like,2,0.14169971644878387
242,Joint,joint,SYTO16-like,0,0.12464521080255508
242,Joint,joint,DIA-like,1,0.12516291439533234
242,Joint,joint,DeepRed-like,2,0.15586276352405548
243,Joint,joint,SYTO16-like,0,0.1015024483203888
243,Joint,joint,DIA-like,1,0.12098854780197144
243,Joint,joint,DeepRed-like,2,0.08947385102510452
244,Joint,joint,SYTO16-like,0,0.09855213016271591
244,Joint,joint,DIA-like,1,0.1391909271478653
244,Joint,joint,DeepRed-like,2,0.15010182559490204
260,Joint,joint,SYTO16-like,0,0.10646098852157593
260,Joint,joint,DIA-like,1,0.18589448928833008
260,Joint,joint,DeepRed-like,2,0.2665347754955292
273,Joint,joint,SYTO16-like,0,0.10044815391302109
273,Joint,joint,DIA-like,1,0.13315176963806152
273,Joint,joint,DeepRed-like,2,0.1299838274717331
275,Joint,joint,SYTO16-like,0,0.1839486062526703
275,Joint,joint,DIA-like,1,0.16147510707378387
275,Joint,joint,DeepRed-like,2,0.2106187343597412
276,Joint,joint,SYTO16-like,0,0.11144809424877167
276,Joint,joint,DIA-like,1,0.13678619265556335
276,Joint,joint,DeepRed-like,2,0.14744895696640015
283,Joint,joint,SYTO16-like,0,0.10449538379907608
283,Joint,joint,DIA-like,1,0.13026264309883118
283,Joint,joint,DeepRed-like,2,0.17032350599765778
297,Joint,joint,SYTO16-like,0,0.21015726029872894
297,Joint,joint,DIA-like,1,0.18703214824199677
297,Joint,joint,DeepRed-like,2,0.15563659369945526
303,Joint,joint,SYTO16-like,0,0.09627304971218109
303,Joint,joint,DIA-like,1,0.11533314734697342
303,Joint,joint,DeepRed-like,2,0.09820166975259781
310,Joint,joint,SYTO16-like,0,0.11795075237751007
310,Joint,joint,DIA-like,1,0.13740983605384827
310,Joint,joint,DeepRed-like,2,0.17012953758239746
318,Joint,joint,SYTO16-like,0,0.1354224979877472
318,Joint,joint,DIA-like,1,0.15133146941661835
318,Joint,joint,DeepRed-like,2,0.18129685521125793
319,Joint,joint,SYTO16-like,0,0.07913745939731598
319,Joint,joint,DIA-like,1,0.10645439475774765
319,Joint,joint,DeepRed-like,2,0.08901749551296234
324,Joint,joint,SYTO16-like,0,0.11824487149715424
324,Joint,joint,DIA-like,1,0.12563470005989075
324,Joint,joint,DeepRed-like,2,0.1498536467552185
326,Joint,joint,SYTO16-like,0,0.0829811692237854
326,Joint,joint,DIA-like,1,0.07497157156467438
326,Joint,joint,DeepRed-like,2,0.08545928448438644
328,Joint,joint,SYTO16-like,0,0.12146057188510895
328,Joint,joint,DIA-like,1,0.11452657729387283
328,Joint,joint,DeepRed-like,2,0.14090566337108612
330,Joint,joint,SYTO16-like,0,0.12159816920757294
330,Joint,joint,DIA-like,1,0.12350466102361679
330,Joint,joint,DeepRed-like,2,0.1241772398352623
333,Joint,joint,SYTO16-like,0,0.1218925267457962
333,Joint,joint,DIA-like,1,0.1301112323999405
333,Joint,joint,DeepRed-like,2,0.11445104330778122
340,Joint,joint,SYTO16-like,0,0.12330171465873718
340,Joint,joint,DIA-like,1,0.14572836458683014
340,Joint,joint,DeepRed-like,2,0.18748706579208374
347,Joint,joint,SYTO16-like,0,0.09854153543710709
347,Joint,joint,DIA-like,1,0.1469607651233673
347,Joint,joint,DeepRed-like,2,0.09714726358652115
348,Joint,joint,SYTO16-like,0,0.09857460111379623
348,Joint,joint,DIA-like,1,0.1321602314710617
348,Joint,joint,DeepRed-like,2,0.14095976948738098
360,Joint,joint,SYTO16-like,0,0.1233382597565651
360,Joint,joint,DIA-like,1,0.14096739888191223
360,Joint,joint,DeepRed-like,2,0.12356327474117279
361,Joint,joint,SYTO16-like,0,0.11538364738225937
361,Joint,joint,DIA-like,1,0.12753398716449738
361,Joint,joint,DeepRed-like,2,0.1649329960346222
364,Joint,joint,SYTO16-like,0,0.1251981258392334
364,Joint,joint,DIA-like,1,0.1521495133638382
364,Joint,joint,DeepRed-like,2,0.1742275357246399
366,Joint,joint,SYTO16-like,0,0.11509118974208832
366,Joint,joint,DIA-like,1,0.27033886313438416
366,Joint,joint,DeepRed-like,2,0.1352282464504242
378,Joint,joint,SYTO16-like,0,0.13421741127967834
378,Joint,joint,DIA-like,1,0.15307821333408356
378,Joint,joint,DeepRed-like,2,0.16307204961776733
391,Joint,joint,SYTO16-like,0,0.09825319796800613
391,Joint,joint,DIA-like,1,0.11230430752038956
391,Joint,joint,DeepRed-like,2,0.11938809603452682
394,Joint,joint,SYTO16-like,0,0.12326621264219284
394,Joint,joint,DIA-like,1,0.15423691272735596
394,Joint,joint,DeepRed-like,2,0.17137490212917328
398,Joint,joint,SYTO16-like,0,0.10373014211654663
398,Joint,joint,DIA-like,1,0.14822392165660858
398,Joint,joint,DeepRed-like,2,0.16625656187534332
408,Joint,joint,SYTO16-like,0,0.12427587807178497
408,Joint,joint,DIA-like,1,0.1424909234046936
408,Joint,joint,DeepRed-like,2,0.13409681618213654
409,Joint,joint,SYTO16-like,0,0.12213484197854996
409,Joint,joint,DIA-like,1,0.11933473497629166
409,Joint,joint,DeepRed-like,2,0.16151541471481323
410,Joint,joint,SYTO16-like,0,0.12632709741592407
410,Joint,joint,DIA-like,1,0.15585637092590332
410,Joint,joint,DeepRed-like,2,0.14726194739341736
412,Joint,joint,SYTO16-like,0,0.13449963927268982
412,Joint,joint,DIA-like,1,0.18518145382404327
412,Joint,joint,DeepRed-like,2,0.20904909074306488
425,Joint,joint,SYTO16-like,0,0.12064578384160995
425,Joint,joint,DIA-like,1,0.1607789844274521
425,Joint,joint,DeepRed-like,2,0.16961851716041565
429,Joint,joint,SYTO16-like,0,0.09672383219003677
429,Joint,joint,DIA-like,1,0.1341148316860199
429,Joint,joint,DeepRed-like,2,0.12290913611650467
438,Joint,joint,SYTO16-like,0,0.1262052208185196
438,Joint,joint,DIA-like,1,0.15407082438468933
438,Joint,joint,DeepRed-like,2,0.17031331360340118
461,Joint,joint,SYTO16-like,0,0.12907835841178894
461,Joint,joint,DIA-like,1,0.12447207421064377
461,Joint,joint,DeepRed-like,2,0.15856847167015076
463,Joint,joint,SYTO16-like,0,0.12175333499908447
463,Joint,joint,DIA-like,1,0.147943377494812
463,Joint,joint,DeepRed-like,2,0.2038886845111847
464,Joint,joint,SYTO16-like,0,0.11800574511289597
464,Joint,joint,DIA-like,1,0.15761399269104004
464,Joint,joint,DeepRed-like,2,0.18678361177444458
477,Joint,joint,SYTO16-like,0,0.18886353075504303
477,Joint,joint,DIA-like,1,0.14023606479167938
477,Joint,joint,DeepRed-like,2,0.13145120441913605
486,Joint,joint,SYTO16-like,0,0.1324233114719391
486,Joint,joint,DIA-like,1,0.13595502078533173
486,Joint,joint,DeepRed-like,2,0.11251949518918991
491,Joint,joint,SYTO16-like,0,0.13041657209396362
491,Joint,joint,DIA-like,1,0.2653549909591675
491,Joint,joint,DeepRed-like,2,0.19070059061050415
495,Joint,joint,SYTO16-like,0,0.1374790221452713
495,Joint,joint,DIA-like,1,0.1646256297826767
495,Joint,joint,DeepRed-like,2,0.2112446129322052
516,Joint,joint,SYTO16-like,0,0.10399328917264938
516,Joint,joint,DIA-like,1,0.1427716761827469
516,Joint,joint,DeepRed-like,2,0.15759173035621643
521,Joint,joint,SYTO16-like,0,0.1513010710477829
521,Joint,joint,DIA-like,1,0.1528867483139038
521,Joint,joint,DeepRed-like,2,0.18380963802337646
531,Joint,joint,SYTO16-like,0,0.11078085005283356
531,Joint,joint,DIA-like,1,0.14907518029212952
531,Joint,joint,DeepRed-like,2,0.1346215456724167
533,Joint,joint,SYTO16-like,0,0.12452279776334763
533,Joint,joint,DIA-like,1,0.10661937296390533
533,Joint,joint,DeepRed-like,2,0.12099455296993256
537,Joint,joint,SYTO16-like,0,0.10622497648000717
537,Joint,joint,DIA-like,1,0.14023154973983765
537,Joint,joint,DeepRed-like,2,0.16122616827487946
542,Joint,joint,SYTO16-like,0,0.16623267531394958
542,Joint,joint,DIA-like,1,0.1619628518819809
542,Joint,joint,DeepRed-like,2,0.1999906450510025
543,Joint,joint,SYTO16-like,0,0.12784001231193542
543,Joint,joint,DIA-like,1,0.14040561020374298
543,Joint,joint,DeepRed-like,2,0.1711660921573639
548,Joint,joint,SYTO16-like,0,0.09077520668506622
548,Joint,joint,DIA-like,1,0.09954824298620224
548,Joint,joint,DeepRed-like,2,0.09837918728590012
554,Joint,joint,SYTO16-like,0,0.20627479255199432
554,Joint,joint,DIA-like,1,0.15817822515964508
554,Joint,joint,DeepRed-like,2,0.1740761697292328
565,Joint,joint,SYTO16-like,0,0.15651920437812805
565,Joint,joint,DIA-like,1,0.1249619647860527
565,Joint,joint,DeepRed-like,2,0.18445006012916565
570,Joint,joint,SYTO16-like,0,0.11132269352674484
570,Joint,joint,DIA-like,1,0.14016035199165344
570,Joint,joint,DeepRed-like,2,0.1503458470106125
574,Joint,joint,SYTO16-like,0,0.15898048877716064
574,Joint,joint,DIA-like,1,0.14785541594028473
574,Joint,joint,DeepRed-like,2,0.19225479662418365
590,Joint,joint,SYTO16-like,0,0.10959987342357635
590,Joint,joint,DIA-like,1,0.12292709946632385
590,Joint,joint,DeepRed-like,2,0.13894647359848022
610,Joint,joint,SYTO16-like,0,0.12620986998081207
610,Joint,joint,DIA-like,1,0.13053776323795319
610,Joint,joint,DeepRed-like,2,0.14962293207645416
613,Joint,joint,SYTO16-like,0,0.11309339106082916
613,Joint,joint,DIA-like,1,0.13611850142478943
613,Joint,joint,DeepRed-like,2,0.12400322407484055
634,Joint,joint,SYTO16-like,0,0.0926458016037941
634,Joint,joint,DIA-like,1,0.11484670639038086
634,Joint,joint,DeepRed-like,2,0.11187991499900818
637,Joint,joint,SYTO16-like,0,0.14653059840202332
637,Joint,joint,DIA-like,1,0.1304882913827896
637,Joint,joint,DeepRed-like,2,0.18563590943813324
642,Joint,joint,SYTO16-like,0,0.14654424786567688
642,Joint,joint,DIA-like,1,0.14137206971645355
642,Joint,joint,DeepRed-like,2,0.14775283634662628
644,Joint,joint,SYTO16-like,0,0.15928028523921967
644,Joint,joint,DIA-like,1,0.14622342586517334
644,Joint,joint,DeepRed-like,2,0.2142985314130783
663,Joint,joint,SYTO16-like,0,0.10573692619800568
663,Joint,joint,DIA-like,1,0.14943894743919373
663,Joint,joint,DeepRed-like,2,0.19978034496307373
670,Joint,joint,SYTO16-like,0,0.10655748099088669
670,Joint,joint,DIA-like,1,0.14822247624397278
670,Joint,joint,DeepRed-like,2,0.15199100971221924
676,Joint,joint,SYTO16-like,0,0.14314661920070648
676,Joint,joint,DIA-like,1,0.1369287222623825
676,Joint,joint,DeepRed-like,2,0.13201288878917694
680,Joint,joint,SYTO16-like,0,0.1410619020462036
680,Joint,joint,DIA-like,1,0.15665899217128754
680,Joint,joint,DeepRed-like,2,0.16433797776699066
686,Joint,joint,SYTO16-like,0,0.13793368637561798
686,Joint,joint,DIA-like,1,0.1578947752714157
686,Joint,joint,DeepRed-like,2,0.16429713368415833
695,Joint,joint,SYTO16-like,0,0.11269339919090271
695,Joint,joint,DIA-like,1,0.11871503293514252
695,Joint,joint,DeepRed-like,2,0.1520627737045288
707,Joint,joint,SYTO16-like,0,0.11910388618707657
707,Joint,joint,DIA-like,1,0.1397847980260849
707,Joint,joint,DeepRed-like,2,0.11218739300966263
711,Joint,joint,SYTO16-like,0,0.11215952783823013
711,Joint,joint,DIA-like,1,0.11665098369121552
711,Joint,joint,DeepRed-like,2,0.11885717511177063
712,Joint,joint,SYTO16-like,0,0.1930043250322342
712,Joint,joint,DIA-like,1,0.17658154666423798
712,Joint,joint,DeepRed-like,2,0.12874896824359894
713,Joint,joint,SYTO16-like,0,0.10107477754354477
713,Joint,joint,DIA-like,1,0.1450909525156021
713,Joint,joint,DeepRed-like,2,0.1600356251001358
717,Joint,joint,SYTO16-like,0,0.19940893352031708
717,Joint,joint,DIA-like,1,0.18502633273601532
717,Joint,joint,DeepRed-like,2,0.22223103046417236
721,Joint,joint,SYTO16-like,0,0.11858983337879181
721,Joint,joint,DIA-like,1,0.25609511137008667
721,Joint,joint,DeepRed-like,2,0.18997366726398468
738,Joint,joint,SYTO16-like,0,0.12714457511901855
738,Joint,joint,DIA-like,1,0.1287815272808075
738,Joint,joint,DeepRed-like,2,0.17105768620967865
748,Joint,joint,SYTO16-like,0,0.10067378729581833
748,Joint,joint,DIA-like,1,0.1124490424990654
748,Joint,joint,DeepRed-like,2,0.08392038941383362
752,Joint,joint,SYTO16-like,0,0.12746769189834595
752,Joint,joint,DIA-like,1,0.13544104993343353
752,Joint,joint,DeepRed-like,2,0.16161294281482697
760,Joint,joint,SYTO16-like,0,0.19349750876426697
760,Joint,joint,DIA-like,1,0.1856808066368103
760,Joint,joint,DeepRed-like,2,0.1968946009874344
763,Joint,joint,SYTO16-like,0,0.11996274441480637
763,Joint,joint,DIA-like,1,0.15506549179553986
763,Joint,joint,DeepRed-like,2,0.18296946585178375
770,Joint,joint,SYTO16-like,0,0.12821830809116364
770,Joint,joint,DIA-like,1,0.15489129722118378
770,Joint,joint,DeepRed-like,2,0.16841121017932892
776,Joint,joint,SYTO16-like,0,0.11797598004341125
776,Joint,joint,DIA-like,1,0.16430753469467163
776,Joint,joint,DeepRed-like,2,0.17526987195014954
778,Joint,joint,SYTO16-like,0,0.1209888905286789
778,Joint,joint,DIA-like,1,0.14211300015449524
778,Joint,joint,DeepRed-like,2,0.1534278690814972
782,Joint,joint,SYTO16-like,0,0.13232484459877014
782,Joint,joint,DIA-like,1,0.14791551232337952
782,Joint,joint,DeepRed-like,2,0.17279572784900665
787,Joint,joint,SYTO16-like,0,0.10627005994319916
787,Joint,joint,DIA-like,1,0.13294464349746704
787,Joint,joint,DeepRed-like,2,0.14548365771770477
793,Joint,joint,SYTO16-like,0,0.14012327790260315
793,Joint,joint,DIA-like,1,0.16687233746051788
793,Joint,joint,DeepRed-like,2,0.17361320555210114
799,Joint,joint,SYTO16-like,0,0.1386045664548874
799,Joint,joint,DIA-like,1,0.16782246530056
799,Joint,joint,DeepRed-like,2,0.19231168925762177
800,Joint,joint,SYTO16-like,0,0.11573133617639542
800,Joint,joint,DIA-like,1,0.15154753625392914
800,Joint,joint,DeepRed-like,2,0.15728169679641724
804,Joint,joint,SYTO16-like,0,0.14499549567699432
804,Joint,joint,DIA-like,1,0.16644638776779175
804,Joint,joint,DeepRed-like,2,0.17286495864391327
810,Joint,joint,SYTO16-like,0,0.1612633764743805
810,Joint,joint,DIA-like,1,0.14814221858978271
810,Joint,joint,DeepRed-like,2,0.20757271349430084
812,Joint,joint,SYTO16-like,0,0.09957931935787201
812,Joint,joint,DIA-like,1,0.15121640264987946
812,Joint,joint,DeepRed-like,2,0.14650732278823853
819,Joint,joint,SYTO16-like,0,0.08380496501922607
819,Joint,joint,DIA-like,1,0.10346074402332306
819,Joint,joint,DeepRed-like,2,0.11947207152843475
823,Joint,joint,SYTO16-like,0,0.14492608606815338
823,Joint,joint,DIA-like,1,0.1377473771572113
823,Joint,joint,DeepRed-like,2,0.14625775814056396
827,Joint,joint,SYTO16-like,0,0.10954318940639496
827,Joint,joint,DIA-like,1,0.14809609949588776
827,Joint,joint,DeepRed-like,2,0.12776345014572144
831,Joint,joint,SYTO16-like,0,0.10978024452924728
831,Joint,joint,DIA-like,1,0.14688895642757416
831,Joint,joint,DeepRed-like,2,0.1444971114397049
847,Joint,joint,SYTO16-like,0,0.11248629540205002
847,Joint,joint,DIA-like,1,0.1289239376783371
847,Joint,joint,DeepRed-like,2,0.1367524117231369
849,Joint,joint,SYTO16-like,0,0.15615399181842804
849,Joint,joint,DIA-like,1,0.17916101217269897
849,Joint,joint,DeepRed-like,2,0.2350156158208847
856,Joint,joint,SYTO16-like,0,0.1524578183889389
856,Joint,joint,DIA-like,1,0.14778360724449158
856,Joint,joint,DeepRed-like,2,0.1872018277645111
865,Joint,joint,SYTO16-like,0,0.17214848101139069
865,Joint,joint,DIA-like,1,0.15322013199329376
865,Joint,joint,DeepRed-like,2,0.18999865651130676
871,Joint,joint,SYTO16-like,0,0.13626092672348022
871,Joint,joint,DIA-like,1,0.15552863478660583
871,Joint,joint,DeepRed-like,2,0.1463041454553604
873,Joint,joint,SYTO16-like,0,0.12722182273864746
873,Joint,joint,DIA-like,1,0.15681543946266174
873,Joint,joint,DeepRed-like,2,0.20432907342910767
880,Joint,joint,SYTO16-like,0,0.1647552102804184
880,Joint,joint,DIA-like,1,0.15313564240932465
880,Joint,joint,DeepRed-like,2,0.14992421865463257
884,Joint,joint,SYTO16-like,0,0.13821780681610107
884,Joint,joint,DIA-like,1,0.13012480735778809
884,Joint,joint,DeepRed-like,2,0.1532210111618042
887,Joint,joint,SYTO16-like,0,0.11113385111093521
887,Joint,joint,DIA-like,1,0.13477416336536407
887,Joint,joint,DeepRed-like,2,0.1627427190542221
893,Joint,joint,SYTO16-like,0,0.1390719711780548
893,Joint,joint,DIA-like,1,0.13385829329490662
893,Joint,joint,DeepRed-like,2,0.18207947909832
906,Joint,joint,SYTO16-like,0,0.13217543065547943
906,Joint,joint,DIA-like,1,0.15292301774024963
906,Joint,joint,DeepRed-like,2,0.20007601380348206
909,Joint,joint,SYTO16-like,0,0.09293194860219955
909,Joint,joint,DIA-like,1,0.1374906301498413
909,Joint,joint,DeepRed-like,2,0.10493581742048264
910,Joint,joint,SYTO16-like,0,0.10270792990922928
910,Joint,joint,DIA-like,1,0.14445798099040985
910,Joint,joint,DeepRed-like,2,0.15202969312667847
913,Joint,joint,SYTO16-like,0,0.09991968423128128
913,Joint,joint,DIA-like,1,0.13100957870483398
913,Joint,joint,DeepRed-like,2,0.16130463778972626
916,Joint,joint,SYTO16-like,0,0.15722697973251343
916,Joint,joint,DIA-like,1,0.15237562358379364
916,Joint,joint,DeepRed-like,2,0.18713462352752686
927,Joint,joint,SYTO16-like,0,0.0911182314157486
927,Joint,joint,DIA-like,1,0.11585744470357895
927,Joint,joint,DeepRed-like,2,0.13494352996349335
930,Joint,joint,SYTO16-like,0,0.0977911725640297
930,Joint,joint,DIA-like,1,0.14837691187858582
930,Joint,joint,DeepRed-like,2,0.1697874218225479
939,Joint,joint,SYTO16-like,0,0.08495327085256577
939,Joint,joint,DIA-like,1,0.10742288827896118
939,Joint,joint,DeepRed-like,2,0.106946662068367
956,Joint,joint,SYTO16-like,0,0.11264562606811523
956,Joint,joint,DIA-like,1,0.13249389827251434
956,Joint,joint,DeepRed-like,2,0.14780697226524353
963,Joint,joint,SYTO16-like,0,0.1289616972208023
963,Joint,joint,DIA-like,1,0.1464756280183792
963,Joint,joint,DeepRed-like,2,0.15635466575622559
966,Joint,joint,SYTO16-like,0,0.08797305077314377
966,Joint,joint,DIA-like,1,0.10303530842065811
966,Joint,joint,DeepRed-like,2,0.10333367437124252
969,Joint,joint,SYTO16-like,0,0.11504746228456497
969,Joint,joint,DIA-like,1,0.11366382986307144
969,Joint,joint,DeepRed-like,2,0.1673101931810379
970,Joint,joint,SYTO16-like,0,0.20412172377109528
970,Joint,joint,DIA-like,1,0.18849574029445648
970,Joint,joint,DeepRed-like,2,0.20460909605026245
978,Joint,joint,SYTO16-like,0,0.17296552658081055
978,Joint,joint,DIA-like,1,0.1780262291431427
978,Joint,joint,DeepRed-like,2,0.18629838526248932
988,Joint,joint,SYTO16-like,0,0.17307613790035248
988,Joint,joint,DIA-like,1,0.13744112849235535
988,Joint,joint,DeepRed-like,2,0.16526298224925995
989,Joint,joint,SYTO16-like,0,0.10124222934246063
989,Joint,joint,DIA-like,1,0.13838829100131989
989,Joint,joint,DeepRed-like,2,0.15826758742332458
992,Joint,joint,SYTO16-like,0,0.15107209980487823
992,Joint,joint,DIA-like,1,0.19723331928253174
992,Joint,joint,DeepRed-like,2,0.20959962904453278
995,Joint,joint,SYTO16-like,0,0.11085265874862671
995,Joint,joint,DIA-like,1,0.14687494933605194
995,Joint,joint,DeepRed-like,2,0.1520398110151291
1004,Joint,joint,SYTO16-like,0,0.20090706646442413
1004,Joint,joint,DIA-like,1,0.1696365624666214
1004,Joint,joint,DeepRed-like,2,0.20975106954574585
1008,Joint,joint,SYTO16-like,0,0.13364024460315704
1008,Joint,joint,DIA-like,1,0.12447776645421982
1008,Joint,joint,DeepRed-like,2,0.16491469740867615
1011,Joint,joint,SYTO16-like,0,0.1244235411286354
1011,Joint,joint,DIA-like,1,0.13215680420398712
1011,Joint,joint,DeepRed-like,2,0.15806949138641357
1013,Joint,joint,SYTO16-like,0,0.10662608593702316
1013,Joint,joint,DIA-like,1,0.13375508785247803
1013,Joint,joint,DeepRed-like,2,0.12761563062667847
1018,Joint,joint,SYTO16-like,0,0.11828481405973434
1018,Joint,joint,DIA-like,1,0.1343717873096466
1018,Joint,joint,DeepRed-like,2,0.19174443185329437
1022,Joint,joint,SYTO16-like,0,0.12685196101665497
1022,Joint,joint,DIA-like,1,0.16194184124469757
1022,Joint,joint,DeepRed-like,2,0.18364682793617249
1045,Joint,joint,SYTO16-like,0,0.11612199246883392
1045,Joint,joint,DIA-like,1,0.17521554231643677
1045,Joint,joint,DeepRed-like,2,0.1850861757993698
1049,Joint,joint,SYTO16-like,0,0.11474353820085526
1049,Joint,joint,DIA-like,1,0.16012650728225708
1049,Joint,joint,DeepRed-like,2,0.17907574772834778
1051,Joint,joint,SYTO16-like,0,0.14116965234279633
1051,Joint,joint,DIA-like,1,0.15001517534255981
1051,Joint,joint,DeepRed-like,2,0.17498070001602173
1061,Joint,joint,SYTO16-like,0,0.18353331089019775
1061,Joint,joint,DIA-like,1,0.13057023286819458
1061,Joint,joint,DeepRed-like,2,0.16212134063243866
1063,Joint,joint,SYTO16-like,0,0.09230361878871918
1063,Joint,joint,DIA-like,1,0.19081096351146698
1063,Joint,joint,DeepRed-like,2,0.1883801519870758
1068,Joint,joint,SYTO16-like,0,0.2569698691368103
1068,Joint,joint,DIA-like,1,0.1836206614971161
1068,Joint,joint,DeepRed-like,2,0.22376184165477753
1076,Joint,joint,SYTO16-like,0,0.10975617915391922
1076,Joint,joint,DIA-like,1,0.30122798681259155
1076,Joint,joint,DeepRed-like,2,0.14194731414318085
1079,Joint,joint,SYTO16-like,0,0.12449672073125839
1079,Joint,joint,DIA-like,1,0.1846792846918106
1079,Joint,joint,DeepRed-like,2,0.19915157556533813
1084,Joint,joint,SYTO16-like,0,0.13203054666519165
1084,Joint,joint,DIA-like,1,0.22015872597694397
1084,Joint,joint,DeepRed-like,2,0.18339015543460846
1089,Joint,joint,SYTO16-like,0,0.10983720421791077
1089,Joint,joint,DIA-like,1,0.16479884088039398
1089,Joint,joint,DeepRed-like,2,0.17813974618911743
1090,Joint,joint,SYTO16-like,0,0.15812836587429047
1090,Joint,joint,DIA-like,1,0.17654092609882355
1090,Joint,joint,DeepRed-like,2,0.21181055903434753
1099,Joint,joint,SYTO16-like,0,0.12562592327594757
1099,Joint,joint,DIA-like,1,0.14591887593269348
1099,Joint,joint,DeepRed-like,2,0.14901210367679596
1114,Joint,joint,SYTO16-like,0,0.1076524406671524
1114,Joint,joint,DIA-like,1,0.13785278797149658
1114,Joint,joint,DeepRed-like,2,0.1737491637468338
1120,Joint,joint,SYTO16-like,0,0.16119129955768585
1120,Joint,joint,DIA-like,1,0.15862898528575897
1120,Joint,joint,DeepRed-like,2,0.17417366802692413
1121,Joint,joint,SYTO16-like,0,0.20866411924362183
1121,Joint,joint,DIA-like,1,0.1252794712781906
1121,Joint,joint,DeepRed-like,2,0.148416668176651
1134,Joint,joint,SYTO16-like,0,0.13788488507270813
1134,Joint,joint,DIA-like,1,0.16126851737499237
1134,Joint,joint,DeepRed-like,2,0.20219320058822632
1177,Joint,joint,SYTO16-like,0,0.15617571771144867
1177,Joint,joint,DIA-like,1,0.12949317693710327
1177,Joint,joint,DeepRed-like,2,0.16306574642658234
1178,Joint,joint,SYTO16-like,0,0.12569957971572876
1178,Joint,joint,DIA-like,1,0.11898565292358398
1178,Joint,joint,DeepRed-like,2,0.15498599410057068
1183,Joint,joint,SYTO16-like,0,0.1086142286658287
1183,Joint,joint,DIA-like,1,0.10989519953727722
1183,Joint,joint,DeepRed-like,2,0.13230830430984497
1193,Joint,joint,SYTO16-like,0,0.10686592012643814
1193,Joint,joint,DIA-like,1,0.1383248120546341
1193,Joint,joint,DeepRed-like,2,0.16762353479862213
1204,Joint,joint,SYTO16-like,0,0.16759222745895386
1204,Joint,joint,DIA-like,1,0.18133385479450226
1204,Joint,joint,DeepRed-like,2,0.17962868511676788
1208,Joint,joint,SYTO16-like,0,0.15002769231796265
1208,Joint,joint,DIA-like,1,0.16588133573532104
1208,Joint,joint,DeepRed-like,2,0.14460352063179016
1213,Joint,joint,SYTO16-like,0,0.16761688888072968
1213,Joint,joint,DIA-like,1,0.227131649851799
1213,Joint,joint,DeepRed-like,2,0.1747497022151947
1231,Joint,joint,SYTO16-like,0,0.1320905089378357
1231,Joint,joint,DIA-like,1,0.14570483565330505
1231,Joint,joint,DeepRed-like,2,0.1777484267950058
1232,Joint,joint,SYTO16-like,0,0.1312473565340042
1232,Joint,joint,DIA-like,1,0.14339496195316315
1232,Joint,joint,DeepRed-like,2,0.15354953706264496
1233,Joint,joint,SYTO16-like,0,0.14155535399913788
1233,Joint,joint,DIA-like,1,0.15893930196762085
1233,Joint,joint,DeepRed-like,2,0.1532469540834427
1238,Joint,joint,SYTO16-like,0,0.09650111198425293
1238,Joint,joint,DIA-like,1,0.13283155858516693
1238,Joint,joint,DeepRed-like,2,0.15403762459754944
1240,Joint,joint,SYTO16-like,0,0.12360057979822159
1240,Joint,joint,DIA-like,1,0.1864670366048813
1240,Joint,joint,DeepRed-like,2,0.1751386970281601
1243,Joint,joint,SYTO16-like,0,0.1342281848192215
1243,Joint,joint,DIA-like,1,0.14499393105506897
1243,Joint,joint,DeepRed-like,2,0.13913825154304504
1260,Joint,joint,SYTO16-like,0,0.11546972393989563
1260,Joint,joint,DIA-like,1,0.15849339962005615
1260,Joint,joint,DeepRed-like,2,0.16790367662906647
1267,Joint,joint,SYTO16-like,0,0.1422674059867859
1267,Joint,joint,DIA-like,1,0.15257449448108673
1267,Joint,joint,DeepRed-like,2,0.1871356964111328
1268,Joint,joint,SYTO16-like,0,0.1340366005897522
1268,Joint,joint,DIA-like,1,0.12999770045280457
1268,Joint,joint,DeepRed-like,2,0.14759688079357147
1274,Joint,joint,SYTO16-like,0,0.15362341701984406
1274,Joint,joint,DIA-like,1,0.17429101467132568
1274,Joint,joint,DeepRed-like,2,0.197098508477211
1281,Joint,joint,SYTO16-like,0,0.09825793653726578
1281,Joint,joint,DIA-like,1,0.09418610483407974
1281,Joint,joint,DeepRed-like,2,0.09035516530275345
1297,Joint,joint,SYTO16-like,0,0.09506219625473022
1297,Joint,joint,DIA-like,1,0.10447249561548233
1297,Joint,joint,DeepRed-like,2,0.11273686587810516
1307,Joint,joint,SYTO16-like,0,0.11756578832864761
1307,Joint,joint,DIA-like,1,0.1516166478395462
1307,Joint,joint,DeepRed-like,2,0.14926722645759583
1313,Joint,joint,SYTO16-like,0,0.09902273118495941
1313,Joint,joint,DIA-like,1,0.12241838872432709
1313,Joint,joint,DeepRed-like,2,0.11792197078466415
1330,Joint,joint,SYTO16-like,0,0.13741986453533173
1330,Joint,joint,DIA-like,1,0.11258846521377563
1330,Joint,joint,DeepRed-like,2,0.10730203241109848
1334,Joint,joint,SYTO16-like,0,0.1411522775888443
1334,Joint,joint,DIA-like,1,0.1582808494567871
1334,Joint,joint,DeepRed-like,2,0.221103698015213
1346,Joint,joint,SYTO16-like,0,0.11124724894762039
1346,Joint,joint,DIA-like,1,0.13881272077560425
1346,Joint,joint,DeepRed-like,2,0.13397759199142456
1348,Joint,joint,SYTO16-like,0,0.13125605881214142
1348,Joint,joint,DIA-like,1,0.23015844821929932
1348,Joint,joint,DeepRed-like,2,0.21181394159793854
1355,Joint,joint,SYTO16-like,0,0.13410481810569763
1355,Joint,joint,DIA-like,1,0.12168162316083908
1355,Joint,joint,DeepRed-like,2,0.1100480929017067
1363,Joint,joint,SYTO16-like,0,0.11609630286693573
1363,Joint,joint,DIA-like,1,0.13907235860824585
1363,Joint,joint,DeepRed-like,2,0.1462901532649994
1366,Joint,joint,SYTO16-like,0,0.10779481381177902
1366,Joint,joint,DIA-like,1,0.11634861677885056
1366,Joint,joint,DeepRed-like,2,0.16930823028087616
1391,Joint,joint,SYTO16-like,0,0.12589018046855927
1391,Joint,joint,DIA-like,1,0.16792608797550201
1391,Joint,joint,DeepRed-like,2,0.18750455975532532
1400,Joint,joint,SYTO16-like,0,0.11503671854734421
1400,Joint,joint,DIA-like,1,0.10240345448255539
1400,Joint,joint,DeepRed-like,2,0.11579616367816925
1411,Joint,joint,SYTO16-like,0,0.12955255806446075
1411,Joint,joint,DIA-like,1,0.1424478143453598
1411,Joint,joint,DeepRed-like,2,0.20055286586284637
1413,Joint,joint,SYTO16-like,0,0.14544466137886047
1413,Joint,joint,DIA-like,1,0.1518055945634842
1413,Joint,joint,DeepRed-like,2,0.14193187654018402
1422,Joint,joint,SYTO16-like,0,0.09220001101493835
1422,Joint,joint,DIA-like,1,0.1347951740026474
1422,Joint,joint,DeepRed-like,2,0.12344047427177429
1425,Joint,joint,SYTO16-like,0,0.13348691165447235
1425,Joint,joint,DIA-like,1,0.12372010946273804
1425,Joint,joint,DeepRed-like,2,0.13710637390613556
1434,Joint,joint,SYTO16-like,0,0.16082291305065155
1434,Joint,joint,DIA-like,1,0.12051195651292801
1434,Joint,joint,DeepRed-like,2,0.14260134100914001
1441,Joint,joint,SYTO16-like,0,0.14439648389816284
1441,Joint,joint,DIA-like,1,0.2935088574886322
1441,Joint,joint,DeepRed-like,2,0.2009515017271042
1447,Joint,joint,SYTO16-like,0,0.08292320370674133
1447,Joint,joint,DIA-like,1,0.11369484663009644
1447,Joint,joint,DeepRed-like,2,0.09371434152126312
1458,Joint,joint,SYTO16-like,0,0.1273280531167984
1458,Joint,joint,DIA-like,1,0.14945203065872192
1458,Joint,joint,DeepRed-like,2,0.17174798250198364
1471,Joint,joint,SYTO16-like,0,0.13044394552707672
1471,Joint,joint,DIA-like,1,0.1267540156841278
1471,Joint,joint,DeepRed-like,2,0.13499023020267487
1481,Joint,joint,SYTO16-like,0,0.11603297293186188
1481,Joint,joint,DIA-like,1,0.14189454913139343
1481,Joint,joint,DeepRed-like,2,0.15655362606048584
1499,Joint,joint,SYTO16-like,0,0.10318940877914429
1499,Joint,joint,DIA-like,1,0.14932309091091156
1499,Joint,joint,DeepRed-like,2,0.1415855884552002
1506,Joint,joint,SYTO16-like,0,0.18072158098220825
1506,Joint,joint,DIA-like,1,0.17931987345218658
1506,Joint,joint,DeepRed-like,2,0.20145398378372192
1511,Joint,joint,SYTO16-like,0,0.1393372267484665
1511,Joint,joint,DIA-like,1,0.17048856616020203
1511,Joint,joint,DeepRed-like,2,0.19714249670505524
1512,Joint,joint,SYTO16-like,0,0.14377142488956451
1512,Joint,joint,DIA-like,1,0.178927943110466
1512,Joint,joint,DeepRed-like,2,0.13093534111976624
1515,Joint,joint,SYTO16-like,0,0.11312150955200195
1515,Joint,joint,DIA-like,1,0.11341200768947601
1515,Joint,joint,DeepRed-like,2,0.11330121010541916
1522,Joint,joint,SYTO16-like,0,0.15509586036205292
1522,Joint,joint,DIA-like,1,0.13497218489646912
1522,Joint,joint,DeepRed-like,2,0.13810759782791138
1525,Joint,joint,SYTO16-like,0,0.11956439912319183
1525,Joint,joint,DIA-like,1,0.15196160972118378
1525,Joint,joint,DeepRed-like,2,0.15832586586475372
1536,Joint,joint,SYTO16-like,0,0.1071261465549469
1536,Joint,joint,DIA-like,1,0.1167570948600769
1536,Joint,joint,DeepRed-like,2,0.18580755591392517
1541,Joint,joint,SYTO16-like,0,0.18016351759433746
1541,Joint,joint,DIA-like,1,0.1713254451751709
1541,Joint,joint,DeepRed-like,2,0.20555740594863892
1543,Joint,joint,SYTO16-like,0,0.1640280932188034
1543,Joint,joint,DIA-like,1,0.15630199015140533
1543,Joint,joint,DeepRed-like,2,0.13409288227558136
1546,Joint,joint,SYTO16-like,0,0.1573643833398819
1546,Joint,joint,DIA-like,1,0.16085146367549896
1546,Joint,joint,DeepRed-like,2,0.12355544418096542
1551,Joint,joint,SYTO16-like,0,0.12370464950799942
1551,Joint,joint,DIA-like,1,0.13424429297447205
1551,Joint,joint,DeepRed-like,2,0.15778423845767975
1553,Joint,joint,SYTO16-like,0,0.1310662180185318
1553,Joint,joint,DIA-like,1,0.1558142751455307
1553,Joint,joint,DeepRed-like,2,0.15809647738933563
1559,Joint,joint,SYTO16-like,0,0.16477744281291962
1559,Joint,joint,DIA-like,1,0.15258122980594635
1559,Joint,joint,DeepRed-like,2,0.1754642128944397
1562,Joint,joint,SYTO16-like,0,0.10047267377376556
1562,Joint,joint,DIA-like,1,0.11360286176204681
1562,Joint,joint,DeepRed-like,2,0.11379576474428177
1563,Joint,joint,SYTO16-like,0,0.17609484493732452
1563,Joint,joint,DIA-like,1,0.1691942811012268
1563,Joint,joint,DeepRed-like,2,0.16035479307174683
1581,Joint,joint,SYTO16-like,0,0.13645072281360626
1581,Joint,joint,DIA-like,1,0.15385760366916656
1581,Joint,joint,DeepRed-like,2,0.1768418848514557
1613,Joint,joint,SYTO16-like,0,0.08734496682882309
1613,Joint,joint,DIA-like,1,0.16294406354427338
1613,Joint,joint,DeepRed-like,2,0.14895623922348022
1619,Joint,joint,SYTO16-like,0,0.08769135177135468
1619,Joint,joint,DIA-like,1,0.13856451213359833
1619,Joint,joint,DeepRed-like,2,0.12879431247711182
1622,Joint,joint,SYTO16-like,0,0.15361666679382324
1622,Joint,joint,DIA-like,1,0.16929969191551208
1622,Joint,joint,DeepRed-like,2,0.1622534543275833
1624,Joint,joint,SYTO16-like,0,0.10466627776622772
1624,Joint,joint,DIA-like,1,0.13365332782268524
1624,Joint,joint,DeepRed-like,2,0.12751507759094238
1634,Joint,joint,SYTO16-like,0,0.10735973715782166
1634,Joint,joint,DIA-like,1,0.13779322803020477
1634,Joint,joint,DeepRed-like,2,0.11452097445726395
1644,Joint,joint,SYTO16-like,0,0.10367930680513382
1644,Joint,joint,DIA-like,1,0.17347487807273865
1644,Joint,joint,DeepRed-like,2,0.15716299414634705
1645,Joint,joint,SYTO16-like,0,0.1421862244606018
1645,Joint,joint,DIA-like,1,0.1523427665233612
1645,Joint,joint,DeepRed-like,2,0.1335211545228958
1663,Joint,joint,SYTO16-like,0,0.09904927015304565
1663,Joint,joint,DIA-like,1,0.12967894971370697
1663,Joint,joint,DeepRed-like,2,0.16278965771198273
1673,Joint,joint,SYTO16-like,0,0.0910186842083931
1673,Joint,joint,DIA-like,1,0.10690345615148544
1673,Joint,joint,DeepRed-like,2,0.11380036175251007
1684,Joint,joint,SYTO16-like,0,0.11273714900016785
1684,Joint,joint,DIA-like,1,0.1500953882932663
1684,Joint,joint,DeepRed-like,2,0.18894152343273163
1685,Joint,joint,SYTO16-like,0,0.10038699954748154
1685,Joint,joint,DIA-like,1,0.1164693608880043
1685,Joint,joint,DeepRed-like,2,0.11393734812736511
1694,Joint,joint,SYTO16-like,0,0.15777195990085602
1694,Joint,joint,DIA-like,1,0.1559014916419983
1694,Joint,joint,DeepRed-like,2,0.16717934608459473
1697,Joint,joint,SYTO16-like,0,0.08381590992212296
1697,Joint,joint,DIA-like,1,0.11304061114788055
1697,Joint,joint,DeepRed-like,2,0.1403326839208603
1698,Joint,joint,SYTO16-like,0,0.11600656062364578
1698,Joint,joint,DIA-like,1,0.12920941412448883
1698,Joint,joint,DeepRed-like,2,0.10151327401399612
1700,Joint,joint,SYTO16-like,0,0.16281592845916748
1700,Joint,joint,DIA-like,1,0.1296239048242569
1700,Joint,joint,DeepRed-like,2,0.13125909864902496
1715,Joint,joint,SYTO16-like,0,0.11503918468952179
1715,Joint,joint,DIA-like,1,0.140197291970253
1715,Joint,joint,DeepRed-like,2,0.17930951714515686
1721,Joint,joint,SYTO16-like,0,0.09107184410095215
1721,Joint,joint,DIA-like,1,0.10170185565948486
1721,Joint,joint,DeepRed-like,2,0.08413268625736237
1724,Joint,joint,SYTO16-like,0,0.13352546095848083
1724,Joint,joint,DIA-like,1,0.11751464009284973
1724,Joint,joint,DeepRed-like,2,0.11883850395679474
1727,Joint,joint,SYTO16-like,0,0.10789543390274048
1727,Joint,joint,DIA-like,1,0.12782597541809082
1727,Joint,joint,DeepRed-like,2,0.13222679495811462
1729,Joint,joint,SYTO16-like,0,0.11408326029777527
1729,Joint,joint,DIA-like,1,0.1875094771385193
1729,Joint,joint,DeepRed-like,2,0.1881539672613144
1741,Joint,joint,SYTO16-like,0,0.14981728792190552
1741,Joint,joint,DIA-like,1,0.14818309247493744
1741,Joint,joint,DeepRed-like,2,0.19314904510974884
1760,Joint,joint,SYTO16-like,0,0.13229204714298248
1760,Joint,joint,DIA-like,1,0.13926957547664642
1760,Joint,joint,DeepRed-like,2,0.11409559100866318
1761,Joint,joint,SYTO16-like,0,0.12252911180257797
1761,Joint,joint,DIA-like,1,0.14823943376541138
1761,Joint,joint,DeepRed-like,2,0.17889754474163055
1763,Joint,joint,SYTO16-like,0,0.15978239476680756
1763,Joint,joint,DIA-like,1,0.19976338744163513
1763,Joint,joint,DeepRed-like,2,0.18011799454689026
1765,Joint,joint,SYTO16-like,0,0.16078609228134155
1765,Joint,joint,DIA-like,1,0.21475675702095032
1765,Joint,joint,DeepRed-like,2,0.12995797395706177
1773,Joint,joint,SYTO16-like,0,0.08859635144472122
1773,Joint,joint,DIA-like,1,0.13738980889320374
1773,Joint,joint,DeepRed-like,2,0.14998486638069153
1782,Joint,joint,SYTO16-like,0,0.09302565455436707
1782,Joint,joint,DIA-like,1,0.08524671196937561
1782,Joint,joint,DeepRed-like,2,0.06820687651634216
1784,Joint,joint,SYTO16-like,0,0.12330933660268784
1784,Joint,joint,DIA-like,1,0.16909849643707275
1784,Joint,joint,DeepRed-like,2,0.19324463605880737
1791,Joint,joint,SYTO16-like,0,0.09515614807605743
1791,Joint,joint,DIA-like,1,0.11814537644386292
1791,Joint,joint,DeepRed-like,2,0.14342275261878967
1798,Joint,joint,SYTO16-like,0,0.11719320714473724
1798,Joint,joint,DIA-like,1,0.1595252901315689
1798,Joint,joint,DeepRed-like,2,0.17712658643722534
1804,Joint,joint,SYTO16-like,0,0.13778099417686462
1804,Joint,joint,DIA-like,1,0.13830934464931488
1804,Joint,joint,DeepRed-like,2,0.19380216300487518
1812,Joint,joint,SYTO16-like,0,0.14245057106018066
1812,Joint,joint,DIA-like,1,0.136422798037529
1812,Joint,joint,DeepRed-like,2,0.13965733349323273
1814,Joint,joint,SYTO16-like,0,0.14258885383605957
1814,Joint,joint,DIA-like,1,0.15810242295265198
1814,Joint,joint,DeepRed-like,2,0.18521977961063385
1819,Joint,joint,SYTO16-like,0,0.1106981486082077
1819,Joint,joint,DIA-like,1,0.151051864027977
1819,Joint,joint,DeepRed-like,2,0.1763346791267395
1824,Joint,joint,SYTO16-like,0,0.12553881108760834
1824,Joint,joint,DIA-like,1,0.14260587096214294
1824,Joint,joint,DeepRed-like,2,0.16761720180511475
1831,Joint,joint,SYTO16-like,0,0.11718504130840302
1831,Joint,joint,DIA-like,1,0.17782945930957794
1831,Joint,joint,DeepRed-like,2,0.17116697132587433
1833,Joint,joint,SYTO16-like,0,0.13442954421043396
1833,Joint,joint,DIA-like,1,0.14486584067344666
1833,Joint,joint,DeepRed-like,2,0.17289119958877563
1841,Joint,joint,SYTO16-like,0,0.12032358348369598
1841,Joint,joint,DIA-like,1,0.17859862744808197
1841,Joint,joint,DeepRed-like,2,0.19640640914440155
1843,Joint,joint,SYTO16-like,0,0.20834538340568542
1843,Joint,joint,DIA-like,1,0.1851603090763092
1843,Joint,joint,DeepRed-like,2,0.17113664746284485
1868,Joint,joint,SYTO16-like,0,0.14778919517993927
1868,Joint,joint,DIA-like,1,0.17802459001541138
1868,Joint,joint,DeepRed-like,2,0.20811039209365845
1871,Joint,joint,SYTO16-like,0,0.1287710815668106
1871,Joint,joint,DIA-like,1,0.14403022825717926
1871,Joint,joint,DeepRed-like,2,0.19391556084156036
1881,Joint,joint,SYTO16-like,0,0.1819363683462143
1881,Joint,joint,DIA-like,1,0.21187521517276764
1881,Joint,joint,DeepRed-like,2,0.1976909637451172
1882,Joint,joint,SYTO16-like,0,0.09366285800933838
1882,Joint,joint,DIA-like,1,0.10349392145872116
1882,Joint,joint,DeepRed-like,2,0.11366205662488937
1888,Joint,joint,SYTO16-like,0,0.10183405131101608
1888,Joint,joint,DIA-like,1,0.22191062569618225
1888,Joint,joint,DeepRed-like,2,0.15305569767951965
1911,Joint,joint,SYTO16-like,0,0.14184938371181488
1911,Joint,joint,DIA-like,1,0.20770762860774994
1911,Joint,joint,DeepRed-like,2,0.2259717732667923
1919,Joint,joint,SYTO16-like,0,0.10883492231369019
1919,Joint,joint,DIA-like,1,0.1222681924700737
1919,Joint,joint,DeepRed-like,2,0.12342151999473572
1935,Joint,joint,SYTO16-like,0,0.19170618057250977
1935,Joint,joint,DIA-like,1,0.16940981149673462
1935,Joint,joint,DeepRed-like,2,0.13979776203632355
1942,Joint,joint,SYTO16-like,0,0.1197691485285759
1942,Joint,joint,DIA-like,1,0.1308947503566742
1942,Joint,joint,DeepRed-like,2,0.16470520198345184
1943,Joint,joint,SYTO16-like,0,0.1182190477848053
1943,Joint,joint,DIA-like,1,0.14149382710456848
1943,Joint,joint,DeepRed-like,2,0.18050731718540192
1963,Joint,joint,SYTO16-like,0,0.10628761351108551
1963,Joint,joint,DIA-like,1,0.16125790774822235
1963,Joint,joint,DeepRed-like,2,0.18059995770454407
1968,Joint,joint,SYTO16-like,0,0.11503633111715317
1968,Joint,joint,DIA-like,1,0.13942959904670715
1968,Joint,joint,DeepRed-like,2,0.16252827644348145
1985,Joint,joint,SYTO16-like,0,0.10743317008018494
1985,Joint,joint,DIA-like,1,0.133898064494133
1985,Joint,joint,DeepRed-like,2,0.21799978613853455
1999,Joint,joint,SYTO16-like,0,0.1226409450173378
1999,Joint,joint,DIA-like,1,0.17258408665657043
1999,Joint,joint,DeepRed-like,2,0.21240074932575226
2000,Joint,joint,SYTO16-like,0,0.1418503373861313
2000,Joint,joint,DIA-like,1,0.17291665077209473
2000,Joint,joint,DeepRed-like,2,0.239586740732193
2002,Joint,joint,SYTO16-like,0,0.12094046920537949
2002,Joint,joint,DIA-like,1,0.15814301371574402
2002,Joint,joint,DeepRed-like,2,0.18473605811595917
2003,Joint,joint,SYTO16-like,0,0.11472620069980621
2003,Joint,joint,DIA-like,1,0.12221413105726242
2003,Joint,joint,DeepRed-like,2,0.17064504325389862
2015,Joint,joint,SYTO16-like,0,0.1078973039984703
2015,Joint,joint,DIA-like,1,0.13998530805110931
2015,Joint,joint,DeepRed-like,2,0.12886258959770203
2020,Joint,joint,SYTO16-like,0,0.11305613815784454
2020,Joint,joint,DIA-like,1,0.14688386023044586
2020,Joint,joint,DeepRed-like,2,0.171217143535614
2021,Joint,joint,SYTO16-like,0,0.10246474295854568
2021,Joint,joint,DIA-like,1,0.18290987610816956
2021,Joint,joint,DeepRed-like,2,0.16587738692760468
2026,Joint,joint,SYTO16-like,0,0.15382862091064453
2026,Joint,joint,DIA-like,1,0.15844321250915527
2026,Joint,joint,DeepRed-like,2,0.2137575000524521
2028,Joint,joint,SYTO16-like,0,0.12025685608386993
2028,Joint,joint,DIA-like,1,0.13855649530887604
2028,Joint,joint,DeepRed-like,2,0.14839543402194977
2034,Joint,joint,SYTO16-like,0,0.13758239150047302
2034,Joint,joint,DIA-like,1,0.1662057638168335
2034,Joint,joint,DeepRed-like,2,0.15754754841327667
2038,Joint,joint,SYTO16-like,0,0.10779707878828049
2038,Joint,joint,DIA-like,1,0.12321170419454575
2038,Joint,joint,DeepRed-like,2,0.1400873064994812
2060,Joint,joint,SYTO16-like,0,0.14366137981414795
2060,Joint,joint,DIA-like,1,0.15862023830413818
2060,Joint,joint,DeepRed-like,2,0.20555372536182404
2075,Joint,joint,SYTO16-like,0,0.156874418258667
2075,Joint,joint,DIA-like,1,0.13770197331905365
2075,Joint,joint,DeepRed-like,2,0.18995189666748047
2078,Joint,joint,SYTO16-like,0,0.13798345625400543
2078,Joint,joint,DIA-like,1,0.1797822117805481
2078,Joint,joint,DeepRed-like,2,0.1638149619102478
2081,Joint,joint,SYTO16-like,0,0.08879643678665161
2081,Joint,joint,DIA-like,1,0.09417736530303955
2081,Joint,joint,DeepRed-like,2,0.10194119065999985
2095,Joint,joint,SYTO16-like,0,0.11835338920354843
2095,Joint,joint,DIA-like,1,0.14271517097949982
2095,Joint,joint,DeepRed-like,2,0.1675686091184616
2096,Joint,joint,SYTO16-like,0,0.09488629549741745
2096,Joint,joint,DIA-like,1,0.13225485384464264
2096,Joint,joint,DeepRed-like,2,0.16980497539043427
2102,Joint,joint,SYTO16-like,0,0.11854927986860275
2102,Joint,joint,DIA-like,1,0.1275990903377533
2102,Joint,joint,DeepRed-like,2,0.1822100728750229
2107,Joint,joint,SYTO16-like,0,0.10599380731582642
2107,Joint,joint,DIA-like,1,0.15746620297431946
2107,Joint,joint,DeepRed-like,2,0.17068372666835785
2109,Joint,joint,SYTO16-like,0,0.10230736434459686
2109,Joint,joint,DIA-like,1,0.1429997831583023
2109,Joint,joint,DeepRed-like,2,0.1866171956062317
2111,Joint,joint,SYTO16-like,0,0.15988197922706604
2111,Joint,joint,DIA-like,1,0.14357231557369232
2111,Joint,joint,DeepRed-like,2,0.20893284678459167
2112,Joint,joint,SYTO16-like,0,0.10305806249380112
2112,Joint,joint,DIA-like,1,0.160345658659935
2112,Joint,joint,DeepRed-like,2,0.19530197978019714
2118,Joint,joint,SYTO16-like,0,0.16293756663799286
2118,Joint,joint,DIA-like,1,0.14194561541080475
2118,Joint,joint,DeepRed-like,2,0.15492181479930878
2122,Joint,joint,SYTO16-like,0,0.11397459357976913
2122,Joint,joint,DIA-like,1,0.14079652726650238
2122,Joint,joint,DeepRed-like,2,0.15795642137527466
2123,Joint,joint,SYTO16-like,0,0.09729202091693878
2123,Joint,joint,DIA-like,1,0.12984903156757355
2123,Joint,joint,DeepRed-like,2,0.14183762669563293
2128,Joint,joint,SYTO16-like,0,0.10900411009788513
2128,Joint,joint,DIA-like,1,0.14334185421466827
2128,Joint,joint,DeepRed-like,2,0.17589890956878662
2140,Joint,joint,SYTO16-like,0,0.10753850638866425
2140,Joint,joint,DIA-like,1,0.12134648114442825
2140,Joint,joint,DeepRed-like,2,0.12408067286014557
2148,Joint,joint,SYTO16-like,0,0.09690435230731964
2148,Joint,joint,DIA-like,1,0.13084200024604797
2148,Joint,joint,DeepRed-like,2,0.12532059848308563
2149,Joint,joint,SYTO16-like,0,0.11584731191396713
2149,Joint,joint,DIA-like,1,0.14045535027980804
2149,Joint,joint,DeepRed-like,2,0.1799507439136505
2151,Joint,joint,SYTO16-like,0,0.15039871633052826
2151,Joint,joint,DIA-like,1,0.17172209918498993
2151,Joint,joint,DeepRed-like,2,0.1999698281288147
2152,Joint,joint,SYTO16-like,0,0.10431618243455887
2152,Joint,joint,DIA-like,1,0.1260063201189041
2152,Joint,joint,DeepRed-like,2,0.11810517311096191
2166,Joint,joint,SYTO16-like,0,0.16122618317604065
2166,Joint,joint,DIA-like,1,0.13053582608699799
2166,Joint,joint,DeepRed-like,2,0.1834857314825058
2168,Joint,joint,SYTO16-like,0,0.13520219922065735
2168,Joint,joint,DIA-like,1,0.13970689475536346
2168,Joint,joint,DeepRed-like,2,0.14979098737239838
2176,Joint,joint,SYTO16-like,0,0.17797569930553436
2176,Joint,joint,DIA-like,1,0.11720085144042969
2176,Joint,joint,DeepRed-like,2,0.15497037768363953
2178,Joint,joint,SYTO16-like,0,0.15324248373508453
2178,Joint,joint,DIA-like,1,0.1609731763601303
2178,Joint,joint,DeepRed-like,2,0.192685067653656
2183,Joint,joint,SYTO16-like,0,0.11053267866373062
2183,Joint,joint,DIA-like,1,0.12593284249305725
2183,Joint,joint,DeepRed-like,2,0.1651839166879654
2195,Joint,joint,SYTO16-like,0,0.14381352066993713
2195,Joint,joint,DIA-like,1,0.1551823765039444
2195,Joint,joint,DeepRed-like,2,0.17636063694953918
2200,Joint,joint,SYTO16-like,0,0.16785605251789093
2200,Joint,joint,DIA-like,1,0.19168195128440857
2200,Joint,joint,DeepRed-like,2,0.22516334056854248
2204,Joint,joint,SYTO16-like,0,0.11255758255720139
2204,Joint,joint,DIA-like,1,0.1476619690656662
2204,Joint,joint,DeepRed-like,2,0.16119040548801422
2205,Joint,joint,SYTO16-like,0,0.1172264888882637
2205,Joint,joint,DIA-like,1,0.17566952109336853
2205,Joint,joint,DeepRed-like,2,0.17485669255256653
2206,Joint,joint,SYTO16-like,0,0.11988425254821777
2206,Joint,joint,DIA-like,1,0.1692100316286087
2206,Joint,joint,DeepRed-like,2,0.1721682846546173
2211,Joint,joint,SYTO16-like,0,0.12074489146471024
2211,Joint,joint,DIA-like,1,0.12416388094425201
2211,Joint,joint,DeepRed-like,2,0.18239696323871613
2218,Joint,joint,SYTO16-like,0,0.17376892268657684
2218,Joint,joint,DIA-like,1,0.13282273709774017
2218,Joint,joint,DeepRed-like,2,0.14122866094112396
2221,Joint,joint,SYTO16-like,0,0.12020266801118851
2221,Joint,joint,DIA-like,1,0.16027656197547913
2221,Joint,joint,DeepRed-like,2,0.19436760246753693
2224,Joint,joint,SYTO16-like,0,0.21503229439258575
2224,Joint,joint,DIA-like,1,0.17983566224575043
2224,Joint,joint,DeepRed-like,2,0.20567086338996887
2227,Joint,joint,SYTO16-like,0,0.1371036022901535
2227,Joint,joint,DIA-like,1,0.15540994703769684
2227,Joint,joint,DeepRed-like,2,0.1289391964673996
2231,Joint,joint,SYTO16-like,0,0.1850285679101944
2231,Joint,joint,DIA-like,1,0.19229699671268463
2231,Joint,joint,DeepRed-like,2,0.1506686806678772
2236,Joint,joint,SYTO16-like,0,0.1307574361562729
2236,Joint,joint,DIA-like,1,0.1311904489994049
2236,Joint,joint,DeepRed-like,2,0.1427678018808365
2238,Joint,joint,SYTO16-like,0,0.12060797959566116
2238,Joint,joint,DIA-like,1,0.15962707996368408
2238,Joint,joint,DeepRed-like,2,0.16696545481681824
2242,Joint,joint,SYTO16-like,0,0.16851374506950378
2242,Joint,joint,DIA-like,1,0.17719335854053497
2242,Joint,joint,DeepRed-like,2,0.19840870797634125
2246,Joint,joint,SYTO16-like,0,0.16098171472549438
2246,Joint,joint,DIA-like,1,0.14635944366455078
2246,Joint,joint,DeepRed-like,2,0.15354250371456146
2269,Joint,joint,SYTO16-like,0,0.1337478756904602
2269,Joint,joint,DIA-like,1,0.1619257926940918
2269,Joint,joint,DeepRed-like,2,0.1874329000711441
2278,Joint,joint,SYTO16-like,0,0.10876671224832535
2278,Joint,joint,DIA-like,1,0.13467417657375336
2278,Joint,joint,DeepRed-like,2,0.13816866278648376
2279,Joint,joint,SYTO16-like,0,0.12639695405960083
2279,Joint,joint,DIA-like,1,0.1430794596672058
2279,Joint,joint,DeepRed-like,2,0.137085422873497
2305,Joint,joint,SYTO16-like,0,0.11416321992874146
2305,Joint,joint,DIA-like,1,0.15164214372634888
2305,Joint,joint,DeepRed-like,2,0.16004224121570587
2315,Joint,joint,SYTO16-like,0,0.11359589546918869
2315,Joint,joint,DIA-like,1,0.12000811100006104
2315,Joint,joint,DeepRed-like,2,0.13692443072795868
2316,Joint,joint,SYTO16-like,0,0.20482301712036133
2316,Joint,joint,DIA-like,1,0.1632181853055954
2316,Joint,joint,DeepRed-like,2,0.20285584032535553
2331,Joint,joint,SYTO16-like,0,0.1493903249502182
2331,Joint,joint,DIA-like,1,0.16121719777584076
2331,Joint,joint,DeepRed-like,2,0.1614740937948227
2332,Joint,joint,SYTO16-like,0,0.14722833037376404
2332,Joint,joint,DIA-like,1,0.1963571310043335
2332,Joint,joint,DeepRed-like,2,0.16481363773345947
2334,Joint,joint,SYTO16-like,0,0.10385221987962723
2334,Joint,joint,DIA-like,1,0.15140537917613983
2334,Joint,joint,DeepRed-like,2,0.15357787907123566
2336,Joint,joint,SYTO16-like,0,0.11681050062179565
2336,Joint,joint,DIA-like,1,0.1708887666463852
2336,Joint,joint,DeepRed-like,2,0.15515726804733276
2342,Joint,joint,SYTO16-like,0,0.10506079345941544
2342,Joint,joint,DIA-like,1,0.14136680960655212
2342,Joint,joint,DeepRed-like,2,0.1393604725599289
2344,Joint,joint,SYTO16-like,0,0.08827107399702072
2344,Joint,joint,DIA-like,1,0.10338934510946274
2344,Joint,joint,DeepRed-like,2,0.12176398932933807
2345,Joint,joint,SYTO16-like,0,0.09951338171958923
2345,Joint,joint,DIA-like,1,0.1475135087966919
2345,Joint,joint,DeepRed-like,2,0.15795667469501495
2350,Joint,joint,SYTO16-like,0,0.1406136453151703
2350,Joint,joint,DIA-like,1,0.16848212480545044
2350,Joint,joint,DeepRed-like,2,0.14600050449371338
2358,Joint,joint,SYTO16-like,0,0.10876207798719406
2358,Joint,joint,DIA-like,1,0.13658230006694794
2358,Joint,joint,DeepRed-like,2,0.14030466973781586
2378,Joint,joint,SYTO16-like,0,0.07327748090028763
2378,Joint,joint,DIA-like,1,0.08448527753353119
2378,Joint,joint,DeepRed-like,2,0.07353422045707703
2388,Joint,joint,SYTO16-like,0,0.10674888640642166
2388,Joint,joint,DIA-like,1,0.14729994535446167
2388,Joint,joint,DeepRed-like,2,0.20371219515800476
2390,Joint,joint,SYTO16-like,0,0.1420687586069107
2390,Joint,joint,DIA-like,1,0.14844244718551636
2390,Joint,joint,DeepRed-like,2,0.13043689727783203
2396,Joint,joint,SYTO16-like,0,0.10919570177793503
2396,Joint,joint,DIA-like,1,0.14907658100128174
2396,Joint,joint,DeepRed-like,2,0.14406003057956696
2415,Joint,joint,SYTO16-like,0,0.15066760778427124
2415,Joint,joint,DIA-like,1,0.1828836351633072
2415,Joint,joint,DeepRed-like,2,0.23241843283176422
2417,Joint,joint,SYTO16-like,0,0.1333380788564682
2417,Joint,joint,DIA-like,1,0.1289832890033722
2417,Joint,joint,DeepRed-like,2,0.14559577405452728
2427,Joint,joint,SYTO16-like,0,0.1096128523349762
2427,Joint,joint,DIA-like,1,0.12114033848047256
2427,Joint,joint,DeepRed-like,2,0.1021355390548706
2428,Joint,joint,SYTO16-like,0,0.14200761914253235
2428,Joint,joint,DIA-like,1,0.16287276148796082
2428,Joint,joint,DeepRed-like,2,0.15707817673683167
2442,Joint,joint,SYTO16-like,0,0.1471005231142044
2442,Joint,joint,DIA-like,1,0.14125178754329681
2442,Joint,joint,DeepRed-like,2,0.12760630249977112
2448,Joint,joint,SYTO16-like,0,0.09060589224100113
2448,Joint,joint,DIA-like,1,0.11143670231103897
2448,Joint,joint,DeepRed-like,2,0.09183401614427567
2459,Joint,joint,SYTO16-like,0,0.12583236396312714
2459,Joint,joint,DIA-like,1,0.1244586631655693
2459,Joint,joint,DeepRed-like,2,0.1354219913482666
2460,Joint,joint,SYTO16-like,0,0.11583675444126129
2460,Joint,joint,DIA-like,1,0.14849624037742615
2460,Joint,joint,DeepRed-like,2,0.0893348902463913
2482,Joint,joint,SYTO16-like,0,0.11748185753822327
2482,Joint,joint,DIA-like,1,0.11447867751121521
2482,Joint,joint,DeepRed-like,2,0.14892752468585968
2483,Joint,joint,SYTO16-like,0,0.0973966121673584
2483,Joint,joint,DIA-like,1,0.10308637470006943
2483,Joint,joint,DeepRed-like,2,0.09721045196056366
2501,Joint,joint,SYTO16-like,0,0.13537205755710602
2501,Joint,joint,DIA-like,1,0.15651656687259674
2501,Joint,joint,DeepRed-like,2,0.20380054414272308
2512,Joint,joint,SYTO16-like,0,0.11156782507896423
2512,Joint,joint,DIA-like,1,0.1509658545255661
2512,Joint,joint,DeepRed-like,2,0.1564728021621704
2514,Joint,joint,SYTO16-like,0,0.1666249781847
2514,Joint,joint,DIA-like,1,0.14356239140033722
2514,Joint,joint,DeepRed-like,2,0.17071060836315155
2520,Joint,joint,SYTO16-like,0,0.1323004961013794
2520,Joint,joint,DIA-like,1,0.12374838441610336
2520,Joint,joint,DeepRed-like,2,0.17041108012199402
2536,Joint,joint,SYTO16-like,0,0.13294684886932373
2536,Joint,joint,DIA-like,1,0.15237900614738464
2536,Joint,joint,DeepRed-like,2,0.18533600866794586
2543,Joint,joint,SYTO16-like,0,0.11630664765834808
2543,Joint,joint,DIA-like,1,0.15082333981990814
2543,Joint,joint,DeepRed-like,2,0.17900347709655762
2554,Joint,joint,SYTO16-like,0,0.16334861516952515
2554,Joint,joint,DIA-like,1,0.11612315475940704
2554,Joint,joint,DeepRed-like,2,0.19424819946289062
2598,Joint,joint,SYTO16-like,0,0.14130358397960663
2598,Joint,joint,DIA-like,1,0.1525767594575882
2598,Joint,joint,DeepRed-like,2,0.12443907558917999
2602,Joint,joint,SYTO16-like,0,0.15594157576560974
2602,Joint,joint,DIA-like,1,0.126141756772995
2602,Joint,joint,DeepRed-like,2,0.16634927690029144
2604,Joint,joint,SYTO16-like,0,0.15280114114284515
2604,Joint,joint,DIA-like,1,0.15560200810432434
2604,Joint,joint,DeepRed-like,2,0.22627751529216766
2609,Joint,joint,SYTO16-like,0,0.18108431994915009
2609,Joint,joint,DIA-like,1,0.17455382645130157
2609,Joint,joint,DeepRed-like,2,0.2752874493598938
2611,Joint,joint,SYTO16-like,0,0.1748141646385193
2611,Joint,joint,DIA-like,1,0.15556465089321136
2611,Joint,joint,DeepRed-like,2,0.1607075333595276
2616,Joint,joint,SYTO16-like,0,0.11959867924451828
2616,Joint,joint,DIA-like,1,0.13705256581306458
2616,Joint,joint,DeepRed-like,2,0.13862505555152893
2618,Joint,joint,SYTO16-like,0,0.14711429178714752
2618,Joint,joint,DIA-like,1,0.14779488742351532
2618,Joint,joint,DeepRed-like,2,0.208947092294693
2630,Joint,joint,SYTO16-like,0,0.10328257828950882
2630,Joint,joint,DIA-like,1,0.1208290308713913
2630,Joint,joint,DeepRed-like,2,0.12382860481739044
2647,Joint,joint,SYTO16-like,0,0.17142656445503235
2647,Joint,joint,DIA-like,1,0.16185161471366882
2647,Joint,joint,DeepRed-like,2,0.19014011323451996
2652,Joint,joint,SYTO16-like,0,0.13491404056549072
2652,Joint,joint,DIA-like,1,0.1615564227104187
2652,Joint,joint,DeepRed-like,2,0.189167782664299
2653,Joint,joint,SYTO16-like,0,0.11847800016403198
2653,Joint,joint,DIA-like,1,0.13748517632484436
2653,Joint,joint,DeepRed-like,2,0.17148858308792114
2660,Joint,joint,SYTO16-like,0,0.16367484629154205
2660,Joint,joint,DIA-like,1,0.1889275163412094
2660,Joint,joint,DeepRed-like,2,0.20969554781913757
2673,Joint,joint,SYTO16-like,0,0.11107617616653442
2673,Joint,joint,DIA-like,1,0.12836673855781555
2673,Joint,joint,DeepRed-like,2,0.09671371430158615
2682,Joint,joint,SYTO16-like,0,0.0953921303153038
2682,Joint,joint,DIA-like,1,0.1190006360411644
2682,Joint,joint,DeepRed-like,2,0.13559946417808533
2687,Joint,joint,SYTO16-like,0,0.11899077892303467
2687,Joint,joint,DIA-like,1,0.13211765885353088
2687,Joint,joint,DeepRed-like,2,0.12490584701299667
2700,Joint,joint,SYTO16-like,0,0.12277580797672272
2700,Joint,joint,DIA-like,1,0.1408659666776657
2700,Joint,joint,DeepRed-like,2,0.16856086254119873
2702,Joint,joint,SYTO16-like,0,0.11965199559926987
2702,Joint,joint,DIA-like,1,0.12736371159553528
2702,Joint,joint,DeepRed-like,2,0.1506441831588745
2711,Joint,joint,SYTO16-like,0,0.09666869789361954
2711,Joint,joint,DIA-like,1,0.1215912252664566
2711,Joint,joint,DeepRed-like,2,0.15591676533222198
2725,Joint,joint,SYTO16-like,0,0.15858326852321625
2725,Joint,joint,DIA-like,1,0.15511953830718994
2725,Joint,joint,DeepRed-like,2,0.1492207944393158
2726,Joint,joint,SYTO16-like,0,0.16821497678756714
2726,Joint,joint,DIA-like,1,0.12278766185045242
2726,Joint,joint,DeepRed-like,2,0.15876907110214233
2727,Joint,joint,SYTO16-like,0,0.12916292250156403
2727,Joint,joint,DIA-like,1,0.12857744097709656
2727,Joint,joint,DeepRed-like,2,0.124191515147686
2732,Joint,joint,SYTO16-like,0,0.1264239251613617
2732,Joint,joint,DIA-like,1,0.1751563847064972
2732,Joint,joint,DeepRed-like,2,0.15252578258514404
2742,Joint,joint,SYTO16-like,0,0.12919571995735168
2742,Joint,joint,DIA-like,1,0.13623429834842682
2742,Joint,joint,DeepRed-like,2,0.13035394251346588
2744,Joint,joint,SYTO16-like,0,0.09865528345108032
2744,Joint,joint,DIA-like,1,0.14105288684368134
2744,Joint,joint,DeepRed-like,2,0.19210605323314667
2745,Joint,joint,SYTO16-like,0,0.13879002630710602
2745,Joint,joint,DIA-like,1,0.159269779920578
2745,Joint,joint,DeepRed-like,2,0.17417006194591522
2751,Joint,joint,SYTO16-like,0,0.12302522361278534
2751,Joint,joint,DIA-like,1,0.18088674545288086
2751,Joint,joint,DeepRed-like,2,0.18848086893558502
2775,Joint,joint,SYTO16-like,0,0.1448671519756317
2775,Joint,joint,DIA-like,1,0.4440889358520508
2775,Joint,joint,DeepRed-like,2,0.14504700899124146
2782,Joint,joint,SYTO16-like,0,0.10376022011041641
2782,Joint,joint,DIA-like,1,0.11478154361248016
2782,Joint,joint,DeepRed-like,2,0.0988956168293953
2783,Joint,joint,SYTO16-like,0,0.12742549180984497
2783,Joint,joint,DIA-like,1,0.15098625421524048
2783,Joint,joint,DeepRed-like,2,0.1615636646747589
2787,Joint,joint,SYTO16-like,0,0.1444573849439621
2787,Joint,joint,DIA-like,1,0.16308638453483582
2787,Joint,joint,DeepRed-like,2,0.14810895919799805
2788,Joint,joint,SYTO16-like,0,0.10349202156066895
2788,Joint,joint,DIA-like,1,0.1581171452999115
2788,Joint,joint,DeepRed-like,2,0.10565857589244843
2792,Joint,joint,SYTO16-like,0,0.11143422871828079
2792,Joint,joint,DIA-like,1,0.1395079344511032
2792,Joint,joint,DeepRed-like,2,0.18478912115097046
2810,Joint,joint,SYTO16-like,0,0.1339050978422165
2810,Joint,joint,DIA-like,1,0.14016243815422058
2810,Joint,joint,DeepRed-like,2,0.1746479570865631
2813,Joint,joint,SYTO16-like,0,0.1897379755973816
2813,Joint,joint,DIA-like,1,0.13907301425933838
2813,Joint,joint,DeepRed-like,2,0.15276359021663666
2816,Joint,joint,SYTO16-like,0,0.10516691207885742
2816,Joint,joint,DIA-like,1,0.17197318375110626
2816,Joint,joint,DeepRed-like,2,0.18677069246768951
2817,Joint,joint,SYTO16-like,0,0.16050474345684052
2817,Joint,joint,DIA-like,1,0.15474560856819153
2817,Joint,joint,DeepRed-like,2,0.1919226348400116
2819,Joint,joint,SYTO16-like,0,0.11146856844425201
2819,Joint,joint,DIA-like,1,0.11776726692914963
2819,Joint,joint,DeepRed-like,2,0.10048998892307281
2841,Joint,joint,SYTO16-like,0,0.14940057694911957
2841,Joint,joint,DIA-like,1,0.13977114856243134
2841,Joint,joint,DeepRed-like,2,0.18759429454803467
2846,Joint,joint,SYTO16-like,0,0.11036395281553268
2846,Joint,joint,DIA-like,1,0.1328011304140091
2846,Joint,joint,DeepRed-like,2,0.11997787654399872
2851,Joint,joint,SYTO16-like,0,0.12235525995492935
2851,Joint,joint,DIA-like,1,0.16391801834106445
2851,Joint,joint,DeepRed-like,2,0.1588730365037918
2855,Joint,joint,SYTO16-like,0,0.2081116884946823
2855,Joint,joint,DIA-like,1,0.15010929107666016
2855,Joint,joint,DeepRed-like,2,0.21029110252857208
2864,Joint,joint,SYTO16-like,0,0.11922242492437363
2864,Joint,joint,DIA-like,1,0.1257246881723404
2864,Joint,joint,DeepRed-like,2,0.13646762073040009
2875,Joint,joint,SYTO16-like,0,0.17597661912441254
2875,Joint,joint,DIA-like,1,0.1905006319284439
2875,Joint,joint,DeepRed-like,2,0.17474208772182465
2886,Joint,joint,SYTO16-like,0,0.1200171560049057
2886,Joint,joint,DIA-like,1,0.14433161914348602
2886,Joint,joint,DeepRed-like,2,0.18412044644355774
2897,Joint,joint,SYTO16-like,0,0.11444166302680969
2897,Joint,joint,DIA-like,1,0.13091859221458435
2897,Joint,joint,DeepRed-like,2,0.11026042699813843
2911,Joint,joint,SYTO16-like,0,0.13003194332122803
2911,Joint,joint,DIA-like,1,0.17990216612815857
2911,Joint,joint,DeepRed-like,2,0.15141083300113678
2915,Joint,joint,SYTO16-like,0,0.10048970580101013
2915,Joint,joint,DIA-like,1,0.12888239324092865
2915,Joint,joint,DeepRed-like,2,0.13973310589790344
2929,Joint,joint,SYTO16-like,0,0.10951090604066849
2929,Joint,joint,DIA-like,1,0.16285482048988342
2929,Joint,joint,DeepRed-like,2,0.14616276323795319
2938,Joint,joint,SYTO16-like,0,0.10470020025968552
2938,Joint,joint,DIA-like,1,0.1657443642616272
2938,Joint,joint,DeepRed-like,2,0.1041843518614769
2945,Joint,joint,SYTO16-like,0,0.1315273642539978
2945,Joint,joint,DIA-like,1,0.15472956001758575
2945,Joint,joint,DeepRed-like,2,0.215301513671875
2959,Joint,joint,SYTO16-like,0,0.11749410629272461
2959,Joint,joint,DIA-like,1,0.11646929383277893
2959,Joint,joint,DeepRed-like,2,0.16877402365207672
2966,Joint,joint,SYTO16-like,0,0.14801079034805298
2966,Joint,joint,DIA-like,1,0.1387772113084793
2966,Joint,joint,DeepRed-like,2,0.15619045495986938
2971,Joint,joint,SYTO16-like,0,0.14164769649505615
2971,Joint,joint,DIA-like,1,0.17960090935230255
2971,Joint,joint,DeepRed-like,2,0.11731327325105667
2973,Joint,joint,SYTO16-like,0,0.09157592058181763
2973,Joint,joint,DIA-like,1,0.14276418089866638
2973,Joint,joint,DeepRed-like,2,0.160582035779953
2975,Joint,joint,SYTO16-like,0,0.1522994190454483
2975,Joint,joint,DIA-like,1,0.16777075827121735
2975,Joint,joint,DeepRed-like,2,0.19236424565315247
2976,Joint,joint,SYTO16-like,0,0.12969602644443512
2976,Joint,joint,DIA-like,1,0.12929026782512665
2976,Joint,joint,DeepRed-like,2,0.14417000114917755
2986,Joint,joint,SYTO16-like,0,0.12124587595462799
2986,Joint,joint,DIA-like,1,0.14791087806224823
2986,Joint,joint,DeepRed-like,2,0.1475507766008377
3010,Joint,joint,SYTO16-like,0,0.16046670079231262
3010,Joint,joint,DIA-like,1,0.13368013501167297
3010,Joint,joint,DeepRed-like,2,0.17219287157058716
3020,Joint,joint,SYTO16-like,0,0.11153286695480347
3020,Joint,joint,DIA-like,1,0.15821793675422668
3020,Joint,joint,DeepRed-like,2,0.1700141429901123
3027,Joint,joint,SYTO16-like,0,0.10472340136766434
3027,Joint,joint,DIA-like,1,0.1322152465581894
3027,Joint,joint,DeepRed-like,2,0.15354137122631073
3032,Joint,joint,SYTO16-like,0,0.1781485229730606
3032,Joint,joint,DIA-like,1,0.13948160409927368
3032,Joint,joint,DeepRed-like,2,0.18883667886257172
3039,Joint,joint,SYTO16-like,0,0.15401794016361237
3039,Joint,joint,DIA-like,1,0.12724462151527405
3039,Joint,joint,DeepRed-like,2,0.17170684039592743
3048,Joint,joint,SYTO16-like,0,0.10215484350919724
3048,Joint,joint,DIA-like,1,0.14349228143692017
3048,Joint,joint,DeepRed-like,2,0.16089534759521484
3049,Joint,joint,SYTO16-like,0,0.09707064926624298
3049,Joint,joint,DIA-like,1,0.14810146391391754
3049,Joint,joint,DeepRed-like,2,0.1637401133775711
3056,Joint,joint,SYTO16-like,0,0.1601705700159073
3056,Joint,joint,DIA-like,1,0.16525080800056458
3056,Joint,joint,DeepRed-like,2,0.14780272543430328
3062,Joint,joint,SYTO16-like,0,0.1292780041694641
3062,Joint,joint,DIA-like,1,0.11615718901157379
3062,Joint,joint,DeepRed-like,2,0.11068325489759445
3065,Joint,joint,SYTO16-like,0,0.13190241158008575
3065,Joint,joint,DIA-like,1,0.18897229433059692
3065,Joint,joint,DeepRed-like,2,0.19685691595077515
3068,Joint,joint,SYTO16-like,0,0.10356844961643219
3068,Joint,joint,DIA-like,1,0.13931693136692047
3068,Joint,joint,DeepRed-like,2,0.12654294073581696
3071,Joint,joint,SYTO16-like,0,0.1988857090473175
3071,Joint,joint,DIA-like,1,0.1463916152715683
3071,Joint,joint,DeepRed-like,2,0.2200634479522705
3072,Joint,joint,SYTO16-like,0,0.14626643061637878
3072,Joint,joint,DIA-like,1,0.12653930485248566
3072,Joint,joint,DeepRed-like,2,0.1274513453245163
3073,Joint,joint,SYTO16-like,0,0.11403840780258179
3073,Joint,joint,DIA-like,1,0.15857301652431488
3073,Joint,joint,DeepRed-like,2,0.20990419387817383
3074,Joint,joint,SYTO16-like,0,0.1377318948507309
3074,Joint,joint,DIA-like,1,0.17064927518367767
3074,Joint,joint,DeepRed-like,2,0.2104111611843109
3085,Joint,joint,SYTO16-like,0,0.1479845643043518
3085,Joint,joint,DIA-like,1,0.16017766296863556
3085,Joint,joint,DeepRed-like,2,0.16622579097747803
3086,Joint,joint,SYTO16-like,0,0.12169840186834335
3086,Joint,joint,DIA-like,1,0.13181070983409882
3086,Joint,joint,DeepRed-like,2,0.14239470660686493
3089,Joint,joint,SYTO16-like,0,0.13286776840686798
3089,Joint,joint,DIA-like,1,0.16589902341365814
3089,Joint,joint,DeepRed-like,2,0.20075978338718414
3095,Joint,joint,SYTO16-like,0,0.14703017473220825
3095,Joint,joint,DIA-like,1,0.16619402170181274
3095,Joint,joint,DeepRed-like,2,0.17486664652824402
3105,Joint,joint,SYTO16-like,0,0.12483292818069458
3105,Joint,joint,DIA-like,1,0.1481797993183136
3105,Joint,joint,DeepRed-like,2,0.19717100262641907
3107,Joint,joint,SYTO16-like,0,0.14519137144088745
3107,Joint,joint,DIA-like,1,0.1415371596813202
3107,Joint,joint,DeepRed-like,2,0.1508457362651825
3111,Joint,joint,SYTO16-like,0,0.0898360013961792
3111,Joint,joint,DIA-like,1,0.1411253809928894
3111,Joint,joint,DeepRed-like,2,0.15220960974693298
3118,Joint,joint,SYTO16-like,0,0.13818657398223877
3118,Joint,joint,DIA-like,1,0.14731918275356293
3118,Joint,joint,DeepRed-like,2,0.13594985008239746
3126,Joint,joint,SYTO16-like,0,0.09969235956668854
3126,Joint,joint,DIA-like,1,0.14231029152870178
3126,Joint,joint,DeepRed-like,2,0.17517875134944916
3132,Joint,joint,SYTO16-like,0,0.1277948021888733
3132,Joint,joint,DIA-like,1,0.15504103899002075
3132,Joint,joint,DeepRed-like,2,0.17153573036193848
3134,Joint,joint,SYTO16-like,0,0.13181893527507782
3134,Joint,joint,DIA-like,1,0.1440453976392746
3134,Joint,joint,DeepRed-like,2,0.16484476625919342
3142,Joint,joint,SYTO16-like,0,0.10643883049488068
3142,Joint,joint,DIA-like,1,0.11099380999803543
3142,Joint,joint,DeepRed-like,2,0.08963927626609802
3149,Joint,joint,SYTO16-like,0,0.16749043762683868
3149,Joint,joint,DIA-like,1,0.16035427153110504
3149,Joint,joint,DeepRed-like,2,0.14365056157112122
3151,Joint,joint,SYTO16-like,0,0.1349082738161087
3151,Joint,joint,DIA-like,1,0.12897849082946777
3151,Joint,joint,DeepRed-like,2,0.12602511048316956
3152,Joint,joint,SYTO16-like,0,0.17999818921089172
3152,Joint,joint,DIA-like,1,0.1830606460571289
3152,Joint,joint,DeepRed-like,2,0.20401732623577118
3165,Joint,joint,SYTO16-like,0,0.10327251255512238
3165,Joint,joint,DIA-like,1,0.13698644936084747
3165,Joint,joint,DeepRed-like,2,0.14151501655578613
3167,Joint,joint,SYTO16-like,0,0.12074093520641327
3167,Joint,joint,DIA-like,1,0.1279129832983017
3167,Joint,joint,DeepRed-like,2,0.16417643427848816
3168,Joint,joint,SYTO16-like,0,0.16434799134731293
3168,Joint,joint,DIA-like,1,0.14189566671848297
3168,Joint,joint,DeepRed-like,2,0.16025610268115997
3178,Joint,joint,SYTO16-like,0,0.14609922468662262
3178,Joint,joint,DIA-like,1,0.14741332828998566
3178,Joint,joint,DeepRed-like,2,0.1773502677679062
3183,Joint,joint,SYTO16-like,0,0.17269140481948853
3183,Joint,joint,DIA-like,1,0.1700020432472229
3183,Joint,joint,DeepRed-like,2,0.16372567415237427
3185,Joint,joint,SYTO16-like,0,0.12874066829681396
3185,Joint,joint,DIA-like,1,0.1135324016213417
3185,Joint,joint,DeepRed-like,2,0.14056646823883057
3217,Joint,joint,SYTO16-like,0,0.1144101470708847
3217,Joint,joint,DIA-like,1,0.16031481325626373
3217,Joint,joint,DeepRed-like,2,0.1749572604894638
3219,Joint,joint,SYTO16-like,0,0.15760472416877747
3219,Joint,joint,DIA-like,1,0.16842138767242432
3219,Joint,joint,DeepRed-like,2,0.20903390645980835
3222,Joint,joint,SYTO16-like,0,0.19236664474010468
3222,Joint,joint,DIA-like,1,0.13974891602993011
3222,Joint,joint,DeepRed-like,2,0.20114751160144806
3225,Joint,joint,SYTO16-like,0,0.1144508421421051
3225,Joint,joint,DIA-like,1,0.13245201110839844
3225,Joint,joint,DeepRed-like,2,0.12889286875724792
3236,Joint,joint,SYTO16-like,0,0.1543857455253601
3236,Joint,joint,DIA-like,1,0.16264481842517853
3236,Joint,joint,DeepRed-like,2,0.18097849190235138
3240,Joint,joint,SYTO16-like,0,0.14854083955287933
3240,Joint,joint,DIA-like,1,0.1626078337430954
3240,Joint,joint,DeepRed-like,2,0.1482081562280655
3242,Joint,joint,SYTO16-like,0,0.10329703986644745
3242,Joint,joint,DIA-like,1,0.12955935299396515
3242,Joint,joint,DeepRed-like,2,0.151262566447258
3243,Joint,joint,SYTO16-like,0,0.13200582563877106
3243,Joint,joint,DIA-like,1,0.16398301720619202
3243,Joint,joint,DeepRed-like,2,0.16805660724639893
3250,Joint,joint,SYTO16-like,0,0.12397994101047516
3250,Joint,joint,DIA-like,1,0.13643868267536163
3250,Joint,joint,DeepRed-like,2,0.15980789065361023
3253,Joint,joint,SYTO16-like,0,0.16665993630886078
3253,Joint,joint,DIA-like,1,0.15701453387737274
3253,Joint,joint,DeepRed-like,2,0.16379258036613464
3276,Joint,joint,SYTO16-like,0,0.11738134175539017
3276,Joint,joint,DIA-like,1,0.13207249343395233
3276,Joint,joint,DeepRed-like,2,0.13958008587360382
3280,Joint,joint,SYTO16-like,0,0.12470211833715439
3280,Joint,joint,DIA-like,1,0.13659925758838654
3280,Joint,joint,DeepRed-like,2,0.17550119757652283
3289,Joint,joint,SYTO16-like,0,0.20381395518779755
3289,Joint,joint,DIA-like,1,0.1394595354795456
3289,Joint,joint,DeepRed-like,2,0.13510379195213318
3297,Joint,joint,SYTO16-like,0,0.11281801760196686
3297,Joint,joint,DIA-like,1,0.13359107077121735
3297,Joint,joint,DeepRed-like,2,0.13059461116790771
3313,Joint,joint,SYTO16-like,0,0.2068934142589569
3313,Joint,joint,DIA-like,1,0.2099895030260086
3313,Joint,joint,DeepRed-like,2,0.2300538271665573
3317,Joint,joint,SYTO16-like,0,0.09745211154222488
3317,Joint,joint,DIA-like,1,0.1281086653470993
3317,Joint,joint,DeepRed-like,2,0.16257667541503906
3328,Joint,joint,SYTO16-like,0,0.12260321527719498
3328,Joint,joint,DIA-like,1,0.16966131329536438
3328,Joint,joint,DeepRed-like,2,0.1733725368976593
3333,Joint,joint,SYTO16-like,0,0.12598897516727448
3333,Joint,joint,DIA-like,1,0.11551625281572342
3333,Joint,joint,DeepRed-like,2,0.13366176187992096
3341,Joint,joint,SYTO16-like,0,0.1830088049173355
3341,Joint,joint,DIA-like,1,0.21825732290744781
3341,Joint,joint,DeepRed-like,2,0.22992080450057983
3342,Joint,joint,SYTO16-like,0,0.1413060426712036
3342,Joint,joint,DIA-like,1,0.15756627917289734
3342,Joint,joint,DeepRed-like,2,0.15654976665973663
3345,Joint,joint,SYTO16-like,0,0.1902427226305008
3345,Joint,joint,DIA-like,1,0.16292282938957214
3345,Joint,joint,DeepRed-like,2,0.08960310369729996
3363,Joint,joint,SYTO16-like,0,0.09691303223371506
3363,Joint,joint,DIA-like,1,0.12067309021949768
3363,Joint,joint,DeepRed-like,2,0.1483437567949295
3367,Joint,joint,SYTO16-like,0,0.11245892941951752
3367,Joint,joint,DIA-like,1,0.12129203975200653
3367,Joint,joint,DeepRed-like,2,0.1247723177075386
3381,Joint,joint,SYTO16-like,0,0.16802509129047394
3381,Joint,joint,DIA-like,1,0.14213977754116058
3381,Joint,joint,DeepRed-like,2,0.13287223875522614
3395,Joint,joint,SYTO16-like,0,0.1428723782300949
3395,Joint,joint,DIA-like,1,0.18277227878570557
3395,Joint,joint,DeepRed-like,2,0.1940094232559204
3397,Joint,joint,SYTO16-like,0,0.15432973206043243
3397,Joint,joint,DIA-like,1,0.15894995629787445
3397,Joint,joint,DeepRed-like,2,0.1385919600725174
3402,Joint,joint,SYTO16-like,0,0.1535433530807495
3402,Joint,joint,DIA-like,1,0.17358176410198212
3402,Joint,joint,DeepRed-like,2,0.17605718970298767
3403,Joint,joint,SYTO16-like,0,0.08090367168188095
3403,Joint,joint,DIA-like,1,0.12234241515398026
3403,Joint,joint,DeepRed-like,2,0.19166439771652222
3404,Joint,joint,SYTO16-like,0,0.10772524774074554
3404,Joint,joint,DIA-like,1,0.13088394701480865
3404,Joint,joint,DeepRed-like,2,0.143768772482872
3427,Joint,joint,SYTO16-like,0,0.1043129414319992
3427,Joint,joint,DIA-like,1,0.11852920055389404
3427,Joint,joint,DeepRed-like,2,0.11909117549657822
3436,Joint,joint,SYTO16-like,0,0.17278049886226654
3436,Joint,joint,DIA-like,1,0.13988658785820007
3436,Joint,joint,DeepRed-like,2,0.19394230842590332
3443,Joint,joint,SYTO16-like,0,0.10222366452217102
3443,Joint,joint,DIA-like,1,0.1384040266275406
3443,Joint,joint,DeepRed-like,2,0.20885370671749115
3461,Joint,joint,SYTO16-like,0,0.13434098660945892
3461,Joint,joint,DIA-like,1,0.1500764787197113
3461,Joint,joint,DeepRed-like,2,0.17053404450416565
3462,Joint,joint,SYTO16-like,0,0.12829473614692688
3462,Joint,joint,DIA-like,1,0.18744462728500366
3462,Joint,joint,DeepRed-like,2,0.20554986596107483
3465,Joint,joint,SYTO16-like,0,0.12005437165498734
3465,Joint,joint,DIA-like,1,0.15611012279987335
3465,Joint,joint,DeepRed-like,2,0.18250492215156555
3487,Joint,joint,SYTO16-like,0,0.09198328107595444
3487,Joint,joint,DIA-like,1,0.10080693662166595
3487,Joint,joint,DeepRed-like,2,0.07462794333696365
3495,Joint,joint,SYTO16-like,0,0.10062029957771301
3495,Joint,joint,DIA-like,1,0.11207685619592667
3495,Joint,joint,DeepRed-like,2,0.1287406086921692
3509,Joint,joint,SYTO16-like,0,0.09256632626056671
3509,Joint,joint,DIA-like,1,0.1183672696352005
3509,Joint,joint,DeepRed-like,2,0.11651591211557388
3510,Joint,joint,SYTO16-like,0,0.1326741725206375
3510,Joint,joint,DIA-like,1,0.17547887563705444
3510,Joint,joint,DeepRed-like,2,0.18884679675102234
3511,Joint,joint,SYTO16-like,0,0.16524502635002136
3511,Joint,joint,DIA-like,1,0.15724636614322662
3511,Joint,joint,DeepRed-like,2,0.18348872661590576
3512,Joint,joint,SYTO16-like,0,0.0965745747089386
3512,Joint,joint,DIA-like,1,0.13394366204738617
3512,Joint,joint,DeepRed-like,2,0.14376401901245117
3516,Joint,joint,SYTO16-like,0,0.17440113425254822
3516,Joint,joint,DIA-like,1,0.1796501874923706
3516,Joint,joint,DeepRed-like,2,0.1862710565328598
3527,Joint,joint,SYTO16-like,0,0.14124248921871185
3527,Joint,joint,DIA-like,1,0.14766716957092285
3527,Joint,joint,DeepRed-like,2,0.13714605569839478
3543,Joint,joint,SYTO16-like,0,0.10309107601642609
3543,Joint,joint,DIA-like,1,0.11059349030256271
3543,Joint,joint,DeepRed-like,2,0.10789553821086884
3551,Joint,joint,SYTO16-like,0,0.15238600969314575
3551,Joint,joint,DIA-like,1,0.1465640366077423
3551,Joint,joint,DeepRed-like,2,0.13960185647010803
3554,Joint,joint,SYTO16-like,0,0.15622788667678833
3554,Joint,joint,DIA-like,1,0.12442813068628311
3554,Joint,joint,DeepRed-like,2,0.1724320650100708
3557,Joint,joint,SYTO16-like,0,0.09024680405855179
3557,Joint,joint,DIA-like,1,0.1141519546508789
3557,Joint,joint,DeepRed-like,2,0.14645865559577942
3559,Joint,joint,SYTO16-like,0,0.09016717225313187
3559,Joint,joint,DIA-like,1,0.1324266940355301
3559,Joint,joint,DeepRed-like,2,0.15105397999286652
3561,Joint,joint,SYTO16-like,0,0.0950288400053978
3561,Joint,joint,DIA-like,1,0.12317922711372375
3561,Joint,joint,DeepRed-like,2,0.10698059946298599
3567,Joint,joint,SYTO16-like,0,0.13079291582107544
3567,Joint,joint,DIA-like,1,0.1339999884366989
3567,Joint,joint,DeepRed-like,2,0.1310649812221527
3580,Joint,joint,SYTO16-like,0,0.09544849395751953
3580,Joint,joint,DIA-like,1,0.10406025499105453
3580,Joint,joint,DeepRed-like,2,0.10832616686820984
3592,Joint,joint,SYTO16-like,0,0.1266629695892334
3592,Joint,joint,DIA-like,1,0.2315957099199295
3592,Joint,joint,DeepRed-like,2,0.11246706545352936
3594,Joint,joint,SYTO16-like,0,0.11278006434440613
3594,Joint,joint,DIA-like,1,0.1444033831357956
3594,Joint,joint,DeepRed-like,2,0.17158281803131104
3597,Joint,joint,SYTO16-like,0,0.15799421072006226
3597,Joint,joint,DIA-like,1,0.18258218467235565
3597,Joint,joint,DeepRed-like,2,0.17739896476268768
3598,Joint,joint,SYTO16-like,0,0.16603940725326538
3598,Joint,joint,DIA-like,1,0.1972993165254593
3598,Joint,joint,DeepRed-like,2,0.30822256207466125
3610,Joint,joint,SYTO16-like,0,0.129703089594841
3610,Joint,joint,DIA-like,1,0.14193856716156006
3610,Joint,joint,DeepRed-like,2,0.16845354437828064
3612,Joint,joint,SYTO16-like,0,0.1450972557067871
3612,Joint,joint,DIA-like,1,0.1604154109954834
3612,Joint,joint,DeepRed-like,2,0.1955576092004776
3625,Joint,joint,SYTO16-like,0,0.1291705220937729
3625,Joint,joint,DIA-like,1,0.12058422714471817
3625,Joint,joint,DeepRed-like,2,0.10155022889375687
3634,Joint,joint,SYTO16-like,0,0.09544239193201065
3634,Joint,joint,DIA-like,1,0.15537896752357483
3634,Joint,joint,DeepRed-like,2,0.09697508066892624
3636,Joint,joint,SYTO16-like,0,0.1253354698419571
3636,Joint,joint,DIA-like,1,0.15702636539936066
3636,Joint,joint,DeepRed-like,2,0.14162808656692505
3644,Joint,joint,SYTO16-like,0,0.16041387617588043
3644,Joint,joint,DIA-like,1,0.14861544966697693
3644,Joint,joint,DeepRed-like,2,0.15268021821975708
3646,Joint,joint,SYTO16-like,0,0.095441535115242
3646,Joint,joint,DIA-like,1,0.1214296966791153
3646,Joint,joint,DeepRed-like,2,0.1391104757785797
3647,Joint,joint,SYTO16-like,0,0.1278247833251953
3647,Joint,joint,DIA-like,1,0.13234061002731323
3647,Joint,joint,DeepRed-like,2,0.12450483441352844
3668,Joint,joint,SYTO16-like,0,0.17347554862499237
3668,Joint,joint,DIA-like,1,0.12159764766693115
3668,Joint,joint,DeepRed-like,2,0.09043271094560623
3674,Joint,joint,SYTO16-like,0,0.1261991411447525
3674,Joint,joint,DIA-like,1,0.15659759938716888
3674,Joint,joint,DeepRed-like,2,0.18675236403942108
3676,Joint,joint,SYTO16-like,0,0.18761008977890015
3676,Joint,joint,DIA-like,1,0.17945781350135803
3676,Joint,joint,DeepRed-like,2,0.24042120575904846
3694,Joint,joint,SYTO16-like,0,0.11382395774126053
3694,Joint,joint,DIA-like,1,0.20495755970478058
3694,Joint,joint,DeepRed-like,2,0.17291094362735748
3701,Joint,joint,SYTO16-like,0,0.16668429970741272
3701,Joint,joint,DIA-like,1,0.16215701401233673
3701,Joint,joint,DeepRed-like,2,0.17721006274223328
3712,Joint,joint,SYTO16-like,0,0.10877467691898346
3712,Joint,joint,DIA-like,1,0.1531982570886612
3712,Joint,joint,DeepRed-like,2,0.1572476178407669
3714,Joint,joint,SYTO16-like,0,0.10420060902833939
3714,Joint,joint,DIA-like,1,0.13154853880405426
3714,Joint,joint,DeepRed-like,2,0.1272234469652176
3719,Joint,joint,SYTO16-like,0,0.14621476829051971
3719,Joint,joint,DIA-like,1,0.14695832133293152
3719,Joint,joint,DeepRed-like,2,0.19471918046474457
3721,Joint,joint,SYTO16-like,0,0.15485094487667084
3721,Joint,joint,DIA-like,1,0.2056947946548462
3721,Joint,joint,DeepRed-like,2,0.20269912481307983
3723,Joint,joint,SYTO16-like,0,0.16141444444656372
3723,Joint,joint,DIA-like,1,0.14013256132602692
3723,Joint,joint,DeepRed-like,2,0.1681230515241623
3725,Joint,joint,SYTO16-like,0,0.08536074310541153
3725,Joint,joint,DIA-like,1,0.11732868105173111
3725,Joint,joint,DeepRed-like,2,0.11383834481239319
3728,Joint,joint,SYTO16-like,0,0.13002392649650574
3728,Joint,joint,DIA-like,1,0.14991654455661774
3728,Joint,joint,DeepRed-like,2,0.1434652954339981
3730,Joint,joint,SYTO16-like,0,0.11443701386451721
3730,Joint,joint,DIA-like,1,0.130111426115036
3730,Joint,joint,DeepRed-like,2,0.12765434384346008
3739,Joint,joint,SYTO16-like,0,0.11074361950159073
3739,Joint,joint,DIA-like,1,0.16482064127922058
3739,Joint,joint,DeepRed-like,2,0.17829664051532745
3741,Joint,joint,SYTO16-like,0,0.12572413682937622
3741,Joint,joint,DIA-like,1,0.15447475016117096
3741,Joint,joint,DeepRed-like,2,0.15637777745723724
3745,Joint,joint,SYTO16-like,0,0.13156509399414062
3745,Joint,joint,DIA-like,1,0.14313767850399017
3745,Joint,joint,DeepRed-like,2,0.16340777277946472
3746,Joint,joint,SYTO16-like,0,0.11812514066696167
3746,Joint,joint,DIA-like,1,0.12326695024967194
3746,Joint,joint,DeepRed-like,2,0.13966435194015503
3754,Joint,joint,SYTO16-like,0,0.1417447030544281
3754,Joint,joint,DIA-like,1,0.15126460790634155
3754,Joint,joint,DeepRed-like,2,0.19247491657733917
3758,Joint,joint,SYTO16-like,0,0.1388743668794632
3758,Joint,joint,DIA-like,1,0.12619014084339142
3758,Joint,joint,DeepRed-like,2,0.11716243624687195
3759,Joint,joint,SYTO16-like,0,0.1228664293885231
3759,Joint,joint,DIA-like,1,0.16760289669036865
3759,Joint,joint,DeepRed-like,2,0.17370910942554474
3779,Joint,joint,SYTO16-like,0,0.09477101266384125
3779,Joint,joint,DIA-like,1,0.10389034450054169
3779,Joint,joint,DeepRed-like,2,0.15202638506889343
3791,Joint,joint,SYTO16-like,0,0.10068221390247345
3791,Joint,joint,DIA-like,1,0.11601614207029343
3791,Joint,joint,DeepRed-like,2,0.13091500103473663
3792,Joint,joint,SYTO16-like,0,0.13573725521564484
3792,Joint,joint,DIA-like,1,0.13482588529586792
3792,Joint,joint,DeepRed-like,2,0.11875274032354355
3794,Joint,joint,SYTO16-like,0,0.10903804749250412
3794,Joint,joint,DIA-like,1,0.16427260637283325
3794,Joint,joint,DeepRed-like,2,0.12163344770669937
3803,Joint,joint,SYTO16-like,0,0.09719479084014893
3803,Joint,joint,DIA-like,1,0.08650006353855133
3803,Joint,joint,DeepRed-like,2,0.10702943801879883
3804,Joint,joint,SYTO16-like,0,0.09950992465019226
3804,Joint,joint,DIA-like,1,0.14473716914653778
3804,Joint,joint,DeepRed-like,2,0.16941238939762115
3807,Joint,joint,SYTO16-like,0,0.18376508355140686
3807,Joint,joint,DIA-like,1,0.20008748769760132
3807,Joint,joint,DeepRed-like,2,0.1992628276348114
3809,Joint,joint,SYTO16-like,0,0.09815627336502075
3809,Joint,joint,DIA-like,1,0.12671367824077606
3809,Joint,joint,DeepRed-like,2,0.1549072265625
3812,Joint,joint,SYTO16-like,0,0.12162972241640091
3812,Joint,joint,DIA-like,1,0.147578626871109
3812,Joint,joint,DeepRed-like,2,0.16444283723831177
3813,Joint,joint,SYTO16-like,0,0.2058136910200119
3813,Joint,joint,DIA-like,1,0.16288423538208008
3813,Joint,joint,DeepRed-like,2,0.17333297431468964
3815,Joint,joint,SYTO16-like,0,0.15626361966133118
3815,Joint,joint,DIA-like,1,0.16002106666564941
3815,Joint,joint,DeepRed-like,2,0.14633801579475403
3823,Joint,joint,SYTO16-like,0,0.11519258469343185
3823,Joint,joint,DIA-like,1,0.1581522673368454
3823,Joint,joint,DeepRed-like,2,0.2095094919204712
3824,Joint,joint,SYTO16-like,0,0.10578087717294693
3824,Joint,joint,DIA-like,1,0.13371729850769043
3824,Joint,joint,DeepRed-like,2,0.09629592299461365
3827,Joint,joint,SYTO16-like,0,0.15210524201393127
3827,Joint,joint,DIA-like,1,0.1465950310230255
3827,Joint,joint,DeepRed-like,2,0.11747663468122482
3830,Joint,joint,SYTO16-like,0,0.18693581223487854
3830,Joint,joint,DIA-like,1,0.12559673190116882
3830,Joint,joint,DeepRed-like,2,0.1116921454668045
3834,Joint,joint,SYTO16-like,0,0.12956678867340088
3834,Joint,joint,DIA-like,1,0.1526821106672287
3834,Joint,joint,DeepRed-like,2,0.17742536962032318
3838,Joint,joint,SYTO16-like,0,0.1159474328160286
3838,Joint,joint,DIA-like,1,0.13919711112976074
3838,Joint,joint,DeepRed-like,2,0.16824647784233093
3845,Joint,joint,SYTO16-like,0,0.20233845710754395
3845,Joint,joint,DIA-like,1,0.23984397947788239
3845,Joint,joint,DeepRed-like,2,0.19861803948879242
3846,Joint,joint,SYTO16-like,0,0.13308648765087128
3846,Joint,joint,DIA-like,1,0.5076848864555359
3846,Joint,joint,DeepRed-like,2,0.12815222144126892
3849,Joint,joint,SYTO16-like,0,0.10973713546991348
3849,Joint,joint,DIA-like,1,0.18277223408222198
3849,Joint,joint,DeepRed-like,2,0.21711811423301697
3850,Joint,joint,SYTO16-like,0,0.10248391330242157
3850,Joint,joint,DIA-like,1,0.169503852725029
3850,Joint,joint,DeepRed-like,2,0.18065805733203888
3859,Joint,joint,SYTO16-like,0,0.13480433821678162
3859,Joint,joint,DIA-like,1,0.14333610236644745
3859,Joint,joint,DeepRed-like,2,0.1425018608570099
3883,Joint,joint,SYTO16-like,0,0.1219397634267807
3883,Joint,joint,DIA-like,1,0.18477082252502441
3883,Joint,joint,DeepRed-like,2,0.2172432839870453
3886,Joint,joint,SYTO16-like,0,0.24361881613731384
3886,Joint,joint,DIA-like,1,0.164652019739151
3886,Joint,joint,DeepRed-like,2,0.14276328682899475
3887,Joint,joint,SYTO16-like,0,0.10223039984703064
3887,Joint,joint,DIA-like,1,0.15115918219089508
3887,Joint,joint,DeepRed-like,2,0.16662771999835968
3892,Joint,joint,SYTO16-like,0,0.09243227541446686
3892,Joint,joint,DIA-like,1,0.10719199478626251
3892,Joint,joint,DeepRed-like,2,0.10866807401180267
3894,Joint,joint,SYTO16-like,0,0.10296880453824997
3894,Joint,joint,DIA-like,1,0.12304700165987015
3894,Joint,joint,DeepRed-like,2,0.1433032602071762
3897,Joint,joint,SYTO16-like,0,0.17677368223667145
3897,Joint,joint,DIA-like,1,0.23420901596546173
3897,Joint,joint,DeepRed-like,2,0.16595223546028137
3917,Joint,joint,SYTO16-like,0,0.07975534349679947
3917,Joint,joint,DIA-like,1,0.09999266266822815
3917,Joint,joint,DeepRed-like,2,0.11443059891462326
3927,Joint,joint,SYTO16-like,0,0.15516720712184906
3927,Joint,joint,DIA-like,1,0.14805564284324646
3927,Joint,joint,DeepRed-like,2,0.14587925374507904
3928,Joint,joint,SYTO16-like,0,0.12420269846916199
3928,Joint,joint,DIA-like,1,0.14986063539981842
3928,Joint,joint,DeepRed-like,2,0.18916992843151093
3933,Joint,joint,SYTO16-like,0,0.154008686542511
3933,Joint,joint,DIA-like,1,0.1447957307100296
3933,Joint,joint,DeepRed-like,2,0.15610776841640472
3937,Joint,joint,SYTO16-like,0,0.1162131056189537
3937,Joint,joint,DIA-like,1,0.1651386320590973
3937,Joint,joint,DeepRed-like,2,0.17209957540035248
3938,Joint,joint,SYTO16-like,0,0.11612880975008011
3938,Joint,joint,DIA-like,1,0.16320081055164337
3938,Joint,joint,DeepRed-like,2,0.17685319483280182
3951,Joint,joint,SYTO16-like,0,0.18242160975933075
3951,Joint,joint,DIA-like,1,0.18477024137973785
3951,Joint,joint,DeepRed-like,2,0.16627325117588043
3969,Joint,joint,SYTO16-like,0,0.11639745533466339
3969,Joint,joint,DIA-like,1,0.1443994790315628
3969,Joint,joint,DeepRed-like,2,0.15947355329990387
3972,Joint,joint,SYTO16-like,0,0.1010843962430954
3972,Joint,joint,DIA-like,1,0.1404784470796585
3972,Joint,joint,DeepRed-like,2,0.15445999801158905
3978,Joint,joint,SYTO16-like,0,0.17399466037750244
3978,Joint,joint,DIA-like,1,0.14526686072349548
3978,Joint,joint,DeepRed-like,2,0.13036976754665375
3982,Joint,joint,SYTO16-like,0,0.1052948608994484
3982,Joint,joint,DIA-like,1,0.13332581520080566
3982,Joint,joint,DeepRed-like,2,0.1649990975856781
4000,Joint,joint,SYTO16-like,0,0.19844181835651398
4000,Joint,joint,DIA-like,1,0.12814414501190186
4000,Joint,joint,DeepRed-like,2,0.16052578389644623
4001,Joint,joint,SYTO16-like,0,0.13471606373786926
4001,Joint,joint,DIA-like,1,0.13265302777290344
4001,Joint,joint,DeepRed-like,2,0.15529312193393707
4006,Joint,joint,SYTO16-like,0,0.12955829501152039
4006,Joint,joint,DIA-like,1,0.18077979981899261
4006,Joint,joint,DeepRed-like,2,0.1692522019147873
4010,Joint,joint,SYTO16-like,0,0.14733414351940155
4010,Joint,joint,DIA-like,1,0.16058440506458282
4010,Joint,joint,DeepRed-like,2,0.15051400661468506
4018,Joint,joint,SYTO16-like,0,0.12347202003002167
4018,Joint,joint,DIA-like,1,0.13078637421131134
4018,Joint,joint,DeepRed-like,2,0.14884591102600098
4020,Joint,joint,SYTO16-like,0,0.10867968946695328
4020,Joint,joint,DIA-like,1,0.12516550719738007
4020,Joint,joint,DeepRed-like,2,0.17219989001750946
4023,Joint,joint,SYTO16-like,0,0.09308875352144241
4023,Joint,joint,DIA-like,1,0.12625345587730408
4023,Joint,joint,DeepRed-like,2,0.14610826969146729
4028,Joint,joint,SYTO16-like,0,0.11441700905561447
4028,Joint,joint,DIA-like,1,0.12969455122947693
4028,Joint,joint,DeepRed-like,2,0.15501971542835236
4035,Joint,joint,SYTO16-like,0,0.16570092737674713
4035,Joint,joint,DIA-like,1,0.1706492006778717
4035,Joint,joint,DeepRed-like,2,0.172386035323143
4038,Joint,joint,SYTO16-like,0,0.08232691884040833
4038,Joint,joint,DIA-like,1,0.0890023484826088
4038,Joint,joint,DeepRed-like,2,0.09508912265300751
4039,Joint,joint,SYTO16-like,0,0.137620210647583
4039,Joint,joint,DIA-like,1,0.1555406004190445
4039,Joint,joint,DeepRed-like,2,0.18961229920387268
4047,Joint,joint,SYTO16-like,0,0.16135667264461517
4047,Joint,joint,DIA-like,1,0.16538283228874207
4047,Joint,joint,DeepRed-like,2,0.19826263189315796
4050,Joint,joint,SYTO16-like,0,0.09726203978061676
4050,Joint,joint,DIA-like,1,0.13302834331989288
4050,Joint,joint,DeepRed-like,2,0.16060616075992584
4052,Joint,joint,SYTO16-like,0,0.092318095266819
4052,Joint,joint,DIA-like,1,0.10478293150663376
4052,Joint,joint,DeepRed-like,2,0.11431924998760223
4055,Joint,joint,SYTO16-like,0,0.11912243068218231
4055,Joint,joint,DIA-like,1,0.14535680413246155
4055,Joint,joint,DeepRed-like,2,0.1622188240289688
4069,Joint,joint,SYTO16-like,0,0.20440489053726196
4069,Joint,joint,DIA-like,1,0.20565523207187653
4069,Joint,joint,DeepRed-like,2,0.30812984704971313
4073,Joint,joint,SYTO16-like,0,0.11639908701181412
4073,Joint,joint,DIA-like,1,0.17291218042373657
4073,Joint,joint,DeepRed-like,2,0.20080514252185822
4078,Joint,joint,SYTO16-like,0,0.09868411719799042
4078,Joint,joint,DIA-like,1,0.13864950835704803
4078,Joint,joint,DeepRed-like,2,0.14912834763526917
4079,Joint,joint,SYTO16-like,0,0.11452849209308624
4079,Joint,joint,DIA-like,1,0.16151784360408783
4079,Joint,joint,DeepRed-like,2,0.12720629572868347
4080,Joint,joint,SYTO16-like,0,0.1853434145450592
4080,Joint,joint,DIA-like,1,0.14824217557907104
4080,Joint,joint,DeepRed-like,2,0.17416459321975708
4091,Joint,joint,SYTO16-like,0,0.1000496968626976
4091,Joint,joint,DIA-like,1,0.13046793639659882
4091,Joint,joint,DeepRed-like,2,0.15355585515499115
4096,Joint,joint,SYTO16-like,0,0.10325418412685394
4096,Joint,joint,DIA-like,1,0.13885091245174408
4096,Joint,joint,DeepRed-like,2,0.1514296680688858
4098,Joint,joint,SYTO16-like,0,0.14216019213199615
4098,Joint,joint,DIA-like,1,0.16856111586093903
4098,Joint,joint,DeepRed-like,2,0.16313226521015167
4121,Joint,joint,SYTO16-like,0,0.13227517902851105
4121,Joint,joint,DIA-like,1,0.1601722538471222
4121,Joint,joint,DeepRed-like,2,0.16934962570667267
4134,Joint,joint,SYTO16-like,0,0.12424394488334656
4134,Joint,joint,DIA-like,1,0.14392180740833282
4134,Joint,joint,DeepRed-like,2,0.19818750023841858
4135,Joint,joint,SYTO16-like,0,0.15216730535030365
4135,Joint,joint,DIA-like,1,0.15078133344650269
4135,Joint,joint,DeepRed-like,2,0.14876395463943481
4137,Joint,joint,SYTO16-like,0,0.1106850802898407
4137,Joint,joint,DIA-like,1,0.13257916271686554
4137,Joint,joint,DeepRed-like,2,0.15327399969100952
4145,Joint,joint,SYTO16-like,0,0.09943141043186188
4145,Joint,joint,DIA-like,1,0.13236060738563538
4145,Joint,joint,DeepRed-like,2,0.12842638790607452
4149,Joint,joint,SYTO16-like,0,0.16558396816253662
4149,Joint,joint,DIA-like,1,0.17054510116577148
4149,Joint,joint,DeepRed-like,2,0.13002769649028778
4153,Joint,joint,SYTO16-like,0,0.10510362684726715
4153,Joint,joint,DIA-like,1,0.12305052578449249
4153,Joint,joint,DeepRed-like,2,0.15403863787651062
4181,Joint,joint,SYTO16-like,0,0.16313134133815765
4181,Joint,joint,DIA-like,1,0.14320331811904907
4181,Joint,joint,DeepRed-like,2,0.17630359530448914
4188,Joint,joint,SYTO16-like,0,0.1586218923330307
4188,Joint,joint,DIA-like,1,0.1341589093208313
4188,Joint,joint,DeepRed-like,2,0.2094815969467163
4196,Joint,joint,SYTO16-like,0,0.18267305195331573
4196,Joint,joint,DIA-like,1,0.17702272534370422
4196,Joint,joint,DeepRed-like,2,0.17654186487197876
4204,Joint,joint,SYTO16-like,0,0.11731410771608353
4204,Joint,joint,DIA-like,1,0.14232267439365387
4204,Joint,joint,DeepRed-like,2,0.16808165609836578
4209,Joint,joint,SYTO16-like,0,0.15510335564613342
4209,Joint,joint,DIA-like,1,0.17594142258167267
4209,Joint,joint,DeepRed-like,2,0.20675061643123627
4211,Joint,joint,SYTO16-like,0,0.1299266219139099
4211,Joint,joint,DIA-like,1,0.15639589726924896
4211,Joint,joint,DeepRed-like,2,0.1844944953918457
4212,Joint,joint,SYTO16-like,0,0.14188390970230103
4212,Joint,joint,DIA-like,1,0.1694284826517105
4212,Joint,joint,DeepRed-like,2,0.1807277500629425
4218,Joint,joint,SYTO16-like,0,0.10334848612546921
4218,Joint,joint,DIA-like,1,0.12386170029640198
4218,Joint,joint,DeepRed-like,2,0.1905001401901245
4228,Joint,joint,SYTO16-like,0,0.15128235518932343
4228,Joint,joint,DIA-like,1,0.15156379342079163
4228,Joint,joint,DeepRed-like,2,0.18024428188800812
4229,Joint,joint,SYTO16-like,0,0.210046648979187
4229,Joint,joint,DIA-like,1,0.17965275049209595
4229,Joint,joint,DeepRed-like,2,0.14897750318050385
4250,Joint,joint,SYTO16-like,0,0.16219322383403778
4250,Joint,joint,DIA-like,1,0.18587544560432434
4250,Joint,joint,DeepRed-like,2,0.21321627497673035
4254,Joint,joint,SYTO16-like,0,0.09351779520511627
4254,Joint,joint,DIA-like,1,0.1400766670703888
4254,Joint,joint,DeepRed-like,2,0.16222962737083435
4261,Joint,joint,SYTO16-like,0,0.10709376633167267
4261,Joint,joint,DIA-like,1,0.16761887073516846
4261,Joint,joint,DeepRed-like,2,0.10216409713029861
4264,Joint,joint,SYTO16-like,0,0.1940208524465561
4264,Joint,joint,DIA-like,1,0.1348298341035843
4264,Joint,joint,DeepRed-like,2,0.14761699736118317
4265,Joint,joint,SYTO16-like,0,0.15193931758403778
4265,Joint,joint,DIA-like,1,0.13236482441425323
4265,Joint,joint,DeepRed-like,2,0.1376226246356964
4284,Joint,joint,SYTO16-like,0,0.1603478342294693
4284,Joint,joint,DIA-like,1,0.13178281486034393
4284,Joint,joint,DeepRed-like,2,0.12314976751804352
4294,Joint,joint,SYTO16-like,0,0.13836492598056793
4294,Joint,joint,DIA-like,1,0.16544868052005768
4294,Joint,joint,DeepRed-like,2,0.19033701717853546
4296,Joint,joint,SYTO16-like,0,0.18769235908985138
4296,Joint,joint,DIA-like,1,0.16663461923599243
4296,Joint,joint,DeepRed-like,2,0.14733409881591797
4306,Joint,joint,SYTO16-like,0,0.16313566267490387
4306,Joint,joint,DIA-like,1,0.15212862193584442
4306,Joint,joint,DeepRed-like,2,0.12568990886211395
4321,Joint,joint,SYTO16-like,0,0.1026155948638916
4321,Joint,joint,DIA-like,1,0.12087436020374298
4321,Joint,joint,DeepRed-like,2,0.15703843533992767
4327,Joint,joint,SYTO16-like,0,0.14608807861804962
4327,Joint,joint,DIA-like,1,0.1602855771780014
4327,Joint,joint,DeepRed-like,2,0.2462182343006134
4331,Joint,joint,SYTO16-like,0,0.11156418919563293
4331,Joint,joint,DIA-like,1,0.16898740828037262
4331,Joint,joint,DeepRed-like,2,0.2052730768918991
4334,Joint,joint,SYTO16-like,0,0.10881161689758301
4334,Joint,joint,DIA-like,1,0.13708382844924927
4334,Joint,joint,DeepRed-like,2,0.13683590292930603
4339,Joint,joint,SYTO16-like,0,0.09929361194372177
4339,Joint,joint,DIA-like,1,0.1114579513669014
4339,Joint,joint,DeepRed-like,2,0.1323559433221817
4340,Joint,joint,SYTO16-like,0,0.11587443947792053
4340,Joint,joint,DIA-like,1,0.15451867878437042
4340,Joint,joint,DeepRed-like,2,0.19261574745178223
4344,Joint,joint,SYTO16-like,0,0.12290305644273758
4344,Joint,joint,DIA-like,1,0.14221183955669403
4344,Joint,joint,DeepRed-like,2,0.14700768887996674
4349,Joint,joint,SYTO16-like,0,0.1482820212841034
4349,Joint,joint,DIA-like,1,0.14780792593955994
4349,Joint,joint,DeepRed-like,2,0.19477084279060364
4361,Joint,joint,SYTO16-like,0,0.15580406785011292
4361,Joint,joint,DIA-like,1,0.2346952110528946
4361,Joint,joint,DeepRed-like,2,0.16456107795238495
4370,Joint,joint,SYTO16-like,0,0.1297563910484314
4370,Joint,joint,DIA-like,1,0.13077770173549652
4370,Joint,joint,DeepRed-like,2,0.142575204372406
4371,Joint,joint,SYTO16-like,0,0.1377624124288559
4371,Joint,joint,DIA-like,1,0.11687915027141571
4371,Joint,joint,DeepRed-like,2,0.10402656346559525
4376,Joint,joint,SYTO16-like,0,0.15005558729171753
4376,Joint,joint,DIA-like,1,0.14742891490459442
4376,Joint,joint,DeepRed-like,2,0.24140727519989014
4390,Joint,joint,SYTO16-like,0,0.14514601230621338
4390,Joint,joint,DIA-like,1,0.14330662786960602
4390,Joint,joint,DeepRed-like,2,0.1319582462310791
4403,Joint,joint,SYTO16-like,0,0.11059191823005676
4403,Joint,joint,DIA-like,1,0.14439284801483154
4403,Joint,joint,DeepRed-like,2,0.1364106982946396
4408,Joint,joint,SYTO16-like,0,0.09767372906208038
4408,Joint,joint,DIA-like,1,0.120082788169384
4408,Joint,joint,DeepRed-like,2,0.18183356523513794
4412,Joint,joint,SYTO16-like,0,0.11242081969976425
4412,Joint,joint,DIA-like,1,0.1618708223104477
4412,Joint,joint,DeepRed-like,2,0.10712707787752151
4419,Joint,joint,SYTO16-like,0,0.10926256328821182
4419,Joint,joint,DIA-like,1,0.11370085179805756
4419,Joint,joint,DeepRed-like,2,0.11813836544752121
4433,Joint,joint,SYTO16-like,0,0.1862068772315979
4433,Joint,joint,DIA-like,1,0.1580532342195511
4433,Joint,joint,DeepRed-like,2,0.1803005188703537
4437,Joint,joint,SYTO16-like,0,0.1326952874660492
4437,Joint,joint,DIA-like,1,0.12779442965984344
4437,Joint,joint,DeepRed-like,2,0.14532668888568878
4446,Joint,joint,SYTO16-like,0,0.0984315499663353
4446,Joint,joint,DIA-like,1,0.13568387925624847
4446,Joint,joint,DeepRed-like,2,0.14715947210788727
4450,Joint,joint,SYTO16-like,0,0.11767633259296417
4450,Joint,joint,DIA-like,1,0.15619264543056488
4450,Joint,joint,DeepRed-like,2,0.23483110964298248
4460,Joint,joint,SYTO16-like,0,0.1497102528810501
4460,Joint,joint,DIA-like,1,0.17905636131763458
4460,Joint,joint,DeepRed-like,2,0.1579880565404892
4464,Joint,joint,SYTO16-like,0,0.186070516705513
4464,Joint,joint,DIA-like,1,0.12675894796848297
4464,Joint,joint,DeepRed-like,2,0.1631728559732437
4466,Joint,joint,SYTO16-like,0,0.13195295631885529
4466,Joint,joint,DIA-like,1,0.166283518075943
4466,Joint,joint,DeepRed-like,2,0.19565191864967346
4474,Joint,joint,SYTO16-like,0,0.15687218308448792
4474,Joint,joint,DIA-like,1,0.14905908703804016
4474,Joint,joint,DeepRed-like,2,0.21187283098697662
4491,Joint,joint,SYTO16-like,0,0.096185602247715
4491,Joint,joint,DIA-like,1,0.1355086714029312
4491,Joint,joint,DeepRed-like,2,0.15901021659374237
4499,Joint,joint,SYTO16-like,0,0.15595287084579468
4499,Joint,joint,DIA-like,1,0.16754552721977234
4499,Joint,joint,DeepRed-like,2,0.19132038950920105
4527,Joint,joint,SYTO16-like,0,0.0932864174246788
4527,Joint,joint,DIA-like,1,0.14045226573944092
4527,Joint,joint,DeepRed-like,2,0.11767900735139847
4535,Joint,joint,SYTO16-like,0,0.1515146642923355
4535,Joint,joint,DIA-like,1,0.1411440670490265
4535,Joint,joint,DeepRed-like,2,0.17073874175548553
4542,Joint,joint,SYTO16-like,0,0.12467356771230698
4542,Joint,joint,DIA-like,1,0.12496809661388397
4542,Joint,joint,DeepRed-like,2,0.13277766108512878
4544,Joint,joint,SYTO16-like,0,0.08787807822227478
4544,Joint,joint,DIA-like,1,0.12042222172021866
4544,Joint,joint,DeepRed-like,2,0.09897427260875702
4547,Joint,joint,SYTO16-like,0,0.10512476414442062
4547,Joint,joint,DIA-like,1,0.13176392018795013
4547,Joint,joint,DeepRed-like,2,0.15388073027133942
4554,Joint,joint,SYTO16-like,0,0.18632125854492188
4554,Joint,joint,DIA-like,1,0.16747842729091644
4554,Joint,joint,DeepRed-like,2,0.12913966178894043
4555,Joint,joint,SYTO16-like,0,0.12747927010059357
4555,Joint,joint,DIA-like,1,0.238546222448349
4555,Joint,joint,DeepRed-like,2,0.2515939772129059
4561,Joint,joint,SYTO16-like,0,0.12195418775081635
4561,Joint,joint,DIA-like,1,0.13147294521331787
4561,Joint,joint,DeepRed-like,2,0.12018083781003952
4566,Joint,joint,SYTO16-like,0,0.11957770586013794
4566,Joint,joint,DIA-like,1,0.13463984429836273
4566,Joint,joint,DeepRed-like,2,0.16107571125030518
4568,Joint,joint,SYTO16-like,0,0.14368489384651184
4568,Joint,joint,DIA-like,1,0.16277749836444855
4568,Joint,joint,DeepRed-like,2,0.2102578729391098
4586,Joint,joint,SYTO16-like,0,0.1510898917913437
4586,Joint,joint,DIA-like,1,0.16531647741794586
4586,Joint,joint,DeepRed-like,2,0.2002047300338745
4589,Joint,joint,SYTO16-like,0,0.10978912562131882
4589,Joint,joint,DIA-like,1,0.135141521692276
4589,Joint,joint,DeepRed-like,2,0.1284622848033905
4590,Joint,joint,SYTO16-like,0,0.13455478847026825
4590,Joint,joint,DIA-like,1,0.13830383121967316
4590,Joint,joint,DeepRed-like,2,0.12663277983665466
4597,Joint,joint,SYTO16-like,0,0.11285307258367538
4597,Joint,joint,DIA-like,1,0.14213235676288605
4597,Joint,joint,DeepRed-like,2,0.16780181229114532
4602,Joint,joint,SYTO16-like,0,0.1635175347328186
4602,Joint,joint,DIA-like,1,0.18507356941699982
4602,Joint,joint,DeepRed-like,2,0.19246670603752136
4613,Joint,joint,SYTO16-like,0,0.17769929766654968
4613,Joint,joint,DIA-like,1,0.15639980137348175
4613,Joint,joint,DeepRed-like,2,0.1797402799129486
4614,Joint,joint,SYTO16-like,0,0.12082046270370483
4614,Joint,joint,DIA-like,1,0.12817324697971344
4614,Joint,joint,DeepRed-like,2,0.15551382303237915
4619,Joint,joint,SYTO16-like,0,0.1142512857913971
4619,Joint,joint,DIA-like,1,0.11423234641551971
4619,Joint,joint,DeepRed-like,2,0.1266520470380783
4627,Joint,joint,SYTO16-like,0,0.1082768365740776
4627,Joint,joint,DIA-like,1,0.15815095603466034
4627,Joint,joint,DeepRed-like,2,0.16331201791763306
4629,Joint,joint,SYTO16-like,0,0.11899067461490631
4629,Joint,joint,DIA-like,1,0.14515464007854462
4629,Joint,joint,DeepRed-like,2,0.14089879393577576
4633,Joint,joint,SYTO16-like,0,0.09857257455587387
4633,Joint,joint,DIA-like,1,0.11773215979337692
4633,Joint,joint,DeepRed-like,2,0.16023260354995728
4635,Joint,joint,SYTO16-like,0,0.1008867546916008
4635,Joint,joint,DIA-like,1,0.17337743937969208
4635,Joint,joint,DeepRed-like,2,0.15628506243228912
4650,Joint,joint,SYTO16-like,0,0.1361510455608368
4650,Joint,joint,DIA-like,1,0.1774594485759735
4650,Joint,joint,DeepRed-like,2,0.18531657755374908
4656,Joint,joint,SYTO16-like,0,0.14411602914333344
4656,Joint,joint,DIA-like,1,0.19227854907512665
4656,Joint,joint,DeepRed-like,2,0.18606984615325928
4677,Joint,joint,SYTO16-like,0,0.11557483673095703
4677,Joint,joint,DIA-like,1,0.11943155527114868
4677,Joint,joint,DeepRed-like,2,0.10711812227964401
4682,Joint,joint,SYTO16-like,0,0.09796936810016632
4682,Joint,joint,DIA-like,1,0.12158087641000748
4682,Joint,joint,DeepRed-like,2,0.1170743927359581
4685,Joint,joint,SYTO16-like,0,0.08320006728172302
4685,Joint,joint,DIA-like,1,0.09336822479963303
4685,Joint,joint,DeepRed-like,2,0.0865074098110199
4691,Joint,joint,SYTO16-like,0,0.14523038268089294
4691,Joint,joint,DIA-like,1,0.17995724081993103
4691,Joint,joint,DeepRed-like,2,0.14450393617153168
4703,Joint,joint,SYTO16-like,0,0.15330252051353455
4703,Joint,joint,DIA-like,1,0.15536625683307648
4703,Joint,joint,DeepRed-like,2,0.1521090418100357
4712,Joint,joint,SYTO16-like,0,0.08345888555049896
4712,Joint,joint,DIA-like,1,0.10353843867778778
4712,Joint,joint,DeepRed-like,2,0.0950341522693634
4716,Joint,joint,SYTO16-like,0,0.10767839848995209
4716,Joint,joint,DIA-like,1,0.08878464996814728
4716,Joint,joint,DeepRed-like,2,0.07938012480735779
4725,Joint,joint,SYTO16-like,0,0.1628933846950531
4725,Joint,joint,DIA-like,1,0.13977275788784027
4725,Joint,joint,DeepRed-like,2,0.15904787182807922
4727,Joint,joint,SYTO16-like,0,0.10932604968547821
4727,Joint,joint,DIA-like,1,0.15999452769756317
4727,Joint,joint,DeepRed-like,2,0.17938780784606934
4734,Joint,joint,SYTO16-like,0,0.15740977227687836
4734,Joint,joint,DIA-like,1,0.15819640457630157
4734,Joint,joint,DeepRed-like,2,0.16972556710243225
4750,Joint,joint,SYTO16-like,0,0.12969429790973663
4750,Joint,joint,DIA-like,1,0.16782987117767334
4750,Joint,joint,DeepRed-like,2,0.14664039015769958
4751,Joint,joint,SYTO16-like,0,0.09632550179958344
4751,Joint,joint,DIA-like,1,0.12965963780879974
4751,Joint,joint,DeepRed-like,2,0.13285386562347412
4752,Joint,joint,SYTO16-like,0,0.15578068792819977
4752,Joint,joint,DIA-like,1,0.14457380771636963
4752,Joint,joint,DeepRed-like,2,0.16604937613010406
4753,Joint,joint,SYTO16-like,0,0.13132870197296143
4753,Joint,joint,DIA-like,1,0.11628498136997223
4753,Joint,joint,DeepRed-like,2,0.1371964067220688
4760,Joint,joint,SYTO16-like,0,0.14029762148857117
4760,Joint,joint,DIA-like,1,0.1798773556947708
4760,Joint,joint,DeepRed-like,2,0.19773858785629272
4761,Joint,joint,SYTO16-like,0,0.11490368098020554
4761,Joint,joint,DIA-like,1,0.14456960558891296
4761,Joint,joint,DeepRed-like,2,0.16440361738204956
4770,Joint,joint,SYTO16-like,0,0.11294858902692795
4770,Joint,joint,DIA-like,1,0.13389752805233002
4770,Joint,joint,DeepRed-like,2,0.09744268655776978
4774,Joint,joint,SYTO16-like,0,0.1276569366455078
4774,Joint,joint,DIA-like,1,0.12549929320812225
4774,Joint,joint,DeepRed-like,2,0.1294875591993332
4777,Joint,joint,SYTO16-like,0,0.13422515988349915
4777,Joint,joint,DIA-like,1,0.18522769212722778
4777,Joint,joint,DeepRed-like,2,0.16928641498088837
4791,Joint,joint,SYTO16-like,0,0.12137974798679352
4791,Joint,joint,DIA-like,1,0.16804444789886475
4791,Joint,joint,DeepRed-like,2,0.18788164854049683
4793,Joint,joint,SYTO16-like,0,0.13231399655342102
4793,Joint,joint,DIA-like,1,0.11628030985593796
4793,Joint,joint,DeepRed-like,2,0.1508285403251648
4796,Joint,joint,SYTO16-like,0,0.10683538019657135
4796,Joint,joint,DIA-like,1,0.12149854004383087
4796,Joint,joint,DeepRed-like,2,0.16897988319396973
4801,Joint,joint,SYTO16-like,0,0.1282482147216797
4801,Joint,joint,DIA-like,1,0.1534600704908371
4801,Joint,joint,DeepRed-like,2,0.18637685477733612
4809,Joint,joint,SYTO16-like,0,0.10511324554681778
4809,Joint,joint,DIA-like,1,0.13546200096607208
4809,Joint,joint,DeepRed-like,2,0.1724155694246292
4811,Joint,joint,SYTO16-like,0,0.1306389719247818
4811,Joint,joint,DIA-like,1,0.16360917687416077
4811,Joint,joint,DeepRed-like,2,0.23575253784656525
4813,Joint,joint,SYTO16-like,0,0.12483056634664536
4813,Joint,joint,DIA-like,1,0.12709687650203705
4813,Joint,joint,DeepRed-like,2,0.10555510967969894
4821,Joint,joint,SYTO16-like,0,0.12685295939445496
4821,Joint,joint,DIA-like,1,0.14529456198215485
4821,Joint,joint,DeepRed-like,2,0.17881684005260468
4828,Joint,joint,SYTO16-like,0,0.10650403797626495
4828,Joint,joint,DIA-like,1,0.11429474502801895
4828,Joint,joint,DeepRed-like,2,0.10952623188495636
4839,Joint,joint,SYTO16-like,0,0.10834845155477524
4839,Joint,joint,DIA-like,1,0.11378674954175949
4839,Joint,joint,DeepRed-like,2,0.12148839980363846
4842,Joint,joint,SYTO16-like,0,0.1424860954284668
4842,Joint,joint,DIA-like,1,0.14826729893684387
4842,Joint,joint,DeepRed-like,2,0.19034917652606964
4851,Joint,joint,SYTO16-like,0,0.0971868708729744
4851,Joint,joint,DIA-like,1,0.12925603985786438
4851,Joint,joint,DeepRed-like,2,0.12499968707561493
4854,Joint,joint,SYTO16-like,0,0.08161818981170654
4854,Joint,joint,DIA-like,1,0.13263677060604095
4854,Joint,joint,DeepRed-like,2,0.1631954312324524
4859,Joint,joint,SYTO16-like,0,0.1020098328590393
4859,Joint,joint,DIA-like,1,0.13618697226047516
4859,Joint,joint,DeepRed-like,2,0.09848668426275253
4862,Joint,joint,SYTO16-like,0,0.10838519781827927
4862,Joint,joint,DIA-like,1,0.13489489257335663
4862,Joint,joint,DeepRed-like,2,0.18825086951255798
4866,Joint,joint,SYTO16-like,0,0.13020433485507965
4866,Joint,joint,DIA-like,1,0.16475868225097656
4866,Joint,joint,DeepRed-like,2,0.21331527829170227
4881,Joint,joint,SYTO16-like,0,0.1573537141084671
4881,Joint,joint,DIA-like,1,0.16843275725841522
4881,Joint,joint,DeepRed-like,2,0.14641688764095306
4901,Joint,joint,SYTO16-like,0,0.1127873957157135
4901,Joint,joint,DIA-like,1,0.14162036776542664
4901,Joint,joint,DeepRed-like,2,0.1885780543088913
4905,Joint,joint,SYTO16-like,0,0.14123296737670898
4905,Joint,joint,DIA-like,1,0.16839314997196198
4905,Joint,joint,DeepRed-like,2,0.18632930517196655
4907,Joint,joint,SYTO16-like,0,0.19102084636688232
4907,Joint,joint,DIA-like,1,0.15652577579021454
4907,Joint,joint,DeepRed-like,2,0.131087988615036
4911,Joint,joint,SYTO16-like,0,0.11779502034187317
4911,Joint,joint,DIA-like,1,0.18901315331459045
4911,Joint,joint,DeepRed-like,2,0.15899205207824707
4923,Joint,joint,SYTO16-like,0,0.10258517414331436
4923,Joint,joint,DIA-like,1,0.1482848972082138
4923,Joint,joint,DeepRed-like,2,0.17508457601070404
4926,Joint,joint,SYTO16-like,0,0.11076182126998901
4926,Joint,joint,DIA-like,1,0.12973695993423462
4926,Joint,joint,DeepRed-like,2,0.17301736772060394
4936,Joint,joint,SYTO16-like,0,0.11753946542739868
4936,Joint,joint,DIA-like,1,0.14779886603355408
4936,Joint,joint,DeepRed-like,2,0.1785067915916443
4937,Joint,joint,SYTO16-like,0,0.10174776613712311
4937,Joint,joint,DIA-like,1,0.13563042879104614
4937,Joint,joint,DeepRed-like,2,0.12132294476032257
4939,Joint,joint,SYTO16-like,0,0.20405353605747223
4939,Joint,joint,DIA-like,1,0.16835741698741913
4939,Joint,joint,DeepRed-like,2,0.22222870588302612
4943,Joint,joint,SYTO16-like,0,0.12773306667804718
4943,Joint,joint,DIA-like,1,0.1791374385356903
4943,Joint,joint,DeepRed-like,2,0.19294533133506775
4973,Joint,joint,SYTO16-like,0,0.12366624921560287
4973,Joint,joint,DIA-like,1,0.15234655141830444
4973,Joint,joint,DeepRed-like,2,0.11693739891052246
4975,Joint,joint,SYTO16-like,0,0.08897432684898376
4975,Joint,joint,DIA-like,1,0.11452388763427734
4975,Joint,joint,DeepRed-like,2,0.10897256433963776
4980,Joint,joint,SYTO16-like,0,0.15392884612083435
4980,Joint,joint,DIA-like,1,0.15469598770141602
4980,Joint,joint,DeepRed-like,2,0.1850382536649704
4987,Joint,joint,SYTO16-like,0,0.15968145430088043
4987,Joint,joint,DIA-like,1,0.20827814936637878
4987,Joint,joint,DeepRed-like,2,0.19524003565311432
4995,Joint,joint,SYTO16-like,0,0.11305701732635498
4995,Joint,joint,DIA-like,1,0.1714579164981842
4995,Joint,joint,DeepRed-like,2,0.23359307646751404
4997,Joint,joint,SYTO16-like,0,0.1266622245311737
4997,Joint,joint,DIA-like,1,0.1211814433336258
4997,Joint,joint,DeepRed-like,2,0.14378707110881805
5010,Joint,joint,SYTO16-like,0,0.13328717648983002
5010,Joint,joint,DIA-like,1,0.1212601438164711
5010,Joint,joint,DeepRed-like,2,0.16083551943302155
5013,Joint,joint,SYTO16-like,0,0.1189112514257431
5013,Joint,joint,DIA-like,1,0.1516103446483612
5013,Joint,joint,DeepRed-like,2,0.1518801897764206
5017,Joint,joint,SYTO16-like,0,0.07462534308433533
5017,Joint,joint,DIA-like,1,0.10772181302309036
5017,Joint,joint,DeepRed-like,2,0.09605348110198975
5025,Joint,joint,SYTO16-like,0,0.14124254882335663
5025,Joint,joint,DIA-like,1,0.17551420629024506
5025,Joint,joint,DeepRed-like,2,0.23837682604789734
5028,Joint,joint,SYTO16-like,0,0.1532934606075287
5028,Joint,joint,DIA-like,1,0.13298951089382172
5028,Joint,joint,DeepRed-like,2,0.153345987200737
5039,Joint,joint,SYTO16-like,0,0.15834850072860718
5039,Joint,joint,DIA-like,1,0.1753419041633606
5039,Joint,joint,DeepRed-like,2,0.17241235077381134
5041,Joint,joint,SYTO16-like,0,0.09597339481115341
5041,Joint,joint,DIA-like,1,0.12372659146785736
5041,Joint,joint,DeepRed-like,2,0.13935674726963043
5053,Joint,joint,SYTO16-like,0,0.09290257096290588
5053,Joint,joint,DIA-like,1,0.11078061908483505
5053,Joint,joint,DeepRed-like,2,0.15756385028362274
5058,Joint,joint,SYTO16-like,0,0.13316604495048523
5058,Joint,joint,DIA-like,1,0.10623946785926819
5058,Joint,joint,DeepRed-like,2,0.108233742415905
5064,Joint,joint,SYTO16-like,0,0.12760867178440094
5064,Joint,joint,DIA-like,1,0.12964406609535217
5064,Joint,joint,DeepRed-like,2,0.1229645311832428
5069,Joint,joint,SYTO16-like,0,0.10972455888986588
5069,Joint,joint,DIA-like,1,0.13912226259708405
5069,Joint,joint,DeepRed-like,2,0.15904845297336578
5073,Joint,joint,SYTO16-like,0,0.11180105060338974
5073,Joint,joint,DIA-like,1,0.13931894302368164
5073,Joint,joint,DeepRed-like,2,0.16088372468948364
5084,Joint,joint,SYTO16-like,0,0.17493095993995667
5084,Joint,joint,DIA-like,1,0.16423660516738892
5084,Joint,joint,DeepRed-like,2,0.20006853342056274
5096,Joint,joint,SYTO16-like,0,0.11184171587228775
5096,Joint,joint,DIA-like,1,0.140116348862648
5096,Joint,joint,DeepRed-like,2,0.11391349881887436
5099,Joint,joint,SYTO16-like,0,0.10636477917432785
5099,Joint,joint,DIA-like,1,0.14611569046974182
5099,Joint,joint,DeepRed-like,2,0.18587665259838104
5101,Joint,joint,SYTO16-like,0,0.11796097457408905
5101,Joint,joint,DIA-like,1,0.14660128951072693
5101,Joint,joint,DeepRed-like,2,0.17386741936206818
5103,Joint,joint,SYTO16-like,0,0.14372821152210236
5103,Joint,joint,DIA-like,1,0.16654740273952484
5103,Joint,joint,DeepRed-like,2,0.16021393239498138
5105,Joint,joint,SYTO16-like,0,0.19182097911834717
5105,Joint,joint,DIA-like,1,0.13929428160190582
5105,Joint,joint,DeepRed-like,2,0.19719131290912628
5106,Joint,joint,SYTO16-like,0,0.10797177255153656
5106,Joint,joint,DIA-like,1,0.13547715544700623
5106,Joint,joint,DeepRed-like,2,0.16463476419448853
5120,Joint,joint,SYTO16-like,0,0.25155630707740784
5120,Joint,joint,DIA-like,1,0.13333354890346527
5120,Joint,joint,DeepRed-like,2,0.1374281495809555
5125,Joint,joint,SYTO16-like,0,0.12679527699947357
5125,Joint,joint,DIA-like,1,0.17487937211990356
5125,Joint,joint,DeepRed-like,2,0.1867319643497467
5139,Joint,joint,SYTO16-like,0,0.1026141345500946
5139,Joint,joint,DIA-like,1,0.15533103048801422
5139,Joint,joint,DeepRed-like,2,0.17518435418605804
5151,Joint,joint,SYTO16-like,0,0.13761354982852936
5151,Joint,joint,DIA-like,1,0.15918096899986267
5151,Joint,joint,DeepRed-like,2,0.2001480609178543
5154,Joint,joint,SYTO16-like,0,0.10852286964654922
5154,Joint,joint,DIA-like,1,0.12989112734794617
5154,Joint,joint,DeepRed-like,2,0.1769794076681137
5160,Joint,joint,SYTO16-like,0,0.14137037098407745
5160,Joint,joint,DIA-like,1,0.15441612899303436
5160,Joint,joint,DeepRed-like,2,0.1782580316066742
5162,Joint,joint,SYTO16-like,0,0.1752559244632721
5162,Joint,joint,DIA-like,1,0.13051897287368774
5162,Joint,joint,DeepRed-like,2,0.14164391160011292
5182,Joint,joint,SYTO16-like,0,0.17056645452976227
5182,Joint,joint,DIA-like,1,0.17177395522594452
5182,Joint,joint,DeepRed-like,2,0.15894994139671326
5183,Joint,joint,SYTO16-like,0,0.09180039167404175
5183,Joint,joint,DIA-like,1,0.14154592156410217
5183,Joint,joint,DeepRed-like,2,0.16446129977703094
5190,Joint,joint,SYTO16-like,0,0.10316528379917145
5190,Joint,joint,DIA-like,1,0.11764319241046906
5190,Joint,joint,DeepRed-like,2,0.12730832397937775
5199,Joint,joint,SYTO16-like,0,0.1502818465232849
5199,Joint,joint,DIA-like,1,0.15055909752845764
5199,Joint,joint,DeepRed-like,2,0.12468137592077255
5216,Joint,joint,SYTO16-like,0,0.11806892603635788
5216,Joint,joint,DIA-like,1,0.11691602319478989
5216,Joint,joint,DeepRed-like,2,0.14625976979732513
5220,Joint,joint,SYTO16-like,0,0.14714118838310242
5220,Joint,joint,DIA-like,1,0.15395130217075348
5220,Joint,joint,DeepRed-like,2,0.16042861342430115
5221,Joint,joint,SYTO16-like,0,0.09521111845970154
5221,Joint,joint,DIA-like,1,0.11254959553480148
5221,Joint,joint,DeepRed-like,2,0.1451447755098343
5227,Joint,joint,SYTO16-like,0,0.09454517066478729
5227,Joint,joint,DIA-like,1,0.1015867069363594
5227,Joint,joint,DeepRed-like,2,0.07134213298559189
5234,Joint,joint,SYTO16-like,0,0.13319121301174164
5234,Joint,joint,DIA-like,1,0.14121483266353607
5234,Joint,joint,DeepRed-like,2,0.1697881668806076
5235,Joint,joint,SYTO16-like,0,0.117855004966259
5235,Joint,joint,DIA-like,1,0.13561494648456573
5235,Joint,joint,DeepRed-like,2,0.1463770568370819
5250,Joint,joint,SYTO16-like,0,0.11287986487150192
5250,Joint,joint,DIA-like,1,0.13993331789970398
5250,Joint,joint,DeepRed-like,2,0.1753419041633606
5254,Joint,joint,SYTO16-like,0,0.09120608866214752
5254,Joint,joint,DIA-like,1,0.10530678927898407
5254,Joint,joint,DeepRed-like,2,0.0901135578751564
5259,Joint,joint,SYTO16-like,0,0.1372181475162506
5259,Joint,joint,DIA-like,1,0.12612971663475037
5259,Joint,joint,DeepRed-like,2,0.20707151293754578
5263,Joint,joint,SYTO16-like,0,0.10326133668422699
5263,Joint,joint,DIA-like,1,0.121530681848526
5263,Joint,joint,DeepRed-like,2,0.12964922189712524
5265,Joint,joint,SYTO16-like,0,0.12999239563941956
5265,Joint,joint,DIA-like,1,0.6543625593185425
5265,Joint,joint,DeepRed-like,2,0.3390115797519684
5268,Joint,joint,SYTO16-like,0,0.09865706413984299
5268,Joint,joint,DIA-like,1,0.12119247764348984
5268,Joint,joint,DeepRed-like,2,0.11635124683380127
5275,Joint,joint,SYTO16-like,0,0.12973760068416595
5275,Joint,joint,DIA-like,1,0.13681724667549133
5275,Joint,joint,DeepRed-like,2,0.08753081411123276
5281,Joint,joint,SYTO16-like,0,0.12807799875736237
5281,Joint,joint,DIA-like,1,0.1350306272506714
5281,Joint,joint,DeepRed-like,2,0.19159066677093506
5290,Joint,joint,SYTO16-like,0,0.12018141895532608
5290,Joint,joint,DIA-like,1,0.1455681025981903
5290,Joint,joint,DeepRed-like,2,0.13764403760433197
5293,Joint,joint,SYTO16-like,0,0.14372923970222473
5293,Joint,joint,DIA-like,1,0.1704941838979721
5293,Joint,joint,DeepRed-like,2,0.1948951780796051
5302,Joint,joint,SYTO16-like,0,0.1614164113998413
5302,Joint,joint,DIA-like,1,0.18893422186374664
5302,Joint,joint,DeepRed-like,2,0.23477494716644287
5313,Joint,joint,SYTO16-like,0,0.11309674382209778
5313,Joint,joint,DIA-like,1,0.131814643740654
5313,Joint,joint,DeepRed-like,2,0.16410040855407715
5336,Joint,joint,SYTO16-like,0,0.120460644364357
5336,Joint,joint,DIA-like,1,0.14312763512134552
5336,Joint,joint,DeepRed-like,2,0.1865091621875763
5337,Joint,joint,SYTO16-like,0,0.13193972408771515
5337,Joint,joint,DIA-like,1,0.121222123503685
5337,Joint,joint,DeepRed-like,2,0.14660175144672394
5347,Joint,joint,SYTO16-like,0,0.21357938647270203
5347,Joint,joint,DIA-like,1,0.22436365485191345
5347,Joint,joint,DeepRed-like,2,0.2161295861005783
5357,Joint,joint,SYTO16-like,0,0.11549736559391022
5357,Joint,joint,DIA-like,1,0.13714741170406342
5357,Joint,joint,DeepRed-like,2,0.13466395437717438
5360,Joint,joint,SYTO16-like,0,0.23888038098812103
5360,Joint,joint,DIA-like,1,0.21434859931468964
5360,Joint,joint,DeepRed-like,2,0.30226224660873413
5362,Joint,joint,SYTO16-like,0,0.13087262213230133
5362,Joint,joint,DIA-like,1,0.10575176775455475
5362,Joint,joint,DeepRed-like,2,0.0823693722486496
5370,Joint,joint,SYTO16-like,0,0.23882964253425598
5370,Joint,joint,DIA-like,1,0.23908577859401703
5370,Joint,joint,DeepRed-like,2,0.1858079731464386
5372,Joint,joint,SYTO16-like,0,0.16238346695899963
5372,Joint,joint,DIA-like,1,0.15444476902484894
5372,Joint,joint,DeepRed-like,2,0.18943029642105103
5378,Joint,joint,SYTO16-like,0,0.1724344789981842
5378,Joint,joint,DIA-like,1,0.15785448253154755
5378,Joint,joint,DeepRed-like,2,0.17849649488925934
5383,Joint,joint,SYTO16-like,0,0.14005129039287567
5383,Joint,joint,DIA-like,1,0.181208997964859
5383,Joint,joint,DeepRed-like,2,0.24038910865783691
5400,Joint,joint,SYTO16-like,0,0.17135950922966003
5400,Joint,joint,DIA-like,1,0.1594058722257614
5400,Joint,joint,DeepRed-like,2,0.14390450716018677
5408,Joint,joint,SYTO16-like,0,0.10561387240886688
5408,Joint,joint,DIA-like,1,0.15614718198776245
5408,Joint,joint,DeepRed-like,2,0.11586113274097443
5413,Joint,joint,SYTO16-like,0,0.09596715867519379
5413,Joint,joint,DIA-like,1,0.11677757650613785
5413,Joint,joint,DeepRed-like,2,0.12764036655426025
5415,Joint,joint,SYTO16-like,0,0.1356857717037201
5415,Joint,joint,DIA-like,1,0.14704136550426483
5415,Joint,joint,DeepRed-like,2,0.1674872487783432
5417,Joint,joint,SYTO16-like,0,0.11415841430425644
5417,Joint,joint,DIA-like,1,0.175257608294487
5417,Joint,joint,DeepRed-like,2,0.1179424524307251
5425,Joint,joint,SYTO16-like,0,0.16709685325622559
5425,Joint,joint,DIA-like,1,0.17505401372909546
5425,Joint,joint,DeepRed-like,2,0.17020335793495178
5435,Joint,joint,SYTO16-like,0,0.11784397810697556
5435,Joint,joint,DIA-like,1,0.17536592483520508
5435,Joint,joint,DeepRed-like,2,0.15655286610126495
5437,Joint,joint,SYTO16-like,0,0.136347234249115
5437,Joint,joint,DIA-like,1,0.14585013687610626
5437,Joint,joint,DeepRed-like,2,0.2008640319108963
5443,Joint,joint,SYTO16-like,0,0.14826299250125885
5443,Joint,joint,DIA-like,1,0.170745849609375
5443,Joint,joint,DeepRed-like,2,0.18221792578697205
5450,Joint,joint,SYTO16-like,0,0.16142775118350983
5450,Joint,joint,DIA-like,1,0.1597830206155777
5450,Joint,joint,DeepRed-like,2,0.19001184403896332
5452,Joint,joint,SYTO16-like,0,0.1091495007276535
5452,Joint,joint,DIA-like,1,0.1957659125328064
5452,Joint,joint,DeepRed-like,2,0.13975608348846436
5456,Joint,joint,SYTO16-like,0,0.10065688192844391
5456,Joint,joint,DIA-like,1,0.15680982172489166
5456,Joint,joint,DeepRed-like,2,0.17311929166316986
5459,Joint,joint,SYTO16-like,0,0.10168220847845078
5459,Joint,joint,DIA-like,1,0.13164079189300537
5459,Joint,joint,DeepRed-like,2,0.16661286354064941
5479,Joint,joint,SYTO16-like,0,0.20501329004764557
5479,Joint,joint,DIA-like,1,0.15975765883922577
5479,Joint,joint,DeepRed-like,2,0.28669437766075134
5485,Joint,joint,SYTO16-like,0,0.13777011632919312
5485,Joint,joint,DIA-like,1,0.16849878430366516
5485,Joint,joint,DeepRed-like,2,0.14629516005516052
5493,Joint,joint,SYTO16-like,0,0.12420131266117096
5493,Joint,joint,DIA-like,1,0.14603762328624725
5493,Joint,joint,DeepRed-like,2,0.2172853946685791
5496,Joint,joint,SYTO16-like,0,0.13799545168876648
5496,Joint,joint,DIA-like,1,0.12043731659650803
5496,Joint,joint,DeepRed-like,2,0.13557447493076324
5497,Joint,joint,SYTO16-like,0,0.13226833939552307
5497,Joint,joint,DIA-like,1,0.1535484492778778
5497,Joint,joint,DeepRed-like,2,0.1712799221277237
5519,Joint,joint,SYTO16-like,0,0.11055992543697357
5519,Joint,joint,DIA-like,1,0.12398892641067505
5519,Joint,joint,DeepRed-like,2,0.10455820709466934
5521,Joint,joint,SYTO16-like,0,0.19105741381645203
5521,Joint,joint,DIA-like,1,0.1596459150314331
5521,Joint,joint,DeepRed-like,2,0.14485980570316315
5522,Joint,joint,SYTO16-like,0,0.11621139943599701
5522,Joint,joint,DIA-like,1,0.1444850116968155
5522,Joint,joint,DeepRed-like,2,0.1705518364906311
5532,Joint,joint,SYTO16-like,0,0.1304888129234314
5532,Joint,joint,DIA-like,1,0.1737024039030075
5532,Joint,joint,DeepRed-like,2,0.16651026904582977
5544,Joint,joint,SYTO16-like,0,0.1303481161594391
5544,Joint,joint,DIA-like,1,0.13053256273269653
5544,Joint,joint,DeepRed-like,2,0.11224330216646194
5545,Joint,joint,SYTO16-like,0,0.16406556963920593
5545,Joint,joint,DIA-like,1,0.14346706867218018
5545,Joint,joint,DeepRed-like,2,0.11192097514867783
5551,Joint,joint,SYTO16-like,0,0.18711550533771515
5551,Joint,joint,DIA-like,1,0.15946948528289795
5551,Joint,joint,DeepRed-like,2,0.1623580902814865
5555,Joint,joint,SYTO16-like,0,0.1355077028274536
5555,Joint,joint,DIA-like,1,0.1685328483581543
5555,Joint,joint,DeepRed-like,2,0.2255754917860031
5556,Joint,joint,SYTO16-like,0,0.07750815153121948
5556,Joint,joint,DIA-like,1,0.08086398988962173
5556,Joint,joint,DeepRed-like,2,0.08715846389532089
5557,Joint,joint,SYTO16-like,0,0.17290908098220825
5557,Joint,joint,DIA-like,1,0.12222791463136673
5557,Joint,joint,DeepRed-like,2,0.14569571614265442
5560,Joint,joint,SYTO16-like,0,0.15168793499469757
5560,Joint,joint,DIA-like,1,0.19125467538833618
5560,Joint,joint,DeepRed-like,2,0.1360243856906891
5569,Joint,joint,SYTO16-like,0,0.1284113973379135
5569,Joint,joint,DIA-like,1,0.15805251896381378
5569,Joint,joint,DeepRed-like,2,0.1551818996667862
5572,Joint,joint,SYTO16-like,0,0.1538328379392624
5572,Joint,joint,DIA-like,1,0.15757551789283752
5572,Joint,joint,DeepRed-like,2,0.16443607211112976
5573,Joint,joint,SYTO16-like,0,0.20736446976661682
5573,Joint,joint,DIA-like,1,0.13444341719150543
5573,Joint,joint,DeepRed-like,2,0.21239371597766876
5578,Joint,joint,SYTO16-like,0,0.11768782138824463
5578,Joint,joint,DIA-like,1,0.13614167273044586
5578,Joint,joint,DeepRed-like,2,0.17184458673000336
5584,Joint,joint,SYTO16-like,0,0.10304772853851318
5584,Joint,joint,DIA-like,1,0.12382986396551132
5584,Joint,joint,DeepRed-like,2,0.16665410995483398
5585,Joint,joint,SYTO16-like,0,0.1347121000289917
5585,Joint,joint,DIA-like,1,0.15889407694339752
5585,Joint,joint,DeepRed-like,2,0.1964053064584732
5587,Joint,joint,SYTO16-like,0,0.11504839360713959
5587,Joint,joint,DIA-like,1,0.14151154458522797
5587,Joint,joint,DeepRed-like,2,0.1581900268793106
5589,Joint,joint,SYTO16-like,0,0.12139738351106644
5589,Joint,joint,DIA-like,1,0.13051854074001312
5589,Joint,joint,DeepRed-like,2,0.09906996041536331
5596,Joint,joint,SYTO16-like,0,0.16473326086997986
5596,Joint,joint,DIA-like,1,0.14909660816192627
5596,Joint,joint,DeepRed-like,2,0.22587673366069794
5603,Joint,joint,SYTO16-like,0,0.11551465094089508
5603,Joint,joint,DIA-like,1,0.13878391683101654
5603,Joint,joint,DeepRed-like,2,0.1406382918357849
5608,Joint,joint,SYTO16-like,0,0.12685348093509674
5608,Joint,joint,DIA-like,1,0.2555570602416992
5608,Joint,joint,DeepRed-like,2,0.13799424469470978
5610,Joint,joint,SYTO16-like,0,0.14953473210334778
5610,Joint,joint,DIA-like,1,0.1558382362127304
5610,Joint,joint,DeepRed-like,2,0.15871503949165344
5615,Joint,joint,SYTO16-like,0,0.07297655194997787
5615,Joint,joint,DIA-like,1,0.11058118939399719
5615,Joint,joint,DeepRed-like,2,0.08706802874803543
5618,Joint,joint,SYTO16-like,0,0.12228326499462128
5618,Joint,joint,DIA-like,1,0.16769751906394958
5618,Joint,joint,DeepRed-like,2,0.15859763324260712
5623,Joint,joint,SYTO16-like,0,0.1420413702726364
5623,Joint,joint,DIA-like,1,0.10875842720270157
5623,Joint,joint,DeepRed-like,2,0.08524288982152939
5633,Joint,joint,SYTO16-like,0,0.117156021296978
5633,Joint,joint,DIA-like,1,0.12425915896892548
5633,Joint,joint,DeepRed-like,2,0.14396367967128754
5646,Joint,joint,SYTO16-like,0,0.14996320009231567
5646,Joint,joint,DIA-like,1,0.16061848402023315
5646,Joint,joint,DeepRed-like,2,0.1265566200017929
5648,Joint,joint,SYTO16-like,0,0.1266496628522873
5648,Joint,joint,DIA-like,1,0.15848983824253082
5648,Joint,joint,DeepRed-like,2,0.17218215763568878
5657,Joint,joint,SYTO16-like,0,0.126103937625885
5657,Joint,joint,DIA-like,1,0.14692187309265137
5657,Joint,joint,DeepRed-like,2,0.14657342433929443
5662,Joint,joint,SYTO16-like,0,0.11950810998678207
5662,Joint,joint,DIA-like,1,0.13925474882125854
5662,Joint,joint,DeepRed-like,2,0.14786075055599213
5667,Joint,joint,SYTO16-like,0,0.15584543347358704
5667,Joint,joint,DIA-like,1,0.12783485651016235
5667,Joint,joint,DeepRed-like,2,0.16554409265518188
5674,Joint,joint,SYTO16-like,0,0.14648133516311646
5674,Joint,joint,DIA-like,1,0.16598860919475555
5674,Joint,joint,DeepRed-like,2,0.13690169155597687
5677,Joint,joint,SYTO16-like,0,0.17495214939117432
5677,Joint,joint,DIA-like,1,0.1566484421491623
5677,Joint,joint,DeepRed-like,2,0.18228879570960999
5697,Joint,joint,SYTO16-like,0,0.14472761750221252
5697,Joint,joint,DIA-like,1,0.19243815541267395
5697,Joint,joint,DeepRed-like,2,0.21276050806045532
5712,Joint,joint,SYTO16-like,0,0.12506508827209473
5712,Joint,joint,DIA-like,1,0.13820131123065948
5712,Joint,joint,DeepRed-like,2,0.11998818814754486
5715,Joint,joint,SYTO16-like,0,0.19682659208774567
5715,Joint,joint,DIA-like,1,0.15182484686374664
5715,Joint,joint,DeepRed-like,2,0.14277543127536774
5728,Joint,joint,SYTO16-like,0,0.10223876684904099
5728,Joint,joint,DIA-like,1,0.13052618503570557
5728,Joint,joint,DeepRed-like,2,0.14280155301094055
5737,Joint,joint,SYTO16-like,0,0.12386415898799896
5737,Joint,joint,DIA-like,1,0.15363222360610962
5737,Joint,joint,DeepRed-like,2,0.15673629939556122
5742,Joint,joint,SYTO16-like,0,0.11028318852186203
5742,Joint,joint,DIA-like,1,0.15504777431488037
5742,Joint,joint,DeepRed-like,2,0.16785317659378052
5744,Joint,joint,SYTO16-like,0,0.12181852757930756
5744,Joint,joint,DIA-like,1,0.12457837164402008
5744,Joint,joint,DeepRed-like,2,0.12242478132247925
5758,Joint,joint,SYTO16-like,0,0.10311814397573471
5758,Joint,joint,DIA-like,1,0.16203095018863678
5758,Joint,joint,DeepRed-like,2,0.15026015043258667
5763,Joint,joint,SYTO16-like,0,0.10682746022939682
5763,Joint,joint,DIA-like,1,0.17613311111927032
5763,Joint,joint,DeepRed-like,2,0.16008523106575012
5770,Joint,joint,SYTO16-like,0,0.15331131219863892
5770,Joint,joint,DIA-like,1,0.2644510269165039
5770,Joint,joint,DeepRed-like,2,0.25218603014945984
5774,Joint,joint,SYTO16-like,0,0.14427991211414337
5774,Joint,joint,DIA-like,1,0.4699961841106415
5774,Joint,joint,DeepRed-like,2,0.14002437889575958
5785,Joint,joint,SYTO16-like,0,0.14851388335227966
5785,Joint,joint,DIA-like,1,0.17560696601867676
5785,Joint,joint,DeepRed-like,2,0.2051231414079666
5793,Joint,joint,SYTO16-like,0,0.16362662613391876
5793,Joint,joint,DIA-like,1,0.16886556148529053
5793,Joint,joint,DeepRed-like,2,0.14744143187999725
5802,Joint,joint,SYTO16-like,0,0.15575562417507172
5802,Joint,joint,DIA-like,1,0.12605862319469452
5802,Joint,joint,DeepRed-like,2,0.14400656521320343
5803,Joint,joint,SYTO16-like,0,0.17018117010593414
5803,Joint,joint,DIA-like,1,0.13000524044036865
5803,Joint,joint,DeepRed-like,2,0.14572440087795258
5804,Joint,joint,SYTO16-like,0,0.14694099128246307
5804,Joint,joint,DIA-like,1,0.14733195304870605
5804,Joint,joint,DeepRed-like,2,0.1871401071548462
5810,Joint,joint,SYTO16-like,0,0.12722475826740265
5810,Joint,joint,DIA-like,1,0.1344257891178131
5810,Joint,joint,DeepRed-like,2,0.14504553377628326
5813,Joint,joint,SYTO16-like,0,0.10234544426202774
5813,Joint,joint,DIA-like,1,0.11463406682014465
5813,Joint,joint,DeepRed-like,2,0.11345028877258301
5819,Joint,joint,SYTO16-like,0,0.09494482725858688
5819,Joint,joint,DIA-like,1,0.11312795430421829
5819,Joint,joint,DeepRed-like,2,0.08447397500276566
5831,Joint,joint,SYTO16-like,0,0.13143102824687958
5831,Joint,joint,DIA-like,1,0.1463819146156311
5831,Joint,joint,DeepRed-like,2,0.1557563692331314
5838,Joint,joint,SYTO16-like,0,0.1516977846622467
5838,Joint,joint,DIA-like,1,0.16977182030677795
5838,Joint,joint,DeepRed-like,2,0.15033280849456787
5848,Joint,joint,SYTO16-like,0,0.11097411811351776
5848,Joint,joint,DIA-like,1,0.13128268718719482
5848,Joint,joint,DeepRed-like,2,0.16384641826152802
5850,Joint,joint,SYTO16-like,0,0.16052092611789703
5850,Joint,joint,DIA-like,1,0.19568704068660736
5850,Joint,joint,DeepRed-like,2,0.223263680934906
5851,Joint,joint,SYTO16-like,0,0.1328430026769638
5851,Joint,joint,DIA-like,1,0.13033267855644226
5851,Joint,joint,DeepRed-like,2,0.1497507393360138
5860,Joint,joint,SYTO16-like,0,0.11542486399412155
5860,Joint,joint,DIA-like,1,0.14667199552059174
5860,Joint,joint,DeepRed-like,2,0.1383155882358551
5877,Joint,joint,SYTO16-like,0,0.19910255074501038
5877,Joint,joint,DIA-like,1,0.24836552143096924
5877,Joint,joint,DeepRed-like,2,0.15847289562225342
5878,Joint,joint,SYTO16-like,0,0.14385418593883514
5878,Joint,joint,DIA-like,1,0.14755137264728546
5878,Joint,joint,DeepRed-like,2,0.20488910377025604
5880,Joint,joint,SYTO16-like,0,0.11548195779323578
5880,Joint,joint,DIA-like,1,0.15137401223182678
5880,Joint,joint,DeepRed-like,2,0.21514691412448883
5884,Joint,joint,SYTO16-like,0,0.13222968578338623
5884,Joint,joint,DIA-like,1,0.12250855565071106
5884,Joint,joint,DeepRed-like,2,0.13756054639816284
5890,Joint,joint,SYTO16-like,0,0.16244260966777802
5890,Joint,joint,DIA-like,1,0.1272258311510086
5890,Joint,joint,DeepRed-like,2,0.15090863406658173
5892,Joint,joint,SYTO16-like,0,0.11689846962690353
5892,Joint,joint,DIA-like,1,0.17661842703819275
5892,Joint,joint,DeepRed-like,2,0.24348580837249756
5895,Joint,joint,SYTO16-like,0,0.1373124122619629
5895,Joint,joint,DIA-like,1,0.14780178666114807
5895,Joint,joint,DeepRed-like,2,0.16855975985527039
5899,Joint,joint,SYTO16-like,0,0.1172914132475853
5899,Joint,joint,DIA-like,1,0.14143337309360504
5899,Joint,joint,DeepRed-like,2,0.14274093508720398
5903,Joint,joint,SYTO16-like,0,0.1092563346028328
5903,Joint,joint,DIA-like,1,0.11770448833703995
5903,Joint,joint,DeepRed-like,2,0.1374480277299881
5904,Joint,joint,SYTO16-like,0,0.10670626163482666
5904,Joint,joint,DIA-like,1,0.16564342379570007
5904,Joint,joint,DeepRed-like,2,0.1951485425233841
5906,Joint,joint,SYTO16-like,0,0.12187924981117249
5906,Joint,joint,DIA-like,1,0.1442834734916687
5906,Joint,joint,DeepRed-like,2,0.18446899950504303
5916,Joint,joint,SYTO16-like,0,0.21040864288806915
5916,Joint,joint,DIA-like,1,0.17621664702892303
5916,Joint,joint,DeepRed-like,2,0.1536516696214676
5919,Joint,joint,SYTO16-like,0,0.14741551876068115
5919,Joint,joint,DIA-like,1,0.18045856058597565
5919,Joint,joint,DeepRed-like,2,0.21442653238773346
5939,Joint,joint,SYTO16-like,0,0.13500887155532837
5939,Joint,joint,DIA-like,1,0.17328280210494995
5939,Joint,joint,DeepRed-like,2,0.1711442470550537
5941,Joint,joint,SYTO16-like,0,0.14654050767421722
5941,Joint,joint,DIA-like,1,0.18084819614887238
5941,Joint,joint,DeepRed-like,2,0.13973218202590942
5961,Joint,joint,SYTO16-like,0,0.12353944778442383
5961,Joint,joint,DIA-like,1,0.16184651851654053
5961,Joint,joint,DeepRed-like,2,0.13135883212089539
5966,Joint,joint,SYTO16-like,0,0.091475710272789
5966,Joint,joint,DIA-like,1,0.12847580015659332
5966,Joint,joint,DeepRed-like,2,0.13662979006767273
5967,Joint,joint,SYTO16-like,0,0.12676101922988892
5967,Joint,joint,DIA-like,1,0.14769458770751953
5967,Joint,joint,DeepRed-like,2,0.1994367241859436
5968,Joint,joint,SYTO16-like,0,0.11075076460838318
5968,Joint,joint,DIA-like,1,0.12013112008571625
5968,Joint,joint,DeepRed-like,2,0.12769773602485657
5969,Joint,joint,SYTO16-like,0,0.16400502622127533
5969,Joint,joint,DIA-like,1,0.17717361450195312
5969,Joint,joint,DeepRed-like,2,0.17275355756282806
5976,Joint,joint,SYTO16-like,0,0.15645447373390198
5976,Joint,joint,DIA-like,1,0.1763785034418106
5976,Joint,joint,DeepRed-like,2,0.16980497539043427
5980,Joint,joint,SYTO16-like,0,0.13713841140270233
5980,Joint,joint,DIA-like,1,0.1342639923095703
5980,Joint,joint,DeepRed-like,2,0.1195644810795784
5994,Joint,joint,SYTO16-like,0,0.1118994802236557
5994,Joint,joint,DIA-like,1,0.11740957200527191
5994,Joint,joint,DeepRed-like,2,0.09443800896406174
6006,Joint,joint,SYTO16-like,0,0.1104990541934967
6006,Joint,joint,DIA-like,1,0.15264666080474854
6006,Joint,joint,DeepRed-like,2,0.17570388317108154
6013,Joint,joint,SYTO16-like,0,0.11964986473321915
6013,Joint,joint,DIA-like,1,0.1460687667131424
6013,Joint,joint,DeepRed-like,2,0.14635232090950012
6018,Joint,joint,SYTO16-like,0,0.12327864021062851
6018,Joint,joint,DIA-like,1,0.15736596286296844
6018,Joint,joint,DeepRed-like,2,0.17275086045265198
6020,Joint,joint,SYTO16-like,0,0.14101673662662506
6020,Joint,joint,DIA-like,1,0.12331855297088623
6020,Joint,joint,DeepRed-like,2,0.16172294318675995
6021,Joint,joint,SYTO16-like,0,0.13796216249465942
6021,Joint,joint,DIA-like,1,0.14673936367034912
6021,Joint,joint,DeepRed-like,2,0.1690264791250229
6022,Joint,joint,SYTO16-like,0,0.09615744650363922
6022,Joint,joint,DIA-like,1,0.1572086364030838
6022,Joint,joint,DeepRed-like,2,0.1928526610136032
6025,Joint,joint,SYTO16-like,0,0.12052923440933228
6025,Joint,joint,DIA-like,1,0.19168463349342346
6025,Joint,joint,DeepRed-like,2,0.21119537949562073
6027,Joint,joint,SYTO16-like,0,0.14461475610733032
6027,Joint,joint,DIA-like,1,0.12718141078948975
6027,Joint,joint,DeepRed-like,2,0.1244194507598877
6042,Joint,joint,SYTO16-like,0,0.08751705288887024
6042,Joint,joint,DIA-like,1,0.09417150169610977
6042,Joint,joint,DeepRed-like,2,0.09178313612937927
6047,Joint,joint,SYTO16-like,0,0.11491032689809799
6047,Joint,joint,DIA-like,1,0.15349341928958893
6047,Joint,joint,DeepRed-like,2,0.1981351226568222
6048,Joint,joint,SYTO16-like,0,0.09525920450687408
6048,Joint,joint,DIA-like,1,0.12235806882381439
6048,Joint,joint,DeepRed-like,2,0.11899922788143158
6060,Joint,joint,SYTO16-like,0,0.09364966303110123
6060,Joint,joint,DIA-like,1,0.1329471319913864
6060,Joint,joint,DeepRed-like,2,0.08403556793928146
6063,Joint,joint,SYTO16-like,0,0.12702150642871857
6063,Joint,joint,DIA-like,1,0.13435181975364685
6063,Joint,joint,DeepRed-like,2,0.1282133013010025
6067,Joint,joint,SYTO16-like,0,0.1227017194032669
6067,Joint,joint,DIA-like,1,0.12387186288833618
6067,Joint,joint,DeepRed-like,2,0.14145618677139282
6071,Joint,joint,SYTO16-like,0,0.11263712495565414
6071,Joint,joint,DIA-like,1,0.13002464175224304
6071,Joint,joint,DeepRed-like,2,0.12589897215366364
6075,Joint,joint,SYTO16-like,0,0.1000308021903038
6075,Joint,joint,DIA-like,1,0.13872401416301727
6075,Joint,joint,DeepRed-like,2,0.1275917887687683
6083,Joint,joint,SYTO16-like,0,0.10250294208526611
6083,Joint,joint,DIA-like,1,0.13406075537204742
6083,Joint,joint,DeepRed-like,2,0.14396139979362488
6085,Joint,joint,SYTO16-like,0,0.13514076173305511
6085,Joint,joint,DIA-like,1,0.1432909518480301
6085,Joint,joint,DeepRed-like,2,0.17449893057346344
6089,Joint,joint,SYTO16-like,0,0.1493554413318634
6089,Joint,joint,DIA-like,1,0.16345301270484924
6089,Joint,joint,DeepRed-like,2,0.12233170866966248
6091,Joint,joint,SYTO16-like,0,0.11048580706119537
6091,Joint,joint,DIA-like,1,0.1186339259147644
6091,Joint,joint,DeepRed-like,2,0.12474320828914642
6110,Joint,joint,SYTO16-like,0,0.15891341865062714
6110,Joint,joint,DIA-like,1,0.21782156825065613
6110,Joint,joint,DeepRed-like,2,0.12415711581707001
6117,Joint,joint,SYTO16-like,0,0.2093832641839981
6117,Joint,joint,DIA-like,1,0.14325964450836182
6117,Joint,joint,DeepRed-like,2,0.17085875570774078
6129,Joint,joint,SYTO16-like,0,0.13184292614459991
6129,Joint,joint,DIA-like,1,0.1467622071504593
6129,Joint,joint,DeepRed-like,2,0.15561458468437195
6135,Joint,joint,SYTO16-like,0,0.11578445136547089
6135,Joint,joint,DIA-like,1,0.1406124085187912
6135,Joint,joint,DeepRed-like,2,0.11410053819417953
6137,Joint,joint,SYTO16-like,0,0.1086852103471756
6137,Joint,joint,DIA-like,1,0.14593420922756195
6137,Joint,joint,DeepRed-like,2,0.1241990327835083
6139,Joint,joint,SYTO16-like,0,0.1051003634929657
6139,Joint,joint,DIA-like,1,0.1489611715078354
6139,Joint,joint,DeepRed-like,2,0.16189229488372803
6147,Joint,joint,SYTO16-like,0,0.10582149773836136
6147,Joint,joint,DIA-like,1,0.13593895733356476
6147,Joint,joint,DeepRed-like,2,0.15045522153377533
6156,Joint,joint,SYTO16-like,0,0.17738953232765198
6156,Joint,joint,DIA-like,1,0.12373501807451248
6156,Joint,joint,DeepRed-like,2,0.10905662924051285
6157,Joint,joint,SYTO16-like,0,0.10439550131559372
6157,Joint,joint,DIA-like,1,0.10991740226745605
6157,Joint,joint,DeepRed-like,2,0.08087623119354248
6158,Joint,joint,SYTO16-like,0,0.1423262655735016
6158,Joint,joint,DIA-like,1,0.14862816035747528
6158,Joint,joint,DeepRed-like,2,0.16567496955394745
6162,Joint,joint,SYTO16-like,0,0.12341832369565964
6162,Joint,joint,DIA-like,1,0.1591053158044815
6162,Joint,joint,DeepRed-like,2,0.18663299083709717
6171,Joint,joint,SYTO16-like,0,0.11676469445228577
6171,Joint,joint,DIA-like,1,0.16223621368408203
6171,Joint,joint,DeepRed-like,2,0.13283896446228027
6177,Joint,joint,SYTO16-like,0,0.1072254478931427
6177,Joint,joint,DIA-like,1,0.12175515294075012
6177,Joint,joint,DeepRed-like,2,0.10668813437223434
6181,Joint,joint,SYTO16-like,0,0.1097443699836731
6181,Joint,joint,DIA-like,1,0.1825634390115738
6181,Joint,joint,DeepRed-like,2,0.16848550736904144
6182,Joint,joint,SYTO16-like,0,0.12396267801523209
6182,Joint,joint,DIA-like,1,0.13420142233371735
6182,Joint,joint,DeepRed-like,2,0.1359080672264099
6184,Joint,joint,SYTO16-like,0,0.1766156107187271
6184,Joint,joint,DIA-like,1,0.13145335018634796
6184,Joint,joint,DeepRed-like,2,0.17427915334701538
6189,Joint,joint,SYTO16-like,0,0.10398169606924057
6189,Joint,joint,DIA-like,1,0.14380399882793427
6189,Joint,joint,DeepRed-like,2,0.14752785861492157
6199,Joint,joint,SYTO16-like,0,0.11978631466627121
6199,Joint,joint,DIA-like,1,0.12338108569383621
6199,Joint,joint,DeepRed-like,2,0.22525222599506378
6204,Joint,joint,SYTO16-like,0,0.10013881325721741
6204,Joint,joint,DIA-like,1,0.10778221487998962
6204,Joint,joint,DeepRed-like,2,0.1063971295952797
6208,Joint,joint,SYTO16-like,0,0.1588360071182251
6208,Joint,joint,DIA-like,1,0.1284663826227188
6208,Joint,joint,DeepRed-like,2,0.18077804148197174
6209,Joint,joint,SYTO16-like,0,0.13487620651721954
6209,Joint,joint,DIA-like,1,0.1598687767982483
6209,Joint,joint,DeepRed-like,2,0.17765572667121887
6217,Joint,joint,SYTO16-like,0,0.1369495838880539
6217,Joint,joint,DIA-like,1,0.1377190202474594
6217,Joint,joint,DeepRed-like,2,0.1823960840702057
6218,Joint,joint,SYTO16-like,0,0.12449859827756882
6218,Joint,joint,DIA-like,1,0.14117340743541718
6218,Joint,joint,DeepRed-like,2,0.18812280893325806
6222,Joint,joint,SYTO16-like,0,0.13016851246356964
6222,Joint,joint,DIA-like,1,0.2123144418001175
6222,Joint,joint,DeepRed-like,2,0.20424631237983704
6226,Joint,joint,SYTO16-like,0,0.16409800946712494
6226,Joint,joint,DIA-like,1,0.16654260456562042
6226,Joint,joint,DeepRed-like,2,0.13539014756679535
6233,Joint,joint,SYTO16-like,0,0.16862055659294128
6233,Joint,joint,DIA-like,1,0.14211539924144745
6233,Joint,joint,DeepRed-like,2,0.16137778759002686
6241,Joint,joint,SYTO16-like,0,0.09378903359174728
6241,Joint,joint,DIA-like,1,0.09440448135137558
6241,Joint,joint,DeepRed-like,2,0.08864486217498779
6243,Joint,joint,SYTO16-like,0,0.12600357830524445
6243,Joint,joint,DIA-like,1,0.1334758847951889
6243,Joint,joint,DeepRed-like,2,0.09895743429660797
6264,Joint,joint,SYTO16-like,0,0.1727428436279297
6264,Joint,joint,DIA-like,1,0.19614985585212708
6264,Joint,joint,DeepRed-like,2,0.257639616727829
6265,Joint,joint,SYTO16-like,0,0.10522067546844482
6265,Joint,joint,DIA-like,1,0.13772279024124146
6265,Joint,joint,DeepRed-like,2,0.12224142998456955
6275,Joint,joint,SYTO16-like,0,0.10553963482379913
6275,Joint,joint,DIA-like,1,0.12991748750209808
6275,Joint,joint,DeepRed-like,2,0.15110506117343903
6277,Joint,joint,SYTO16-like,0,0.1703810840845108
6277,Joint,joint,DIA-like,1,0.15844251215457916
6277,Joint,joint,DeepRed-like,2,0.1286918967962265
6287,Joint,joint,SYTO16-like,0,0.11649755388498306
6287,Joint,joint,DIA-like,1,0.1297963410615921
6287,Joint,joint,DeepRed-like,2,0.17401129007339478
6292,Joint,joint,SYTO16-like,0,0.07898550480604172
6292,Joint,joint,DIA-like,1,0.12872812151908875
6292,Joint,joint,DeepRed-like,2,0.138054758310318
6301,Joint,joint,SYTO16-like,0,0.10962586104869843
6301,Joint,joint,DIA-like,1,0.16999313235282898
6301,Joint,joint,DeepRed-like,2,0.19577735662460327
6309,Joint,joint,SYTO16-like,0,0.12265132367610931
6309,Joint,joint,DIA-like,1,0.1554953008890152
6309,Joint,joint,DeepRed-like,2,0.1653384119272232
6318,Joint,joint,SYTO16-like,0,0.09244608879089355
6318,Joint,joint,DIA-like,1,0.11206035315990448
6318,Joint,joint,DeepRed-like,2,0.19957448542118073
6325,Joint,joint,SYTO16-like,0,0.11127667129039764
6325,Joint,joint,DIA-like,1,0.13310502469539642
6325,Joint,joint,DeepRed-like,2,0.15476885437965393
6335,Joint,joint,SYTO16-like,0,0.13536125421524048
6335,Joint,joint,DIA-like,1,0.1329876035451889
6335,Joint,joint,DeepRed-like,2,0.156718447804451
6339,Joint,joint,SYTO16-like,0,0.08907438069581985
6339,Joint,joint,DIA-like,1,0.11615431308746338
6339,Joint,joint,DeepRed-like,2,0.11055100709199905
6353,Joint,joint,SYTO16-like,0,0.14343596994876862
6353,Joint,joint,DIA-like,1,0.12877336144447327
6353,Joint,joint,DeepRed-like,2,0.15279246866703033
6362,Joint,joint,SYTO16-like,0,0.16495276987552643
6362,Joint,joint,DIA-like,1,0.1766984760761261
6362,Joint,joint,DeepRed-like,2,0.137147918343544
6364,Joint,joint,SYTO16-like,0,0.11333388090133667
6364,Joint,joint,DIA-like,1,0.13508455455303192
6364,Joint,joint,DeepRed-like,2,0.09456828981637955
6366,Joint,joint,SYTO16-like,0,0.13858731091022491
6366,Joint,joint,DIA-like,1,0.12754973769187927
6366,Joint,joint,DeepRed-like,2,0.14320562779903412
6368,Joint,joint,SYTO16-like,0,0.16362427175045013
6368,Joint,joint,DIA-like,1,0.12687470018863678
6368,Joint,joint,DeepRed-like,2,0.1162196472287178
6386,Joint,joint,SYTO16-like,0,0.11014685034751892
6386,Joint,joint,DIA-like,1,0.15160776674747467
6386,Joint,joint,DeepRed-like,2,0.1837073713541031
6402,Joint,joint,SYTO16-like,0,0.10380743443965912
6402,Joint,joint,DIA-like,1,0.19382727146148682
6402,Joint,joint,DeepRed-like,2,0.10833423584699631
6403,Joint,joint,SYTO16-like,0,0.14543777704238892
6403,Joint,joint,DIA-like,1,0.14067602157592773
6403,Joint,joint,DeepRed-like,2,0.1246265396475792
6410,Joint,joint,SYTO16-like,0,0.1339825987815857
6410,Joint,joint,DIA-like,1,0.15950581431388855
6410,Joint,joint,DeepRed-like,2,0.18788254261016846
6416,Joint,joint,SYTO16-like,0,0.12565763294696808
6416,Joint,joint,DIA-like,1,0.19920843839645386
6416,Joint,joint,DeepRed-like,2,0.16925431787967682
6421,Joint,joint,SYTO16-like,0,0.10863697528839111
6421,Joint,joint,DIA-like,1,0.10966933518648148
6421,Joint,joint,DeepRed-like,2,0.1212957575917244
6422,Joint,joint,SYTO16-like,0,0.15979261696338654
6422,Joint,joint,DIA-like,1,0.184755340218544
6422,Joint,joint,DeepRed-like,2,0.18158389627933502
6423,Joint,joint,SYTO16-like,0,0.15093816816806793
6423,Joint,joint,DIA-like,1,0.16252070665359497
6423,Joint,joint,DeepRed-like,2,0.17253746092319489
6427,Joint,joint,SYTO16-like,0,0.11312129348516464
6427,Joint,joint,DIA-like,1,0.14474624395370483
6427,Joint,joint,DeepRed-like,2,0.20478910207748413
6428,Joint,joint,SYTO16-like,0,0.10162375867366791
6428,Joint,joint,DIA-like,1,0.13986745476722717
6428,Joint,joint,DeepRed-like,2,0.16321128606796265
6432,Joint,joint,SYTO16-like,0,0.14371196925640106
6432,Joint,joint,DIA-like,1,0.1631244421005249
6432,Joint,joint,DeepRed-like,2,0.18670685589313507
6446,Joint,joint,SYTO16-like,0,0.2030957192182541
6446,Joint,joint,DIA-like,1,0.20416368544101715
6446,Joint,joint,DeepRed-like,2,0.16476766765117645
6457,Joint,joint,SYTO16-like,0,0.1170826181769371
6457,Joint,joint,DIA-like,1,0.12488050013780594
6457,Joint,joint,DeepRed-like,2,0.1187400221824646
6471,Joint,joint,SYTO16-like,0,0.12102607637643814
6471,Joint,joint,DIA-like,1,0.12583407759666443
6471,Joint,joint,DeepRed-like,2,0.1569497138261795
6484,Joint,joint,SYTO16-like,0,0.10634061694145203
6484,Joint,joint,DIA-like,1,0.1267862617969513
6484,Joint,joint,DeepRed-like,2,0.14960479736328125
6496,Joint,joint,SYTO16-like,0,0.18735194206237793
6496,Joint,joint,DIA-like,1,0.17744651436805725
6496,Joint,joint,DeepRed-like,2,0.2136058509349823
6498,Joint,joint,SYTO16-like,0,0.14265011250972748
6498,Joint,joint,DIA-like,1,0.17360810935497284
6498,Joint,joint,DeepRed-like,2,0.15604497492313385
6503,Joint,joint,SYTO16-like,0,0.11175116151571274
6503,Joint,joint,DIA-like,1,0.14635887742042542
6503,Joint,joint,DeepRed-like,2,0.15119163691997528
6509,Joint,joint,SYTO16-like,0,0.1390933394432068
6509,Joint,joint,DIA-like,1,0.11518853902816772
6509,Joint,joint,DeepRed-like,2,0.15532629191875458
6513,Joint,joint,SYTO16-like,0,0.1542081981897354
6513,Joint,joint,DIA-like,1,0.17481021583080292
6513,Joint,joint,DeepRed-like,2,0.21899768710136414
6522,Joint,joint,SYTO16-like,0,0.11875113099813461
6522,Joint,joint,DIA-like,1,0.1253964900970459
6522,Joint,joint,DeepRed-like,2,0.15860654413700104
6539,Joint,joint,SYTO16-like,0,0.12414468824863434
6539,Joint,joint,DIA-like,1,0.11832316219806671
6539,Joint,joint,DeepRed-like,2,0.16330397129058838
6545,Joint,joint,SYTO16-like,0,0.1129106655716896
6545,Joint,joint,DIA-like,1,0.15269699692726135
6545,Joint,joint,DeepRed-like,2,0.14204074442386627
6547,Joint,joint,SYTO16-like,0,0.09623544663190842
6547,Joint,joint,DIA-like,1,0.13405191898345947
6547,Joint,joint,DeepRed-like,2,0.11988571286201477
6552,Joint,joint,SYTO16-like,0,0.20788666605949402
6552,Joint,joint,DIA-like,1,0.1794365495443344
6552,Joint,joint,DeepRed-like,2,0.18119770288467407
6559,Joint,joint,SYTO16-like,0,0.18451030552387238
6559,Joint,joint,DIA-like,1,0.23856505751609802
6559,Joint,joint,DeepRed-like,2,0.19573204219341278
6564,Joint,joint,SYTO16-like,0,0.14996232092380524
6564,Joint,joint,DIA-like,1,0.14769715070724487
6564,Joint,joint,DeepRed-like,2,0.1507464349269867
6566,Joint,joint,SYTO16-like,0,0.13622094690799713
6566,Joint,joint,DIA-like,1,0.14401015639305115
6566,Joint,joint,DeepRed-like,2,0.18040110170841217
6570,Joint,joint,SYTO16-like,0,0.08637427538633347
6570,Joint,joint,DIA-like,1,0.12444222718477249
6570,Joint,joint,DeepRed-like,2,0.09910893440246582
6584,Joint,joint,SYTO16-like,0,0.12561678886413574
6584,Joint,joint,DIA-like,1,0.16948631405830383
6584,Joint,joint,DeepRed-like,2,0.1675518900156021
6588,Joint,joint,SYTO16-like,0,0.14291071891784668
6588,Joint,joint,DIA-like,1,0.12259549647569656
6588,Joint,joint,DeepRed-like,2,0.13150739669799805
6594,Joint,joint,SYTO16-like,0,0.09464067965745926
6594,Joint,joint,DIA-like,1,0.1260983943939209
6594,Joint,joint,DeepRed-like,2,0.1357036530971527
6612,Joint,joint,SYTO16-like,0,0.10498584061861038
6612,Joint,joint,DIA-like,1,0.11152229458093643
6612,Joint,joint,DeepRed-like,2,0.14147046208381653
6628,Joint,joint,SYTO16-like,0,0.08952236920595169
6628,Joint,joint,DIA-like,1,0.1186445951461792
6628,Joint,joint,DeepRed-like,2,0.13225124776363373
6637,Joint,joint,SYTO16-like,0,0.1836620569229126
6637,Joint,joint,DIA-like,1,0.14541876316070557
6637,Joint,joint,DeepRed-like,2,0.1803428679704666
6642,Joint,joint,SYTO16-like,0,0.1777944564819336
6642,Joint,joint,DIA-like,1,0.15849371254444122
6642,Joint,joint,DeepRed-like,2,0.11304967850446701
6647,Joint,joint,SYTO16-like,0,0.11144580692052841
6647,Joint,joint,DIA-like,1,0.1522139459848404
6647,Joint,joint,DeepRed-like,2,0.17635434865951538
6648,Joint,joint,SYTO16-like,0,0.14345771074295044
6648,Joint,joint,DIA-like,1,0.1560940444469452
6648,Joint,joint,DeepRed-like,2,0.17527401447296143
6649,Joint,joint,SYTO16-like,0,0.1308995634317398
6649,Joint,joint,DIA-like,1,0.13144439458847046
6649,Joint,joint,DeepRed-like,2,0.1724054366350174
6653,Joint,joint,SYTO16-like,0,0.11950963735580444
6653,Joint,joint,DIA-like,1,0.1235911026597023
6653,Joint,joint,DeepRed-like,2,0.13381806015968323
6656,Joint,joint,SYTO16-like,0,0.13490435481071472
6656,Joint,joint,DIA-like,1,0.1436394453048706
6656,Joint,joint,DeepRed-like,2,0.16171926259994507
6660,Joint,joint,SYTO16-like,0,0.1712191253900528
6660,Joint,joint,DIA-like,1,0.17036038637161255
6660,Joint,joint,DeepRed-like,2,0.17767451703548431
6672,Joint,joint,SYTO16-like,0,0.13383488357067108
6672,Joint,joint,DIA-like,1,0.1340629905462265
6672,Joint,joint,DeepRed-like,2,0.16140146553516388
6676,Joint,joint,SYTO16-like,0,0.10319259762763977
6676,Joint,joint,DIA-like,1,0.1445254683494568
6676,Joint,joint,DeepRed-like,2,0.1543291211128235
6682,Joint,joint,SYTO16-like,0,0.09691322594881058
6682,Joint,joint,DIA-like,1,0.14768928289413452
6682,Joint,joint,DeepRed-like,2,0.16159699857234955
6683,Joint,joint,SYTO16-like,0,0.1008392795920372
6683,Joint,joint,DIA-like,1,0.15119214355945587
6683,Joint,joint,DeepRed-like,2,0.17391858994960785
6691,Joint,joint,SYTO16-like,0,0.15956424176692963
6691,Joint,joint,DIA-like,1,0.1738956868648529
6691,Joint,joint,DeepRed-like,2,0.18760685622692108
6695,Joint,joint,SYTO16-like,0,0.18586419522762299
6695,Joint,joint,DIA-like,1,0.2135011851787567
6695,Joint,joint,DeepRed-like,2,0.24134422838687897
6700,Joint,joint,SYTO16-like,0,0.13135464489459991
6700,Joint,joint,DIA-like,1,0.13844746351242065
6700,Joint,joint,DeepRed-like,2,0.1666790097951889
6705,Joint,joint,SYTO16-like,0,0.13684119284152985
6705,Joint,joint,DIA-like,1,0.15614129602909088
6705,Joint,joint,DeepRed-like,2,0.1676878184080124
6706,Joint,joint,SYTO16-like,0,0.11293163150548935
6706,Joint,joint,DIA-like,1,0.13381855189800262
6706,Joint,joint,DeepRed-like,2,0.11867900937795639
6711,Joint,joint,SYTO16-like,0,0.1680738776922226
6711,Joint,joint,DIA-like,1,0.12706053256988525
6711,Joint,joint,DeepRed-like,2,0.11817813664674759
6732,Joint,joint,SYTO16-like,0,0.12866367399692535
6732,Joint,joint,DIA-like,1,0.11897873133420944
6732,Joint,joint,DeepRed-like,2,0.12259601801633835
6742,Joint,joint,SYTO16-like,0,0.1416279375553131
6742,Joint,joint,DIA-like,1,0.13382001221179962
6742,Joint,joint,DeepRed-like,2,0.1764543056488037
6744,Joint,joint,SYTO16-like,0,0.13998231291770935
6744,Joint,joint,DIA-like,1,5.101576805114746
6744,Joint,joint,DeepRed-like,2,0.25841185450553894
6747,Joint,joint,SYTO16-like,0,0.14744159579277039
6747,Joint,joint,DIA-like,1,0.15414342284202576
6747,Joint,joint,DeepRed-like,2,0.17141498625278473
6757,Joint,joint,SYTO16-like,0,0.09920696914196014
6757,Joint,joint,DIA-like,1,0.14421647787094116
6757,Joint,joint,DeepRed-like,2,0.1758432388305664
6769,Joint,joint,SYTO16-like,0,0.12627026438713074
6769,Joint,joint,DIA-like,1,0.1265259087085724
6769,Joint,joint,DeepRed-like,2,0.13189956545829773
6786,Joint,joint,SYTO16-like,0,0.09194815158843994
6786,Joint,joint,DIA-like,1,0.15949809551239014
6786,Joint,joint,DeepRed-like,2,0.18460553884506226
6787,Joint,joint,SYTO16-like,0,0.11401169747114182
6787,Joint,joint,DIA-like,1,0.12677186727523804
6787,Joint,joint,DeepRed-like,2,0.17358411848545074
6800,Joint,joint,SYTO16-like,0,0.10382319986820221
6800,Joint,joint,DIA-like,1,0.1440984457731247
6800,Joint,joint,DeepRed-like,2,0.15841065347194672
6808,Joint,joint,SYTO16-like,0,0.13464011251926422
6808,Joint,joint,DIA-like,1,0.14698608219623566
6808,Joint,joint,DeepRed-like,2,0.19958171248435974
6826,Joint,joint,SYTO16-like,0,0.1545923948287964
6826,Joint,joint,DIA-like,1,0.14571945369243622
6826,Joint,joint,DeepRed-like,2,0.14753395318984985
6831,Joint,joint,SYTO16-like,0,0.1105186939239502
6831,Joint,joint,DIA-like,1,0.13803358376026154
6831,Joint,joint,DeepRed-like,2,0.11973442882299423
6833,Joint,joint,SYTO16-like,0,0.1485845297574997
6833,Joint,joint,DIA-like,1,0.1577296406030655
6833,Joint,joint,DeepRed-like,2,0.17353087663650513
6835,Joint,joint,SYTO16-like,0,0.13019368052482605
6835,Joint,joint,DIA-like,1,0.11467140913009644
6835,Joint,joint,DeepRed-like,2,0.1768604815006256
6837,Joint,joint,SYTO16-like,0,0.13437224924564362
6837,Joint,joint,DIA-like,1,7.09486722946167
6837,Joint,joint,DeepRed-like,2,0.9570742845535278
6845,Joint,joint,SYTO16-like,0,0.18085837364196777
6845,Joint,joint,DIA-like,1,0.14833498001098633
6845,Joint,joint,DeepRed-like,2,0.2179265320301056
6848,Joint,joint,SYTO16-like,0,0.11102164536714554
6848,Joint,joint,DIA-like,1,0.158245250582695
6848,Joint,joint,DeepRed-like,2,0.12786628305912018
6855,Joint,joint,SYTO16-like,0,0.13860970735549927
6855,Joint,joint,DIA-like,1,0.16258737444877625
6855,Joint,joint,DeepRed-like,2,0.16890007257461548
6860,Joint,joint,SYTO16-like,0,0.14804784953594208
6860,Joint,joint,DIA-like,1,0.1511695832014084
6860,Joint,joint,DeepRed-like,2,0.17774231731891632
6865,Joint,joint,SYTO16-like,0,0.12700717151165009
6865,Joint,joint,DIA-like,1,0.12546762824058533
6865,Joint,joint,DeepRed-like,2,0.13763631880283356
6872,Joint,joint,SYTO16-like,0,0.10115797817707062
6872,Joint,joint,DIA-like,1,0.15146279335021973
6872,Joint,joint,DeepRed-like,2,0.15886428952217102
6880,Joint,joint,SYTO16-like,0,0.13728946447372437
6880,Joint,joint,DIA-like,1,0.19676707684993744
6880,Joint,joint,DeepRed-like,2,0.2081102579832077
6887,Joint,joint,SYTO16-like,0,0.12748822569847107
6887,Joint,joint,DIA-like,1,0.14589698612689972
6887,Joint,joint,DeepRed-like,2,0.18585945665836334
6889,Joint,joint,SYTO16-like,0,0.1101323589682579
6889,Joint,joint,DIA-like,1,0.1708885282278061
6889,Joint,joint,DeepRed-like,2,0.17244119942188263
6894,Joint,joint,SYTO16-like,0,0.10426575690507889
6894,Joint,joint,DIA-like,1,0.13437268137931824
6894,Joint,joint,DeepRed-like,2,0.15736202895641327
6904,Joint,joint,SYTO16-like,0,0.12733788788318634
6904,Joint,joint,DIA-like,1,0.12780624628067017
6904,Joint,joint,DeepRed-like,2,0.13905228674411774
6913,Joint,joint,SYTO16-like,0,0.1217094361782074
6913,Joint,joint,DIA-like,1,0.16490036249160767
6913,Joint,joint,DeepRed-like,2,0.19461536407470703
6928,Joint,joint,SYTO16-like,0,0.08335837721824646
6928,Joint,joint,DIA-like,1,0.08549351990222931
6928,Joint,joint,DeepRed-like,2,0.11065910011529922
6936,Joint,joint,SYTO16-like,0,0.12121998518705368
6936,Joint,joint,DIA-like,1,0.1410830020904541
6936,Joint,joint,DeepRed-like,2,0.1516697257757187
6963,Joint,joint,SYTO16-like,0,0.13136592507362366
6963,Joint,joint,DIA-like,1,0.1478041410446167
6963,Joint,joint,DeepRed-like,2,0.1987612247467041
6971,Joint,joint,SYTO16-like,0,0.22400905191898346
6971,Joint,joint,DIA-like,1,0.2376168817281723
6971,Joint,joint,DeepRed-like,2,0.24336858093738556
6992,Joint,joint,SYTO16-like,0,0.19354915618896484
6992,Joint,joint,DIA-like,1,0.12074123322963715
6992,Joint,joint,DeepRed-like,2,0.14847151935100555
7011,Joint,joint,SYTO16-like,0,0.1300525665283203
7011,Joint,joint,DIA-like,1,0.1588880866765976
7011,Joint,joint,DeepRed-like,2,0.21740739047527313
7013,Joint,joint,SYTO16-like,0,0.14943118393421173
7013,Joint,joint,DIA-like,1,0.1716165840625763
7013,Joint,joint,DeepRed-like,2,0.16550593078136444
7018,Joint,joint,SYTO16-like,0,0.1268194317817688
7018,Joint,joint,DIA-like,1,0.15048006176948547
7018,Joint,joint,DeepRed-like,2,0.18105226755142212
7023,Joint,joint,SYTO16-like,0,0.12451168894767761
7023,Joint,joint,DIA-like,1,0.14412595331668854
7023,Joint,joint,DeepRed-like,2,0.15622226893901825
7035,Joint,joint,SYTO16-like,0,0.16369816660881042
7035,Joint,joint,DIA-like,1,0.15496917068958282
7035,Joint,joint,DeepRed-like,2,0.20024101436138153
7038,Joint,joint,SYTO16-like,0,0.12512241303920746
7038,Joint,joint,DIA-like,1,0.13008028268814087
7038,Joint,joint,DeepRed-like,2,0.13447731733322144
7041,Joint,joint,SYTO16-like,0,0.13648827373981476
7041,Joint,joint,DIA-like,1,0.14167524874210358
7041,Joint,joint,DeepRed-like,2,0.1850317120552063
7042,Joint,joint,SYTO16-like,0,0.10476944595575333
7042,Joint,joint,DIA-like,1,0.11522819101810455
7042,Joint,joint,DeepRed-like,2,0.14217637479305267
7047,Joint,joint,SYTO16-like,0,0.09638466686010361
7047,Joint,joint,DIA-like,1,0.11713086813688278
7047,Joint,joint,DeepRed-like,2,0.12041699141263962
7057,Joint,joint,SYTO16-like,0,0.1484474092721939
7057,Joint,joint,DIA-like,1,0.13254976272583008
7057,Joint,joint,DeepRed-like,2,0.14970126748085022
7068,Joint,joint,SYTO16-like,0,0.10769378393888474
7068,Joint,joint,DIA-like,1,0.11128698289394379
7068,Joint,joint,DeepRed-like,2,0.11443069577217102
7088,Joint,joint,SYTO16-like,0,0.10721298307180405
7088,Joint,joint,DIA-like,1,0.12766671180725098
7088,Joint,joint,DeepRed-like,2,0.18288329243659973
7092,Joint,joint,SYTO16-like,0,0.09685596823692322
7092,Joint,joint,DIA-like,1,0.13490760326385498
7092,Joint,joint,DeepRed-like,2,0.1484082192182541
7100,Joint,joint,SYTO16-like,0,0.11492747813463211
7100,Joint,joint,DIA-like,1,0.13006660342216492
7100,Joint,joint,DeepRed-like,2,0.158436119556427
7114,Joint,joint,SYTO16-like,0,0.14666880667209625
7114,Joint,joint,DIA-like,1,0.16743750870227814
7114,Joint,joint,DeepRed-like,2,0.24562202394008636
7119,Joint,joint,SYTO16-like,0,0.11313122510910034
7119,Joint,joint,DIA-like,1,0.11553718894720078
7119,Joint,joint,DeepRed-like,2,0.16503272950649261
7126,Joint,joint,SYTO16-like,0,0.15015465021133423
7126,Joint,joint,DIA-like,1,0.13816428184509277
7126,Joint,joint,DeepRed-like,2,0.1563401222229004
7131,Joint,joint,SYTO16-like,0,0.11029499769210815
7131,Joint,joint,DIA-like,1,0.15166622400283813
7131,Joint,joint,DeepRed-like,2,0.13584178686141968
7140,Joint,joint,SYTO16-like,0,0.15578970313072205
7140,Joint,joint,DIA-like,1,0.14368490874767303
7140,Joint,joint,DeepRed-like,2,0.16791726648807526
7142,Joint,joint,SYTO16-like,0,0.139971524477005
7142,Joint,joint,DIA-like,1,0.16177473962306976
7142,Joint,joint,DeepRed-like,2,0.16122248768806458
7143,Joint,joint,SYTO16-like,0,0.11835083365440369
7143,Joint,joint,DIA-like,1,0.18749341368675232
7143,Joint,joint,DeepRed-like,2,0.10016684979200363
7153,Joint,joint,SYTO16-like,0,0.1347988098859787
7153,Joint,joint,DIA-like,1,0.14309576153755188
7153,Joint,joint,DeepRed-like,2,0.2137809842824936
7154,Joint,joint,SYTO16-like,0,0.11368315666913986
7154,Joint,joint,DIA-like,1,0.18301592767238617
7154,Joint,joint,DeepRed-like,2,0.2973547577857971
7169,Joint,joint,SYTO16-like,0,0.13150767982006073
7169,Joint,joint,DIA-like,1,0.1648576408624649
7169,Joint,joint,DeepRed-like,2,0.1402018666267395
7171,Joint,joint,SYTO16-like,0,0.17827600240707397
7171,Joint,joint,DIA-like,1,0.1073581799864769
7171,Joint,joint,DeepRed-like,2,0.12493043392896652
7172,Joint,joint,SYTO16-like,0,0.10497451573610306
7172,Joint,joint,DIA-like,1,0.13595785200595856
7172,Joint,joint,DeepRed-like,2,0.13909612596035004
7178,Joint,joint,SYTO16-like,0,0.13460299372673035
7178,Joint,joint,DIA-like,1,0.1275041252374649
7178,Joint,joint,DeepRed-like,2,0.10915806889533997
7184,Joint,joint,SYTO16-like,0,0.16338509321212769
7184,Joint,joint,DIA-like,1,0.13544116914272308
7184,Joint,joint,DeepRed-like,2,0.1865319311618805
7202,Joint,joint,SYTO16-like,0,0.12172198295593262
7202,Joint,joint,DIA-like,1,0.15368852019309998
7202,Joint,joint,DeepRed-like,2,0.1920747607946396
7206,Joint,joint,SYTO16-like,0,0.16552115976810455
7206,Joint,joint,DIA-like,1,0.17799057066440582
7206,Joint,joint,DeepRed-like,2,0.19137929379940033
7220,Joint,joint,SYTO16-like,0,0.1429968625307083
7220,Joint,joint,DIA-like,1,0.18250279128551483
7220,Joint,joint,DeepRed-like,2,0.13974496722221375
7226,Joint,joint,SYTO16-like,0,0.11425644904375076
7226,Joint,joint,DIA-like,1,0.160768061876297
7226,Joint,joint,DeepRed-like,2,0.1668691188097
7229,Joint,joint,SYTO16-like,0,0.1847512423992157
7229,Joint,joint,DIA-like,1,0.13604670763015747
7229,Joint,joint,DeepRed-like,2,0.18590746819972992
7231,Joint,joint,SYTO16-like,0,0.13284526765346527
7231,Joint,joint,DIA-like,1,0.12471799552440643
7231,Joint,joint,DeepRed-like,2,0.1416689157485962
7237,Joint,joint,SYTO16-like,0,0.1582704782485962
7237,Joint,joint,DIA-like,1,0.16348867118358612
7237,Joint,joint,DeepRed-like,2,0.16139459609985352
7244,Joint,joint,SYTO16-like,0,0.14497295022010803
7244,Joint,joint,DIA-like,1,0.12752141058444977
7244,Joint,joint,DeepRed-like,2,0.14943252503871918
7256,Joint,joint,SYTO16-like,0,0.10322386771440506
7256,Joint,joint,DIA-like,1,0.17125587165355682
7256,Joint,joint,DeepRed-like,2,0.16252227127552032
7259,Joint,joint,SYTO16-like,0,0.16090843081474304
7259,Joint,joint,DIA-like,1,0.12381445616483688
7259,Joint,joint,DeepRed-like,2,0.18564537167549133
7269,Joint,joint,SYTO16-like,0,0.10320284962654114
7269,Joint,joint,DIA-like,1,0.14096704125404358
7269,Joint,joint,DeepRed-like,2,0.1385984569787979
7272,Joint,joint,SYTO16-like,0,0.09615824371576309
7272,Joint,joint,DIA-like,1,0.15596286952495575
7272,Joint,joint,DeepRed-like,2,0.15606212615966797
7274,Joint,joint,SYTO16-like,0,0.13832102715969086
7274,Joint,joint,DIA-like,1,0.14966313540935516
7274,Joint,joint,DeepRed-like,2,0.15507231652736664
7276,Joint,joint,SYTO16-like,0,0.08413966745138168
7276,Joint,joint,DIA-like,1,0.10312280803918839
7276,Joint,joint,DeepRed-like,2,0.09685782343149185
7287,Joint,joint,SYTO16-like,0,0.1276135891675949
7287,Joint,joint,DIA-like,1,0.17050300538539886
7287,Joint,joint,DeepRed-like,2,0.19936621189117432
7288,Joint,joint,SYTO16-like,0,0.1100732609629631
7288,Joint,joint,DIA-like,1,0.19885818660259247
7288,Joint,joint,DeepRed-like,2,0.1909908652305603
7290,Joint,joint,SYTO16-like,0,0.14096298813819885
7290,Joint,joint,DIA-like,1,0.14144524931907654
7290,Joint,joint,DeepRed-like,2,0.17351609468460083
7293,Joint,joint,SYTO16-like,0,0.18872801959514618
7293,Joint,joint,DIA-like,1,0.15662521123886108
7293,Joint,joint,DeepRed-like,2,0.20160537958145142
7295,Joint,joint,SYTO16-like,0,0.1296374499797821
7295,Joint,joint,DIA-like,1,0.12691621482372284
7295,Joint,joint,DeepRed-like,2,0.14342020452022552
7299,Joint,joint,SYTO16-like,0,0.175448477268219
7299,Joint,joint,DIA-like,1,0.20521701872348785
7299,Joint,joint,DeepRed-like,2,0.14960183203220367
7301,Joint,joint,SYTO16-like,0,0.11824009567499161
7301,Joint,joint,DIA-like,1,0.13328872621059418
7301,Joint,joint,DeepRed-like,2,0.2097521424293518
7313,Joint,joint,SYTO16-like,0,0.1452241986989975
7313,Joint,joint,DIA-like,1,0.17923586070537567
7313,Joint,joint,DeepRed-like,2,0.1810607761144638
7321,Joint,joint,SYTO16-like,0,0.18480290472507477
7321,Joint,joint,DIA-like,1,0.14884455502033234
7321,Joint,joint,DeepRed-like,2,0.15080688893795013
7327,Joint,joint,SYTO16-like,0,0.12392288446426392
7327,Joint,joint,DIA-like,1,0.1363110989332199
7327,Joint,joint,DeepRed-like,2,0.17332112789154053
7328,Joint,joint,SYTO16-like,0,0.14716066420078278
7328,Joint,joint,DIA-like,1,0.17817652225494385
7328,Joint,joint,DeepRed-like,2,0.1890925168991089
7331,Joint,joint,SYTO16-like,0,0.09985090047121048
7331,Joint,joint,DIA-like,1,0.12323593348264694
7331,Joint,joint,DeepRed-like,2,0.10047641396522522
7340,Joint,joint,SYTO16-like,0,0.11390069872140884
7340,Joint,joint,DIA-like,1,0.15916989743709564
7340,Joint,joint,DeepRed-like,2,0.20893433690071106
7346,Joint,joint,SYTO16-like,0,0.10134445130825043
7346,Joint,joint,DIA-like,1,0.14381076395511627
7346,Joint,joint,DeepRed-like,2,0.19945165514945984
7350,Joint,joint,SYTO16-like,0,0.10566192865371704
7350,Joint,joint,DIA-like,1,0.14945651590824127
7350,Joint,joint,DeepRed-like,2,0.1533995419740677
7373,Joint,joint,SYTO16-like,0,0.18119807541370392
7373,Joint,joint,DIA-like,1,0.11969058215618134
7373,Joint,joint,DeepRed-like,2,0.14093834161758423
7376,Joint,joint,SYTO16-like,0,0.12254075706005096
7376,Joint,joint,DIA-like,1,0.1305057257413864
7376,Joint,joint,DeepRed-like,2,0.14618133008480072
7383,Joint,joint,SYTO16-like,0,0.13442347943782806
7383,Joint,joint,DIA-like,1,0.1395246982574463
7383,Joint,joint,DeepRed-like,2,0.12724222242832184
7404,Joint,joint,SYTO16-like,0,0.14596042037010193
7404,Joint,joint,DIA-like,1,0.14825059473514557
7404,Joint,joint,DeepRed-like,2,0.1601765900850296
7412,Joint,joint,SYTO16-like,0,0.18040436506271362
7412,Joint,joint,DIA-like,1,0.15950480103492737
7412,Joint,joint,DeepRed-like,2,0.16632333397865295
7413,Joint,joint,SYTO16-like,0,0.1551058143377304
7413,Joint,joint,DIA-like,1,0.13679416477680206
7413,Joint,joint,DeepRed-like,2,0.19346965849399567
7421,Joint,joint,SYTO16-like,0,0.1185690239071846
7421,Joint,joint,DIA-like,1,0.1578865498304367
7421,Joint,joint,DeepRed-like,2,0.15091508626937866
7422,Joint,joint,SYTO16-like,0,0.12391021847724915
7422,Joint,joint,DIA-like,1,0.1693505048751831
7422,Joint,joint,DeepRed-like,2,0.17027965188026428
7426,Joint,joint,SYTO16-like,0,0.14077363908290863
7426,Joint,joint,DIA-like,1,0.17748381197452545
7426,Joint,joint,DeepRed-like,2,0.19405320286750793
7427,Joint,joint,SYTO16-like,0,0.11476800590753555
7427,Joint,joint,DIA-like,1,0.11371506005525589
7427,Joint,joint,DeepRed-like,2,0.11904703080654144
7429,Joint,joint,SYTO16-like,0,0.143513023853302
7429,Joint,joint,DIA-like,1,0.12965714931488037
7429,Joint,joint,DeepRed-like,2,0.15725091099739075
7432,Joint,joint,SYTO16-like,0,0.09953870624303818
7432,Joint,joint,DIA-like,1,0.11496208608150482
7432,Joint,joint,DeepRed-like,2,0.0992007628083229
7454,Joint,joint,SYTO16-like,0,0.1763940304517746
7454,Joint,joint,DIA-like,1,0.14490129053592682
7454,Joint,joint,DeepRed-like,2,0.17221561074256897
7459,Joint,joint,SYTO16-like,0,0.14678072929382324
7459,Joint,joint,DIA-like,1,0.14629344642162323
7459,Joint,joint,DeepRed-like,2,0.18662625551223755
7463,Joint,joint,SYTO16-like,0,0.10012828558683395
7463,Joint,joint,DIA-like,1,0.15137043595314026
7463,Joint,joint,DeepRed-like,2,0.189915731549263
7464,Joint,joint,SYTO16-like,0,0.1104082390666008
7464,Joint,joint,DIA-like,1,0.13345927000045776
7464,Joint,joint,DeepRed-like,2,0.17780010402202606
7476,Joint,joint,SYTO16-like,0,0.08406156301498413
7476,Joint,joint,DIA-like,1,0.12060978263616562
7476,Joint,joint,DeepRed-like,2,0.11889132857322693
7477,Joint,joint,SYTO16-like,0,0.1345115453004837
7477,Joint,joint,DIA-like,1,0.2135453224182129
7477,Joint,joint,DeepRed-like,2,0.20098963379859924
7498,Joint,joint,SYTO16-like,0,0.1273549348115921
7498,Joint,joint,DIA-like,1,0.14478397369384766
7498,Joint,joint,DeepRed-like,2,0.15800197422504425
7509,Joint,joint,SYTO16-like,0,0.10233558714389801
7509,Joint,joint,DIA-like,1,0.14074209332466125
7509,Joint,joint,DeepRed-like,2,0.1226579025387764
7511,Joint,joint,SYTO16-like,0,0.14061856269836426
7511,Joint,joint,DIA-like,1,0.14709636569023132
7511,Joint,joint,DeepRed-like,2,0.13172346353530884
7517,Joint,joint,SYTO16-like,0,0.0843835398554802
7517,Joint,joint,DIA-like,1,0.0828462466597557
7517,Joint,joint,DeepRed-like,2,0.10011535882949829
7526,Joint,joint,SYTO16-like,0,0.07955273240804672
7526,Joint,joint,DIA-like,1,0.10114464163780212
7526,Joint,joint,DeepRed-like,2,0.11172537505626678
7528,Joint,joint,SYTO16-like,0,0.1290891021490097
7528,Joint,joint,DIA-like,1,0.12279482930898666
7528,Joint,joint,DeepRed-like,2,0.15844620764255524
7529,Joint,joint,SYTO16-like,0,0.1352076530456543
7529,Joint,joint,DIA-like,1,0.1227400004863739
7529,Joint,joint,DeepRed-like,2,0.13946883380413055
7545,Joint,joint,SYTO16-like,0,0.1416197270154953
7545,Joint,joint,DIA-like,1,0.1230868399143219
7545,Joint,joint,DeepRed-like,2,0.12913618981838226
7546,Joint,joint,SYTO16-like,0,0.11977358907461166
7546,Joint,joint,DIA-like,1,0.16272521018981934
7546,Joint,joint,DeepRed-like,2,0.14229841530323029
7548,Joint,joint,SYTO16-like,0,0.15414369106292725
7548,Joint,joint,DIA-like,1,0.15497583150863647
7548,Joint,joint,DeepRed-like,2,0.15110257267951965
7555,Joint,joint,SYTO16-like,0,0.10968208312988281
7555,Joint,joint,DIA-like,1,0.15272663533687592
7555,Joint,joint,DeepRed-like,2,0.1734679788351059
7563,Joint,joint,SYTO16-like,0,0.10301665216684341
7563,Joint,joint,DIA-like,1,0.11910328269004822
7563,Joint,joint,DeepRed-like,2,0.1526966243982315
7570,Joint,joint,SYTO16-like,0,0.15040011703968048
7570,Joint,joint,DIA-like,1,0.17320924997329712
7570,Joint,joint,DeepRed-like,2,0.1815924495458603
7572,Joint,joint,SYTO16-like,0,0.16354233026504517
7572,Joint,joint,DIA-like,1,0.15360933542251587
7572,Joint,joint,DeepRed-like,2,0.14920765161514282
7576,Joint,joint,SYTO16-like,0,0.11112445592880249
7576,Joint,joint,DIA-like,1,0.14639812707901
7576,Joint,joint,DeepRed-like,2,0.16183073818683624
7577,Joint,joint,SYTO16-like,0,0.11472877115011215
7577,Joint,joint,DIA-like,1,0.17580072581768036
7577,Joint,joint,DeepRed-like,2,0.19394254684448242
7595,Joint,joint,SYTO16-like,0,0.17861998081207275
7595,Joint,joint,DIA-like,1,0.15171709656715393
7595,Joint,joint,DeepRed-like,2,0.14146815240383148
7606,Joint,joint,SYTO16-like,0,0.10433775186538696
7606,Joint,joint,DIA-like,1,0.10947369039058685
7606,Joint,joint,DeepRed-like,2,0.09482409805059433
7608,Joint,joint,SYTO16-like,0,0.10610651969909668
7608,Joint,joint,DIA-like,1,0.11951812356710434
7608,Joint,joint,DeepRed-like,2,0.1282590627670288
7619,Joint,joint,SYTO16-like,0,0.11649586260318756
7619,Joint,joint,DIA-like,1,0.13563881814479828
7619,Joint,joint,DeepRed-like,2,0.12640874087810516
7620,Joint,joint,SYTO16-like,0,0.11556984484195709
7620,Joint,joint,DIA-like,1,0.12679913640022278
7620,Joint,joint,DeepRed-like,2,0.16089078783988953
7624,Joint,joint,SYTO16-like,0,0.10397740453481674
7624,Joint,joint,DIA-like,1,0.12804186344146729
7624,Joint,joint,DeepRed-like,2,0.17237764596939087
7627,Joint,joint,SYTO16-like,0,0.12155759334564209
7627,Joint,joint,DIA-like,1,0.14215867221355438
7627,Joint,joint,DeepRed-like,2,0.2058648318052292
7629,Joint,joint,SYTO16-like,0,0.14367829263210297
7629,Joint,joint,DIA-like,1,0.2332700788974762
7629,Joint,joint,DeepRed-like,2,0.19975560903549194
7630,Joint,joint,SYTO16-like,0,0.11947423219680786
7630,Joint,joint,DIA-like,1,0.1573052853345871
7630,Joint,joint,DeepRed-like,2,0.16759896278381348
7632,Joint,joint,SYTO16-like,0,0.11202915012836456
7632,Joint,joint,DIA-like,1,0.16219577193260193
7632,Joint,joint,DeepRed-like,2,0.19912189245224
7645,Joint,joint,SYTO16-like,0,0.13763098418712616
7645,Joint,joint,DIA-like,1,0.1323322206735611
7645,Joint,joint,DeepRed-like,2,0.17060931026935577
7656,Joint,joint,SYTO16-like,0,0.15587329864501953
7656,Joint,joint,DIA-like,1,0.13080593943595886
7656,Joint,joint,DeepRed-like,2,0.17088596522808075
7671,Joint,joint,SYTO16-like,0,0.11563925445079803
7671,Joint,joint,DIA-like,1,0.12903901934623718
7671,Joint,joint,DeepRed-like,2,0.10435501486063004
7676,Joint,joint,SYTO16-like,0,0.09852646291255951
7676,Joint,joint,DIA-like,1,0.11987671256065369
7676,Joint,joint,DeepRed-like,2,0.13818742334842682
7688,Joint,joint,SYTO16-like,0,0.12063226848840714
7688,Joint,joint,DIA-like,1,0.15040045976638794
7688,Joint,joint,DeepRed-like,2,0.16928941011428833
7691,Joint,joint,SYTO16-like,0,0.11497903615236282
7691,Joint,joint,DIA-like,1,0.13876348733901978
7691,Joint,joint,DeepRed-like,2,0.18890175223350525
7692,Joint,joint,SYTO16-like,0,0.1280592381954193
7692,Joint,joint,DIA-like,1,0.11636469513177872
7692,Joint,joint,DeepRed-like,2,0.12303435057401657
7709,Joint,joint,SYTO16-like,0,0.13717950880527496
7709,Joint,joint,DIA-like,1,0.1290721893310547
7709,Joint,joint,DeepRed-like,2,0.15013223886489868
7710,Joint,joint,SYTO16-like,0,0.10791697353124619
7710,Joint,joint,DIA-like,1,0.13873405754566193
7710,Joint,joint,DeepRed-like,2,0.14262571930885315
7719,Joint,joint,SYTO16-like,0,0.104312963783741
7719,Joint,joint,DIA-like,1,0.12804186344146729
7719,Joint,joint,DeepRed-like,2,0.127911776304245
7738,Joint,joint,SYTO16-like,0,0.10899311304092407
7738,Joint,joint,DIA-like,1,0.13330954313278198
7738,Joint,joint,DeepRed-like,2,0.13885697722434998
7740,Joint,joint,SYTO16-like,0,0.0974709540605545
7740,Joint,joint,DIA-like,1,0.16133995354175568
7740,Joint,joint,DeepRed-like,2,0.17551261186599731
7741,Joint,joint,SYTO16-like,0,0.1497931033372879
7741,Joint,joint,DIA-like,1,0.13496142625808716
7741,Joint,joint,DeepRed-like,2,0.2056652456521988
7742,Joint,joint,SYTO16-like,0,0.10171151161193848
7742,Joint,joint,DIA-like,1,0.12058351188898087
7742,Joint,joint,DeepRed-like,2,0.13573038578033447
7759,Joint,joint,SYTO16-like,0,0.12593568861484528
7759,Joint,joint,DIA-like,1,0.11046170443296432
7759,Joint,joint,DeepRed-like,2,0.13668926060199738
7764,Joint,joint,SYTO16-like,0,0.10294478386640549
7764,Joint,joint,DIA-like,1,0.1489829272031784
7764,Joint,joint,DeepRed-like,2,0.17109231650829315
7768,Joint,joint,SYTO16-like,0,0.0968068465590477
7768,Joint,joint,DIA-like,1,0.161921888589859
7768,Joint,joint,DeepRed-like,2,0.13479219377040863
7772,Joint,joint,SYTO16-like,0,0.123902328312397
7772,Joint,joint,DIA-like,1,0.1148519515991211
7772,Joint,joint,DeepRed-like,2,0.13632598519325256
7774,Joint,joint,SYTO16-like,0,0.1362161785364151
7774,Joint,joint,DIA-like,1,0.18810127675533295
7774,Joint,joint,DeepRed-like,2,0.1594262272119522
7775,Joint,joint,SYTO16-like,0,0.10119523853063583
7775,Joint,joint,DIA-like,1,0.1692236363887787
7775,Joint,joint,DeepRed-like,2,0.18741486966609955
7776,Joint,joint,SYTO16-like,0,0.11600057035684586
7776,Joint,joint,DIA-like,1,0.11805113404989243
7776,Joint,joint,DeepRed-like,2,0.15249484777450562
7779,Joint,joint,SYTO16-like,0,0.15613989531993866
7779,Joint,joint,DIA-like,1,0.18544821441173553
7779,Joint,joint,DeepRed-like,2,0.20677883923053741
7791,Joint,joint,SYTO16-like,0,0.12251521646976471
7791,Joint,joint,DIA-like,1,0.11111649125814438
7791,Joint,joint,DeepRed-like,2,0.09479784965515137
7808,Joint,joint,SYTO16-like,0,0.13734591007232666
7808,Joint,joint,DIA-like,1,0.11932048946619034
7808,Joint,joint,DeepRed-like,2,0.1702924221754074
7813,Joint,joint,SYTO16-like,0,0.11345385015010834
7813,Joint,joint,DIA-like,1,0.11701742559671402
7813,Joint,joint,DeepRed-like,2,0.13228920102119446
7822,Joint,joint,SYTO16-like,0,0.10837824642658234
7822,Joint,joint,DIA-like,1,0.14782670140266418
7822,Joint,joint,DeepRed-like,2,0.14937575161457062
7825,Joint,joint,SYTO16-like,0,0.12579470872879028
7825,Joint,joint,DIA-like,1,0.14997047185897827
7825,Joint,joint,DeepRed-like,2,0.1771056354045868
7829,Joint,joint,SYTO16-like,0,0.11734051257371902
7829,Joint,joint,DIA-like,1,0.14115165174007416
7829,Joint,joint,DeepRed-like,2,0.1394919753074646
7835,Joint,joint,SYTO16-like,0,0.13390135765075684
7835,Joint,joint,DIA-like,1,0.174998939037323
7835,Joint,joint,DeepRed-like,2,0.1366272270679474
7845,Joint,joint,SYTO16-like,0,0.1174670159816742
7845,Joint,joint,DIA-like,1,0.1453665792942047
7845,Joint,joint,DeepRed-like,2,0.22081667184829712
7861,Joint,joint,SYTO16-like,0,0.15189975500106812
7861,Joint,joint,DIA-like,1,0.14664235711097717
7861,Joint,joint,DeepRed-like,2,0.10080265253782272
7863,Joint,joint,SYTO16-like,0,0.11818380653858185
7863,Joint,joint,DIA-like,1,0.13847392797470093
7863,Joint,joint,DeepRed-like,2,0.14162899553775787
7869,Joint,joint,SYTO16-like,0,0.16335095465183258
7869,Joint,joint,DIA-like,1,0.16348789632320404
7869,Joint,joint,DeepRed-like,2,0.1557711362838745
7874,Joint,joint,SYTO16-like,0,0.0887409970164299
7874,Joint,joint,DIA-like,1,0.0935971587896347
7874,Joint,joint,DeepRed-like,2,0.09794508665800095
7891,Joint,joint,SYTO16-like,0,0.15791206061840057
7891,Joint,joint,DIA-like,1,0.18280629813671112
7891,Joint,joint,DeepRed-like,2,0.22665490210056305
7902,Joint,joint,SYTO16-like,0,0.1117667704820633
7902,Joint,joint,DIA-like,1,0.15736553072929382
7902,Joint,joint,DeepRed-like,2,0.19473019242286682
7916,Joint,joint,SYTO16-like,0,0.17742115259170532
7916,Joint,joint,DIA-like,1,0.15377330780029297
7916,Joint,joint,DeepRed-like,2,0.14595863223075867
7934,Joint,joint,SYTO16-like,0,0.10846687108278275
7934,Joint,joint,DIA-like,1,0.11180086433887482
7934,Joint,joint,DeepRed-like,2,0.11538690328598022
7940,Joint,joint,SYTO16-like,0,0.10020390152931213
7940,Joint,joint,DIA-like,1,0.10649203509092331
7940,Joint,joint,DeepRed-like,2,0.11774472892284393
7944,Joint,joint,SYTO16-like,0,0.13240307569503784
7944,Joint,joint,DIA-like,1,0.15661589801311493
7944,Joint,joint,DeepRed-like,2,0.1884591281414032
7960,Joint,joint,SYTO16-like,0,0.10060865432024002
7960,Joint,joint,DIA-like,1,0.11875718832015991
7960,Joint,joint,DeepRed-like,2,0.12482322752475739
7966,Joint,joint,SYTO16-like,0,0.1901826411485672
7966,Joint,joint,DIA-like,1,0.16398419439792633
7966,Joint,joint,DeepRed-like,2,0.1746869832277298
7967,Joint,joint,SYTO16-like,0,0.15789364278316498
7967,Joint,joint,DIA-like,1,0.15195560455322266
7967,Joint,joint,DeepRed-like,2,0.24429437518119812
7970,Joint,joint,SYTO16-like,0,0.1013985276222229
7970,Joint,joint,DIA-like,1,0.12594923377037048
7970,Joint,joint,DeepRed-like,2,0.09904410690069199
7971,Joint,joint,SYTO16-like,0,0.12014073133468628
7971,Joint,joint,DIA-like,1,0.14506091177463531
7971,Joint,joint,DeepRed-like,2,0.1379629224538803
7972,Joint,joint,SYTO16-like,0,0.11723219603300095
7972,Joint,joint,DIA-like,1,0.19802407920360565
7972,Joint,joint,DeepRed-like,2,0.22662253677845
7977,Joint,joint,SYTO16-like,0,0.14318081736564636
7977,Joint,joint,DIA-like,1,0.15588539838790894
7977,Joint,joint,DeepRed-like,2,0.15899552404880524
7992,Joint,joint,SYTO16-like,0,0.11129546910524368
7992,Joint,joint,DIA-like,1,0.12448601424694061
7992,Joint,joint,DeepRed-like,2,0.13788451254367828
8002,Joint,joint,SYTO16-like,0,0.09756544977426529
8002,Joint,joint,DIA-like,1,0.11632466316223145
8002,Joint,joint,DeepRed-like,2,0.11753114312887192
8003,Joint,joint,SYTO16-like,0,0.12885349988937378
8003,Joint,joint,DIA-like,1,0.12285088747739792
8003,Joint,joint,DeepRed-like,2,0.1589498519897461
8004,Joint,joint,SYTO16-like,0,0.09997165203094482
8004,Joint,joint,DIA-like,1,0.1272376924753189
8004,Joint,joint,DeepRed-like,2,0.12777505815029144
8010,Joint,joint,SYTO16-like,0,0.10355020314455032
8010,Joint,joint,DIA-like,1,0.14520269632339478
8010,Joint,joint,DeepRed-like,2,0.2047571986913681
8015,Joint,joint,SYTO16-like,0,0.11146649718284607
8015,Joint,joint,DIA-like,1,0.1507297307252884
8015,Joint,joint,DeepRed-like,2,0.10436318069696426
8016,Joint,joint,SYTO16-like,0,0.17748770117759705
8016,Joint,joint,DIA-like,1,0.17380951344966888
8016,Joint,joint,DeepRed-like,2,0.2022942751646042
8024,Joint,joint,SYTO16-like,0,0.13880184292793274
8024,Joint,joint,DIA-like,1,0.1676027625799179
8024,Joint,joint,DeepRed-like,2,0.20298819243907928
8047,Joint,joint,SYTO16-like,0,0.12818434834480286
8047,Joint,joint,DIA-like,1,0.1497381627559662
8047,Joint,joint,DeepRed-like,2,0.15846581757068634
8058,Joint,joint,SYTO16-like,0,0.1971454918384552
8058,Joint,joint,DIA-like,1,0.17615410685539246
8058,Joint,joint,DeepRed-like,2,0.2461623251438141
8067,Joint,joint,SYTO16-like,0,0.16007760167121887
8067,Joint,joint,DIA-like,1,0.18177218735218048
8067,Joint,joint,DeepRed-like,2,0.14744724333286285
8073,Joint,joint,SYTO16-like,0,0.1404149979352951
8073,Joint,joint,DIA-like,1,0.1316879838705063
8073,Joint,joint,DeepRed-like,2,0.20444031059741974
8076,Joint,joint,SYTO16-like,0,0.13975529372692108
8076,Joint,joint,DIA-like,1,0.14542433619499207
8076,Joint,joint,DeepRed-like,2,0.20614363253116608
8081,Joint,joint,SYTO16-like,0,0.15761414170265198
8081,Joint,joint,DIA-like,1,0.18898208439350128
8081,Joint,joint,DeepRed-like,2,0.1936882883310318
8114,Joint,joint,SYTO16-like,0,0.11722931265830994
8114,Joint,joint,DIA-like,1,0.1744726300239563
8114,Joint,joint,DeepRed-like,2,0.1563068926334381
8115,Joint,joint,SYTO16-like,0,0.16895100474357605
8115,Joint,joint,DIA-like,1,0.14972782135009766
8115,Joint,joint,DeepRed-like,2,0.15290053188800812
8120,Joint,joint,SYTO16-like,0,0.163988396525383
8120,Joint,joint,DIA-like,1,0.13397039473056793
8120,Joint,joint,DeepRed-like,2,0.16510909795761108
8122,Joint,joint,SYTO16-like,0,0.15285073220729828
8122,Joint,joint,DIA-like,1,0.11924875527620316
8122,Joint,joint,DeepRed-like,2,0.1572093516588211
8125,Joint,joint,SYTO16-like,0,0.13767866790294647
8125,Joint,joint,DIA-like,1,0.1396602988243103
8125,Joint,joint,DeepRed-like,2,0.11067037284374237
8136,Joint,joint,SYTO16-like,0,0.12468355894088745
8136,Joint,joint,DIA-like,1,0.13704101741313934
8136,Joint,joint,DeepRed-like,2,0.1539699137210846
8138,Joint,joint,SYTO16-like,0,0.10183355212211609
8138,Joint,joint,DIA-like,1,0.18738390505313873
8138,Joint,joint,DeepRed-like,2,0.17150922119617462
8149,Joint,joint,SYTO16-like,0,0.23536346852779388
8149,Joint,joint,DIA-like,1,0.1999519169330597
8149,Joint,joint,DeepRed-like,2,0.24188917875289917
8156,Joint,joint,SYTO16-like,0,0.13677959144115448
8156,Joint,joint,DIA-like,1,0.13578349351882935
8156,Joint,joint,DeepRed-like,2,0.13777893781661987
8157,Joint,joint,SYTO16-like,0,0.0893130972981453
8157,Joint,joint,DIA-like,1,0.11882495135068893
8157,Joint,joint,DeepRed-like,2,0.10100144892930984
8162,Joint,joint,SYTO16-like,0,0.13694621622562408
8162,Joint,joint,DIA-like,1,0.1427541822195053
8162,Joint,joint,DeepRed-like,2,0.15474338829517365
8167,Joint,joint,SYTO16-like,0,0.09973853826522827
8167,Joint,joint,DIA-like,1,0.1254943609237671
8167,Joint,joint,DeepRed-like,2,0.1370481699705124
8169,Joint,joint,SYTO16-like,0,0.17070432007312775
8169,Joint,joint,DIA-like,1,0.14736922085285187
8169,Joint,joint,DeepRed-like,2,0.17522701621055603
8170,Joint,joint,SYTO16-like,0,0.11955304443836212
8170,Joint,joint,DIA-like,1,0.14536045491695404
8170,Joint,joint,DeepRed-like,2,0.14072366058826447
8172,Joint,joint,SYTO16-like,0,0.15324755012989044
8172,Joint,joint,DIA-like,1,0.16977337002754211
8172,Joint,joint,DeepRed-like,2,0.20354212820529938
8202,Joint,joint,SYTO16-like,0,0.1081850677728653
8202,Joint,joint,DIA-like,1,0.12497182190418243
8202,Joint,joint,DeepRed-like,2,0.09537170827388763
8206,Joint,joint,SYTO16-like,0,0.13464239239692688
8206,Joint,joint,DIA-like,1,0.14962561428546906
8206,Joint,joint,DeepRed-like,2,0.19611869752407074
8217,Joint,joint,SYTO16-like,0,0.1528477668762207
8217,Joint,joint,DIA-like,1,0.15220586955547333
8217,Joint,joint,DeepRed-like,2,0.17296276986598969
8218,Joint,joint,SYTO16-like,0,0.10417234897613525
8218,Joint,joint,DIA-like,1,0.13387571275234222
8218,Joint,joint,DeepRed-like,2,0.1463797688484192
8222,Joint,joint,SYTO16-like,0,0.1298588365316391
8222,Joint,joint,DIA-like,1,0.13239786028862
8222,Joint,joint,DeepRed-like,2,0.13284006714820862
8227,Joint,joint,SYTO16-like,0,0.12038330733776093
8227,Joint,joint,DIA-like,1,0.14630500972270966
8227,Joint,joint,DeepRed-like,2,0.17423178255558014
8249,Joint,joint,SYTO16-like,0,0.17467455565929413
8249,Joint,joint,DIA-like,1,0.18817713856697083
8249,Joint,joint,DeepRed-like,2,0.16534826159477234
8251,Joint,joint,SYTO16-like,0,0.12239154428243637
8251,Joint,joint,DIA-like,1,0.1456848680973053
8251,Joint,joint,DeepRed-like,2,0.18583545088768005
8252,Joint,joint,SYTO16-like,0,0.18651853501796722
8252,Joint,joint,DIA-like,1,0.17579230666160583
8252,Joint,joint,DeepRed-like,2,0.17830835282802582
8256,Joint,joint,SYTO16-like,0,0.11467115581035614
8256,Joint,joint,DIA-like,1,0.15581265091896057
8256,Joint,joint,DeepRed-like,2,0.2184177041053772
8263,Joint,joint,SYTO16-like,0,0.1207565888762474
8263,Joint,joint,DIA-like,1,0.1729528307914734
8263,Joint,joint,DeepRed-like,2,0.21153487265110016
