local_row,real_idx,nrmse_ru_nnls,nrmse_ru_poisson,nrmse_sa_joint,improvement_ru_nnls_minus_sa_joint,improvement_ru_poisson_minus_sa_joint
0,5,0.2088998705148697,0.20784571766853333,0.14742505550384521,0.061474815011024475,0.06042066216468811
1,12,0.18634973466396332,0.18500693142414093,0.12751254439353943,0.05883719027042389,0.0574943870306015
2,24,0.1776421219110489,0.1777213215827942,0.1270626187324524,0.0505795031785965,0.0506587028503418
3,26,0.19355936348438263,0.19132214784622192,0.1332613080739975,0.06029805541038513,0.058060839772224426
4,30,0.18539635837078094,0.18211346864700317,0.13210824131965637,0.05328811705112457,0.0500052273273468
5,35,0.2552306652069092,0.25371596217155457,0.17268922924995422,0.08254143595695496,0.08102673292160034
6,39,0.17237086594104767,0.1705145686864853,0.12687435746192932,0.04549650847911835,0.04364021122455597
7,41,0.29331502318382263,0.29630255699157715,0.23123422265052795,0.06208080053329468,0.0650683343410492
8,42,0.11662144958972931,0.11395954340696335,0.07901287078857422,0.03760857880115509,0.03494667261838913
9,44,0.18482191860675812,0.1841050684452057,0.14436444640159607,0.04045747220516205,0.03974062204360962
10,48,0.20528674125671387,0.2068115472793579,0.14688292145729065,0.05840381979942322,0.05992862582206726
11,65,0.20806659758090973,0.20784281194210052,0.1505640149116516,0.05750258266925812,0.057278797030448914
12,69,0.18933728337287903,0.18656328320503235,0.14017818868160248,0.04915909469127655,0.04638509452342987
13,71,0.16720765829086304,0.16643013060092926,0.11815869063138962,0.04904896765947342,0.04827143996953964
14,73,0.23281073570251465,0.23162297904491425,0.16409549117088318,0.06871524453163147,0.06752748787403107
15,80,0.17416799068450928,0.1730518341064453,0.1309760957956314,0.04319189488887787,0.042075738310813904
16,83,0.2001592218875885,0.19840997457504272,0.14544330537319183,0.05471591651439667,0.05296666920185089
17,99,0.1974538415670395,0.19589346647262573,0.1442662626504898,0.05318757891654968,0.051627203822135925
18,100,0.19096927344799042,0.18821606040000916,0.1418997049331665,0.049069568514823914,0.04631635546684265
19,110,0.16105814278125763,0.15691068768501282,0.12581723928451538,0.03524090349674225,0.031093448400497437
20,116,0.1788414567708969,0.1761903464794159,0.13278180360794067,0.04605965316295624,0.04340854287147522
21,122,0.16682793200016022,0.16716155409812927,0.11860731989145279,0.04822061210870743,0.04855423420667648
22,132,0.17732642590999603,0.17612126469612122,0.13097189366817474,0.04635453224182129,0.04514937102794647
23,141,0.16194097697734833,0.16150271892547607,0.12314848601818085,0.03879249095916748,0.03835423290729523
24,151,0.1864556521177292,0.18254318833351135,0.1351396143436432,0.051316037774086,0.047403573989868164
25,154,0.18385960161685944,0.1822623759508133,0.12922492623329163,0.05463467538356781,0.05303744971752167
26,156,0.21657758951187134,0.21366465091705322,0.15956683456897736,0.05701075494289398,0.05409781634807587
27,157,0.22120140492916107,0.22137467563152313,0.17344103753566742,0.04776036739349365,0.04793363809585571
28,159,0.21467746794223785,0.21344131231307983,0.17048625648021698,0.044191211462020874,0.042955055832862854
29,178,0.2238806039094925,0.22159302234649658,0.157251238822937,0.06662936508655548,0.06434178352355957
30,197,0.1309136301279068,0.12921571731567383,0.088497094810009,0.0424165353178978,0.040718622505664825
31,199,0.16256488859653473,0.16311050951480865,0.11213929206132889,0.05042559653520584,0.05097121745347977
32,211,0.14476093649864197,0.14130480587482452,0.09674623608589172,0.048014700412750244,0.0445585697889328
33,212,0.1503104865550995,0.14716960489749908,0.12186920642852783,0.028441280126571655,0.025300398468971252
34,214,0.21388675272464752,0.2127857655286789,0.15716257691383362,0.056724175810813904,0.055623188614845276
35,221,0.1768619418144226,0.17347589135169983,0.13389991223812103,0.042962029576301575,0.039575979113578796
36,232,0.1929122507572174,0.1911211609840393,0.13928699493408203,0.053625255823135376,0.051834166049957275
37,233,0.18443194031715393,0.18283849954605103,0.12727083265781403,0.057161107659339905,0.055567666888237
38,240,0.17383724451065063,0.17152291536331177,0.12595954537391663,0.04787769913673401,0.04556336998939514
39,242,0.17365580797195435,0.17125430703163147,0.12883655726909637,0.04481925070285797,0.042417749762535095
40,243,0.15894703567028046,0.15858498215675354,0.10545751452445984,0.05348952114582062,0.0531274676322937
41,244,0.17712163925170898,0.1757494956254959,0.13218724727630615,0.04493439197540283,0.04356224834918976
42,260,0.22979089617729187,0.23349381983280182,0.13947005569934845,0.09032084047794342,0.09402376413345337
43,273,0.1621810793876648,0.1600174605846405,0.12190263718366623,0.040278442203998566,0.038114823400974274
44,275,0.2226930856704712,0.22060610353946686,0.1689152717590332,0.05377781391143799,0.051690831780433655
45,276,0.17901383340358734,0.17614848911762238,0.13041795790195465,0.04859587550163269,0.045730531215667725
46,283,0.17702242732048035,0.17495188117027283,0.12582451105117798,0.05119791626930237,0.04912737011909485
47,297,0.26447269320487976,0.264030784368515,0.17206238210201263,0.09241031110286713,0.09196840226650238
48,303,0.15166272222995758,0.15007689595222473,0.10507924854755402,0.046583473682403564,0.044997647404670715
49,310,0.18791308999061584,0.187022864818573,0.13194112479686737,0.055971965193748474,0.05508174002170563
50,318,0.19992516934871674,0.1997368484735489,0.14467154443264008,0.05525362491607666,0.055065304040908813
51,319,0.1364980787038803,0.13306018710136414,0.0936979353427887,0.042800143361091614,0.03936225175857544
52,324,0.17844831943511963,0.17795655131340027,0.13172435760498047,0.04672396183013916,0.0462321937084198
53,326,0.13703696429729462,0.13656295835971832,0.08274013549089432,0.0542968288064003,0.053822822868824005
54,328,0.17341932654380798,0.1718028485774994,0.11758126318454742,0.05583806335926056,0.054221585392951965
55,330,0.15747329592704773,0.15511947870254517,0.11401805281639099,0.04345524311065674,0.041101425886154175
56,333,0.17480555176734924,0.17410726845264435,0.12272507697343826,0.05208047479391098,0.051382191479206085
57,340,0.19041600823402405,0.1886138916015625,0.14042943716049194,0.049986571073532104,0.04818445444107056
58,347,0.15072688460350037,0.148324653506279,0.10843416303396225,0.042292721569538116,0.03989049047231674
59,348,0.17106346786022186,0.16688238084316254,0.11813440173864365,0.05292906612157822,0.04874797910451889
60,360,0.1906615048646927,0.1899874359369278,0.13770504295825958,0.052956461906433105,0.05228239297866821
61,361,0.16572989523410797,0.16320070624351501,0.1263730823993683,0.039356812834739685,0.03682762384414673
62,364,0.19437594711780548,0.19015511870384216,0.14071416854858398,0.0536617785692215,0.04944095015525818
63,366,0.1740352213382721,0.1733536720275879,0.1398959755897522,0.0341392457485199,0.03345769643783569
64,378,0.19427400827407837,0.19274389743804932,0.14256156980991364,0.051712438464164734,0.05018232762813568
65,391,0.15602809190750122,0.15474268794059753,0.11000591516494751,0.04602217674255371,0.044736772775650024
66,394,0.21510885655879974,0.2138090878725052,0.15060563385486603,0.06450322270393372,0.06320345401763916
67,398,0.17871634662151337,0.17712152004241943,0.13339152932167053,0.045324817299842834,0.0437299907207489
68,408,0.18864135444164276,0.18725065886974335,0.1337047517299652,0.05493660271167755,0.05354590713977814
69,409,0.15505513548851013,0.15163883566856384,0.12293693423271179,0.03211820125579834,0.02870190143585205
70,410,0.18365706503391266,0.18103133141994476,0.13801227509975433,0.045644789934158325,0.04301905632019043
71,412,0.2220325917005539,0.22226445376873016,0.16487102210521698,0.057161569595336914,0.057393431663513184
72,425,0.19981148838996887,0.1985519379377365,0.14329473674297333,0.056516751646995544,0.055257201194763184
73,429,0.18320801854133606,0.1804286390542984,0.12328103184700012,0.05992698669433594,0.05714760720729828
74,438,0.20246019959449768,0.20221826434135437,0.14422626793384552,0.05823393166065216,0.05799199640750885
75,461,0.17349126935005188,0.17015862464904785,0.12925633788108826,0.04423493146896362,0.040902286767959595
76,463,0.2036277800798416,0.19990715384483337,0.14692549407482147,0.05670228600502014,0.0529816597700119
77,464,0.19719308614730835,0.19524744153022766,0.14229203760623932,0.05490104854106903,0.05295540392398834
78,477,0.16576996445655823,0.16555528342723846,0.1322852373123169,0.03348472714424133,0.03327004611492157
79,486,0.179287388920784,0.18021893501281738,0.12872040271759033,0.050566986203193665,0.05149853229522705
80,491,0.23720422387123108,0.2390333116054535,0.17367829382419586,0.06352593004703522,0.06535501778125763
81,495,0.21330426633358002,0.21143627166748047,0.15497532486915588,0.05832894146442413,0.056460946798324585
82,516,0.18114449083805084,0.17798452079296112,0.1279717981815338,0.05317269265651703,0.05001272261142731
83,521,0.20524446666240692,0.20456482470035553,0.14654429256916046,0.05870017409324646,0.05802053213119507
84,531,0.184381365776062,0.1815609633922577,0.13387040793895721,0.0505109578371048,0.047690555453300476
85,533,0.17055141925811768,0.16908735036849976,0.11394712328910828,0.0566042959690094,0.05514022707939148
86,537,0.174198716878891,0.17128130793571472,0.12596069276332855,0.04823802411556244,0.04532061517238617
87,542,0.20737719535827637,0.20591574907302856,0.1627284735441208,0.04464872181415558,0.043187275528907776
88,543,0.18523931503295898,0.18427835404872894,0.1375647485256195,0.04767456650733948,0.046713605523109436
89,548,0.14389649033546448,0.14148631691932678,0.0985456332564354,0.04535085707902908,0.04294068366289139
90,554,0.20782259106636047,0.20773786306381226,0.15735843777656555,0.05046415328979492,0.050379425287246704
91,565,0.18111544847488403,0.18079589307308197,0.13336524367332458,0.04775020480155945,0.047430649399757385
92,570,0.19008025527000427,0.1886359006166458,0.12897033989429474,0.061109915375709534,0.059665560722351074
93,574,0.20680119097232819,0.20571091771125793,0.1523815095424652,0.054419681429862976,0.053329408168792725
94,590,0.17855042219161987,0.17695219814777374,0.125629723072052,0.05292069911956787,0.05132247507572174
95,610,0.16937360167503357,0.16649967432022095,0.1267324984073639,0.04264110326766968,0.039767175912857056
96,613,0.17397573590278625,0.17222584784030914,0.12633240222930908,0.04764333367347717,0.04589344561100006
97,634,0.15914618968963623,0.15882526338100433,0.10954539477825165,0.04960079491138458,0.049279868602752686
98,637,0.21271857619285583,0.20956267416477203,0.14359742403030396,0.06912115216255188,0.06596525013446808
99,642,0.1866263598203659,0.1842563897371292,0.13491465151309967,0.051711708307266235,0.04934173822402954
100,644,0.1977795958518982,0.1976785510778427,0.14989127218723297,0.04788832366466522,0.04778727889060974
101,663,0.21316176652908325,0.21414433419704437,0.1521676778793335,0.060994088649749756,0.061976656317710876
102,670,0.19385118782520294,0.19068366289138794,0.13284458220005035,0.06100660562515259,0.057839080691337585
103,676,0.18327459692955017,0.1802506148815155,0.12594656646251678,0.057328030467033386,0.05430404841899872
104,680,0.20070622861385345,0.2004680335521698,0.1451469510793686,0.05555927753448486,0.05532108247280121
105,686,0.2058529406785965,0.20628301799297333,0.1519046574831009,0.053948283195495605,0.054378360509872437
106,695,0.16844624280929565,0.16742749512195587,0.1255933791399002,0.04285286366939545,0.041834115982055664
107,707,0.1790153533220291,0.17785215377807617,0.12469867616891861,0.054316677153110504,0.05315347760915756
108,711,0.15959948301315308,0.1569441705942154,0.11815943568944931,0.041440047323703766,0.03878473490476608
109,712,0.1879948228597641,0.18610383570194244,0.13783341646194458,0.05016140639781952,0.048270419239997864
110,713,0.1818774789571762,0.1805805265903473,0.13324090838432312,0.04863657057285309,0.04733961820602417
111,717,0.2336982637643814,0.2345023900270462,0.17719386518001556,0.056504398584365845,0.05730852484703064
112,721,0.23119007050991058,0.22956514358520508,0.16958856582641602,0.06160150468349457,0.05997657775878906
113,738,0.17302106320858002,0.17080183327198029,0.13112562894821167,0.04189543426036835,0.039676204323768616
114,748,0.1452544629573822,0.14537788927555084,0.09942210465669632,0.04583235830068588,0.04595578461885452
115,752,0.1734839528799057,0.17273199558258057,0.1309092491865158,0.04257470369338989,0.04182274639606476
116,760,0.24817733466625214,0.24731144309043884,0.1835722178220749,0.06460511684417725,0.06373922526836395
117,763,0.20828132331371307,0.20489734411239624,0.14232592284679413,0.06595540046691895,0.06257142126560211
118,770,0.1983320564031601,0.1961781084537506,0.14187876880168915,0.05645328760147095,0.05429933965206146
119,776,0.1991259753704071,0.19664698839187622,0.14254352450370789,0.05658245086669922,0.054103463888168335
120,778,0.18852022290229797,0.18541043996810913,0.13364270329475403,0.054877519607543945,0.0517677366733551
121,782,0.18654753267765045,0.18371045589447021,0.13875694572925568,0.047790586948394775,0.04495351016521454
122,787,0.17380747199058533,0.171863853931427,0.12675730884075165,0.04705016314983368,0.045106545090675354
123,793,0.22807583212852478,0.2281496226787567,0.15940704941749573,0.06866878271102905,0.06874257326126099
124,799,0.20766045153141022,0.20626696944236755,0.15455150604248047,0.05310894548892975,0.051715463399887085
125,800,0.18754684925079346,0.1870056390762329,0.13743899762630463,0.05010785162448883,0.049566641449928284
126,804,0.2136838734149933,0.2142741084098816,0.1560605764389038,0.05762329697608948,0.05821353197097778
127,810,0.19762475788593292,0.19744177162647247,0.15211494266986847,0.04550981521606445,0.045326828956604004
128,812,0.18512561917304993,0.18338362872600555,0.13377343118190765,0.05135218799114227,0.0496101975440979
129,819,0.15547850728034973,0.15317781269550323,0.10541778802871704,0.05006071925163269,0.047760024666786194
130,823,0.18798424303531647,0.1871822625398636,0.1412021964788437,0.04678204655647278,0.0459800660610199
131,827,0.17604583501815796,0.17346355319023132,0.12405670434236526,0.051989130675792694,0.04940684884786606
132,831,0.19232454895973206,0.1920304149389267,0.13029485940933228,0.06202968955039978,0.06173555552959442
133,847,0.1739908903837204,0.1712144911289215,0.1254574954509735,0.04853339493274689,0.045756995677948
134,849,0.23033814132213593,0.22838054597377777,0.1645217090845108,0.06581643223762512,0.06385883688926697
135,856,0.21092233061790466,0.20908059179782867,0.14944767951965332,0.06147465109825134,0.059632912278175354
136,865,0.21504904329776764,0.21424207091331482,0.15563660860061646,0.059412434697151184,0.058605462312698364
137,871,0.2182830274105072,0.218179389834404,0.147658109664917,0.07062491774559021,0.070521280169487
138,873,0.21089698374271393,0.21010826528072357,0.15295495092868805,0.05794203281402588,0.05715331435203552
139,880,0.19354405999183655,0.19303955137729645,0.14136958122253418,0.05217447876930237,0.05166997015476227
140,884,0.17541375756263733,0.17346106469631195,0.13394449651241302,0.041469261050224304,0.039516568183898926
141,887,0.17541171610355377,0.1730821281671524,0.12536054849624634,0.050051167607307434,0.04772157967090607
142,893,0.18575598299503326,0.18228870630264282,0.13621410727500916,0.04954187572002411,0.04607459902763367
143,906,0.2102339118719101,0.20878922939300537,0.151398703455925,0.05883520841598511,0.05739052593708038
144,909,0.15701530873775482,0.15376800298690796,0.11238586902618408,0.04462943971157074,0.04138213396072388
145,910,0.1819746345281601,0.17929811775684357,0.12856142222881317,0.053413212299346924,0.050736695528030396
146,913,0.16468283534049988,0.16344235837459564,0.11977730691432953,0.04490552842617035,0.04366505146026611
147,916,0.19752098619937897,0.19542431831359863,0.14868655800819397,0.048834428191185,0.04673776030540466
148,927,0.17755627632141113,0.17630448937416077,0.11857260763645172,0.05898366868495941,0.057731881737709045
149,930,0.18160925805568695,0.17929551005363464,0.12581734359264374,0.05579191446304321,0.053478166460990906
150,939,0.15708719193935394,0.1553618609905243,0.10409881919622421,0.05298837274312973,0.05126304179430008
151,956,0.16914774477481842,0.16800855100154877,0.12606215476989746,0.04308559000492096,0.041946396231651306
152,963,0.19174569845199585,0.18980872631072998,0.14152123034000397,0.05022446811199188,0.04828749597072601
153,966,0.1433524191379547,0.1438327431678772,0.10047966986894608,0.042872749269008636,0.04335307329893112
154,969,0.1727154701948166,0.17054027318954468,0.12281234562397003,0.04990312457084656,0.047727927565574646
155,970,0.24616412818431854,0.24484221637248993,0.182419091463089,0.06374503672122955,0.06242312490940094
156,978,0.22497530281543732,0.22378571331501007,0.16282761096954346,0.06214769184589386,0.060958102345466614
157,988,0.18301376700401306,0.18262900412082672,0.14070001244544983,0.04231375455856323,0.04192899167537689
158,989,0.1921945959329605,0.19122152030467987,0.1349693238735199,0.05722527205944061,0.05625219643115997
159,992,0.23292826116085052,0.23315641283988953,0.18002472817897797,0.05290353298187256,0.05313168466091156
160,995,0.18023216724395752,0.17702268064022064,0.1259891390800476,0.05424302816390991,0.051033541560173035
161,1004,0.22046177089214325,0.22366584837436676,0.17491909861564636,0.04554267227649689,0.0487467497587204
162,1008,0.16763094067573547,0.16490650177001953,0.12881946563720703,0.03881147503852844,0.0360870361328125
163,1011,0.18375767767429352,0.18093249201774597,0.131246417760849,0.05251125991344452,0.04968607425689697
164,1013,0.18189339339733124,0.17944209277629852,0.11847091466188431,0.06342247873544693,0.060971178114414215
165,1018,0.1801500767469406,0.1763533353805542,0.13431915640830994,0.045830920338630676,0.04203417897224426
166,1022,0.23734553158283234,0.23623889684677124,0.14966674149036407,0.08767879009246826,0.08657215535640717
167,1045,0.20201361179351807,0.20197758078575134,0.14193157851696014,0.06008203327655792,0.0600460022687912
168,1049,0.19662387669086456,0.19651392102241516,0.14201247692108154,0.05461139976978302,0.05450144410133362
169,1051,0.20163698494434357,0.19964173436164856,0.14715178310871124,0.054485201835632324,0.05248995125293732
170,1061,0.19076678156852722,0.19102129340171814,0.14170075953006744,0.04906602203845978,0.049320533871650696
171,1063,0.20976975560188293,0.209814190864563,0.14100772142410278,0.06876203417778015,0.0688064694404602
172,1068,0.2793915271759033,0.2835496664047241,0.1929818093776703,0.08640971779823303,0.09056785702705383
173,1076,0.18100807070732117,0.1845361888408661,0.1399644911289215,0.04104357957839966,0.04457169771194458
174,1079,0.21440313756465912,0.21249926090240479,0.15608569979667664,0.05831743776798248,0.05641356110572815
175,1084,0.20976243913173676,0.20818792283535004,0.16325560212135315,0.046506837010383606,0.04493232071399689
176,1089,0.1982143372297287,0.19694870710372925,0.14226314425468445,0.05595119297504425,0.0546855628490448
177,1090,0.23726418614387512,0.24000777304172516,0.16304442286491394,0.07421976327896118,0.07696335017681122
178,1099,0.18720823526382446,0.1832229346036911,0.1346072107553482,0.05260102450847626,0.048615723848342896
179,1114,0.18897037208080292,0.19127634167671204,0.14111405611038208,0.04785631597042084,0.050162285566329956
180,1120,0.21238140761852264,0.21039916574954987,0.152601420879364,0.05977998673915863,0.05779774487018585
181,1121,0.17579883337020874,0.17398732900619507,0.13544195890426636,0.04035687446594238,0.03854537010192871
182,1134,0.22901345789432526,0.22995410859584808,0.16159000992774963,0.06742344796657562,0.06836409866809845
183,1177,0.19897015392780304,0.19809873402118683,0.13778026401996613,0.061189889907836914,0.0603184700012207
184,1178,0.15618711709976196,0.1549931913614273,0.11794684082269669,0.03824027627706528,0.03704635053873062
185,1183,0.15234550833702087,0.1494700163602829,0.11220774799585342,0.04013776034116745,0.037262268364429474
186,1193,0.1784924864768982,0.1756308227777481,0.1287228763103485,0.04976961016654968,0.0469079464673996
187,1204,0.21932563185691833,0.2202395796775818,0.1598886400461197,0.059436991810798645,0.0603509396314621
188,1208,0.20420607924461365,0.20277658104896545,0.14620085060596466,0.05800522863864899,0.05657573044300079
189,1213,0.2249595671892166,0.22353580594062805,0.16852834820747375,0.05643121898174286,0.0550074577331543
190,1231,0.2093823254108429,0.20740117132663727,0.14521674811840057,0.06416557729244232,0.062184423208236694
191,1232,0.18176762759685516,0.17938147485256195,0.1356971710920334,0.04607045650482178,0.043684303760528564
192,1233,0.21361574530601501,0.2117738425731659,0.14628849923610687,0.06732724606990814,0.06548534333705902
193,1238,0.16718174517154694,0.16320939362049103,0.12375414371490479,0.04342760145664215,0.03945524990558624
194,1240,0.2218208611011505,0.21938739717006683,0.14912749826908112,0.0726933628320694,0.07025989890098572
195,1243,0.21360912919044495,0.21376168727874756,0.1405659168958664,0.07304321229457855,0.07319577038288116
196,1260,0.21092009544372559,0.21129411458969116,0.14187733829021454,0.06904275715351105,0.06941677629947662
197,1267,0.20337338745594025,0.20254945755004883,0.15231311321258545,0.0510602742433548,0.05023634433746338
198,1268,0.1803942769765854,0.18044355511665344,0.13692152500152588,0.04347275197505951,0.043522030115127563
199,1274,0.21810972690582275,0.21537289023399353,0.16137008368968964,0.05673964321613312,0.054002806544303894
200,1281,0.14651557803153992,0.14481471478939056,0.0929088145494461,0.05360676348209381,0.05190590023994446
201,1297,0.15176858007907867,0.15260866284370422,0.10553063452243805,0.046237945556640625,0.047078028321266174
202,1307,0.19094765186309814,0.18822990357875824,0.13211162388324738,0.05883602797985077,0.056118279695510864
203,1313,0.1646982878446579,0.16405387222766876,0.11633393168449402,0.04836435616016388,0.047719940543174744
204,1330,0.16350813210010529,0.1616348773241043,0.11186603456735611,0.051642097532749176,0.0497688427567482
205,1334,0.2268252968788147,0.22649064660072327,0.1681196689605713,0.05870562791824341,0.05837097764015198
206,1346,0.17320987582206726,0.1722813844680786,0.12641207873821259,0.046797797083854675,0.04586930572986603
207,1348,0.2311275750398636,0.22664131224155426,0.1816738098859787,0.04945376515388489,0.04496750235557556
208,1355,0.1557798832654953,0.15358033776283264,0.11560078710317612,0.04017909616231918,0.037979550659656525
209,1363,0.2118925005197525,0.21213355660438538,0.12885937094688416,0.08303312957286835,0.08327418565750122
210,1366,0.1837359368801117,0.1830965131521225,0.1271391063928604,0.05659683048725128,0.055957406759262085
211,1391,0.2064572125673294,0.2033385932445526,0.1548384130001068,0.051618799567222595,0.0485001802444458
212,1400,0.15627747774124146,0.15513189136981964,0.10957454144954681,0.04670293629169464,0.04555734992027283
213,1411,0.18821163475513458,0.18589574098587036,0.1467054933309555,0.04150614142417908,0.039190247654914856
214,1413,0.2043701410293579,0.2073231190443039,0.15034447610378265,0.054025664925575256,0.05697864294052124
215,1422,0.17824579775333405,0.1787799745798111,0.11834809929132462,0.05989769846200943,0.06043187528848648
216,1425,0.1605498492717743,0.1567687839269638,0.12596143782138824,0.03458841145038605,0.03080734610557556
217,1434,0.18965239822864532,0.18773184716701508,0.13380692899227142,0.0558454692363739,0.05392491817474365
218,1441,0.23068676888942719,0.23293130099773407,0.17742426693439484,0.05326250195503235,0.05550703406333923
219,1447,0.14904162287712097,0.15037308633327484,0.0959906131029129,0.05305100977420807,0.05438247323036194
220,1458,0.19042012095451355,0.18839533627033234,0.1385362446308136,0.05188387632369995,0.04985909163951874
221,1471,0.1738465279340744,0.17058975994586945,0.12833403050899506,0.045512497425079346,0.04225572943687439
222,1481,0.18403568863868713,0.18212023377418518,0.13240444660186768,0.05163124203681946,0.049715787172317505
223,1499,0.16948248445987701,0.16715967655181885,0.12282601743936539,0.04665646702051163,0.04433365911245346
224,1506,0.24462458491325378,0.24242478609085083,0.17502325773239136,0.06960132718086243,0.06740152835845947
225,1511,0.21376551687717438,0.2115238606929779,0.15500995516777039,0.05875556170940399,0.05651390552520752
226,1512,0.20828877389431,0.21264934539794922,0.15670162439346313,0.05158714950084686,0.055947721004486084
227,1515,0.1805831640958786,0.17968712747097015,0.1142430305480957,0.0663401335477829,0.06544409692287445
228,1522,0.17517556250095367,0.173289954662323,0.12993386387825012,0.04524169862270355,0.043356090784072876
229,1525,0.18789026141166687,0.1862272322177887,0.14019206166267395,0.04769819974899292,0.046035170555114746
230,1536,0.17344941198825836,0.1729288101196289,0.1275540441274643,0.04589536786079407,0.04537476599216461
231,1541,0.22713370621204376,0.22294114530086517,0.1615275740623474,0.06560613214969635,0.06141357123851776
232,1543,0.19339419901371002,0.19321909546852112,0.1427079737186432,0.050686225295066833,0.05051112174987793
233,1546,0.16984695196151733,0.171174556016922,0.14035366475582123,0.029493287205696106,0.03082089126110077
234,1551,0.1684151589870453,0.1656859666109085,0.12961050868034363,0.03880465030670166,0.03607545793056488
235,1553,0.20015737414360046,0.19718436896800995,0.14561069011688232,0.05454668402671814,0.051573678851127625
236,1559,0.1997385323047638,0.19858910143375397,0.14841675758361816,0.05132177472114563,0.0501723438501358
237,1562,0.1355166882276535,0.1309249997138977,0.10513494163751602,0.03038174659013748,0.025790058076381683
238,1563,0.21297092735767365,0.21365231275558472,0.15714479982852936,0.05582612752914429,0.05650751292705536
239,1581,0.20718982815742493,0.20475681126117706,0.14783237874507904,0.059357449412345886,0.05692443251609802
240,1613,0.17992684245109558,0.17762084305286407,0.12449546903371811,0.05543137341737747,0.053125374019145966
241,1619,0.16204547882080078,0.16063432395458221,0.12421378493309021,0.03783169388771057,0.036420539021492004
242,1622,0.21594280004501343,0.21373876929283142,0.1561155766248703,0.05982722342014313,0.05762319266796112
243,1624,0.16823425889015198,0.1661028116941452,0.1253156065940857,0.042918652296066284,0.04078720510005951
244,1634,0.1995564103126526,0.19883853197097778,0.13161511719226837,0.06794129312038422,0.06722341477870941
245,1644,0.22491662204265594,0.22738774120807648,0.13437926769256592,0.09053735435009003,0.09300847351551056
246,1645,0.19752612709999084,0.19752372801303864,0.1346546709537506,0.06287145614624023,0.06286905705928802
247,1663,0.17687083780765533,0.1738482117652893,0.12716816365718842,0.04970267415046692,0.04668004810810089
248,1673,0.14799892902374268,0.14511173963546753,0.10660870373249054,0.041390225291252136,0.03850303590297699
249,1684,0.195509672164917,0.1918884664773941,0.13751423358917236,0.05799543857574463,0.05437423288822174
250,1685,0.17302954196929932,0.17070065438747406,0.11561766266822815,0.05741187930107117,0.05508299171924591
251,1694,0.20826229453086853,0.20576225221157074,0.14548884332180023,0.0627734512090683,0.06027340888977051
252,1697,0.16860996186733246,0.16529053449630737,0.11316739022731781,0.05544257164001465,0.05212314426898956
253,1698,0.17200590670108795,0.17168617248535156,0.11806535720825195,0.053940549492836,0.05362081527709961
254,1700,0.1642007976770401,0.16218487918376923,0.1272834986448288,0.036917299032211304,0.03490138053894043
255,1715,0.19192853569984436,0.18978659808635712,0.13663025200366974,0.05529828369617462,0.05315634608268738
256,1721,0.13762697577476501,0.1369166374206543,0.09544404596090317,0.04218292981386185,0.04147259145975113
257,1724,0.1697838008403778,0.16853588819503784,0.11859173327684402,0.05119206756353378,0.04994415491819382
258,1727,0.1700519621372223,0.16915123164653778,0.12445265054702759,0.0455993115901947,0.04469858109951019
259,1729,0.20740708708763123,0.20447438955307007,0.15067394077777863,0.0567331463098526,0.05380044877529144
260,1741,0.19357708096504211,0.19376522302627563,0.14726069569587708,0.04631638526916504,0.04650452733039856
261,1760,0.16797862946987152,0.166235089302063,0.11688762158155441,0.05109100788831711,0.049347467720508575
262,1761,0.19456997513771057,0.19131134450435638,0.14345841109752655,0.05111156404018402,0.047852933406829834
263,1763,0.21991023421287537,0.21989525854587555,0.16260823607444763,0.057301998138427734,0.05728702247142792
264,1765,0.2092399299144745,0.20995564758777618,0.15319715440273285,0.05604277551174164,0.056758493185043335
265,1773,0.17424091696739197,0.17259682714939117,0.12663812935352325,0.04760278761386871,0.04595869779586792
266,1782,0.11652962863445282,0.11340167373418808,0.07336285710334778,0.04316677153110504,0.0400388166308403
267,1784,0.20003287494182587,0.20157571136951447,0.14708657562732697,0.0529462993144989,0.0544891357421875
268,1791,0.15812373161315918,0.15560786426067352,0.11860226094722748,0.0395214706659317,0.037005603313446045
269,1798,0.1896297037601471,0.18846680223941803,0.14363399147987366,0.04599571228027344,0.04483281075954437
270,1804,0.18679951131343842,0.18420861661434174,0.1408897191286087,0.04590979218482971,0.04331889748573303
271,1812,0.2004757523536682,0.19861017167568207,0.1343507170677185,0.06612503528594971,0.06425945460796356
272,1814,0.20569761097431183,0.20374827086925507,0.15476667881011963,0.0509309321641922,0.04898159205913544
273,1819,0.20318926870822906,0.2011062204837799,0.1380230039358139,0.06516626477241516,0.063083216547966
274,1824,0.1893506497144699,0.18993952870368958,0.14124643802642822,0.04810421168804169,0.04869309067726135
275,1831,0.20733673870563507,0.20576514303684235,0.15011988580226898,0.05721685290336609,0.055645257234573364
276,1833,0.19169127941131592,0.19036848843097687,0.14039553701877594,0.05129574239253998,0.04997295141220093
277,1841,0.21766376495361328,0.21563422679901123,0.15478548407554626,0.06287828087806702,0.060848742723464966
278,1843,0.23434564471244812,0.23614756762981415,0.1715526282787323,0.06279301643371582,0.06459493935108185
279,1868,0.21494510769844055,0.21384675800800323,0.16502802073955536,0.04991708695888519,0.048818737268447876
280,1871,0.19841179251670837,0.19562603533267975,0.1391317993402481,0.059279993176460266,0.05649423599243164
281,1881,0.2269768863916397,0.22865279018878937,0.17665086686611176,0.050326019525527954,0.05200192332267761
282,1882,0.15103070437908173,0.14945843815803528,0.10925310850143433,0.0417775958776474,0.04020532965660095
283,1888,0.21244631707668304,0.21407011151313782,0.13675105571746826,0.07569526135921478,0.07731905579566956
284,1911,0.2303200364112854,0.22777687013149261,0.17436517775058746,0.05595485866069794,0.05341169238090515
285,1919,0.15868838131427765,0.15608146786689758,0.11237211525440216,0.04631626605987549,0.04370935261249542
286,1935,0.19454574584960938,0.19480684399604797,0.14928726851940155,0.045258477330207825,0.04551957547664642
287,1942,0.18330541253089905,0.18031516671180725,0.13357940316200256,0.049726009368896484,0.04673576354980469
288,1943,0.18932388722896576,0.18709437549114227,0.14361849427223206,0.045705392956733704,0.04347588121891022
289,1963,0.20284324884414673,0.2001124620437622,0.14495566487312317,0.05788758397102356,0.05515679717063904
290,1968,0.18038806319236755,0.17869800329208374,0.13186345994472504,0.04852460324764252,0.046834543347358704
291,1985,0.1686663031578064,0.16614097356796265,0.1314813643693924,0.037184938788414,0.03465960919857025
292,1999,0.2220354974269867,0.22091108560562134,0.15966647863388062,0.06236901879310608,0.06124460697174072
293,2000,0.2064109444618225,0.20302820205688477,0.1562197506427765,0.05019119381904602,0.046808451414108276
294,2002,0.20752018690109253,0.20787638425827026,0.153245210647583,0.05427497625350952,0.054631173610687256
295,2003,0.1763225495815277,0.1753976196050644,0.12988705933094025,0.04643549025058746,0.045510560274124146
296,2015,0.1663554161787033,0.16303864121437073,0.12371829152107239,0.04263712465763092,0.03932034969329834
297,2020,0.191593199968338,0.19003210961818695,0.1364031881093979,0.055190011858940125,0.05362892150878906
298,2021,0.19363105297088623,0.19270022213459015,0.14224618673324585,0.05138486623764038,0.0504540354013443
299,2026,0.2020951807498932,0.19983386993408203,0.1515003740787506,0.05059480667114258,0.04833349585533142
300,2028,0.1963880956172943,0.19491155445575714,0.14033882319927216,0.056049272418022156,0.054572731256484985
301,2034,0.18955883383750916,0.18763840198516846,0.14590521156787872,0.04365362226963043,0.041733190417289734
302,2038,0.15535114705562592,0.15237820148468018,0.12209780514240265,0.03325334191322327,0.030280396342277527
303,2060,0.2065945416688919,0.20477135479450226,0.1524852067232132,0.05410933494567871,0.05228614807128906
304,2075,0.19691585004329681,0.1955825537443161,0.14541180431842804,0.051504045724868774,0.05017074942588806
305,2078,0.20469878613948822,0.20172524452209473,0.15177784860134125,0.05292093753814697,0.04994739592075348
306,2081,0.14486785233020782,0.14417923986911774,0.09700023382902145,0.04786761850118637,0.04717900604009628
307,2095,0.1816580593585968,0.1789817363023758,0.13268603384494781,0.04897202551364899,0.04629570245742798
308,2096,0.16628603637218475,0.16532506048679352,0.1189841777086258,0.04730185866355896,0.046340882778167725
309,2102,0.17399528622627258,0.1723950207233429,0.13001960515975952,0.04397568106651306,0.042375415563583374
310,2107,0.19305022060871124,0.19084346294403076,0.13466741144657135,0.05838280916213989,0.05617605149745941
311,2109,0.17889279127120972,0.17679329216480255,0.1313653290271759,0.047527462244033813,0.04542796313762665
312,2111,0.232611745595932,0.23201243579387665,0.15711894631385803,0.07549279928207397,0.07489348948001862
313,2112,0.18515923619270325,0.18301795423030853,0.13609212636947632,0.04906710982322693,0.046925827860832214
314,2118,0.20463870465755463,0.20307868719100952,0.1461404711008072,0.058498233556747437,0.05693821609020233
315,2122,0.17693255841732025,0.17341384291648865,0.13207143545150757,0.04486112296581268,0.04134240746498108
316,2123,0.17648817598819733,0.17411136627197266,0.12571178376674652,0.050776392221450806,0.048399582505226135
317,2128,0.1862044483423233,0.18383491039276123,0.1357780247926712,0.0504264235496521,0.04805688560009003
318,2140,0.15131260454654694,0.14878258109092712,0.11155396699905396,0.03975863754749298,0.03722861409187317
319,2148,0.17690294981002808,0.1757308542728424,0.11889145523309708,0.058011494576931,0.05683939903974533
320,2149,0.18824566900730133,0.18686093389987946,0.13485461473464966,0.05339105427265167,0.0520063191652298
321,2151,0.2221541702747345,0.22164052724838257,0.15193495154380798,0.07021921873092651,0.06970557570457458
322,2152,0.16472582519054413,0.1633499264717102,0.11690812557935715,0.04781769961118698,0.04644180089235306
323,2166,0.19257895648479462,0.19039592146873474,0.1385144144296646,0.054064542055130005,0.05188150703907013
324,2168,0.1996738165616989,0.19585667550563812,0.13927164673805237,0.060402169823646545,0.056585028767585754
325,2176,0.1591258943080902,0.15807834267616272,0.12583236396312714,0.033293530344963074,0.032245978713035583
326,2178,0.2127533257007599,0.21074362099170685,0.15294039249420166,0.05981293320655823,0.05780322849750519
327,2183,0.1664416640996933,0.16417770087718964,0.12487129867076874,0.04157036542892456,0.0393064022064209
328,2195,0.20493818819522858,0.20290224254131317,0.14944548904895782,0.05549269914627075,0.05345675349235535
329,2200,0.23073501884937286,0.23004035651683807,0.1799963116645813,0.050738707184791565,0.050044044852256775
330,2204,0.1867070496082306,0.18459875881671906,0.1392282247543335,0.047478824853897095,0.04537053406238556
331,2205,0.20335368812084198,0.20256780087947845,0.14888978004455566,0.054463908076286316,0.05367802083492279
332,2206,0.20440088212490082,0.20173096656799316,0.14973580837249756,0.05466507375240326,0.051995158195495605
333,2211,0.16987331211566925,0.17011183500289917,0.12829898297786713,0.041574329137802124,0.04181285202503204
334,2218,0.1906917542219162,0.1900780200958252,0.1388360857963562,0.05185566842556,0.051241934299468994
335,2221,0.1989165097475052,0.19727735221385956,0.15477712452411652,0.04413938522338867,0.04250022768974304
336,2224,0.24992774426937103,0.24891778826713562,0.18077126145362854,0.06915648281574249,0.06814652681350708
337,2227,0.19495949149131775,0.1953239142894745,0.14152447879314423,0.05343501269817352,0.05379943549633026
338,2231,0.2163698673248291,0.21540574729442596,0.15611329674720764,0.06025657057762146,0.05929245054721832
339,2236,0.17424124479293823,0.16989891231060028,0.12735161185264587,0.04688963294029236,0.04254730045795441
340,2238,0.2006908357143402,0.1969003975391388,0.14408761262893677,0.05660322308540344,0.052812784910202026
341,2242,0.22561758756637573,0.22218027710914612,0.16368895769119263,0.061928629875183105,0.05849131941795349
342,2246,0.19211742281913757,0.18973906338214874,0.13901758193969727,0.05309984087944031,0.05072148144245148
343,2269,0.2138940542936325,0.21385711431503296,0.16276879608631134,0.05112525820732117,0.05108831822872162
344,2278,0.19121494889259338,0.18983832001686096,0.1290288120508194,0.06218613684177399,0.060809507966041565
345,2279,0.19406715035438538,0.19227562844753265,0.1343056559562683,0.059761494398117065,0.05796997249126434
346,2305,0.18768902122974396,0.18499253690242767,0.13911648094654083,0.048572540283203125,0.04587605595588684
347,2315,0.15612846612930298,0.15321139991283417,0.1185622289776802,0.03756623715162277,0.03464917093515396
348,2316,0.2186432033777237,0.2158365398645401,0.16442102193832397,0.05422218143939972,0.051415517926216125
349,2331,0.20015645027160645,0.1988479197025299,0.15396137535572052,0.046195074915885925,0.04488654434680939
350,2332,0.21140921115875244,0.21147792041301727,0.16592127084732056,0.045487940311431885,0.045556649565696716
351,2334,0.19236411154270172,0.19013945758342743,0.13374578952789307,0.058618322014808655,0.05639366805553436
352,2336,0.1982426941394806,0.19551825523376465,0.1443224549293518,0.053920239210128784,0.05119580030441284
353,2342,0.18055056035518646,0.17871375381946564,0.12576434016227722,0.05478622019290924,0.052949413657188416
354,2344,0.14768916368484497,0.14723803102970123,0.1003686934709549,0.047320470213890076,0.04686933755874634
355,2345,0.1868169605731964,0.18610790371894836,0.13419590890407562,0.05262105166912079,0.05191199481487274
356,2350,0.19953466951847076,0.1982894092798233,0.14658212661743164,0.052952542901039124,0.05170728266239166
357,2358,0.1750793159008026,0.17403900623321533,0.1275462955236435,0.04753302037715912,0.04649271070957184
358,2378,0.119197778403759,0.11726509779691696,0.0782800167798996,0.040917761623859406,0.038985081017017365
359,2388,0.2002377212047577,0.19823811948299408,0.14372467994689941,0.056513041257858276,0.054513439536094666
360,2390,0.1893300861120224,0.18615970015525818,0.13044217228889465,0.05888791382312775,0.055717527866363525
361,2396,0.19827589392662048,0.1982540339231491,0.13632385432720184,0.06195203959941864,0.061930179595947266
362,2415,0.22648349404335022,0.2236499786376953,0.16577471792697906,0.060708776116371155,0.05787526071071625
363,2417,0.19046691060066223,0.18964095413684845,0.13445569574832916,0.05601121485233307,0.05518525838851929
364,2427,0.16068395972251892,0.15833576023578644,0.11321286112070084,0.047471098601818085,0.0451228991150856
365,2428,0.21424099802970886,0.2137162685394287,0.1523437201976776,0.06189727783203125,0.0613725483417511
366,2442,0.17737703025341034,0.17641715705394745,0.13656744360923767,0.04080958664417267,0.03984971344470978
367,2448,0.13802514970302582,0.13547483086585999,0.10016726702451706,0.03785788267850876,0.035307563841342926
368,2459,0.17502820491790771,0.17280341684818268,0.12464220821857452,0.05038599669933319,0.048161208629608154
369,2460,0.14762265980243683,0.1446230262517929,0.1060875877737999,0.04153507202863693,0.03853543847799301
370,2482,0.15827098488807678,0.1571635603904724,0.1210281029343605,0.03724288195371628,0.03613545745611191
371,2483,0.1533423662185669,0.15276466310024261,0.10088742524385452,0.05245494097471237,0.05187723785638809
372,2501,0.2078513652086258,0.2071000039577484,0.1523580253124237,0.05549333989620209,0.05474197864532471
373,2512,0.1946069896221161,0.19108422100543976,0.1289622038602829,0.06564478576183319,0.06212201714515686
374,2514,0.19631965458393097,0.19335521757602692,0.14276906847953796,0.053550586104393005,0.05058614909648895
375,2520,0.18393968045711517,0.18071189522743225,0.1315799355506897,0.052359744906425476,0.049131959676742554
376,2536,0.20002774894237518,0.19874565303325653,0.14523208141326904,0.05479566752910614,0.05351357161998749
377,2543,0.2106270045042038,0.2090701162815094,0.15216705203056335,0.05845995247364044,0.056903064250946045
378,2554,0.17326638102531433,0.1740969866514206,0.12901172041893005,0.04425466060638428,0.04508526623249054
379,2598,0.1770322024822235,0.17488199472427368,0.12849195301532745,0.04854024946689606,0.04639004170894623
380,2602,0.1779530644416809,0.17723862826824188,0.13658027350902557,0.041372790932655334,0.04065835475921631
381,2604,0.20945703983306885,0.20648401975631714,0.16165640950202942,0.04780063033103943,0.04482761025428772
382,2609,0.2273900955915451,0.22846953570842743,0.1772356629371643,0.0501544326543808,0.05123387277126312
383,2611,0.20426711440086365,0.20221039652824402,0.14909718930721283,0.05516992509365082,0.05311320722103119
384,2616,0.18976065516471863,0.18624389171600342,0.13198962807655334,0.05777102708816528,0.05425426363945007
385,2618,0.19309554994106293,0.19370907545089722,0.15032967925071716,0.042765870690345764,0.043379396200180054
386,2630,0.15182717144489288,0.15008185803890228,0.11477112025022507,0.037056051194667816,0.035310737788677216
387,2647,0.216243714094162,0.21421721577644348,0.16293291747570038,0.05331079661846161,0.0512842983007431
388,2652,0.20661143958568573,0.2053063064813614,0.150638148188591,0.05597329139709473,0.054668158292770386
389,2653,0.19138015806674957,0.18929101526737213,0.13643966615200043,0.054940491914749146,0.052851349115371704
390,2660,0.23367422819137573,0.23196403682231903,0.1802503764629364,0.05342385172843933,0.05171366035938263
391,2673,0.1527293175458908,0.1505313366651535,0.11113563925027847,0.041593678295612335,0.03939569741487503
392,2682,0.16485849022865295,0.16365158557891846,0.11513413488864899,0.04972435534000397,0.04851745069026947
393,2687,0.19156789779663086,0.19208337366580963,0.12427730113267899,0.06729059666395187,0.06780607253313065
394,2700,0.20337176322937012,0.20156975090503693,0.14332522451877594,0.06004653871059418,0.058244526386260986
395,2702,0.15548691153526306,0.15269947052001953,0.12137164920568466,0.0341152623295784,0.03132782131433487
396,2711,0.1778954714536667,0.17520378530025482,0.12548580765724182,0.052409663796424866,0.049717977643013
397,2725,0.19354458153247833,0.19212433695793152,0.14310133457183838,0.050443246960639954,0.04902300238609314
398,2726,0.19784414768218994,0.1952439546585083,0.13434919714927673,0.06349495053291321,0.06089475750923157
399,2727,0.1773223876953125,0.17661166191101074,0.1234637051820755,0.053858682513237,0.05314795672893524
400,2732,0.1976276934146881,0.19540348649024963,0.1415233612060547,0.05610433220863342,0.053880125284194946
401,2742,0.17815200984477997,0.17565515637397766,0.1265137493610382,0.05163826048374176,0.04914140701293945
402,2744,0.1878889501094818,0.18807083368301392,0.1293221116065979,0.05856683850288391,0.058748722076416016
403,2745,0.20271384716033936,0.20209941267967224,0.15147972106933594,0.05123412609100342,0.050619691610336304
404,2751,0.2161789834499359,0.21415658295154572,0.1540953516960144,0.06208363175392151,0.06006123125553131
405,2775,0.192583829164505,0.19424307346343994,0.15654247999191284,0.03604134917259216,0.0377005934715271
406,2782,0.14091698825359344,0.13775062561035156,0.10444806516170502,0.03646892309188843,0.033302560448646545
407,2783,0.1959940642118454,0.19351601600646973,0.14325936138629913,0.052734702825546265,0.05025665462017059
408,2787,0.1996377408504486,0.19872651994228363,0.13757501542568207,0.06206272542476654,0.06115150451660156
409,2788,0.18319624662399292,0.18160295486450195,0.12509524822235107,0.058100998401641846,0.05650770664215088
410,2792,0.17254802584648132,0.17083221673965454,0.1308709681034088,0.04167705774307251,0.03996124863624573
411,2810,0.18994899094104767,0.18756768107414246,0.1425696313381195,0.04737935960292816,0.04499804973602295
412,2813,0.19028303027153015,0.19038990139961243,0.14219757914543152,0.04808545112609863,0.04819232225418091
413,2816,0.1943695843219757,0.1897846758365631,0.14019083976745605,0.05417874455451965,0.049593836069107056
414,2817,0.20248858630657196,0.20253849029541016,0.14678645133972168,0.05570213496685028,0.05575203895568848
415,2819,0.15980161726474762,0.15753987431526184,0.11299251019954681,0.046809107065200806,0.04454736411571503
416,2841,0.18760234117507935,0.18690356612205505,0.14166100323200226,0.04594133794307709,0.045242562890052795
417,2846,0.16233977675437927,0.16098684072494507,0.1220705658197403,0.04026921093463898,0.03891627490520477
418,2851,0.199538454413414,0.19860832393169403,0.13825799524784088,0.06128045916557312,0.06035032868385315
419,2855,0.2090832144021988,0.20804427564144135,0.15754817426204681,0.05153504014015198,0.05049610137939453
420,2864,0.17427483201026917,0.17294630408287048,0.12621626257896423,0.04805856943130493,0.04673004150390625
421,2875,0.22838060557842255,0.22744008898735046,0.16511380672454834,0.0632667988538742,0.062326282262802124
422,2886,0.19048132002353668,0.18813185393810272,0.1417878270149231,0.048693493008613586,0.046344026923179626
423,2897,0.16413578391075134,0.1620868295431137,0.11359906196594238,0.05053672194480896,0.048487767577171326
424,2911,0.19486601650714874,0.1927429735660553,0.15329161286354065,0.04157440364360809,0.03945136070251465
425,2915,0.16759811341762543,0.16445975005626678,0.12259954959154129,0.04499856382608414,0.041860200464725494
426,2929,0.1866227388381958,0.18473520874977112,0.1376861184835434,0.048936620354652405,0.04704909026622772
427,2938,0.18012379109859467,0.17927637696266174,0.12133532762527466,0.05878846347332001,0.057941049337387085
428,2945,0.2039947211742401,0.20241978764533997,0.15217430889606476,0.051820412278175354,0.05024547874927521
429,2959,0.17380397021770477,0.17074653506278992,0.125146746635437,0.04865722358226776,0.045599788427352905
430,2966,0.18710502982139587,0.1843390017747879,0.14127616584300995,0.045828863978385925,0.043062835931777954
431,2971,0.1781831830739975,0.1766163408756256,0.1337880641222,0.044395118951797485,0.0428282767534256
432,2973,0.17655804753303528,0.17420825362205505,0.12451139092445374,0.05204665660858154,0.04969686269760132
433,2975,0.2189648151397705,0.21825550496578217,0.15867923200130463,0.06028558313846588,0.05957627296447754
434,2976,0.17507709562778473,0.17427784204483032,0.12627170979976654,0.04880538582801819,0.04800613224506378
435,2986,0.1912439912557602,0.18979240953922272,0.13103355467319489,0.06021043658256531,0.05875885486602783
436,3010,0.19040553271770477,0.18722259998321533,0.14032766222953796,0.05007787048816681,0.04689493775367737
437,3020,0.19026939570903778,0.18892213702201843,0.14077964425086975,0.04948975145816803,0.04814249277114868
438,3027,0.17806029319763184,0.1753760427236557,0.12441877275705338,0.05364152044057846,0.050957269966602325
439,3032,0.21929287910461426,0.21720387041568756,0.15192654728889465,0.0673663318157196,0.06527732312679291
440,3039,0.17790678143501282,0.17689672112464905,0.13531552255153656,0.04259125888347626,0.04158119857311249
441,3048,0.18431995809078217,0.18022090196609497,0.1292092502117157,0.05511070787906647,0.05101165175437927
442,3049,0.18544897437095642,0.18223753571510315,0.13570146262645721,0.04974751174449921,0.046536073088645935
443,3056,0.20466528832912445,0.20156899094581604,0.145120769739151,0.05954451858997345,0.05644822120666504
444,3062,0.15944834053516388,0.15736472606658936,0.11315810680389404,0.046290233731269836,0.04420661926269531
445,3065,0.2126288264989853,0.21216106414794922,0.15623381733894348,0.05639500916004181,0.05592724680900574
446,3068,0.17033694684505463,0.16837236285209656,0.11686839163303375,0.053468555212020874,0.051503971219062805
447,3071,0.19525262713432312,0.1934213936328888,0.150324746966362,0.04492788016796112,0.043096646666526794
448,3072,0.17419321835041046,0.17295381426811218,0.12983879446983337,0.04435442388057709,0.04311501979827881
449,3073,0.20020422339439392,0.19764983654022217,0.14486022293567657,0.055344000458717346,0.05278961360454559
450,3074,0.2143147587776184,0.21558359265327454,0.16464713215827942,0.04966762661933899,0.05093646049499512
451,3085,0.20502497255802155,0.2062130719423294,0.1507135033607483,0.054311469197273254,0.055499568581581116
452,3086,0.17105790972709656,0.16805057227611542,0.12915407121181488,0.04190383851528168,0.03889650106430054
453,3089,0.20552873611450195,0.2045159935951233,0.1537301391363144,0.05179859697818756,0.0507858544588089
454,3095,0.20559626817703247,0.20290958881378174,0.15723773837089539,0.048358529806137085,0.04567185044288635
455,3105,0.2080705612897873,0.20614264905452728,0.14793728291988373,0.060133278369903564,0.058205366134643555
456,3107,0.1941261887550354,0.19371795654296875,0.13567200303077698,0.05845418572425842,0.05804595351219177
457,3111,0.18104374408721924,0.1784367710351944,0.1244921162724495,0.056551627814769745,0.053944654762744904
458,3118,0.18681268393993378,0.1847681701183319,0.13408860564231873,0.05272407829761505,0.050679564476013184
459,3126,0.17079344391822815,0.16842962801456451,0.12421780079603195,0.0465756431221962,0.04421182721853256
460,3132,0.19575993716716766,0.19332875311374664,0.1432379186153412,0.05252201855182648,0.05009083449840546
461,3134,0.20447243750095367,0.20369921624660492,0.1450488120317459,0.059423625469207764,0.05865040421485901
462,3142,0.1424756944179535,0.1393115073442459,0.09575529396533966,0.04672040045261383,0.04355621337890625
463,3149,0.1994962990283966,0.19889988005161285,0.14415250718593597,0.05534379184246063,0.05474737286567688
464,3151,0.1714155226945877,0.17144544422626495,0.12295646965503693,0.04845905303955078,0.04848897457122803
465,3152,0.22676292061805725,0.22577443718910217,0.17322461307048798,0.053538307547569275,0.0525498241186142
466,3165,0.18143442273139954,0.1791650503873825,0.1275540590286255,0.05388036370277405,0.05161099135875702
467,3167,0.1733652949333191,0.1730455756187439,0.12733879685401917,0.04602649807929993,0.04570677876472473
468,3168,0.19487079977989197,0.1940334141254425,0.13925783336162567,0.055612966418266296,0.054775580763816833
469,3178,0.21947698295116425,0.21754597127437592,0.14937148988246918,0.07010549306869507,0.06817448139190674
470,3183,0.2119661569595337,0.2110505998134613,0.15945449471473694,0.05251166224479675,0.051596105098724365
471,3185,0.18132853507995605,0.18294976651668549,0.12328384071588516,0.05804469436407089,0.059665925800800323
472,3217,0.19322945177555084,0.19068579375743866,0.14097626507282257,0.05225318670272827,0.04970952868461609
473,3219,0.22299179434776306,0.2210637480020523,0.1660885065793991,0.05690328776836395,0.0549752414226532
474,3222,0.1753438115119934,0.1736087054014206,0.14831234514713287,0.027031466364860535,0.02529636025428772
475,3225,0.17894956469535828,0.17780815064907074,0.12804925441741943,0.05090031027793884,0.049758896231651306
476,3236,0.2022351175546646,0.20232176780700684,0.15816612541675568,0.044068992137908936,0.04415564239025116
477,3240,0.21190431714057922,0.20976710319519043,0.15472786128520966,0.05717645585536957,0.055039241909980774
478,3242,0.16599951684474945,0.16246414184570312,0.11795788258314133,0.048041634261608124,0.0445062592625618
479,3243,0.19784078001976013,0.19604246318340302,0.14302437007427216,0.054816409945487976,0.05301809310913086
480,3250,0.21098865568637848,0.21207334101200104,0.1467345803976059,0.06425407528877258,0.06533876061439514
481,3253,0.22462871670722961,0.22479777038097382,0.15500034391880035,0.06962837278842926,0.06979742646217346
482,3276,0.17129679024219513,0.17005333304405212,0.12561292946338654,0.045683860778808594,0.04444040358066559
483,3280,0.17917802929878235,0.17750075459480286,0.13568148016929626,0.043496549129486084,0.04181927442550659
484,3289,0.20040065050125122,0.19825641810894012,0.14097291231155396,0.059427738189697266,0.05728350579738617
485,3297,0.18692752718925476,0.18692801892757416,0.13089153170585632,0.05603599548339844,0.056036487221717834
486,3313,0.25120267271995544,0.2526714503765106,0.19868864119052887,0.052514031529426575,0.05398280918598175
487,3317,0.16922925412654877,0.1668466329574585,0.1241532638669014,0.04507599025964737,0.0426933690905571
488,3328,0.2048017680644989,0.20274682343006134,0.146344393491745,0.058457374572753906,0.056402429938316345
489,3333,0.15438351035118103,0.15237240493297577,0.11796367913484573,0.0364198312163353,0.034408725798130035
490,3341,0.2530343234539032,0.25194451212882996,0.18890529870986938,0.06412902474403381,0.06303921341896057
491,3342,0.2203361839056015,0.21828220784664154,0.14831401407718658,0.07202216982841492,0.06996819376945496
492,3345,0.15325705707073212,0.15260078012943268,0.11733925342559814,0.03591780364513397,0.035261526703834534
493,3363,0.154188334941864,0.1518213003873825,0.11155208945274353,0.04263624548912048,0.04026921093463898
494,3367,0.16805098950862885,0.16619998216629028,0.11628831923007965,0.051762670278549194,0.04991166293621063
495,3381,0.17858253419399261,0.17626047134399414,0.13592936098575592,0.042653173208236694,0.04033111035823822
496,3395,0.2272258698940277,0.2267342060804367,0.17329362034797668,0.053932249546051025,0.05344058573246002
497,3397,0.19763223826885223,0.1976342648267746,0.14815719425678253,0.0494750440120697,0.049477070569992065
498,3402,0.22091200947761536,0.2179371863603592,0.1566474288702011,0.06426458060741425,0.06128975749015808
499,3403,0.18203815817832947,0.1813059002161026,0.12049315124750137,0.061545006930828094,0.06081274896860123
500,3404,0.17740318179130554,0.17542418837547302,0.12479668110609055,0.052606500685214996,0.05062750726938248
501,3427,0.15714532136917114,0.15446703135967255,0.10930515825748444,0.04784016311168671,0.04516187310218811
502,3436,0.1875380575656891,0.1843041330575943,0.14396078884601593,0.04357726871967316,0.04034334421157837
503,3443,0.1721484363079071,0.16934983432292938,0.12590686976909637,0.04624156653881073,0.04344296455383301
504,3461,0.22249719500541687,0.2209593951702118,0.15195457637310028,0.07054261863231659,0.06900481879711151
505,3462,0.2330479621887207,0.2328820675611496,0.16673170030117035,0.06631626188755035,0.06615036725997925
506,3465,0.2020217478275299,0.20067401230335236,0.1466296911239624,0.055392056703567505,0.054044321179389954
507,3487,0.13107998669147491,0.1286018341779709,0.095155268907547,0.03592471778392792,0.03344656527042389
508,3495,0.16390429437160492,0.1634804755449295,0.11798796057701111,0.04591633379459381,0.045492514967918396
509,3509,0.15325291454792023,0.1505294293165207,0.10543375462293625,0.04781915992498398,0.04509567469358444
510,3510,0.20940113067626953,0.20839855074882507,0.1531224101781845,0.05627872049808502,0.055276140570640564
511,3511,0.20984141528606415,0.20891505479812622,0.1542976051568985,0.05554381012916565,0.05461744964122772
512,3512,0.17371545732021332,0.17178958654403687,0.1230093389749527,0.05070611834526062,0.04878024756908417
513,3516,0.22804179787635803,0.22554011642932892,0.16609983146190643,0.0619419664144516,0.059440284967422485
514,3527,0.19279251992702484,0.19120250642299652,0.1381128877401352,0.05467963218688965,0.05308961868286133
515,3543,0.1533762663602829,0.15139956772327423,0.10937956720590591,0.043996699154376984,0.04202000051736832
516,3551,0.19742922484874725,0.19815576076507568,0.1412607729434967,0.05616845190525055,0.05689498782157898
517,3554,0.16437849402427673,0.16060695052146912,0.12328315526247025,0.04109533876180649,0.03732379525899887
518,3557,0.15561379492282867,0.15343207120895386,0.1122613251209259,0.04335246980190277,0.041170746088027954
519,3559,0.17322270572185516,0.1710144281387329,0.1227349117398262,0.05048779398202896,0.04827951639890671
520,3561,0.15342174470424652,0.15150822699069977,0.11142852157354355,0.04199322313070297,0.04007970541715622
521,3567,0.17616267502307892,0.17427383363246918,0.12463603168725967,0.051526643335819244,0.0496378019452095
522,3580,0.14595729112625122,0.14235122501850128,0.10072939097881317,0.04522790014743805,0.04162183403968811
523,3592,0.18768051266670227,0.1891152262687683,0.12966275215148926,0.05801776051521301,0.05945247411727905
524,3594,0.18914495408535004,0.1865938901901245,0.1353725790977478,0.053772374987602234,0.05122131109237671
525,3597,0.2711726427078247,0.2764309048652649,0.1743748039007187,0.09679783880710602,0.1020561009645462
526,3598,0.24706624448299408,0.2478656768798828,0.1925354301929474,0.05453081429004669,0.055330246686935425
527,3610,0.18697801232337952,0.18586108088493347,0.13821469247341156,0.04876331984996796,0.04764638841152191
528,3612,0.20668599009513855,0.2043151557445526,0.1532922387123108,0.05339375138282776,0.05102291703224182
529,3625,0.1524488478899002,0.14902223646640778,0.10770872235298157,0.04474012553691864,0.04131351411342621
530,3634,0.14623141288757324,0.14839844405651093,0.11161074042320251,0.03462067246437073,0.03678770363330841
531,3636,0.20166489481925964,0.19966009259223938,0.13904370367527008,0.06262119114398956,0.0606163889169693
532,3644,0.1876869648694992,0.1869697868824005,0.1464911848306656,0.04119578003883362,0.040478602051734924
533,3646,0.18006670475006104,0.17788667976856232,0.11956681311130524,0.0604998916387558,0.05831986665725708
534,3647,0.15733784437179565,0.1553218960762024,0.12250703573226929,0.03483080863952637,0.032814860343933105
535,3668,0.1423550844192505,0.1405116319656372,0.10064129531383514,0.041713789105415344,0.03987033665180206
536,3674,0.2049677073955536,0.20124003291130066,0.14489346742630005,0.06007423996925354,0.05634656548500061
537,3676,0.227544367313385,0.22482837736606598,0.16456259787082672,0.06298176944255829,0.06026577949523926
538,3694,0.21955934166908264,0.22005392611026764,0.16774557530879974,0.0518137663602829,0.052308350801467896
539,3701,0.2173498123884201,0.2153633087873459,0.15778936445713043,0.05956044793128967,0.057573944330215454
540,3712,0.1814560741186142,0.179855614900589,0.13523966073989868,0.046216413378715515,0.04461595416069031
541,3714,0.1717142015695572,0.16908784210681915,0.12251720577478409,0.0491969957947731,0.046570636332035065
542,3719,0.19568787515163422,0.19355832040309906,0.14962780475616455,0.046060070395469666,0.04393051564693451
543,3721,0.2308669090270996,0.2301427125930786,0.17475228011608124,0.05611462891101837,0.055390432476997375
544,3723,0.19953836500644684,0.19822818040847778,0.14454394578933716,0.05499441921710968,0.053684234619140625
545,3725,0.1541798859834671,0.1525525599718094,0.10669940710067749,0.04748047888278961,0.0458531528711319
546,3728,0.2150648832321167,0.21543166041374207,0.14261922240257263,0.07244566082954407,0.07281243801116943
547,3730,0.1685444861650467,0.16697250306606293,0.12503653764724731,0.04350794851779938,0.04193596541881561
548,3739,0.20560890436172485,0.20353096723556519,0.14135101437568665,0.06425788998603821,0.06217995285987854
549,3741,0.1931982934474945,0.19043220579624176,0.1371891349554062,0.05600915849208832,0.05324307084083557
550,3745,0.19926801323890686,0.19744735956192017,0.14219199120998383,0.057076022028923035,0.05525536835193634
551,3746,0.16034235060214996,0.1586906760931015,0.12604950368404388,0.03429284691810608,0.03264117240905762
552,3754,0.19338233768939972,0.18988201022148132,0.14351406693458557,0.04986827075481415,0.04636794328689575
553,3758,0.18094009160995483,0.1793300062417984,0.1251339316368103,0.05580615997314453,0.0541960746049881
554,3759,0.19360360503196716,0.19208022952079773,0.14200939238071442,0.05159421265125275,0.05007083714008331
555,3779,0.17357642948627472,0.17373928427696228,0.11563336849212646,0.057943060994148254,0.058105915784835815
556,3791,0.14927701652050018,0.1466623991727829,0.11070401221513748,0.0385730043053627,0.035958386957645416
557,3792,0.17280445992946625,0.17055518925189972,0.1255510151386261,0.04725344479084015,0.04500417411327362
558,3794,0.17487399280071259,0.17529098689556122,0.12630809843540192,0.04856589436531067,0.0489828884601593
559,3803,0.1415935456752777,0.13931390643119812,0.09559765458106995,0.045995891094207764,0.043716251850128174
560,3804,0.18437102437019348,0.18118923902511597,0.12862181663513184,0.055749207735061646,0.05256742238998413
561,3807,0.24080130457878113,0.24118733406066895,0.17540113627910614,0.06540016829967499,0.0657861977815628
562,3809,0.15766412019729614,0.15463335812091827,0.11508528143167496,0.042578838765621185,0.03954807668924332
563,3812,0.19236324727535248,0.1890333592891693,0.13994862139225006,0.05241462588310242,0.04908473789691925
564,3813,0.21728357672691345,0.21714860200881958,0.1616494506597519,0.05563412606716156,0.05549915134906769
565,3815,0.19688580930233002,0.19518321752548218,0.13784411549568176,0.059041693806648254,0.057339102029800415
566,3823,0.19489488005638123,0.19321943819522858,0.14670789241790771,0.04818698763847351,0.04651154577732086
567,3824,0.15547694265842438,0.1561308205127716,0.11403479427099228,0.0414421483874321,0.04209602624177933
568,3827,0.17724421620368958,0.175766259431839,0.13295865058898926,0.04428556561470032,0.04280760884284973
569,3830,0.17593103647232056,0.1763441562652588,0.1282355636358261,0.047695472836494446,0.04810859262943268
570,3834,0.20385053753852844,0.20114614069461823,0.14572110772132874,0.05812942981719971,0.05542503297328949
571,3838,0.18529722094535828,0.1827980875968933,0.13562998175621033,0.04966723918914795,0.04716810584068298
572,3845,0.24614350497722626,0.2477988451719284,0.18607422709465027,0.06006927788257599,0.06172461807727814
573,3846,0.17725323140621185,0.1781264990568161,0.17013044655323029,0.007122784852981567,0.007996052503585815
574,3849,0.207456573843956,0.20315660536289215,0.14732511341571808,0.060131460428237915,0.05583149194717407
575,3850,0.18434147536754608,0.18118225038051605,0.1326608955860138,0.05168057978153229,0.04852135479450226
576,3859,0.19247232377529144,0.1908356249332428,0.1346496343612671,0.05782268941402435,0.05618599057197571
577,3883,0.21913786232471466,0.21767224371433258,0.16139081120491028,0.05774705111980438,0.0562814325094223
578,3886,0.20477110147476196,0.20312729477882385,0.14979392290115356,0.0549771785736084,0.05333337187767029
579,3887,0.18610651791095734,0.1831052154302597,0.12971818447113037,0.056388333439826965,0.053387030959129333
580,3892,0.15430524945259094,0.15326116979122162,0.10272888839244843,0.05157636106014252,0.05053228139877319
581,3894,0.16540010273456573,0.16383247077465057,0.12067558616399765,0.044724516570568085,0.043156884610652924
582,3897,0.2285214066505432,0.2265148162841797,0.160658061504364,0.0678633451461792,0.06585675477981567
583,3917,0.13792270421981812,0.13473165035247803,0.09136977046728134,0.046552933752536774,0.043361879885196686
584,3927,0.19810648262500763,0.19496721029281616,0.1417619287967682,0.05634455382823944,0.053205281496047974
585,3928,0.19460970163345337,0.19324956834316254,0.14406779408454895,0.05054190754890442,0.049181774258613586
586,3933,0.1957024484872818,0.1936074048280716,0.13840427994728088,0.057298168540000916,0.05520312488079071
587,3937,0.21951720118522644,0.2178952991962433,0.14521346986293793,0.07430373132228851,0.07268182933330536
588,3938,0.20699791610240936,0.20537257194519043,0.1440301239490509,0.06296779215335846,0.061342447996139526
589,3951,0.22157740592956543,0.21920670568943024,0.1628725677728653,0.058704838156700134,0.05633413791656494
590,3969,0.1856655776500702,0.18287616968154907,0.13640162348747253,0.049263954162597656,0.04647454619407654
591,3972,0.18710005283355713,0.18515993654727936,0.13479405641555786,0.05230599641799927,0.0503658801317215
592,3978,0.19934959709644318,0.19817185401916504,0.1411166787147522,0.05823291838169098,0.05705517530441284
593,3982,0.17270855605602264,0.16856107115745544,0.12764166295528412,0.045066893100738525,0.040919408202171326
594,4000,0.1635884940624237,0.1606428474187851,0.13264885544776917,0.03093963861465454,0.02799399197101593
595,4001,0.19775690138339996,0.19557949900627136,0.13494808971881866,0.0628088116645813,0.0606314092874527
596,4006,0.2133752405643463,0.2124391794204712,0.14999176561832428,0.06338347494602203,0.06244741380214691
597,4010,0.18830005824565887,0.1857888251543045,0.13655610382556915,0.05174395442008972,0.04923272132873535
598,4018,0.1961677223443985,0.19636540114879608,0.13384979963302612,0.062317922711372375,0.06251560151576996
599,4020,0.17327186465263367,0.17054884135723114,0.12750615179538727,0.0457657128572464,0.04304268956184387
600,4023,0.16699840128421783,0.1648692935705185,0.12708066403865814,0.03991773724555969,0.03778862953186035
601,4028,0.17115254700183868,0.16873334348201752,0.12401075661182404,0.04714179039001465,0.04472258687019348
602,4035,0.21727816760540009,0.2155480533838272,0.1577884703874588,0.059489697217941284,0.05775958299636841
603,4038,0.12896549701690674,0.12758640944957733,0.08786856383085251,0.04109693318605423,0.03971784561872482
604,4039,0.19176074862480164,0.18828937411308289,0.147112637758255,0.04464811086654663,0.04117673635482788
605,4047,0.2116408497095108,0.21062779426574707,0.15900589525699615,0.05263495445251465,0.051621899008750916
606,4050,0.1837659776210785,0.18076810240745544,0.13075639307498932,0.05300958454608917,0.050011709332466125
607,4052,0.1531110256910324,0.15170443058013916,0.10569923371076584,0.04741179198026657,0.04600519686937332
608,4055,0.18695342540740967,0.1819063425064087,0.1335865706205368,0.053366854786872864,0.04831977188587189
609,4069,0.3028354048728943,0.3060862123966217,0.20240235328674316,0.10043305158615112,0.10368385910987854
610,4073,0.2057604193687439,0.202015221118927,0.14957813918590546,0.05618228018283844,0.052437081933021545
611,4078,0.16971459984779358,0.1685457080602646,0.12457067519426346,0.04514392465353012,0.04397503286600113
612,4079,0.16578109562397003,0.1649916023015976,0.1296614408493042,0.03611965477466583,0.035330161452293396
613,4080,0.2024194449186325,0.20361556112766266,0.15325044095516205,0.04916900396347046,0.05036512017250061
614,4091,0.1678169220685959,0.16504374146461487,0.12253172695636749,0.045285195112228394,0.042512014508247375
615,4096,0.17953574657440186,0.17896971106529236,0.13276976346969604,0.04676598310470581,0.046199947595596313
616,4098,0.20845834910869598,0.2086048275232315,0.1481185108423233,0.06033983826637268,0.0604863166809082
617,4121,0.20146000385284424,0.19924761354923248,0.14647065103054047,0.05498935282230377,0.05277696251869202
618,4134,0.18506798148155212,0.1818375140428543,0.13977456092834473,0.0452934205532074,0.04206295311450958
619,4135,0.20444996654987335,0.20219141244888306,0.1447557508945465,0.05969421565532684,0.05743566155433655
620,4137,0.17391806840896606,0.17193427681922913,0.12343432009220123,0.05048374831676483,0.04849995672702789
621,4145,0.16394348442554474,0.16471458971500397,0.12534579634666443,0.03859768807888031,0.03936879336833954
622,4149,0.1933591365814209,0.19331394135951996,0.13360454142093658,0.059754595160484314,0.059709399938583374
623,4153,0.17494472861289978,0.17315983772277832,0.12181233614683151,0.05313239246606827,0.05134750157594681
624,4181,0.19356803596019745,0.19248665869235992,0.14601629972457886,0.04755173623561859,0.04647035896778107
625,4188,0.20814165472984314,0.20515085756778717,0.1477973610162735,0.06034429371356964,0.05735349655151367
626,4196,0.20451001822948456,0.2037547528743744,0.16725273430347443,0.03725728392601013,0.03650201857089996
627,4204,0.18875941634178162,0.18478572368621826,0.13976725935935974,0.048992156982421875,0.04501846432685852
628,4209,0.2188168466091156,0.21481148898601532,0.1590912789106369,0.0597255676984787,0.05572021007537842
629,4211,0.20483450591564178,0.20341739058494568,0.14656215906143188,0.0582723468542099,0.056855231523513794
630,4212,0.2123149335384369,0.21092064678668976,0.1548045128583908,0.05751042068004608,0.05611613392829895
631,4218,0.1583661139011383,0.15582723915576935,0.12088911980390549,0.03747699409723282,0.03493811935186386
632,4228,0.21017634868621826,0.20739108324050903,0.15671633183956146,0.0534600168466568,0.05067475140094757
633,4229,0.20780974626541138,0.20724262297153473,0.1524205058813095,0.05538924038410187,0.05482211709022522
634,4250,0.23312652111053467,0.23171547055244446,0.17147712409496307,0.061649397015571594,0.060238346457481384
635,4254,0.17714138329029083,0.17639531195163727,0.12344715744256973,0.0536942258477211,0.052948154509067535
636,4261,0.17090438306331635,0.17157727479934692,0.11817484349012375,0.052729539573192596,0.053402431309223175
637,4264,0.17537559568881989,0.17405544221401215,0.13622185587882996,0.03915373980998993,0.03783358633518219
638,4265,0.18378418684005737,0.17980174720287323,0.1317022442817688,0.052081942558288574,0.04809950292110443
639,4284,0.19178186357021332,0.19088523089885712,0.12950249016284943,0.06227937340736389,0.06138274073600769
640,4294,0.19945068657398224,0.19926805794239044,0.15224936604499817,0.04720132052898407,0.04701869189739227
641,4296,0.19167135655879974,0.1915719360113144,0.1440344899892807,0.04763686656951904,0.04753744602203369
642,4306,0.20126308500766754,0.19929687678813934,0.13013406097888947,0.07112902402877808,0.06916281580924988
643,4321,0.1750817596912384,0.17251567542552948,0.12156877666711807,0.05351298302412033,0.05094689875841141
644,4327,0.22065220773220062,0.22078253328800201,0.16383711993694305,0.05681508779525757,0.05694541335105896
645,4331,0.21074707806110382,0.20936189591884613,0.1505631059408188,0.060183972120285034,0.058798789978027344
646,4334,0.16850736737251282,0.16529083251953125,0.12512990832328796,0.043377459049224854,0.040160924196243286
647,4339,0.16482916474342346,0.16504035890102386,0.11237169802188873,0.05245746672153473,0.05266866087913513
648,4340,0.1934777945280075,0.19301772117614746,0.14525556564331055,0.04822222888469696,0.047762155532836914
649,4344,0.17775577306747437,0.17573803663253784,0.1363132894039154,0.04144248366355896,0.039424747228622437
650,4349,0.20248323678970337,0.20233501493930817,0.1502850204706192,0.05219821631908417,0.052049994468688965
651,4361,0.22149038314819336,0.2213936597108841,0.16005992889404297,0.06143045425415039,0.061333730816841125
652,4370,0.1908513456583023,0.19044756889343262,0.13296730816364288,0.057884037494659424,0.057480260729789734
653,4371,0.15691494941711426,0.1548141986131668,0.11331791430711746,0.043597035109996796,0.04149628430604935
654,4376,0.2203969955444336,0.2220800220966339,0.15926124155521393,0.061135753989219666,0.06281878054141998
655,4390,0.1867951601743698,0.18558278679847717,0.13835255801677704,0.04844260215759277,0.047230228781700134
656,4403,0.18671740591526031,0.184286430478096,0.1325240284204483,0.05419337749481201,0.051762402057647705
657,4408,0.17451107501983643,0.17197604477405548,0.1246611699461937,0.04984990507364273,0.047314874827861786
658,4412,0.18270035088062286,0.1806057095527649,0.12473855912685394,0.05796179175376892,0.05586715042591095
659,4419,0.1492375135421753,0.14748457074165344,0.11138599365949631,0.037851519882678986,0.036098577082157135
660,4433,0.2061155140399933,0.20267809927463531,0.15324929356575012,0.052866220474243164,0.04942880570888519
661,4437,0.1814872920513153,0.178253635764122,0.13094750046730042,0.05053979158401489,0.047306135296821594
662,4446,0.1684228926897049,0.16665460169315338,0.12282167375087738,0.045601218938827515,0.043832927942276
663,4450,0.19363893568515778,0.19273129105567932,0.1445247232913971,0.04911421239376068,0.04820656776428223
664,4460,0.23585335910320282,0.23573508858680725,0.1589827835559845,0.07687057554721832,0.07675230503082275
665,4464,0.1771259754896164,0.1762603372335434,0.13570091128349304,0.04142506420612335,0.040559425950050354
666,4466,0.2194163203239441,0.21987934410572052,0.1575925648212433,0.061823755502700806,0.062286779284477234
667,4474,0.1940719038248062,0.1925242692232132,0.15557259321212769,0.03849931061267853,0.03695167601108551
668,4491,0.16405287384986877,0.15960758924484253,0.11663040518760681,0.04742246866226196,0.04297718405723572
669,4499,0.2189035564661026,0.22028027474880219,0.16201622784137726,0.05688732862472534,0.05826404690742493
670,4527,0.1775544285774231,0.17520396411418915,0.12309882044792175,0.05445560812950134,0.052105143666267395
671,4535,0.19887177646160126,0.19764883816242218,0.14398136734962463,0.054890409111976624,0.053667470812797546
672,4542,0.1628330945968628,0.16062355041503906,0.12491924315690994,0.03791385143995285,0.03570430725812912
673,4544,0.15486158430576324,0.15388600528240204,0.10596562176942825,0.04889596253633499,0.047920383512973785
674,4547,0.1914040893316269,0.19214585423469543,0.1330713927745819,0.05833269655704498,0.059074461460113525
675,4554,0.20257391035556793,0.20234441757202148,0.13961318135261536,0.06296072900295258,0.06273123621940613
676,4555,0.20990166068077087,0.2127545028924942,0.1561853438615799,0.05371631681919098,0.05656915903091431
677,4561,0.17740045487880707,0.17565110325813293,0.12564635276794434,0.05175410211086273,0.0500047504901886
678,4566,0.1967863291501999,0.19560717046260834,0.13105545938014984,0.06573086977005005,0.0645517110824585
679,4568,0.20613901317119598,0.20664608478546143,0.15766623616218567,0.048472777009010315,0.04897984862327576
680,4586,0.2280946671962738,0.2278614044189453,0.1706821173429489,0.05741254985332489,0.0571792870759964
681,4589,0.17128397524356842,0.16789937019348145,0.12705416977405548,0.04422980546951294,0.040845200419425964
682,4590,0.17679424583911896,0.17598660290241241,0.12942911684513092,0.04736512899398804,0.046557486057281494
683,4597,0.18058839440345764,0.1773318350315094,0.13486307859420776,0.04572531580924988,0.042468756437301636
684,4602,0.22087448835372925,0.22173841297626495,0.16789795458316803,0.05297653377056122,0.053840458393096924
685,4613,0.2092856913805008,0.20816676318645477,0.15634314715862274,0.05294254422187805,0.05182361602783203
686,4614,0.1984575092792511,0.19911077618598938,0.1330796331167221,0.06537787616252899,0.06603114306926727
687,4619,0.16330452263355255,0.1612781435251236,0.11637978255748749,0.046924740076065063,0.04489836096763611
688,4627,0.18729820847511292,0.18592548370361328,0.1313704550266266,0.05592775344848633,0.054555028676986694
689,4629,0.17621932923793793,0.17363005876541138,0.12954451143741608,0.04667481780052185,0.0440855473279953
690,4633,0.16767103970050812,0.1654869019985199,0.11895722150802612,0.048713818192481995,0.046529680490493774
691,4635,0.19995969533920288,0.19889767467975616,0.14406828582286835,0.055891409516334534,0.05482938885688782
692,4650,0.20693089067935944,0.2073691040277481,0.1483050435781479,0.05862584710121155,0.05906406044960022
693,4656,0.24991263449192047,0.2488487809896469,0.17799155414104462,0.07192108035087585,0.0708572268486023
694,4677,0.154779851436615,0.15360388159751892,0.11162366718053818,0.04315618425607681,0.04198021441698074
695,4682,0.1646546572446823,0.16328084468841553,0.11364585161209106,0.05100880563259125,0.04963499307632446
696,4685,0.1347876638174057,0.13320192694664001,0.08843608945608139,0.04635157436132431,0.044765837490558624
697,4691,0.19999589025974274,0.19720682501792908,0.14672398567199707,0.053271904587745667,0.05048283934593201
698,4703,0.20316775143146515,0.20335951447486877,0.14114809036254883,0.06201966106891632,0.062211424112319946
699,4712,0.1357685774564743,0.13350345194339752,0.09690582752227783,0.03886274993419647,0.03659762442111969
700,4716,0.13501906394958496,0.13218893110752106,0.08944134414196014,0.04557771980762482,0.04274758696556091
701,4725,0.18835341930389404,0.1867002695798874,0.13620102405548096,0.052152395248413086,0.05049924552440643
702,4727,0.19620904326438904,0.19376596808433533,0.14013612270355225,0.05607292056083679,0.05362984538078308
703,4734,0.2074202597141266,0.20717716217041016,0.14962881803512573,0.057791441679000854,0.057548344135284424
704,4750,0.2091161608695984,0.2095615416765213,0.1452278345823288,0.06388832628726959,0.0643337070941925
705,4751,0.16426332294940948,0.16154678165912628,0.12200304865837097,0.04226027429103851,0.03954373300075531
706,4752,0.20391209423542023,0.20151345431804657,0.14513899385929108,0.05877310037612915,0.05637446045875549
707,4753,0.16061978042125702,0.1581237018108368,0.11971887201070786,0.040900908410549164,0.03840482980012894
708,4760,0.23882046341896057,0.237827330827713,0.16730695962905884,0.07151350378990173,0.07052037119865417
709,4761,0.1863371878862381,0.1837908774614334,0.13526636362075806,0.05107082426548004,0.048524513840675354
710,4770,0.16409064829349518,0.16326592862606049,0.11228252202272415,0.05180812627077103,0.050983406603336334
711,4774,0.1817971020936966,0.1822795420885086,0.1275380253791809,0.054259076714515686,0.0547415167093277
712,4777,0.21391931176185608,0.21239052712917328,0.1540091335773468,0.05991017818450928,0.05838139355182648
713,4791,0.24025295674800873,0.23944847285747528,0.16226059198379517,0.07799236476421356,0.07718788087368011
714,4793,0.15891684591770172,0.15885327756404877,0.123604416847229,0.03531242907047272,0.03524886071681976
715,4796,0.17094945907592773,0.16853433847427368,0.12545189261436462,0.04549756646156311,0.04308244585990906
716,4801,0.1971161961555481,0.195161834359169,0.14297382533550262,0.05414237082004547,0.05218800902366638
717,4809,0.17600508034229279,0.17348463833332062,0.1254778951406479,0.0505271852016449,0.04800674319267273
718,4811,0.2131423056125641,0.2109299749135971,0.16361190378665924,0.049530401825904846,0.047318071126937866
719,4813,0.16599015891551971,0.1642777919769287,0.11997040361166,0.04601975530385971,0.04430738836526871
720,4821,0.19359245896339417,0.1909114420413971,0.13698196411132812,0.05661049485206604,0.05392947793006897
721,4828,0.15073934197425842,0.14731962978839874,0.10987731069326401,0.040862031280994415,0.037442319095134735
722,4839,0.17565825581550598,0.175899937748909,0.11472740769386292,0.060930848121643066,0.06117253005504608
723,4842,0.19537387788295746,0.19234272837638855,0.14502492547035217,0.050348952412605286,0.04731780290603638
724,4851,0.15316064655780792,0.1529645472764969,0.12045580893754959,0.03270483762025833,0.032508738338947296
725,4854,0.17794041335582733,0.1748986542224884,0.12839610874652863,0.049544304609298706,0.04650254547595978
726,4859,0.13506703078746796,0.134757861495018,0.10567653924226761,0.029390491545200348,0.029081322252750397
727,4862,0.17836077511310577,0.1757030487060547,0.13175395131111145,0.046606823801994324,0.04394909739494324
728,4866,0.21640461683273315,0.2153078019618988,0.1613929271697998,0.05501168966293335,0.053914874792099
729,4881,0.20481856167316437,0.20374181866645813,0.1421123594045639,0.06270620226860046,0.061629459261894226
730,4901,0.19019661843776703,0.18733060359954834,0.13584353029727936,0.05435308814048767,0.05148707330226898
731,4905,0.2116180658340454,0.21069976687431335,0.15415531396865845,0.05746275186538696,0.05654445290565491
732,4907,0.192610502243042,0.19155874848365784,0.13581235706806183,0.056798145174980164,0.05574639141559601
733,4911,0.20069463551044464,0.1998554915189743,0.140584334731102,0.06011030077934265,0.059271156787872314
734,4923,0.19293810427188873,0.1921592801809311,0.13573500514030457,0.05720309913158417,0.056424275040626526
735,4926,0.17165341973304749,0.1712528020143509,0.12875783443450928,0.04289558529853821,0.042494967579841614
736,4936,0.18970057368278503,0.18753598630428314,0.1381264328956604,0.051574140787124634,0.04940955340862274
737,4937,0.16715750098228455,0.1655927151441574,0.12559190392494202,0.04156559705734253,0.04000081121921539
738,4939,0.21636469662189484,0.21516349911689758,0.16910281777381897,0.04726187884807587,0.04606068134307861
739,4943,0.20922517776489258,0.20861214399337769,0.15095236897468567,0.05827280879020691,0.05765977501869202
740,4973,0.2106931358575821,0.2079639732837677,0.12878252565860748,0.08191061019897461,0.07918144762516022
741,4975,0.13315097987651825,0.13246148824691772,0.10327214747667313,0.029878832399845123,0.0291893407702446
742,4980,0.2069818675518036,0.2050132304430008,0.14949814975261688,0.05748371779918671,0.05551508069038391
743,4987,0.23786471784114838,0.23641517758369446,0.18044301867485046,0.05742169916629791,0.055972158908843994
744,4995,0.21016496419906616,0.20894773304462433,0.15244776010513306,0.057717204093933105,0.05649997293949127
745,4997,0.16037756204605103,0.15762534737586975,0.12292718142271042,0.03745038062334061,0.03469816595315933
746,5010,0.16953039169311523,0.16741272807121277,0.1267131119966507,0.04281727969646454,0.04069961607456207
747,5013,0.2011951208114624,0.20139473676681519,0.13776923716068268,0.06342588365077972,0.06362549960613251
748,5017,0.1424473077058792,0.1411007046699524,0.08318212628364563,0.05926518142223358,0.05791857838630676
749,5025,0.22689664363861084,0.22442801296710968,0.1681356281042099,0.05876101553440094,0.05629238486289978
750,5028,0.18246349692344666,0.1814752221107483,0.13642773032188416,0.0460357666015625,0.045047491788864136
751,5039,0.2169254571199417,0.21422378718852997,0.16292113065719604,0.054004326462745667,0.05130265653133392
752,5041,0.18161289393901825,0.180256649851799,0.1229061558842659,0.05870673805475235,0.05735049396753311
753,5053,0.17108088731765747,0.1685686856508255,0.1159660667181015,0.05511482059955597,0.052602618932724
754,5058,0.13032013177871704,0.12853816151618958,0.10574445873498917,0.024575673043727875,0.02279370278120041
755,5064,0.1818692833185196,0.17957252264022827,0.13017761707305908,0.05169166624546051,0.04939490556716919
756,5069,0.17439214885234833,0.16952133178710938,0.12314864248037338,0.051243506371974945,0.04637268930673599
757,5073,0.1794218271970749,0.17610476911067963,0.12982384860515594,0.049597978591918945,0.04628092050552368
758,5084,0.21705865859985352,0.21564887464046478,0.15944145619869232,0.057617202401161194,0.05620741844177246
759,5096,0.17005018889904022,0.16846390068531036,0.11755497008562088,0.05249521881341934,0.050908930599689484
760,5099,0.18088394403457642,0.1790008544921875,0.131328746676445,0.04955519735813141,0.04767210781574249
761,5101,0.20126649737358093,0.19861949980258942,0.13995355367660522,0.06131294369697571,0.05866594612598419
762,5103,0.21362735331058502,0.21262502670288086,0.14689698815345764,0.06673036515712738,0.06572803854942322
763,5105,0.2068033516407013,0.2031203806400299,0.15303990244865417,0.05376344919204712,0.05008047819137573
764,5106,0.1942823827266693,0.193271666765213,0.14040705561637878,0.05387532711029053,0.05286461114883423
765,5120,0.17633187770843506,0.173169806599617,0.1337515413761139,0.04258033633232117,0.03941826522350311
766,5125,0.20828966796398163,0.20647814869880676,0.15521815419197083,0.0530715137720108,0.05125999450683594
767,5139,0.1906125247478485,0.19292733073234558,0.13664427399635315,0.05396825075149536,0.05628305673599243
768,5151,0.19511562585830688,0.19584710896015167,0.15128573775291443,0.043829888105392456,0.044561371207237244
769,5154,0.1678193360567093,0.16556493937969208,0.12551844120025635,0.04230089485645294,0.04004649817943573
770,5160,0.24426321685314178,0.2440814971923828,0.15783792734146118,0.0864252895116806,0.08624356985092163
771,5162,0.16893817484378815,0.165606290102005,0.12232904136180878,0.04660913348197937,0.04327724874019623
772,5182,0.21524381637573242,0.21157655119895935,0.1538253128528595,0.061418503522872925,0.057751238346099854
773,5183,0.1684742122888565,0.1653795689344406,0.11660166084766388,0.05187255144119263,0.04877790808677673
774,5190,0.16016320884227753,0.15881618857383728,0.11658882349729538,0.04357438534498215,0.0422273650765419
775,5199,0.17766332626342773,0.17499372363090515,0.13236799836158752,0.04529532790184021,0.04262572526931763
776,5216,0.16806462407112122,0.16507934033870697,0.12105897814035416,0.04700564593076706,0.044020362198352814
777,5220,0.20848813652992249,0.20668473839759827,0.15072788298130035,0.05776025354862213,0.05595685541629791
778,5221,0.17354300618171692,0.17035120725631714,0.11622288823127747,0.05732011795043945,0.05412831902503967
779,5227,0.12253987789154053,0.1200614720582962,0.08681187778711319,0.03572800010442734,0.033249594271183014
780,5234,0.2219880223274231,0.2236749231815338,0.14856325089931488,0.07342477142810822,0.07511167228221893
781,5235,0.16101132333278656,0.16022531688213348,0.13063791394233704,0.030373409390449524,0.029587402939796448
782,5250,0.18318718671798706,0.1801348179578781,0.13556243479251862,0.047624751925468445,0.0445723831653595
783,5254,0.14104920625686646,0.13820905983448029,0.09091399610042572,0.050135210156440735,0.047295063734054565
784,5259,0.19765789806842804,0.19901993870735168,0.13626311719417572,0.06139478087425232,0.06275682151317596
785,5263,0.19309981167316437,0.19103451073169708,0.12364128232002258,0.06945852935314178,0.0673932284116745
786,5265,0.22358793020248413,0.22599703073501587,0.18988902866840363,0.033698901534080505,0.036108002066612244
787,5268,0.16155120730400085,0.15994849801063538,0.11505184322595596,0.04649936407804489,0.04489665478467941
788,5275,0.18297357857227325,0.18288414180278778,0.12136310338973999,0.061610475182533264,0.06152103841304779
789,5281,0.17197082936763763,0.16792413592338562,0.13149286806583405,0.04047796130180359,0.036431267857551575
790,5290,0.1733776330947876,0.17073458433151245,0.13489161431789398,0.038486018776893616,0.03584297001361847
791,5293,0.20938242971897125,0.20857760310173035,0.15942972898483276,0.04995270073413849,0.04914787411689758
792,5302,0.22952812910079956,0.22923634946346283,0.17675183713436127,0.05277629196643829,0.05248451232910156
793,5313,0.18713662028312683,0.18506330251693726,0.1334412693977356,0.053695350885391235,0.05162203311920166
794,5336,0.19330519437789917,0.19213177263736725,0.14342066645622253,0.049884527921676636,0.048711106181144714
795,5337,0.17550207674503326,0.17387932538986206,0.12763351202011108,0.04786856472492218,0.04624581336975098
796,5347,0.260755330324173,0.25925368070602417,0.18874512612819672,0.07201020419597626,0.07050855457782745
797,5357,0.17418165504932404,0.17594334483146667,0.12705881893634796,0.047122836112976074,0.04888452589511871
798,5360,0.2744668126106262,0.27303236722946167,0.21559421718120575,0.05887259542942047,0.05743815004825592
799,5362,0.13964243233203888,0.13818860054016113,0.09826409816741943,0.041378334164619446,0.0399245023727417
800,5370,0.3135346472263336,0.3130219578742981,0.2191249132156372,0.09440973401069641,0.09389704465866089
801,5372,0.21367807686328888,0.21242041885852814,0.1567305475473404,0.056947529315948486,0.055689871311187744
802,5378,0.21807782351970673,0.21578802168369293,0.15925991535186768,0.05881790816783905,0.056528106331825256
803,5383,0.22435732185840607,0.22208689153194427,0.16277272999286652,0.06158459186553955,0.05931416153907776
804,5400,0.20397691428661346,0.20108908414840698,0.14530910551548004,0.05866780877113342,0.05577997863292694
805,5408,0.1848910003900528,0.18462759256362915,0.12655720114707947,0.05833379924297333,0.05807039141654968
806,5413,0.1689886897802353,0.16568022966384888,0.11633073538541794,0.05265795439481735,0.04934949427843094
807,5415,0.19471336901187897,0.192805677652359,0.14269018173217773,0.05202318727970123,0.050115495920181274
808,5417,0.20198051631450653,0.2005963772535324,0.1474331021308899,0.05454741418361664,0.05316327512264252
809,5425,0.20877455174922943,0.20697574317455292,0.1509883999824524,0.05778615176677704,0.055987343192100525
810,5435,0.21416576206684113,0.21382145583629608,0.15592126548290253,0.0582444965839386,0.057900190353393555
811,5437,0.1988060474395752,0.1954416185617447,0.14737443625926971,0.05143161118030548,0.048067182302474976
812,5443,0.24243879318237305,0.23982547223567963,0.1698380410671234,0.07260075211524963,0.06998743116855621
813,5450,0.21729886531829834,0.21562299132347107,0.15912015736103058,0.05817870795726776,0.05650283396244049
814,5452,0.19765836000442505,0.197819784283638,0.15238016843795776,0.045278191566467285,0.04543961584568024
815,5456,0.19731035828590393,0.19405151903629303,0.1389005035161972,0.058409854769706726,0.055151015520095825
816,5459,0.19328437745571136,0.19153480231761932,0.13244621455669403,0.060838162899017334,0.05908858776092529
817,5479,0.2270805835723877,0.22776632010936737,0.17819368839263916,0.048886895179748535,0.04957263171672821
818,5485,0.20671333372592926,0.20542888343334198,0.14819282293319702,0.05852051079273224,0.05723606050014496
819,5493,0.21621200442314148,0.22032110393047333,0.15387849509716034,0.06233350932598114,0.06644260883331299
820,5496,0.17267578840255737,0.1719362586736679,0.12994548678398132,0.04273030161857605,0.041990771889686584
821,5497,0.20207372307777405,0.20001496374607086,0.1443846970796585,0.05768902599811554,0.055630266666412354
822,5519,0.1543257236480713,0.15211112797260284,0.11479859054088593,0.039527133107185364,0.03731253743171692
823,5521,0.21952922642230988,0.21939678490161896,0.15739749372005463,0.06213173270225525,0.06199929118156433
824,5522,0.198494091629982,0.19693730771541595,0.14126178622245789,0.05723230540752411,0.05567552149295807
825,5532,0.20558111369609833,0.20306496322155,0.14708098769187927,0.058500126004219055,0.055983975529670715
826,5544,0.1733078956604004,0.1709267497062683,0.12367129325866699,0.0496366024017334,0.04725545644760132
827,5545,0.15466484427452087,0.1559772789478302,0.1232922375202179,0.03137260675430298,0.032685041427612305
828,5551,0.1970711499452591,0.19515198469161987,0.15273800492286682,0.04433314502239227,0.04241397976875305
829,5555,0.202639639377594,0.20487049221992493,0.15677043795585632,0.04586920142173767,0.048100054264068604
830,5556,0.13590362668037415,0.13441312313079834,0.08178611844778061,0.054117508232593536,0.05262700468301773
831,5557,0.1659533679485321,0.16542041301727295,0.12872956693172455,0.037223801016807556,0.0366908460855484
832,5560,0.20212014019489288,0.20050573348999023,0.14676591753959656,0.055354222655296326,0.05373981595039368
833,5569,0.18946759402751923,0.18677660822868347,0.13928018510341644,0.05018740892410278,0.04749642312526703
834,5572,0.20630161464214325,0.20344115793704987,0.15229767560958862,0.054003939032554626,0.05114348232746124
835,5573,0.19974385201931,0.20218314230442047,0.15265226364135742,0.047091588377952576,0.04953087866306305
836,5578,0.17377907037734985,0.1719995141029358,0.13138429820537567,0.04239477217197418,0.04061521589756012
837,5584,0.1945592164993286,0.1942165046930313,0.12905022501945496,0.06550899147987366,0.06516627967357635
838,5585,0.20669889450073242,0.2041967362165451,0.15146872401237488,0.055230170488357544,0.05272801220417023
839,5587,0.18527361750602722,0.18350400030612946,0.13103435933589935,0.05423925817012787,0.0524696409702301
840,5589,0.16026194393634796,0.15660038590431213,0.10158001631498337,0.058681927621364594,0.055020369589328766
841,5596,0.20966312289237976,0.20692604780197144,0.1513989418745041,0.05826418101787567,0.055527105927467346
842,5603,0.18678595125675201,0.18971367180347443,0.13902750611305237,0.047758445143699646,0.05068616569042206
843,5608,0.2122209370136261,0.2129480242729187,0.14514489471912384,0.06707604229450226,0.06780312955379486
844,5610,0.20205368101596832,0.20005600154399872,0.1447618156671524,0.05729186534881592,0.055294185876846313
845,5615,0.13086502254009247,0.1274445652961731,0.08713866025209427,0.0437263622879982,0.04030590504407883
846,5618,0.19195908308029175,0.1903543472290039,0.13794487714767456,0.05401420593261719,0.052409470081329346
847,5623,0.13963118195533752,0.1375473439693451,0.09729840606451035,0.04233277589082718,0.04024893790483475
848,5633,0.16605092585086823,0.16535606980323792,0.12028949707746506,0.04576142877340317,0.04506657272577286
849,5646,0.18586578965187073,0.18462884426116943,0.12775163352489471,0.05811415612697601,0.05687721073627472
850,5648,0.20043127238750458,0.19562840461730957,0.1430262178182602,0.057405054569244385,0.05260218679904938
851,5657,0.19283334910869598,0.190731942653656,0.13688793778419495,0.05594541132450104,0.05384400486946106
852,5662,0.19795401394367218,0.19425374269485474,0.1354309618473053,0.06252305209636688,0.05882278084754944
853,5667,0.18457536399364471,0.18422280251979828,0.13658054172992706,0.04799482226371765,0.047642260789871216
854,5674,0.19480139017105103,0.19240063428878784,0.14473846554756165,0.05006292462348938,0.047662168741226196
855,5677,0.21476686000823975,0.21267780661582947,0.15362383425235748,0.06114302575588226,0.059053972363471985
856,5697,0.2245512455701828,0.2217359095811844,0.16652442514896393,0.05802682042121887,0.05521148443222046
857,5712,0.17833729088306427,0.17673100531101227,0.11657078564167023,0.06176650524139404,0.06016021966934204
858,5715,0.18986928462982178,0.19096170365810394,0.15514324605464935,0.034726038575172424,0.03581845760345459
859,5728,0.1898280829191208,0.18828514218330383,0.13086950778961182,0.05895857512950897,0.05741563439369202
860,5737,0.19678466022014618,0.19622614979743958,0.14025834202766418,0.056526318192481995,0.05596780776977539
861,5742,0.18636490404605865,0.18588607013225555,0.13593310117721558,0.05043180286884308,0.04995296895503998
862,5744,0.1875646561384201,0.1850401610136032,0.1251303255558014,0.06243433058261871,0.05990983545780182
863,5758,0.18684497475624084,0.18570899963378906,0.131340891122818,0.05550408363342285,0.05436810851097107
864,5763,0.22152899205684662,0.22063583135604858,0.1452176719903946,0.07631132006645203,0.07541815936565399
865,5770,0.2594466209411621,0.2636904716491699,0.18940356373786926,0.07004305720329285,0.07428690791130066
866,5774,0.21637874841690063,0.2191193848848343,0.18924060463905334,0.02713814377784729,0.029878780245780945
867,5785,0.21437779068946838,0.2154381424188614,0.16036055982112885,0.05401723086833954,0.055077582597732544
868,5793,0.20289915800094604,0.20265695452690125,0.14449915289878845,0.05840000510215759,0.05815780162811279
869,5802,0.19703172147274017,0.19614547491073608,0.1346091777086258,0.06242254376411438,0.06153629720211029
870,5803,0.18681573867797852,0.1845361739397049,0.13526594638824463,0.05154979228973389,0.049270227551460266
871,5804,0.19574765861034393,0.1924869269132614,0.14327163994312286,0.05247601866722107,0.04921528697013855
872,5810,0.18324007093906403,0.17997150123119354,0.13064292073249817,0.05259715020656586,0.049328580498695374
873,5813,0.14659252762794495,0.14494748413562775,0.11005177348852158,0.03654075413942337,0.03489571064710617
874,5819,0.15720725059509277,0.1554824858903885,0.09813874214887619,0.05906850844621658,0.0573437437415123
875,5831,0.19477446377277374,0.19438257813453674,0.1425873041152954,0.05218715965747833,0.05179527401924133
876,5838,0.2066604346036911,0.2072480022907257,0.15433476865291595,0.052325665950775146,0.05291323363780975
877,5848,0.18183504045009613,0.18137644231319427,0.13231468200683594,0.04952035844326019,0.04906176030635834
878,5850,0.2384832203388214,0.23818624019622803,0.18156316876411438,0.05692005157470703,0.05662307143211365
879,5851,0.16630016267299652,0.16325050592422485,0.1318574994802475,0.03444266319274902,0.031393006443977356
880,5860,0.1862054318189621,0.18501967191696167,0.13272356986999512,0.05348186194896698,0.05229610204696655
881,5877,0.2194335162639618,0.21995452046394348,0.1667359620332718,0.05269755423069,0.05321855843067169
882,5878,0.2145197093486786,0.2130974531173706,0.1501886397600174,0.0643310695886612,0.06290881335735321
883,5880,0.20589344203472137,0.2056696116924286,0.1461702585220337,0.05972318351268768,0.0594993531703949
884,5884,0.18538597226142883,0.18580107390880585,0.1274663656949997,0.05791960656642914,0.05833470821380615
885,5890,0.16303853690624237,0.16087909042835236,0.12940891087055206,0.03362962603569031,0.03147017955780029
886,5892,0.2524219751358032,0.2528040409088135,0.17101484537124634,0.08140712976455688,0.08178919553756714
887,5895,0.1972995102405548,0.19696493446826935,0.14294134080410004,0.05435816943645477,0.05402359366416931
888,5899,0.20172567665576935,0.19961309432983398,0.14235061407089233,0.059375062584877014,0.05726248025894165
889,5903,0.16610799729824066,0.1628003865480423,0.11815713346004486,0.0479508638381958,0.044643253087997437
890,5904,0.20368528366088867,0.20068807899951935,0.14322665333747864,0.060458630323410034,0.05746142566204071
891,5906,0.19098837673664093,0.18960976600646973,0.14416339993476868,0.04682497680187225,0.04544636607170105
892,5916,0.2314743548631668,0.23088015615940094,0.16076026856899261,0.0707140862941742,0.07011988759040833
893,5919,0.22519175708293915,0.22538961470127106,0.16714318096637726,0.05804857611656189,0.0582464337348938
894,5939,0.20951023697853088,0.2083846777677536,0.15632762014865875,0.05318261682987213,0.05205705761909485
895,5941,0.19410043954849243,0.19227492809295654,0.14907604455947876,0.04502439498901367,0.04319888353347778
896,5961,0.2159666121006012,0.21652613580226898,0.14951162040233612,0.06645499169826508,0.06701451539993286
897,5966,0.16535234451293945,0.16384723782539368,0.11726351827383041,0.04808882623910904,0.04658371955156326
898,5967,0.1933332234621048,0.19079692661762238,0.14000467956066132,0.05332854390144348,0.05079224705696106
899,5968,0.16498786211013794,0.16328081488609314,0.11831910163164139,0.04666876047849655,0.04496171325445175
900,5969,0.21552236378192902,0.21454697847366333,0.15796425938606262,0.057558104395866394,0.05658271908760071
901,5976,0.19097594916820526,0.19054654240608215,0.16019470989704132,0.03078123927116394,0.030351832509040833
902,5980,0.17741812765598297,0.1765708327293396,0.1297447830438614,0.04767334461212158,0.04682604968547821
903,5994,0.1719333827495575,0.17333224415779114,0.11239976435899734,0.05953361839056015,0.06093247979879379
904,6006,0.17699670791625977,0.1755989044904709,0.13674362003803253,0.040253087878227234,0.038855284452438354
905,6013,0.1824313849210739,0.17915445566177368,0.1277376264333725,0.054693758487701416,0.051416829228401184
906,6018,0.18927156925201416,0.18796378374099731,0.14557288587093353,0.04369868338108063,0.04239089787006378
907,6020,0.18913871049880981,0.19036690890789032,0.1391730159521103,0.049965694546699524,0.05119389295578003
908,6021,0.18819989264011383,0.18653789162635803,0.1362101137638092,0.051989778876304626,0.05032777786254883
909,6022,0.18937774002552032,0.18581166863441467,0.13281884789466858,0.056558892130851746,0.052992820739746094
910,6025,0.21235060691833496,0.21050499379634857,0.15569864213466644,0.05665196478366852,0.05480635166168213
911,6027,0.17696912586688995,0.17675642669200897,0.1283169984817505,0.048652127385139465,0.048439428210258484
912,6042,0.13165000081062317,0.1312381476163864,0.09134481847286224,0.040305182337760925,0.03989332914352417
913,6047,0.19616006314754486,0.1918170154094696,0.14586755633354187,0.05029250681400299,0.045949459075927734
914,6048,0.1706361472606659,0.16801975667476654,0.11351803690195084,0.05711811035871506,0.054501719772815704
915,6060,0.13890722393989563,0.13739213347434998,0.10657970607280731,0.03232751786708832,0.030812427401542664
916,6063,0.17627380788326263,0.17487110197544098,0.12305282056331635,0.05322098731994629,0.051818281412124634
917,6067,0.1911526620388031,0.19089120626449585,0.1286013126373291,0.062551349401474,0.06228989362716675
918,6071,0.172834113240242,0.17121826112270355,0.12384432554244995,0.04898978769779205,0.0473739355802536
919,6075,0.1877044439315796,0.1835416704416275,0.12460058182477951,0.06310386210680008,0.05894108861684799
920,6083,0.17668811976909637,0.17511491477489471,0.12657111883163452,0.05011700093746185,0.04854379594326019
921,6085,0.19569018483161926,0.19309332966804504,0.14156173169612885,0.05412845313549042,0.0515315979719162
922,6089,0.19061380624771118,0.18731831014156342,0.13353779911994934,0.05707600712776184,0.053780511021614075
923,6091,0.15618835389614105,0.15427356958389282,0.11662213504314423,0.039566218852996826,0.037651434540748596
924,6110,0.18141640722751617,0.18094566464424133,0.14729014039039612,0.034126266837120056,0.033655524253845215
925,6117,0.22358770668506622,0.2224058359861374,0.15462179481983185,0.06896591186523438,0.06778404116630554
926,6129,0.18553872406482697,0.18302442133426666,0.13721807301044464,0.048320651054382324,0.04580634832382202
927,6135,0.16552728414535522,0.16328702867031097,0.11983035504817963,0.0456969290971756,0.04345667362213135
928,6137,0.19973182678222656,0.19799363613128662,0.1286941021680832,0.07103772461414337,0.06929953396320343
929,6139,0.18119584023952484,0.17910240590572357,0.13007070124149323,0.051125138998031616,0.04903170466423035
930,6147,0.17401356995105743,0.17230337858200073,0.12977147102355957,0.044242098927497864,0.04253190755844116
931,6156,0.14142361283302307,0.14248710870742798,0.11553817987442017,0.025885432958602905,0.026948928833007812
932,6157,0.14548979699611664,0.1447446197271347,0.09742538630962372,0.04806441068649292,0.047319233417510986
933,6158,0.19372734427452087,0.1920958012342453,0.1444377899169922,0.049289554357528687,0.04765801131725311
934,6162,0.2071215659379959,0.20724721252918243,0.14229391515254974,0.06482765078544617,0.06495329737663269
935,6171,0.17507632076740265,0.173686221241951,0.13324999809265137,0.04182632267475128,0.04043622314929962
936,6177,0.1562792807817459,0.1526133269071579,0.11560717225074768,0.04067210853099823,0.03700615465641022
937,6181,0.20867885649204254,0.21020449697971344,0.14533422887325287,0.06334462761878967,0.06487026810646057
938,6182,0.17562811076641083,0.17259803414344788,0.13619357347488403,0.039434537291526794,0.03640446066856384
939,6184,0.2056742012500763,0.20344871282577515,0.15034905076026917,0.05532515048980713,0.05309966206550598
940,6189,0.17269615828990936,0.1707627773284912,0.1281760334968567,0.04452012479305267,0.04258674383163452
941,6199,0.1871803104877472,0.18411821126937866,0.13326382637023926,0.053916484117507935,0.050854384899139404
942,6204,0.16240814328193665,0.1605461835861206,0.10757427662611008,0.05483386665582657,0.05297190696001053
943,6208,0.19217266142368317,0.1897302269935608,0.14237187802791595,0.04980078339576721,0.047358348965644836
944,6209,0.19945630431175232,0.19894985854625702,0.1457120180130005,0.05374428629875183,0.05323784053325653
945,6217,0.18075957894325256,0.17865058779716492,0.13788153231143951,0.04287804663181305,0.0407690554857254
946,6218,0.19270947575569153,0.1904805302619934,0.14420537650585175,0.04850409924983978,0.04627515375614166
947,6222,0.22595588862895966,0.22240981459617615,0.1635519415140152,0.06240394711494446,0.05885787308216095
948,6226,0.20486527681350708,0.20330113172531128,0.14185436069965363,0.06301091611385345,0.061446771025657654
949,6233,0.18732550740242004,0.18517020344734192,0.14027273654937744,0.0470527708530426,0.04489746689796448
950,6241,0.14060509204864502,0.13913163542747498,0.09388293325901031,0.046722158789634705,0.04524870216846466
951,6243,0.15957747399806976,0.15784038603305817,0.11261437833309174,0.04696309566497803,0.04522600769996643
952,6264,0.23336990177631378,0.23496906459331512,0.18068374693393707,0.05268615484237671,0.05428531765937805
953,6265,0.1825481653213501,0.18006153404712677,0.12912224233150482,0.053425922989845276,0.05093929171562195
954,6275,0.1735912263393402,0.17126888036727905,0.12522591650485992,0.048365309834480286,0.04604296386241913
955,6277,0.1940411627292633,0.1914474070072174,0.14436839520931244,0.04967276751995087,0.04707901179790497
956,6287,0.17149585485458374,0.1670776754617691,0.1296493113040924,0.04184654355049133,0.0374283641576767
957,6292,0.1718711107969284,0.16859126091003418,0.10915816575288773,0.06271294504404068,0.059433095157146454
958,6301,0.18641506135463715,0.1842012256383896,0.14094191789627075,0.045473143458366394,0.043259307742118835
959,6309,0.17982909083366394,0.180712029337883,0.13464942574501038,0.045179665088653564,0.04606260359287262
960,6318,0.1709694117307663,0.16989809274673462,0.1171158030629158,0.053853608667850494,0.05278228968381882
961,6325,0.19073286652565002,0.18810789287090302,0.13225123286247253,0.05848163366317749,0.05585666000843048
962,6335,0.18482936918735504,0.18200160562992096,0.1400759518146515,0.04475341737270355,0.04192565381526947
963,6339,0.17324510216712952,0.1740170270204544,0.10974534600973129,0.06349975615739822,0.06427168101072311
964,6353,0.187367781996727,0.18475234508514404,0.13290107250213623,0.05446670949459076,0.05185127258300781
965,6362,0.21548941731452942,0.21430882811546326,0.15129584074020386,0.06419357657432556,0.0630129873752594
966,6364,0.142121821641922,0.13995413482189178,0.110209621489048,0.03191220015287399,0.02974451333284378
967,6366,0.17245660722255707,0.17085765302181244,0.1277039796113968,0.04475262761116028,0.04315367341041565
968,6368,0.1755961924791336,0.17450650036334991,0.12360221147537231,0.05199398100376129,0.0509042888879776
969,6386,0.18617336452007294,0.1838395595550537,0.13498130440711975,0.051192060112953186,0.04885825514793396
970,6402,0.14270102977752686,0.14209483563899994,0.11556705832481384,0.027133971452713013,0.026527777314186096
971,6403,0.1929561048746109,0.19013676047325134,0.12933918833732605,0.06361691653728485,0.06079757213592529
972,6410,0.2057780623435974,0.20373091101646423,0.14948424696922302,0.05629381537437439,0.05424666404724121
973,6416,0.22232772409915924,0.2218025028705597,0.15231214463710785,0.07001557946205139,0.06949035823345184
974,6421,0.1373019814491272,0.13519075512886047,0.10789944976568222,0.029402531683444977,0.027291305363178253
975,6422,0.22594164311885834,0.22387383878231049,0.1608200967311859,0.06512154638767242,0.06305374205112457
976,6423,0.20690476894378662,0.20512861013412476,0.1516815721988678,0.05522319674491882,0.05344703793525696
977,6427,0.1996718943119049,0.19765394926071167,0.14524061977863312,0.05443127453327179,0.05241332948207855
978,6428,0.16924834251403809,0.16633160412311554,0.12673506140708923,0.04251328110694885,0.039596542716026306
979,6432,0.22405171394348145,0.21970444917678833,0.1561487466096878,0.06790296733379364,0.06355570256710052
980,6446,0.2146035134792328,0.2162502110004425,0.17049755156040192,0.04410596191883087,0.04575265944004059
981,6457,0.15396150946617126,0.1516404002904892,0.10834328830242157,0.045618221163749695,0.04329711198806763
982,6471,0.17442865669727325,0.1720169335603714,0.12476786971092224,0.04966078698635101,0.04724906384944916
983,6484,0.17418815195560455,0.17151682078838348,0.12265881150960922,0.05152934044599533,0.04885800927877426
984,6496,0.21834062039852142,0.21555419266223907,0.1676761507987976,0.050664469599723816,0.04787804186344147
985,6498,0.20137718319892883,0.2001645565032959,0.14548738300800323,0.0558898001909256,0.054677173495292664
986,6503,0.1999662220478058,0.20211634039878845,0.13587984442710876,0.06408637762069702,0.06623649597167969
987,6509,0.18318767845630646,0.18107306957244873,0.12779277563095093,0.05539490282535553,0.0532802939414978
988,6513,0.19980716705322266,0.19842834770679474,0.16155856847763062,0.03824859857559204,0.036869779229164124
989,6522,0.16570614278316498,0.1631162166595459,0.12816844880580902,0.03753769397735596,0.03494776785373688
990,6539,0.1768127828836441,0.1748683899641037,0.12608514726161957,0.050727635622024536,0.04878324270248413
991,6545,0.18422932922840118,0.18347130715847015,0.14069825410842896,0.04353107511997223,0.0427730530500412
992,6547,0.17219507694244385,0.1698325127363205,0.11770102381706238,0.05449405312538147,0.05213148891925812
993,6552,0.2284199297428131,0.22579161822795868,0.16185826063156128,0.06656166911125183,0.0639333575963974
994,6559,0.25730234384536743,0.258116215467453,0.1910780370235443,0.06622430682182312,0.06703817844390869
995,6564,0.20043514668941498,0.1997576802968979,0.13879428803920746,0.06164085865020752,0.06096339225769043
996,6566,0.20559856295585632,0.2047644406557083,0.1512913852930069,0.054307177662849426,0.053473055362701416
997,6570,0.1538868546485901,0.15091224014759064,0.106794074177742,0.047092780470848083,0.04411816596984863
998,6584,0.22647637128829956,0.2268591821193695,0.1514374017715454,0.07503896951675415,0.0754217803478241
999,6588,0.17287324368953705,0.17032431066036224,0.12940965592861176,0.04346358776092529,0.04091465473175049
1000,6594,0.1567641794681549,0.15376371145248413,0.11782866716384888,0.03893551230430603,0.035935044288635254
1001,6612,0.15708529949188232,0.15572966635227203,0.10817141085863113,0.04891388863325119,0.0475582554936409
1002,6628,0.1498192846775055,0.14767397940158844,0.1099088042974472,0.03991048038005829,0.037765175104141235
1003,6637,0.19736729562282562,0.19619590044021606,0.15012404322624207,0.04724325239658356,0.046071857213974
1004,6642,0.17296436429023743,0.1726614087820053,0.129774808883667,0.043189555406570435,0.04288659989833832
1005,6647,0.1997249871492386,0.1979295313358307,0.13949337601661682,0.060231611132621765,0.05843615531921387
1006,6648,0.20124641060829163,0.19995376467704773,0.14790241420269012,0.0533439964056015,0.052051350474357605
1007,6649,0.18373294174671173,0.18194909393787384,0.13858860731124878,0.04514433443546295,0.04336048662662506
1008,6653,0.1789233386516571,0.17769159376621246,0.1289723962545395,0.049950942397117615,0.048719197511672974
1009,6656,0.19095192849636078,0.18704092502593994,0.14144878089427948,0.0495031476020813,0.04559214413166046
1010,6660,0.21811692416667938,0.21861286461353302,0.16629186272621155,0.051825061440467834,0.05232100188732147
1011,6672,0.18235419690608978,0.17963115870952606,0.13444188237190247,0.04791231453418732,0.045189276337623596
1012,6676,0.1869579702615738,0.18631072342395782,0.12871280312538147,0.05824516713619232,0.057597920298576355
1013,6682,0.1874825805425644,0.18371567130088806,0.1251048594713211,0.062377721071243286,0.058610811829566956
1014,6683,0.18132548034191132,0.1795101910829544,0.13776753842830658,0.043557941913604736,0.04174265265464783
1015,6691,0.23320409655570984,0.230471670627594,0.16451342403888702,0.06869067251682281,0.06595824658870697
1016,6695,0.2398046851158142,0.2382044643163681,0.19190996885299683,0.04789471626281738,0.04629449546337128
1017,6700,0.18567320704460144,0.1830081343650818,0.13830359280109406,0.047369614243507385,0.04470454156398773
1018,6705,0.20845870673656464,0.20677809417247772,0.1466662585735321,0.06179244816303253,0.06011183559894562
1019,6706,0.1916639506816864,0.19119708240032196,0.1288594901561737,0.0628044605255127,0.062337592244148254
1020,6711,0.15638399124145508,0.15496394038200378,0.1274404674768448,0.02894352376461029,0.027523472905158997
1021,6732,0.167727991938591,0.16480161249637604,0.11945327371358871,0.04827471822500229,0.04534833878278732
1022,6742,0.18396827578544617,0.1817369908094406,0.13771258294582367,0.0462556928396225,0.04402440786361694
1023,6744,0.27218037843704224,0.27894577383995056,0.19646061956882477,0.07571975886821747,0.0824851542711258
1024,6747,0.20138190686702728,0.19774983823299408,0.14676661789417267,0.054615288972854614,0.05098322033882141
1025,6757,0.1772855818271637,0.17478644847869873,0.1298564374446869,0.04742914438247681,0.04493001103401184
1026,6769,0.16704386472702026,0.16551990807056427,0.1287149041891098,0.03832896053791046,0.03680500388145447
1027,6786,0.1865416169166565,0.18480221927165985,0.13514865934848785,0.05139295756816864,0.049653559923172
1028,6787,0.180246502161026,0.17771516740322113,0.1345982551574707,0.0456482470035553,0.04311691224575043
1029,6800,0.1662745326757431,0.164036363363266,0.12277133017778397,0.04350320249795914,0.041265033185482025
1030,6808,0.18637017905712128,0.18331028521060944,0.1401446908712387,0.04622548818588257,0.04316559433937073
1031,6826,0.18624743819236755,0.1836194545030594,0.14047352969646454,0.045773908495903015,0.04314592480659485
1032,6831,0.1854691058397293,0.1856149137020111,0.1231577917933464,0.062311314046382904,0.0624571219086647
1033,6833,0.21963244676589966,0.21739935874938965,0.15118427574634552,0.06844817101955414,0.06621508300304413
1034,6835,0.16304360330104828,0.16061881184577942,0.12475378066301346,0.03828982263803482,0.03586503118276596
1035,6837,0.19917166233062744,0.20613642036914825,0.13604821264743805,0.06312344968318939,0.0700882077217102
1036,6845,0.20612376928329468,0.20452101528644562,0.16102451086044312,0.04509925842285156,0.0434965044260025
1037,6848,0.19988414645195007,0.19844165444374084,0.13793903589248657,0.0619451105594635,0.06050261855125427
1038,6855,0.21119190752506256,0.20780886709690094,0.14840826392173767,0.06278364360332489,0.05940060317516327
1039,6860,0.20686757564544678,0.20432783663272858,0.14656877517700195,0.060298800468444824,0.057759061455726624
1040,6865,0.17254988849163055,0.16908128559589386,0.12522375583648682,0.04732613265514374,0.04385752975940704
1041,6872,0.17747902870178223,0.17580436170101166,0.13079304993152618,0.04668597877025604,0.045011311769485474
1042,6880,0.21677619218826294,0.21717257797718048,0.16171152889728546,0.05506466329097748,0.05546104907989502
1043,6887,0.1910010576248169,0.18911853432655334,0.14051905274391174,0.05048200488090515,0.0485994815826416
1044,6889,0.19825813174247742,0.19568610191345215,0.14211323857307434,0.056144893169403076,0.05357286334037781
1045,6894,0.18094415962696075,0.17966285347938538,0.1275446116924286,0.053399547934532166,0.05211824178695679
1046,6904,0.16465432941913605,0.16337347030639648,0.12626811861991882,0.038386210799217224,0.03710535168647766
1047,6913,0.20754121243953705,0.2062339037656784,0.14333289861679077,0.06420831382274628,0.06290100514888763
1048,6928,0.136174276471138,0.13388146460056305,0.08921888470649719,0.04695539176464081,0.04466257989406586
1049,6936,0.20722541213035583,0.20712685585021973,0.1361255645751953,0.07109984755516052,0.07100129127502441
1050,6963,0.1973409801721573,0.1948896050453186,0.1441878378391266,0.0531531423330307,0.05070176720619202
1051,6971,0.31607791781425476,0.320404589176178,0.22394348680973053,0.09213443100452423,0.09646110236644745
1052,6992,0.19088830053806305,0.18980197608470917,0.1360434889793396,0.05484481155872345,0.05375848710536957
1053,7011,0.20604629814624786,0.20436131954193115,0.15568991005420685,0.050356388092041016,0.048671409487724304
1054,7013,0.2125447541475296,0.210723415017128,0.15071916580200195,0.06182558834552765,0.06000424921512604
1055,7018,0.19410765171051025,0.1918724775314331,0.14149871468544006,0.05260893702507019,0.05037376284599304
1056,7023,0.18123237788677216,0.18008476495742798,0.14026890695095062,0.04096347093582153,0.039815858006477356
1057,7035,0.20262202620506287,0.19959503412246704,0.15184283256530762,0.05077919363975525,0.047752201557159424
1058,7038,0.1705993264913559,0.1671096533536911,0.12936356663703918,0.04123575985431671,0.037746086716651917
1059,7041,0.2005375474691391,0.19879189133644104,0.14757570624351501,0.052961841225624084,0.051216185092926025
1060,7042,0.18047229945659637,0.1773054152727127,0.11917484551668167,0.0612974539399147,0.058130569756031036
1061,7047,0.14838197827339172,0.14527110755443573,0.10999061167240143,0.038391366600990295,0.0352804958820343
1062,7057,0.1757362186908722,0.174156054854393,0.13484442234039307,0.040891796350479126,0.03931163251399994
1063,7068,0.1377032995223999,0.1353832483291626,0.10920059680938721,0.028502702713012695,0.02618265151977539
1064,7088,0.16099470853805542,0.15907062590122223,0.1257176399230957,0.03527706861495972,0.033352985978126526
1065,7092,0.1674741953611374,0.1667008250951767,0.12538473308086395,0.04208946228027344,0.041316092014312744
1066,7100,0.1672242283821106,0.16724878549575806,0.12366137653589249,0.04356285184621811,0.04358740895986557
1067,7114,0.20784398913383484,0.20652033388614655,0.16329039633274078,0.044553592801094055,0.04322993755340576
1068,7119,0.16369090974330902,0.1607923060655594,0.12157243490219116,0.04211847484111786,0.039219871163368225
1069,7126,0.1863154023885727,0.18333116173744202,0.13581965863704681,0.05049574375152588,0.0475115031003952
1070,7131,0.2050098180770874,0.20268800854682922,0.14176568388938904,0.06324413418769836,0.060922324657440186
1071,7140,0.19919297099113464,0.19760432839393616,0.14393509924411774,0.05525787174701691,0.05366922914981842
1072,7142,0.2206999510526657,0.22056561708450317,0.15196311473846436,0.06873683631420135,0.06860250234603882
1073,7143,0.17810942232608795,0.17837244272232056,0.1347464621067047,0.04336296021938324,0.043625980615615845
1074,7153,0.20006534457206726,0.19902896881103516,0.15209034085273743,0.047975003719329834,0.04693862795829773
1075,7154,0.212607279419899,0.20896455645561218,0.163823202252388,0.048784077167510986,0.04514135420322418
1076,7169,0.2261333018541336,0.22476767003536224,0.1478033810853958,0.07832992076873779,0.07696428894996643
1077,7171,0.16277144849300385,0.1621895134449005,0.11598997563123703,0.046781472861766815,0.04619953781366348
1078,7172,0.18378670513629913,0.18106475472450256,0.1306050419807434,0.053181663155555725,0.050459712743759155
1079,7178,0.15884430706501007,0.15877939760684967,0.12237510085105896,0.03646920621395111,0.03640429675579071
1080,7184,0.19375915825366974,0.19100850820541382,0.1442498117685318,0.04950934648513794,0.04675869643688202
1081,7202,0.1935623586177826,0.1903914362192154,0.14619798958301544,0.04736436903476715,0.04419344663619995
1082,7206,0.22136268019676208,0.21945224702358246,0.163728728890419,0.05763395130634308,0.05572351813316345
1083,7220,0.21596336364746094,0.21568863093852997,0.1505192667245865,0.06544409692287445,0.06516936421394348
1084,7226,0.19660216569900513,0.1940513700246811,0.1425916999578476,0.05401046574115753,0.051459670066833496
1085,7229,0.2174839973449707,0.21628065407276154,0.14654844999313354,0.07093554735183716,0.06973220407962799
1086,7231,0.17324307560920715,0.17167648673057556,0.12340176105499268,0.04984131455421448,0.048274725675582886
1087,7237,0.20166172087192535,0.200464129447937,0.14693470299243927,0.054727017879486084,0.05352942645549774
1088,7244,0.18346485495567322,0.18303872644901276,0.13292813301086426,0.05053672194480896,0.0501105934381485
1089,7256,0.1856737732887268,0.18428190052509308,0.13764676451683044,0.04802700877189636,0.046635136008262634
1090,7259,0.17610664665699005,0.17386353015899658,0.13461153209209442,0.04149511456489563,0.03925199806690216
1091,7269,0.1949331909418106,0.19374589622020721,0.12599791586399078,0.06893527507781982,0.06774798035621643
1092,7272,0.20921458303928375,0.20713065564632416,0.13913363218307495,0.0700809508562088,0.0679970234632492
1093,7274,0.20335426926612854,0.20115680992603302,0.13971351087093353,0.06364075839519501,0.06144329905509949
1094,7276,0.15702834725379944,0.15592889487743378,0.09724828600883484,0.0597800612449646,0.05868060886859894
1095,7287,0.22239558398723602,0.21991385519504547,0.15243372321128845,0.06996186077594757,0.06748013198375702
1096,7288,0.1998770534992218,0.1984676867723465,0.14893701672554016,0.05094003677368164,0.049530670046806335
1097,7290,0.19739174842834473,0.19517117738723755,0.14316774904727936,0.05422399938106537,0.05200342833995819
1098,7293,0.20301443338394165,0.2032768428325653,0.15548735857009888,0.04752707481384277,0.04778948426246643
1099,7295,0.16037166118621826,0.15950992703437805,0.12125785648822784,0.03911380469799042,0.03825207054615021
1100,7299,0.21069002151489258,0.2120329886674881,0.14666351675987244,0.06402650475502014,0.06536947190761566
1101,7301,0.17805956304073334,0.1783660650253296,0.1375589370727539,0.04050062596797943,0.040807127952575684
1102,7313,0.2181621491909027,0.2185290902853012,0.1496531069278717,0.068509042263031,0.0688759833574295
1103,7321,0.19908936321735382,0.19708527624607086,0.14526508748531342,0.053824275732040405,0.051820188760757446
1104,7327,0.17077922821044922,0.1682409942150116,0.13527265191078186,0.03550657629966736,0.032968342304229736
1105,7328,0.2151835560798645,0.21335534751415253,0.15847843885421753,0.05670511722564697,0.054876908659935
1106,7331,0.13801449537277222,0.13726173341274261,0.10747186839580536,0.030542626976966858,0.029789865016937256
1107,7340,0.1906459629535675,0.19011643528938293,0.14258860051631927,0.04805736243724823,0.04752783477306366
1108,7346,0.1880674958229065,0.1866268366575241,0.1302969753742218,0.05777052044868469,0.05632986128330231
1109,7350,0.1943044662475586,0.19134318828582764,0.1337009072303772,0.060603559017181396,0.05764228105545044
1110,7373,0.16577716171741486,0.16315561532974243,0.1234164759516716,0.042360685765743256,0.03973913937807083
1111,7376,0.17209559679031372,0.17122364044189453,0.12574516236782074,0.04635043442249298,0.04547847807407379
1112,7383,0.1745975762605667,0.17313788831233978,0.12963327765464783,0.044964298605918884,0.043504610657691956
1113,7404,0.20358902215957642,0.20279228687286377,0.14662297070026398,0.05696605145931244,0.05616931617259979
1114,7412,0.22175079584121704,0.22146983444690704,0.14982253313064575,0.07192826271057129,0.07164730131626129
1115,7413,0.18838021159172058,0.1853438764810562,0.137811541557312,0.05056867003440857,0.0475323349237442
1116,7421,0.20430748164653778,0.20419131219387054,0.1363375186920166,0.06796996295452118,0.06785379350185394
1117,7422,0.21484997868537903,0.2122989445924759,0.15197540819644928,0.06287457048892975,0.06032353639602661
1118,7426,0.226257786154747,0.22641094028949738,0.17282231152057648,0.05343547463417053,0.0535886287689209
1119,7427,0.16745533049106598,0.1684807538986206,0.11485569924116135,0.05259963124990463,0.05362505465745926
1120,7429,0.19540607929229736,0.19605159759521484,0.1367809772491455,0.058625102043151855,0.059270620346069336
1121,7432,0.1336752325296402,0.13237731158733368,0.10093643516302109,0.03273879736661911,0.03144087642431259
1122,7454,0.19862231612205505,0.1961652785539627,0.14615890383720398,0.052463412284851074,0.05000637471675873
1123,7459,0.2421686053276062,0.24390652775764465,0.1535777449607849,0.08859086036682129,0.09032878279685974
1124,7463,0.19949260354042053,0.1964854598045349,0.13931675255298615,0.06017585098743439,0.05716870725154877
1125,7464,0.17697755992412567,0.1740000694990158,0.13046078383922577,0.0465167760848999,0.04353928565979004
1126,7476,0.14044956862926483,0.13622455298900604,0.10796862840652466,0.03248094022274017,0.028255924582481384
1127,7477,0.20702427625656128,0.2074493169784546,0.16240054368972778,0.044623732566833496,0.04504877328872681
1128,7498,0.19022110104560852,0.1867007464170456,0.13582168519496918,0.05439941585063934,0.050879061222076416
1129,7509,0.18704532086849213,0.18639543652534485,0.13009428977966309,0.05695103108882904,0.05630114674568176
1130,7511,0.19073544442653656,0.18927718698978424,0.13266326487064362,0.058072179555892944,0.056613922119140625
1131,7517,0.1336623579263687,0.1318577378988266,0.08619606494903564,0.04746629297733307,0.045661672949790955
1132,7526,0.14681079983711243,0.14381718635559082,0.10043074935674667,0.04638005048036575,0.04338643699884415
1133,7528,0.17214931547641754,0.16944439709186554,0.12716898322105408,0.044980332255363464,0.04227541387081146
1134,7529,0.17610859870910645,0.1751997023820877,0.1238960549235344,0.05221254378557205,0.051303647458553314
1135,7545,0.1708170473575592,0.16915780305862427,0.12710949778556824,0.04370754957199097,0.04204830527305603
1136,7546,0.19405649602413177,0.19198818504810333,0.14361810684204102,0.05043838918209076,0.04837007820606232
1137,7548,0.18852895498275757,0.1878998875617981,0.14233596622943878,0.04619298875331879,0.045563921332359314
1138,7555,0.1884939819574356,0.18675346672534943,0.13521899282932281,0.05327498912811279,0.05153447389602661
1139,7563,0.16499227285385132,0.16328346729278564,0.12135850638151169,0.04363376647233963,0.041924960911273956
1140,7570,0.21868516504764557,0.21754440665245056,0.1571107804775238,0.061574384570121765,0.06043362617492676
1141,7572,0.19947350025177002,0.19754637777805328,0.13738523423671722,0.062088266015052795,0.06016114354133606
1142,7576,0.19723421335220337,0.19399027526378632,0.135720893740654,0.06151331961154938,0.058269381523132324
1143,7577,0.21571014821529388,0.21469026803970337,0.15404292941093445,0.061667218804359436,0.06064733862876892
1144,7595,0.20255719125270844,0.19999049603939056,0.14041700959205627,0.06214018166065216,0.05957348644733429
1145,7606,0.13714003562927246,0.13700833916664124,0.09782776236534119,0.039312273263931274,0.03918057680130005
1146,7608,0.1510581076145172,0.1506415605545044,0.11765585839748383,0.033402249217033386,0.03298570215702057
1147,7619,0.17883551120758057,0.17666226625442505,0.12556400895118713,0.05327150225639343,0.051098257303237915
1148,7620,0.16643014550209045,0.16370543837547302,0.12459926307201385,0.0418308824300766,0.03910617530345917
1149,7624,0.17707552015781403,0.17400076985359192,0.12524181604385376,0.051833704113960266,0.04875895380973816
1150,7627,0.1936149299144745,0.18951250612735748,0.13745282590389252,0.05616210401058197,0.052059680223464966
1151,7629,0.2364744395017624,0.23679476976394653,0.1729513704776764,0.063523069024086,0.06384339928627014
1152,7630,0.1881047934293747,0.18649886548519135,0.14408451318740845,0.04402028024196625,0.0424143522977829
1153,7632,0.19633041322231293,0.19435854256153107,0.14163944125175476,0.054690971970558167,0.052719101309776306
1154,7645,0.18918101489543915,0.1871185302734375,0.13929897546768188,0.04988203942775726,0.047819554805755615
1155,7656,0.17338712513446808,0.1722487509250641,0.13663892447948456,0.03674820065498352,0.03560982644557953
1156,7671,0.17545956373214722,0.17301660776138306,0.11758045107126236,0.05787911266088486,0.0554361566901207
1157,7676,0.17316728830337524,0.17287792265415192,0.12180127203464508,0.051366016268730164,0.051076650619506836
1158,7688,0.19164876639842987,0.19000017642974854,0.1367538422346115,0.05489492416381836,0.053246334195137024
1159,7691,0.18597666919231415,0.1825086772441864,0.1374025195837021,0.04857414960861206,0.045106157660484314
1160,7692,0.14590531587600708,0.14417223632335663,0.11086784303188324,0.03503747284412384,0.03330439329147339
1161,7709,0.16737863421440125,0.1671828031539917,0.1309507191181183,0.03642791509628296,0.03623208403587341
1162,7710,0.21231737732887268,0.21075913310050964,0.13353002071380615,0.07878735661506653,0.07722911238670349
1163,7719,0.17945873737335205,0.1786106526851654,0.12214964628219604,0.057309091091156006,0.05646100640296936
1164,7738,0.18299657106399536,0.18170325458049774,0.12650379538536072,0.056492775678634644,0.055199459195137024
1165,7740,0.18502159416675568,0.1831439882516861,0.13218097388744354,0.052840620279312134,0.050963014364242554
1166,7741,0.17932559549808502,0.17674794793128967,0.1417655348777771,0.03756006062030792,0.03498241305351257
1167,7742,0.15545792877674103,0.15312322974205017,0.11724469810724258,0.038213230669498444,0.03587853163480759
1168,7759,0.14643824100494385,0.14348770678043365,0.11627994477748871,0.03015829622745514,0.027207762002944946
1169,7764,0.181995689868927,0.1777772158384323,0.12838424742221832,0.05361144244670868,0.04939296841621399
1170,7768,0.18198901414871216,0.18035002052783966,0.12957395613193512,0.05241505801677704,0.05077606439590454
1171,7772,0.15658971667289734,0.15678805112838745,0.12073685973882675,0.03585285693407059,0.0360511913895607
1172,7774,0.21756747364997864,0.21508830785751343,0.15343300998210907,0.06413446366786957,0.06165529787540436
1173,7775,0.2067030966281891,0.20587846636772156,0.1426013857126236,0.06410171091556549,0.06327708065509796
1174,7776,0.17794881761074066,0.17776648700237274,0.12387232482433319,0.05407649278640747,0.05389416217803955
1175,7779,0.21195577085018158,0.211626335978508,0.16890522837638855,0.04305054247379303,0.042721107602119446
1176,7791,0.14901037514209747,0.14571359753608704,0.10622763633728027,0.0427827388048172,0.03948596119880676
1177,7808,0.1770106852054596,0.1752604991197586,0.12992963194847107,0.047081053256988525,0.04533086717128754
1178,7813,0.17286470532417297,0.17159360647201538,0.11349345743656158,0.05937124788761139,0.058100149035453796
1179,7822,0.16608065366744995,0.1650296300649643,0.13421852886676788,0.03186212480068207,0.03081110119819641
1180,7825,0.19555355608463287,0.19214268028736115,0.14677585661411285,0.04877769947052002,0.04536682367324829
1181,7829,0.1845131367444992,0.18218718469142914,0.12544482946395874,0.059068307280540466,0.0567423552274704
1182,7835,0.1864040344953537,0.18705739080905914,0.1333702653646469,0.05303376913070679,0.05368712544441223
1183,7845,0.19542939960956573,0.1927245557308197,0.14558418095111847,0.049845218658447266,0.04714037477970123
1184,7861,0.16752731800079346,0.16553308069705963,0.1284533143043518,0.03907400369644165,0.037079766392707825
1185,7863,0.17942772805690765,0.1777554452419281,0.13139164447784424,0.048036083579063416,0.04636380076408386
1186,7869,0.2019859254360199,0.2003781944513321,0.14996187388896942,0.052024051547050476,0.05041632056236267
1187,7874,0.1360338181257248,0.13455049693584442,0.09158315509557724,0.04445066303014755,0.04296734184026718
1188,7891,0.21677975356578827,0.2173352837562561,0.16797727346420288,0.04880248010158539,0.04935801029205322
1189,7902,0.1978834867477417,0.19503358006477356,0.14190742373466492,0.05597606301307678,0.05312615633010864
1190,7916,0.20637880265712738,0.2038159966468811,0.1463269293308258,0.060051873326301575,0.0574890673160553
1191,7934,0.15450717508792877,0.15406157076358795,0.11336547136306763,0.041141703724861145,0.040696099400520325
1192,7940,0.1592334359884262,0.15977686643600464,0.11016376316547394,0.04906967282295227,0.0496131032705307
1193,7944,0.19782167673110962,0.19478218257427216,0.14403966069221497,0.05378201603889465,0.05074252188205719
1194,7960,0.1712910234928131,0.16993531584739685,0.1190539300441742,0.052237093448638916,0.050881385803222656
1195,7966,0.2088879495859146,0.20815926790237427,0.15780039131641388,0.05108755826950073,0.05035887658596039
1196,7967,0.20352822542190552,0.20599451661109924,0.15590181946754456,0.04762640595436096,0.05009269714355469
1197,7970,0.14834795892238617,0.14698900282382965,0.10828449577093124,0.040063463151454926,0.03870450705289841
1198,7971,0.17676863074302673,0.17506082355976105,0.13084936141967773,0.045919269323349,0.04421146214008331
1199,7972,0.2062077820301056,0.20458009839057922,0.16142697632312775,0.044780805706977844,0.04315312206745148
1200,7977,0.19361631572246552,0.19144779443740845,0.14654718339443207,0.04706913232803345,0.04490061104297638
1201,7992,0.16761858761310577,0.16591927409172058,0.12493427842855453,0.04268430918455124,0.040984995663166046
1202,8002,0.15113840997219086,0.14975418150424957,0.10321006178855896,0.0479283481836319,0.04654411971569061
1203,8003,0.1780497282743454,0.1765468716621399,0.13307790458202362,0.04497182369232178,0.04346896708011627
1204,8004,0.1757122278213501,0.17477171123027802,0.12131939083337784,0.05439283698797226,0.05345232039690018
1205,8010,0.21783432364463806,0.21907439827919006,0.14930908381938934,0.06852523982524872,0.06976531445980072
1206,8015,0.17107655107975006,0.17198379337787628,0.12348911911249161,0.04758743196725845,0.048494674265384674
1207,8016,0.22226080298423767,0.22079645097255707,0.16676567494869232,0.05549512803554535,0.054030776023864746
1208,8024,0.21403738856315613,0.21284714341163635,0.15707144141197205,0.05696594715118408,0.05577570199966431
1209,8047,0.189703568816185,0.1874329000711441,0.13552457094192505,0.05417899787425995,0.051908329129219055
1210,8058,0.26800546050071716,0.2721289098262787,0.1789306104183197,0.08907485008239746,0.09319829940795898
1211,8067,0.21835748851299286,0.21710845828056335,0.15610608458518982,0.06225140392780304,0.061002373695373535
1212,8073,0.18178346753120422,0.1790318638086319,0.13662829995155334,0.04515516757965088,0.04240356385707855
1213,8076,0.2090384066104889,0.2081288993358612,0.15111520886421204,0.057923197746276855,0.05701369047164917
1214,8081,0.26905557513237,0.2671102285385132,0.18738409876823425,0.08167147636413574,0.07972612977027893
1215,8114,0.1904846429824829,0.1871269941329956,0.14300279319286346,0.047481849789619446,0.04412420094013214
1216,8115,0.18038739264011383,0.17926058173179626,0.1410723775625229,0.03931501507759094,0.038188204169273376
1217,8120,0.2031603455543518,0.20224305987358093,0.1426296830177307,0.060530662536621094,0.05961337685585022
1218,8122,0.18920087814331055,0.18858227133750916,0.13307301700115204,0.05612786114215851,0.05550925433635712
1219,8125,0.16171008348464966,0.15944461524486542,0.12207790464162827,0.03963217884302139,0.03736671060323715
1220,8136,0.182920902967453,0.18089884519577026,0.1313920021057129,0.05152890086174011,0.04950684309005737
1221,8138,0.1994614154100418,0.19830451905727386,0.13527420163154602,0.06418721377849579,0.06303031742572784
1222,8149,0.2685312032699585,0.2672029137611389,0.19439440965652466,0.07413679361343384,0.07280850410461426
1223,8156,0.18868407607078552,0.18722113966941833,0.13448375463485718,0.054200321435928345,0.05273738503456116
1224,8157,0.1425842046737671,0.13974879682064056,0.10252494364976883,0.04005926102399826,0.037223853170871735
1225,8162,0.1966138631105423,0.19539877772331238,0.13858884572982788,0.058025017380714417,0.0568099319934845
1226,8167,0.1870182901620865,0.18805153667926788,0.1260625272989273,0.06095576286315918,0.061989009380340576
1227,8169,0.20106232166290283,0.1980544626712799,0.14578130841255188,0.05528101325035095,0.05227315425872803
1228,8170,0.18985217809677124,0.1880384385585785,0.13976946473121643,0.05008271336555481,0.04826897382736206
1229,8172,0.20841965079307556,0.209620401263237,0.16225279867649078,0.04616685211658478,0.047367602586746216
1230,8202,0.1613437682390213,0.15950258076190948,0.11374609917402267,0.04759766906499863,0.04575648158788681
1231,8206,0.20050247013568878,0.19826431572437286,0.14830398559570312,0.05219848453998566,0.04996033012866974
1232,8217,0.20076438784599304,0.19772233068943024,0.15040138363838196,0.050363004207611084,0.04732094705104828
1233,8218,0.17957213521003723,0.178336039185524,0.1243058443069458,0.05526629090309143,0.054030194878578186
1234,8222,0.18706287443637848,0.1896842122077942,0.1349674016237259,0.05209547281265259,0.0547168105840683
1235,8227,0.1950802057981491,0.19386009871959686,0.13974754512310028,0.05533266067504883,0.05411255359649658
1236,8249,0.22224271297454834,0.2219734489917755,0.16734561324119568,0.05489709973335266,0.054627835750579834
1237,8251,0.1998535394668579,0.1976182460784912,0.14621619880199432,0.053637340664863586,0.05140204727649689
1238,8252,0.22986020147800446,0.22816945612430573,0.16655094921588898,0.06330925226211548,0.06161850690841675
1239,8256,0.22042597830295563,0.22136683762073517,0.15586163103580475,0.06456434726715088,0.06550520658493042
1240,8263,0.22786951065063477,0.22715629637241364,0.15573790669441223,0.07213160395622253,0.0714183896780014
