real_idx,cell_id,method_key,method,pearson_overall,min_per_dye_pearson,max_per_dye_nrmse,true_rms_SYTO16_like,true_rms_DIA_like,true_rms_DeepRed_like
5,bbbc021_cell_00005,ru_nnls,RU-NNLS,0.9723657965660095,0.9621642827987671,0.23945334553718567,0.13298456370830536,0.15687695145606995,0.18330171704292297
12,bbbc021_cell_00012,ru_nnls,RU-NNLS,0.9789102673530579,0.9723731279373169,0.20498380064964294,0.16975167393684387,0.21645474433898926,0.21473921835422516
24,bbbc021_cell_00024,ru_nnls,RU-NNLS,0.9824411869049072,0.9781773090362549,0.1962442398071289,0.1192726343870163,0.2332940250635147,0.2022334635257721
26,bbbc021_cell_00026,ru_nnls,RU-NNLS,0.9788894057273865,0.9726386666297913,0.21967095136642456,0.12084260582923889,0.23733651638031006,0.20007182657718658
30,bbbc021_cell_00030,ru_nnls,RU-NNLS,0.9731152653694153,0.9589568376541138,0.21093083918094635,0.20533262193202972,0.28455474972724915,0.21288442611694336
35,bbbc021_cell_00035,ru_nnls,RU-NNLS,0.9458184838294983,0.9153441190719604,0.34126970171928406,0.1741790622472763,0.11497196555137634,0.14545540511608124
39,bbbc021_cell_00039,ru_nnls,RU-NNLS,0.9801866412162781,0.9751825332641602,0.18188370764255524,0.17604345083236694,0.29933780431747437,0.27054882049560547
41,bbbc021_cell_00041,ru_nnls,RU-NNLS,0.9445738792419434,0.9217814803123474,0.3382289707660675,0.08841490745544434,0.1377459615468979,0.10905101895332336
42,bbbc021_cell_00042,ru_nnls,RU-NNLS,0.9915757179260254,0.9865984916687012,0.1454164981842041,0.2638483941555023,0.34080836176872253,0.391217440366745
44,bbbc021_cell_00044,ru_nnls,RU-NNLS,0.981009304523468,0.9717831611633301,0.2233395278453827,0.19637124240398407,0.20606228709220886,0.19658052921295166
48,bbbc021_cell_00048,ru_nnls,RU-NNLS,0.9719114303588867,0.9527947902679443,0.29148173332214355,0.17935718595981598,0.11292437463998795,0.13895370066165924
65,bbbc021_cell_00065,ru_nnls,RU-NNLS,0.9628718495368958,0.9391792416572571,0.3013867437839508,0.1779320389032364,0.10684025287628174,0.12096606940031052
69,bbbc021_cell_00069,ru_nnls,RU-NNLS,0.9668816924095154,0.9479246139526367,0.2149573117494583,0.18132449686527252,0.340130478143692,0.23870880901813507
71,bbbc021_cell_00071,ru_nnls,RU-NNLS,0.9830448627471924,0.9737602472305298,0.21178358793258667,0.25652605295181274,0.22049656510353088,0.21341873705387115
73,bbbc021_cell_00073,ru_nnls,RU-NNLS,0.9676433205604553,0.9559616446495056,0.26259520649909973,0.1314273625612259,0.2009984403848648,0.14298801124095917
80,bbbc021_cell_00080,ru_nnls,RU-NNLS,0.9754030108451843,0.9702079892158508,0.22877395153045654,0.10443702340126038,0.276011198759079,0.27233144640922546
83,bbbc021_cell_00083,ru_nnls,RU-NNLS,0.9722185134887695,0.9625549912452698,0.23615828156471252,0.18070591986179352,0.16964782774448395,0.15860816836357117
99,bbbc021_cell_00099,ru_nnls,RU-NNLS,0.9701738357543945,0.9612695574760437,0.20472973585128784,0.1835900843143463,0.2957170605659485,0.2538391053676605
100,bbbc021_cell_00100,ru_nnls,RU-NNLS,0.9662976264953613,0.949105978012085,0.22074846923351288,0.16500575840473175,0.33518001437187195,0.23182666301727295
110,bbbc021_cell_00110,ru_nnls,RU-NNLS,0.9811339974403381,0.9781293869018555,0.19504813849925995,0.1528923362493515,0.3030317723751068,0.3507651090621948
116,bbbc021_cell_00116,ru_nnls,RU-NNLS,0.9773419499397278,0.9661773443222046,0.209145650267601,0.2090470790863037,0.3033228814601898,0.17426282167434692
122,bbbc021_cell_00122,ru_nnls,RU-NNLS,0.9837014079093933,0.9767656326293945,0.20064322650432587,0.09898174554109573,0.1417495310306549,0.17439277470111847
132,bbbc021_cell_00132,ru_nnls,RU-NNLS,0.982133150100708,0.9794629812240601,0.19434691965579987,0.1092662364244461,0.21619725227355957,0.23317527770996094
141,bbbc021_cell_00141,ru_nnls,RU-NNLS,0.9836885333061218,0.9776353240013123,0.19156526029109955,0.16192735731601715,0.31681251525878906,0.18280565738677979
151,bbbc021_cell_00151,ru_nnls,RU-NNLS,0.9740440249443054,0.960206151008606,0.216661274433136,0.19643475115299225,0.2625284492969513,0.18877263367176056
154,bbbc021_cell_00154,ru_nnls,RU-NNLS,0.9764306545257568,0.9619419574737549,0.23502250015735626,0.2071814388036728,0.19726018607616425,0.22081825137138367
156,bbbc021_cell_00156,ru_nnls,RU-NNLS,0.9631752967834473,0.9465019106864929,0.2589539885520935,0.18743428587913513,0.2282409965991974,0.26781153678894043
157,bbbc021_cell_00157,ru_nnls,RU-NNLS,0.9682895541191101,0.9526458382606506,0.27486616373062134,0.1638888269662857,0.15590809285640717,0.1607452929019928
159,bbbc021_cell_00159,ru_nnls,RU-NNLS,0.9669754505157471,0.9564108848571777,0.22684398293495178,0.13349725306034088,0.21229422092437744,0.1458156704902649
178,bbbc021_cell_00178,ru_nnls,RU-NNLS,0.9691286683082581,0.9621161818504333,0.23459765315055847,0.11944644898176193,0.15880542993545532,0.14722174406051636
197,bbbc021_cell_00197,ru_nnls,RU-NNLS,0.9912862181663513,0.9906964302062988,0.13528980314731598,0.17663034796714783,0.2434099316596985,0.15646758675575256
199,bbbc021_cell_00199,ru_nnls,RU-NNLS,0.9836969375610352,0.9772444367408752,0.2082703560590744,0.11955586075782776,0.1611367017030716,0.25496575236320496
211,bbbc021_cell_00211,ru_nnls,RU-NNLS,0.9862375259399414,0.9798873066902161,0.16756953299045563,0.21619628369808197,0.2684502899646759,0.2419675588607788
212,bbbc021_cell_00212,ru_nnls,RU-NNLS,0.9783123135566711,0.9599844217300415,0.21452894806861877,0.20396824181079865,0.3721790611743927,0.1639024168252945
214,bbbc021_cell_00214,ru_nnls,RU-NNLS,0.9723069667816162,0.9661895036697388,0.22665876150131226,0.11487297713756561,0.18922756612300873,0.17356263101100922
221,bbbc021_cell_00221,ru_nnls,RU-NNLS,0.9754160046577454,0.9673022627830505,0.24437543749809265,0.08909525722265244,0.23462647199630737,0.2441035807132721
232,bbbc021_cell_00232,ru_nnls,RU-NNLS,0.9793424010276794,0.9710394144058228,0.22171175479888916,0.17502810060977936,0.18940897285938263,0.17883773148059845
233,bbbc021_cell_00233,ru_nnls,RU-NNLS,0.9814942479133606,0.9762094616889954,0.20130036771297455,0.15520642697811127,0.17872430384159088,0.18046414852142334
240,bbbc021_cell_00240,ru_nnls,RU-NNLS,0.9809665679931641,0.973463773727417,0.20339910686016083,0.1851245015859604,0.35246336460113525,0.22899383306503296
242,bbbc021_cell_00242,ru_nnls,RU-NNLS,0.9790539145469666,0.9699226021766663,0.19903208315372467,0.24475662410259247,0.44435596466064453,0.29713109135627747
243,bbbc021_cell_00243,ru_nnls,RU-NNLS,0.9865558743476868,0.9817744493484497,0.18209677934646606,0.1930345743894577,0.26950106024742126,0.2928040623664856
244,bbbc021_cell_00244,ru_nnls,RU-NNLS,0.9830840229988098,0.9785820245742798,0.19338881969451904,0.19800566136837006,0.24431627988815308,0.17815843224525452
260,bbbc021_cell_00260,ru_nnls,RU-NNLS,0.9386358857154846,0.8602996468544006,0.5953606367111206,0.09551180154085159,0.08554605394601822,0.01832614839076996
273,bbbc021_cell_00273,ru_nnls,RU-NNLS,0.9828073382377625,0.9804166555404663,0.16772431135177612,0.21378730237483978,0.31618762016296387,0.30055227875709534
275,bbbc021_cell_00275,ru_nnls,RU-NNLS,0.9596419334411621,0.948167622089386,0.2646615505218506,0.2246239185333252,0.18252097070217133,0.15039563179016113
276,bbbc021_cell_00276,ru_nnls,RU-NNLS,0.9795799255371094,0.9716786742210388,0.20539943873882294,0.18463170528411865,0.29754671454429626,0.19221602380275726
283,bbbc021_cell_00283,ru_nnls,RU-NNLS,0.9735794067382812,0.9564953446388245,0.20856986939907074,0.2162114530801773,0.30664220452308655,0.22075553238391876
297,bbbc021_cell_00297,ru_nnls,RU-NNLS,0.958681583404541,0.9441461563110352,0.3045683801174164,0.09835529327392578,0.181658074259758,0.22157497704029083
303,bbbc021_cell_00303,ru_nnls,RU-NNLS,0.9875413775444031,0.9838129281997681,0.16681741178035736,0.2326298952102661,0.2833048105239868,0.24874283373355865
310,bbbc021_cell_00310,ru_nnls,RU-NNLS,0.9799821376800537,0.9766572117805481,0.19634100794792175,0.1264600157737732,0.16153337061405182,0.1313416063785553
318,bbbc021_cell_00318,ru_nnls,RU-NNLS,0.9707157015800476,0.9616140723228455,0.21618004143238068,0.17991958558559418,0.1949193924665451,0.20092740654945374
319,bbbc021_cell_00319,ru_nnls,RU-NNLS,0.989624559879303,0.9858468174934387,0.1538490355014801,0.2579117715358734,0.33366021513938904,0.3324442207813263
324,bbbc021_cell_00324,ru_nnls,RU-NNLS,0.9829099774360657,0.9752688407897949,0.21146030724048615,0.1389881819486618,0.254458487033844,0.15958555042743683
326,bbbc021_cell_00326,ru_nnls,RU-NNLS,0.9899751543998718,0.9868435859680176,0.157504603266716,0.18511010706424713,0.20545844733715057,0.23635467886924744
328,bbbc021_cell_00328,ru_nnls,RU-NNLS,0.9829538464546204,0.9796658158302307,0.20674924552440643,0.08789769560098648,0.21928901970386505,0.0806354433298111
330,bbbc021_cell_00330,ru_nnls,RU-NNLS,0.9838345050811768,0.9807451963424683,0.1723247617483139,0.1314883530139923,0.2300204634666443,0.2533019185066223
333,bbbc021_cell_00333,ru_nnls,RU-NNLS,0.9842917323112488,0.9828274250030518,0.17718255519866943,0.12666262686252594,0.2220536172389984,0.21555954217910767
340,bbbc021_cell_00340,ru_nnls,RU-NNLS,0.9694598317146301,0.9517883062362671,0.21657633781433105,0.17883527278900146,0.2652973234653473,0.19926728308200836
347,bbbc021_cell_00347,ru_nnls,RU-NNLS,0.9833226203918457,0.9704665541648865,0.21104711294174194,0.23223301768302917,0.22204045951366425,0.35433080792427063
348,bbbc021_cell_00348,ru_nnls,RU-NNLS,0.9812256693840027,0.9756581783294678,0.1885887086391449,0.21402738988399506,0.23480087518692017,0.19823749363422394
360,bbbc021_cell_00360,ru_nnls,RU-NNLS,0.9827912449836731,0.9756000638008118,0.2181120365858078,0.1169307753443718,0.16907146573066711,0.1653587967157364
361,bbbc021_cell_00361,ru_nnls,RU-NNLS,0.9776837229728699,0.9651933312416077,0.19982975721359253,0.21299520134925842,0.35213127732276917,0.2010485678911209
364,bbbc021_cell_00364,ru_nnls,RU-NNLS,0.9722562432289124,0.9633954763412476,0.2076290100812912,0.1931549608707428,0.24158631265163422,0.19737720489501953
366,bbbc021_cell_00366,ru_nnls,RU-NNLS,0.9709069728851318,0.9343749284744263,0.34615883231163025,0.18306422233581543,0.08172385394573212,0.18305739760398865
378,bbbc021_cell_00378,ru_nnls,RU-NNLS,0.9764254689216614,0.9735930562019348,0.19698525965213776,0.13707591593265533,0.21984772384166718,0.1705242097377777
391,bbbc021_cell_00391,ru_nnls,RU-NNLS,0.9858382344245911,0.9826295971870422,0.16624750196933746,0.205950066447258,0.2913745045661926,0.25095564126968384
394,bbbc021_cell_00394,ru_nnls,RU-NNLS,0.9741354584693909,0.9653213024139404,0.23379991948604584,0.1223333328962326,0.18003681302070618,0.18923281133174896
398,bbbc021_cell_00398,ru_nnls,RU-NNLS,0.977410078048706,0.9704253673553467,0.19130001962184906,0.2124694138765335,0.2507238984107971,0.21740418672561646
408,bbbc021_cell_00408,ru_nnls,RU-NNLS,0.9807044863700867,0.9742984175682068,0.21106579899787903,0.14213581383228302,0.21599215269088745,0.21200691163539886
409,bbbc021_cell_00409,ru_nnls,RU-NNLS,0.9807392954826355,0.9706031680107117,0.18905529379844666,0.19554828107357025,0.36889412999153137,0.202243372797966
410,bbbc021_cell_00410,ru_nnls,RU-NNLS,0.9687187075614929,0.9573278427124023,0.19758819043636322,0.19523483514785767,0.3513798117637634,0.2793140411376953
412,bbbc021_cell_00412,ru_nnls,RU-NNLS,0.9710395336151123,0.9585884213447571,0.2619498670101166,0.13265734910964966,0.14171142876148224,0.10578151047229767
425,bbbc021_cell_00425,ru_nnls,RU-NNLS,0.9678616523742676,0.9564554691314697,0.22891458868980408,0.1876181811094284,0.2240825742483139,0.25076016783714294
429,bbbc021_cell_00429,ru_nnls,RU-NNLS,0.9825136065483093,0.976205050945282,0.20596742630004883,0.1761167347431183,0.22284497320652008,0.2509389817714691
438,bbbc021_cell_00438,ru_nnls,RU-NNLS,0.9758846163749695,0.9696908593177795,0.21624869108200073,0.1432199329137802,0.18758435547351837,0.17311476171016693
461,bbbc021_cell_00461,ru_nnls,RU-NNLS,0.9740862250328064,0.9591414928436279,0.19538278877735138,0.1895483136177063,0.35794028639793396,0.28616800904273987
463,bbbc021_cell_00463,ru_nnls,RU-NNLS,0.9687255024909973,0.9469965100288391,0.27321845293045044,0.18781597912311554,0.2849888205528259,0.14842356741428375
464,bbbc021_cell_00464,ru_nnls,RU-NNLS,0.9736717343330383,0.9642557501792908,0.2162339836359024,0.1721123903989792,0.22158131003379822,0.15029726922512054
477,bbbc021_cell_00477,ru_nnls,RU-NNLS,0.9781539440155029,0.971177339553833,0.22189438343048096,0.11466578394174576,0.27477678656578064,0.33184418082237244
486,bbbc021_cell_00486,ru_nnls,RU-NNLS,0.9839052557945251,0.9795220494270325,0.20128962397575378,0.09954604506492615,0.17767548561096191,0.1837175488471985
491,bbbc021_cell_00491,ru_nnls,RU-NNLS,0.960145890712738,0.9290156960487366,0.3521694540977478,0.15009818971157074,0.09220508486032486,0.11996666342020035
495,bbbc021_cell_00495,ru_nnls,RU-NNLS,0.961714506149292,0.9418484568595886,0.23508110642433167,0.18349908292293549,0.21909017860889435,0.19197532534599304
516,bbbc021_cell_00516,ru_nnls,RU-NNLS,0.9781638979911804,0.9721826314926147,0.19196003675460815,0.19499389827251434,0.2435588538646698,0.2087385356426239
521,bbbc021_cell_00521,ru_nnls,RU-NNLS,0.9689940810203552,0.9585113525390625,0.22518843412399292,0.13334907591342926,0.23635320365428925,0.18052776157855988
531,bbbc021_cell_00531,ru_nnls,RU-NNLS,0.9808843731880188,0.9711237549781799,0.21748147904872894,0.18768464028835297,0.22387583553791046,0.19863887131214142
533,bbbc021_cell_00533,ru_nnls,RU-NNLS,0.9827995300292969,0.9779188632965088,0.188227578997612,0.20726478099822998,0.35929277539253235,0.329341322183609
537,bbbc021_cell_00537,ru_nnls,RU-NNLS,0.9803338646888733,0.9738486409187317,0.19100256264209747,0.1707516312599182,0.23641915619373322,0.1549857258796692
542,bbbc021_cell_00542,ru_nnls,RU-NNLS,0.968892514705658,0.9603355526924133,0.21276326477527618,0.1080024316906929,0.2538144588470459,0.16605734825134277
543,bbbc021_cell_00543,ru_nnls,RU-NNLS,0.978813648223877,0.9745873212814331,0.19317559897899628,0.13803958892822266,0.2239193618297577,0.16799408197402954
548,bbbc021_cell_00548,ru_nnls,RU-NNLS,0.9889370799064636,0.9879065752029419,0.14709238708019257,0.20913472771644592,0.3024144768714905,0.292906254529953
554,bbbc021_cell_00554,ru_nnls,RU-NNLS,0.9684764742851257,0.9644108414649963,0.2424231767654419,0.09857842326164246,0.18693022429943085,0.21963591873645782
565,bbbc021_cell_00565,ru_nnls,RU-NNLS,0.978640079498291,0.9694483876228333,0.2379385381937027,0.08934349566698074,0.25681039690971375,0.09818120300769806
570,bbbc021_cell_00570,ru_nnls,RU-NNLS,0.9810795783996582,0.974580705165863,0.21936894953250885,0.12033750861883163,0.16515566408634186,0.12786778807640076
574,bbbc021_cell_00574,ru_nnls,RU-NNLS,0.9643720984458923,0.9514569640159607,0.2175220102071762,0.17078830301761627,0.26214081048965454,0.22194252908229828
590,bbbc021_cell_00590,ru_nnls,RU-NNLS,0.9829010963439941,0.9787763953208923,0.19316047430038452,0.17226411402225494,0.25265759229660034,0.1838826835155487
610,bbbc021_cell_00610,ru_nnls,RU-NNLS,0.979312002658844,0.9755288362503052,0.18299062550067902,0.1826871633529663,0.26466432213783264,0.23636458814144135
613,bbbc021_cell_00613,ru_nnls,RU-NNLS,0.9844145178794861,0.9808059930801392,0.18606063723564148,0.1478123962879181,0.19477349519729614,0.17306526005268097
634,bbbc021_cell_00634,ru_nnls,RU-NNLS,0.9870365262031555,0.9837560653686523,0.17078807950019836,0.18405911326408386,0.26659882068634033,0.23828527331352234
637,bbbc021_cell_00637,ru_nnls,RU-NNLS,0.9767852425575256,0.9710901975631714,0.23382847011089325,0.109064020216465,0.2069195806980133,0.10849674046039581
642,bbbc021_cell_00642,ru_nnls,RU-NNLS,0.9742916226387024,0.972990870475769,0.218308225274086,0.11536618322134018,0.26647284626960754,0.23977915942668915
644,bbbc021_cell_00644,ru_nnls,RU-NNLS,0.9670992493629456,0.9509595036506653,0.21051064133644104,0.15224851667881012,0.20210285484790802,0.1557656079530716
663,bbbc021_cell_00663,ru_nnls,RU-NNLS,0.9748401045799255,0.9604571461677551,0.263290673494339,0.141428142786026,0.18949711322784424,0.15293340384960175
670,bbbc021_cell_00670,ru_nnls,RU-NNLS,0.9707052111625671,0.9618741869926453,0.21235190331935883,0.21129246056079865,0.27460357546806335,0.304998517036438
676,bbbc021_cell_00676,ru_nnls,RU-NNLS,0.9791997075080872,0.9774816036224365,0.1991003453731537,0.10169678181409836,0.22664564847946167,0.22378034889698029
680,bbbc021_cell_00680,ru_nnls,RU-NNLS,0.9760040640830994,0.968843400478363,0.2196875959634781,0.12715356051921844,0.17515502870082855,0.1606721431016922
686,bbbc021_cell_00686,ru_nnls,RU-NNLS,0.9749372601509094,0.9705485105514526,0.2129327654838562,0.12536540627479553,0.21019697189331055,0.1866811066865921
695,bbbc021_cell_00695,ru_nnls,RU-NNLS,0.9839279055595398,0.9782912731170654,0.18836084008216858,0.16581706702709198,0.24542054533958435,0.19336369633674622
707,bbbc021_cell_00707,ru_nnls,RU-NNLS,0.9836395382881165,0.978854775428772,0.1987336128950119,0.11296774446964264,0.2229224294424057,0.22966691851615906
711,bbbc021_cell_00711,ru_nnls,RU-NNLS,0.986703634262085,0.9834663271903992,0.16823814809322357,0.17106418311595917,0.3182465434074402,0.21649262309074402
712,bbbc021_cell_00712,ru_nnls,RU-NNLS,0.9693140983581543,0.9541882276535034,0.2607230246067047,0.10582343488931656,0.1581965833902359,0.26291173696517944
713,bbbc021_cell_00713,ru_nnls,RU-NNLS,0.9795394539833069,0.9717335104942322,0.20950759947299957,0.2200496643781662,0.2697960138320923,0.19946600496768951
717,bbbc021_cell_00717,ru_nnls,RU-NNLS,0.9643387794494629,0.9557062387466431,0.2461826056241989,0.08795733004808426,0.1470869481563568,0.1231609508395195
721,bbbc021_cell_00721,ru_nnls,RU-NNLS,0.9618410468101501,0.9264999032020569,0.3586781620979309,0.16150610148906708,0.10661344975233078,0.12241840362548828
738,bbbc021_cell_00738,ru_nnls,RU-NNLS,0.9763858318328857,0.9628869891166687,0.20268452167510986,0.1728321760892868,0.31747761368751526,0.2200266569852829
748,bbbc021_cell_00748,ru_nnls,RU-NNLS,0.9888279438018799,0.983817458152771,0.17640535533428192,0.1274697333574295,0.1707380712032318,0.21815945208072662
752,bbbc021_cell_00752,ru_nnls,RU-NNLS,0.9809334874153137,0.9766861796379089,0.1943587362766266,0.17131119966506958,0.2072996348142624,0.1884552389383316
760,bbbc021_cell_00760,ru_nnls,RU-NNLS,0.9637929797172546,0.9571622610092163,0.2609277665615082,0.09261085093021393,0.17451025545597076,0.13430117070674896
763,bbbc021_cell_00763,ru_nnls,RU-NNLS,0.9748280644416809,0.9648175239562988,0.2456149160861969,0.1309642493724823,0.178663969039917,0.10916498303413391
770,bbbc021_cell_00770,ru_nnls,RU-NNLS,0.9732704162597656,0.9684802889823914,0.20799414813518524,0.14698128402233124,0.22214999794960022,0.19590482115745544
776,bbbc021_cell_00776,ru_nnls,RU-NNLS,0.9649879336357117,0.9534258246421814,0.22371774911880493,0.19973541796207428,0.23309162259101868,0.22974996268749237
778,bbbc021_cell_00778,ru_nnls,RU-NNLS,0.9791858792304993,0.9759787321090698,0.19434747099876404,0.15311157703399658,0.24495723843574524,0.1814134418964386
782,bbbc021_cell_00782,ru_nnls,RU-NNLS,0.9758639335632324,0.9694699048995972,0.2019985169172287,0.18250638246536255,0.21344466507434845,0.15959994494915009
787,bbbc021_cell_00787,ru_nnls,RU-NNLS,0.9813857078552246,0.9737014770507812,0.19457001984119415,0.19959625601768494,0.27339428663253784,0.2315666377544403
793,bbbc021_cell_00793,ru_nnls,RU-NNLS,0.9719986915588379,0.9603412747383118,0.25918737053871155,0.130405455827713,0.1672547459602356,0.16525620222091675
799,bbbc021_cell_00799,ru_nnls,RU-NNLS,0.9714374542236328,0.9629353284835815,0.22488924860954285,0.15940198302268982,0.2083086371421814,0.16755841672420502
800,bbbc021_cell_00800,ru_nnls,RU-NNLS,0.9745462536811829,0.9671497941017151,0.2081410139799118,0.1937219351530075,0.24465666711330414,0.27559924125671387
804,bbbc021_cell_00804,ru_nnls,RU-NNLS,0.9701454043388367,0.9612183570861816,0.2376723736524582,0.12781140208244324,0.1792776733636856,0.21083183586597443
810,bbbc021_cell_00810,ru_nnls,RU-NNLS,0.9655385613441467,0.9452202916145325,0.2258121222257614,0.14903411269187927,0.25742390751838684,0.14682921767234802
812,bbbc021_cell_00812,ru_nnls,RU-NNLS,0.9817250370979309,0.9743773937225342,0.21168963611125946,0.19742920994758606,0.24153338372707367,0.18564048409461975
819,bbbc021_cell_00819,ru_nnls,RU-NNLS,0.9876828193664551,0.984320878982544,0.16934673488140106,0.17800162732601166,0.2521301507949829,0.2135876566171646
823,bbbc021_cell_00823,ru_nnls,RU-NNLS,0.9814518094062805,0.9788727164268494,0.19611214101314545,0.12243396788835526,0.2025168091058731,0.184416264295578
827,bbbc021_cell_00827,ru_nnls,RU-NNLS,0.976616382598877,0.9655027389526367,0.21151702105998993,0.18307912349700928,0.25740912556648254,0.36230888962745667
831,bbbc021_cell_00831,ru_nnls,RU-NNLS,0.9796010851860046,0.9755913615226746,0.20264561474323273,0.1421583592891693,0.17704737186431885,0.18968255817890167
847,bbbc021_cell_00847,ru_nnls,RU-NNLS,0.9776710867881775,0.9713614583015442,0.18026956915855408,0.207488551735878,0.3339531719684601,0.3813057243824005
849,bbbc021_cell_00849,ru_nnls,RU-NNLS,0.9655942916870117,0.950156033039093,0.2697778642177582,0.10431672632694244,0.15254467725753784,0.10645513981580734
856,bbbc021_cell_00856,ru_nnls,RU-NNLS,0.9702708125114441,0.9605967402458191,0.23529192805290222,0.14033520221710205,0.2606009244918823,0.1683606207370758
865,bbbc021_cell_00865,ru_nnls,RU-NNLS,0.967026948928833,0.9575689435005188,0.2332874983549118,0.11409410089254379,0.21930457651615143,0.17657999694347382
871,bbbc021_cell_00871,ru_nnls,RU-NNLS,0.9758897423744202,0.9723789095878601,0.22293753921985626,0.08567895740270615,0.1570444405078888,0.1716405600309372
873,bbbc021_cell_00873,ru_nnls,RU-NNLS,0.9705408215522766,0.9576888680458069,0.24712233245372772,0.15382418036460876,0.2231816202402115,0.14589489996433258
880,bbbc021_cell_00880,ru_nnls,RU-NNLS,0.9773861765861511,0.9740743041038513,0.22448083758354187,0.08274619281291962,0.18015699088573456,0.15238536894321442
884,bbbc021_cell_00884,ru_nnls,RU-NNLS,0.9784757494926453,0.9711142778396606,0.2019040882587433,0.17679616808891296,0.3452306091785431,0.21891920268535614
887,bbbc021_cell_00887,ru_nnls,RU-NNLS,0.9794359803199768,0.9739773869514465,0.1886042356491089,0.17037037014961243,0.22521419823169708,0.20420774817466736
893,bbbc021_cell_00893,ru_nnls,RU-NNLS,0.9712558388710022,0.9573673605918884,0.2068529725074768,0.15390396118164062,0.290926069021225,0.2037723958492279
906,bbbc021_cell_00906,ru_nnls,RU-NNLS,0.9689650535583496,0.95204758644104,0.25431692600250244,0.1748705506324768,0.2515629827976227,0.16700391471385956
909,bbbc021_cell_00909,ru_nnls,RU-NNLS,0.9837629795074463,0.9737894535064697,0.19683469831943512,0.23200027644634247,0.29780489206314087,0.40406760573387146
910,bbbc021_cell_00910,ru_nnls,RU-NNLS,0.9763959050178528,0.9691316485404968,0.20667777955532074,0.20033180713653564,0.23343993723392487,0.26884469389915466
913,bbbc021_cell_00913,ru_nnls,RU-NNLS,0.9804177284240723,0.9751316905021667,0.17919152975082397,0.2134157121181488,0.25755131244659424,0.20874904096126556
916,bbbc021_cell_00916,ru_nnls,RU-NNLS,0.973859965801239,0.9721038341522217,0.22784650325775146,0.09106218069791794,0.19076497852802277,0.15643103420734406
927,bbbc021_cell_00927,ru_nnls,RU-NNLS,0.984099805355072,0.9795554280281067,0.20018555223941803,0.17270313203334808,0.2333618402481079,0.16818879544734955
930,bbbc021_cell_00930,ru_nnls,RU-NNLS,0.9768802523612976,0.9690232872962952,0.2141857147216797,0.19854280352592468,0.18308007717132568,0.17115172743797302
939,bbbc021_cell_00939,ru_nnls,RU-NNLS,0.9876114726066589,0.9829912781715393,0.17766445875167847,0.19191531836986542,0.2167261689901352,0.1913646161556244
956,bbbc021_cell_00956,ru_nnls,RU-NNLS,0.9816165566444397,0.9781315922737122,0.18053223192691803,0.17910073697566986,0.24474148452281952,0.22569656372070312
963,bbbc021_cell_00963,ru_nnls,RU-NNLS,0.9713979363441467,0.963965117931366,0.20055529475212097,0.1830497831106186,0.2897358536720276,0.3286355435848236
966,bbbc021_cell_00966,ru_nnls,RU-NNLS,0.9902217984199524,0.9878059029579163,0.15324266254901886,0.15329773724079132,0.22037838399410248,0.15740196406841278
969,bbbc021_cell_00969,ru_nnls,RU-NNLS,0.9722428321838379,0.9509248733520508,0.2109951376914978,0.24874521791934967,0.38309144973754883,0.2845923900604248
970,bbbc021_cell_00970,ru_nnls,RU-NNLS,0.9584938883781433,0.9482630491256714,0.2667793929576874,0.089800164103508,0.18305741250514984,0.14957380294799805
978,bbbc021_cell_00978,ru_nnls,RU-NNLS,0.9629805684089661,0.9575687050819397,0.23354068398475647,0.11437911540269852,0.18221066892147064,0.1835804283618927
988,bbbc021_cell_00988,ru_nnls,RU-NNLS,0.9756243824958801,0.9705275893211365,0.2090689241886139,0.12508884072303772,0.26913002133369446,0.20199090242385864
989,bbbc021_cell_00989,ru_nnls,RU-NNLS,0.9815263152122498,0.9750126004219055,0.21085642278194427,0.14509230852127075,0.2134237438440323,0.13571102917194366
992,bbbc021_cell_00992,ru_nnls,RU-NNLS,0.9661388397216797,0.9531797170639038,0.2673756778240204,0.1468978077173233,0.17266973853111267,0.13319122791290283
995,bbbc021_cell_00995,ru_nnls,RU-NNLS,0.9761199951171875,0.9670547842979431,0.20670391619205475,0.17595010995864868,0.21129491925239563,0.24066239595413208
1004,bbbc021_cell_01004,ru_nnls,RU-NNLS,0.9708941578865051,0.9648299813270569,0.2290652096271515,0.09100008010864258,0.1714935153722763,0.12927506864070892
1008,bbbc021_cell_01008,ru_nnls,RU-NNLS,0.9742555022239685,0.9590967297554016,0.19813062250614166,0.19583937525749207,0.39261603355407715,0.2520688474178314
1011,bbbc021_cell_01011,ru_nnls,RU-NNLS,0.9699727892875671,0.9588246941566467,0.19506342709064484,0.2940393388271332,0.34980612993240356,0.295757919549942
1013,bbbc021_cell_01013,ru_nnls,RU-NNLS,0.9790406227111816,0.9746884703636169,0.19146575033664703,0.16774000227451324,0.2303202748298645,0.22276288270950317
1018,bbbc021_cell_01018,ru_nnls,RU-NNLS,0.9729146957397461,0.9534800052642822,0.22358879446983337,0.15818971395492554,0.29263779520988464,0.18822169303894043
1022,bbbc021_cell_01022,ru_nnls,RU-NNLS,0.9732481837272644,0.9647343158721924,0.2550233006477356,0.0947771966457367,0.1561974585056305,0.09293337911367416
1045,bbbc021_cell_01045,ru_nnls,RU-NNLS,0.9708611369132996,0.9582008123397827,0.2436852604150772,0.1698356717824936,0.15642966330051422,0.15212257206439972
1049,bbbc021_cell_01049,ru_nnls,RU-NNLS,0.9775595664978027,0.9724023938179016,0.20874446630477905,0.11216871440410614,0.16191856563091278,0.14606519043445587
1051,bbbc021_cell_01051,ru_nnls,RU-NNLS,0.9711694717407227,0.9634562730789185,0.2052772492170334,0.14901895821094513,0.22363117337226868,0.2168281376361847
1061,bbbc021_cell_01061,ru_nnls,RU-NNLS,0.9746565818786621,0.9710509777069092,0.22635416686534882,0.10432324558496475,0.2357189655303955,0.23300352692604065
1063,bbbc021_cell_01063,ru_nnls,RU-NNLS,0.9740126729011536,0.9566381573677063,0.2773328423500061,0.13612347841262817,0.10226380825042725,0.10210859030485153
1068,bbbc021_cell_01068,ru_nnls,RU-NNLS,0.9526178240776062,0.9360213279724121,0.37692809104919434,0.032922208309173584,0.09351795166730881,0.09346625208854675
1076,bbbc021_cell_01076,ru_nnls,RU-NNLS,0.9661268591880798,0.9183600544929504,0.4169163703918457,0.12104563415050507,0.04144265502691269,0.10862955451011658
1079,bbbc021_cell_01079,ru_nnls,RU-NNLS,0.9658718109130859,0.9562631249427795,0.23534724116325378,0.16723130643367767,0.191057488322258,0.16300050914287567
1084,bbbc021_cell_01084,ru_nnls,RU-NNLS,0.9679945111274719,0.9425659775733948,0.2901832163333893,0.18798625469207764,0.1517074853181839,0.1612037718296051
1089,bbbc021_cell_01089,ru_nnls,RU-NNLS,0.9734171032905579,0.9628629684448242,0.22238297760486603,0.2000170797109604,0.20975780487060547,0.22173109650611877
1090,bbbc021_cell_01090,ru_nnls,RU-NNLS,0.9690370559692383,0.9623129367828369,0.25340738892555237,0.08145033568143845,0.12333721667528152,0.09697072952985764
1099,bbbc021_cell_01099,ru_nnls,RU-NNLS,0.9716760516166687,0.9635434746742249,0.2038063108921051,0.20048899948596954,0.2806141674518585,0.30135539174079895
1114,bbbc021_cell_01114,ru_nnls,RU-NNLS,0.9827680587768555,0.976675271987915,0.211761474609375,0.11762929707765579,0.1358766406774521,0.11396969854831696
1120,bbbc021_cell_01120,ru_nnls,RU-NNLS,0.9667894840240479,0.9619198441505432,0.21729867160320282,0.13638728857040405,0.22644895315170288,0.20776644349098206
1121,bbbc021_cell_01121,ru_nnls,RU-NNLS,0.9730114936828613,0.9643659591674805,0.24580217897891998,0.11207851022481918,0.34000274538993835,0.2514018714427948
1134,bbbc021_cell_01134,ru_nnls,RU-NNLS,0.9692322611808777,0.9545063972473145,0.2711086571216583,0.14147262275218964,0.20792821049690247,0.14418096840381622
1177,bbbc021_cell_01177,ru_nnls,RU-NNLS,0.9781922698020935,0.9732770919799805,0.22610558569431305,0.08738823980093002,0.19359251856803894,0.09968706965446472
1178,bbbc021_cell_01178,ru_nnls,RU-NNLS,0.9850616455078125,0.9816516041755676,0.1754741668701172,0.11736264824867249,0.24204620718955994,0.14866220951080322
1183,bbbc021_cell_01183,ru_nnls,RU-NNLS,0.9870298504829407,0.9846515655517578,0.16033285856246948,0.20018143951892853,0.27549755573272705,0.20259404182434082
1193,bbbc021_cell_01193,ru_nnls,RU-NNLS,0.9752020835876465,0.9636241793632507,0.19366949796676636,0.2219410091638565,0.25106674432754517,0.22734807431697845
1204,bbbc021_cell_01204,ru_nnls,RU-NNLS,0.9696900248527527,0.9598833918571472,0.25148805975914,0.11057285964488983,0.1372431069612503,0.14379891753196716
1208,bbbc021_cell_01208,ru_nnls,RU-NNLS,0.9747576713562012,0.964601457118988,0.23981253802776337,0.11881633847951889,0.15438051521778107,0.18600554764270782
1213,bbbc021_cell_01213,ru_nnls,RU-NNLS,0.9605965614318848,0.9307507276535034,0.3218882977962494,0.13865667581558228,0.1168690100312233,0.19506029784679413
1231,bbbc021_cell_01231,ru_nnls,RU-NNLS,0.9737985730171204,0.9586521983146667,0.2655477523803711,0.13483507931232452,0.20817478001117706,0.14122174680233002
1232,bbbc021_cell_01232,ru_nnls,RU-NNLS,0.9754841923713684,0.9699065089225769,0.18537025153636932,0.1730981469154358,0.29473403096199036,0.27121466398239136
1233,bbbc021_cell_01233,ru_nnls,RU-NNLS,0.969039261341095,0.9635323882102966,0.2210664600133896,0.1403772234916687,0.21324995160102844,0.2603134214878082
1238,bbbc021_cell_01238,ru_nnls,RU-NNLS,0.9830551743507385,0.9784519076347351,0.18226258456707,0.2050039917230606,0.2620548605918884,0.18416383862495422
1240,bbbc021_cell_01240,ru_nnls,RU-NNLS,0.969818651676178,0.9532779455184937,0.2714346945285797,0.11624687165021896,0.12453461438417435,0.1436471939086914
1243,bbbc021_cell_01243,ru_nnls,RU-NNLS,0.9769591689109802,0.9694065451622009,0.23538564145565033,0.12168239057064056,0.18498669564723969,0.168685182929039
1260,bbbc021_cell_01260,ru_nnls,RU-NNLS,0.977240264415741,0.9660207629203796,0.24421750009059906,0.12429212778806686,0.14966294169425964,0.11230210959911346
1267,bbbc021_cell_01267,ru_nnls,RU-NNLS,0.9720281958580017,0.963810920715332,0.21670430898666382,0.16274230182170868,0.2377261519432068,0.15981972217559814
1268,bbbc021_cell_01268,ru_nnls,RU-NNLS,0.9823250770568848,0.9778395295143127,0.1937151849269867,0.15168598294258118,0.2519586682319641,0.2175488919019699
1274,bbbc021_cell_01274,ru_nnls,RU-NNLS,0.965291440486908,0.9580414891242981,0.23271261155605316,0.1378857046365738,0.18662621080875397,0.16652357578277588
1281,bbbc021_cell_01281,ru_nnls,RU-NNLS,0.9890061020851135,0.9872838854789734,0.15244516730308533,0.1689774990081787,0.26277968287467957,0.26467159390449524
1297,bbbc021_cell_01297,ru_nnls,RU-NNLS,0.9886305928230286,0.9870991706848145,0.156360924243927,0.14764928817749023,0.20551829040050507,0.1843089610338211
1307,bbbc021_cell_01307,ru_nnls,RU-NNLS,0.9757809042930603,0.9663306474685669,0.2181793749332428,0.17265549302101135,0.19987139105796814,0.23031264543533325
1313,bbbc021_cell_01313,ru_nnls,RU-NNLS,0.9868579506874084,0.9833965301513672,0.17611472308635712,0.1590864509344101,0.23598244786262512,0.15058276057243347
1330,bbbc021_cell_01330,ru_nnls,RU-NNLS,0.9847354292869568,0.98342365026474,0.1797253042459488,0.12251444160938263,0.2768903970718384,0.3098963797092438
1334,bbbc021_cell_01334,ru_nnls,RU-NNLS,0.9661471843719482,0.9419761300086975,0.2983121871948242,0.16578760743141174,0.21891772747039795,0.13334564864635468
1346,bbbc021_cell_01346,ru_nnls,RU-NNLS,0.984166145324707,0.9795013666152954,0.18912628293037415,0.13518217206001282,0.1870010942220688,0.17797106504440308
1348,bbbc021_cell_01348,ru_nnls,RU-NNLS,0.9585824012756348,0.9314301013946533,0.28987544775009155,0.1512257605791092,0.15943646430969238,0.15589526295661926
1355,bbbc021_cell_01355,ru_nnls,RU-NNLS,0.985537052154541,0.9825925827026367,0.17438232898712158,0.12646043300628662,0.22083473205566406,0.27430152893066406
1363,bbbc021_cell_01363,ru_nnls,RU-NNLS,0.9789662957191467,0.9744850397109985,0.21942031383514404,0.08998623490333557,0.12638643383979797,0.1464947760105133
1366,bbbc021_cell_01366,ru_nnls,RU-NNLS,0.9812865257263184,0.9733415842056274,0.2180134654045105,0.16436980664730072,0.2261902242898941,0.13468530774116516
1391,bbbc021_cell_01391,ru_nnls,RU-NNLS,0.9682887196540833,0.9552297592163086,0.2231311947107315,0.18235662579536438,0.2398897111415863,0.2075936198234558
1400,bbbc021_cell_01400,ru_nnls,RU-NNLS,0.9869310259819031,0.9863714575767517,0.15729530155658722,0.14676250517368317,0.24870650470256805,0.20048661530017853
1411,bbbc021_cell_01411,ru_nnls,RU-NNLS,0.9717087149620056,0.9515361189842224,0.23330244421958923,0.16398321092128754,0.26184219121932983,0.16692277789115906
1413,bbbc021_cell_01413,ru_nnls,RU-NNLS,0.9794962406158447,0.9706894159317017,0.23664090037345886,0.09915459901094437,0.14745424687862396,0.1421324610710144
1422,bbbc021_cell_01422,ru_nnls,RU-NNLS,0.9831940531730652,0.9792519211769104,0.196296826004982,0.2244943380355835,0.20657891035079956,0.2501677870750427
1425,bbbc021_cell_01425,ru_nnls,RU-NNLS,0.9813613891601562,0.974745512008667,0.18182122707366943,0.1813141256570816,0.3749821186065674,0.2916133999824524
1434,bbbc021_cell_01434,ru_nnls,RU-NNLS,0.9812209010124207,0.979694128036499,0.19418440759181976,0.11861136555671692,0.22756485641002655,0.15372273325920105
1441,bbbc021_cell_01441,ru_nnls,RU-NNLS,0.9473104476928711,0.8895266652107239,0.41387930512428284,0.15280577540397644,0.07800326496362686,0.13570958375930786
1447,bbbc021_cell_01447,ru_nnls,RU-NNLS,0.9888014793395996,0.98373943567276,0.17498348653316498,0.1896088421344757,0.18004997074604034,0.17059831321239471
1458,bbbc021_cell_01458,ru_nnls,RU-NNLS,0.9744685292243958,0.9675197601318359,0.20392458140850067,0.18250030279159546,0.2297751009464264,0.18182440102100372
1471,bbbc021_cell_01471,ru_nnls,RU-NNLS,0.9793056845664978,0.9738701581954956,0.18727481365203857,0.1746566742658615,0.3641713261604309,0.2808873653411865
1481,bbbc021_cell_01481,ru_nnls,RU-NNLS,0.9788143038749695,0.9715827703475952,0.21453312039375305,0.17724047601222992,0.1833631694316864,0.18661028146743774
1499,bbbc021_cell_01499,ru_nnls,RU-NNLS,0.9805524945259094,0.9708675742149353,0.20397010445594788,0.19000844657421112,0.20915409922599792,0.23564903438091278
1506,bbbc021_cell_01506,ru_nnls,RU-NNLS,0.9536101222038269,0.9440958499908447,0.25216811895370483,0.11611493676900864,0.21051383018493652,0.2023492455482483
1511,bbbc021_cell_01511,ru_nnls,RU-NNLS,0.9633517265319824,0.9465628862380981,0.23348131775856018,0.14710213243961334,0.2223985493183136,0.18661083281040192
1512,bbbc021_cell_01512,ru_nnls,RU-NNLS,0.9759445786476135,0.9604341387748718,0.2708812355995178,0.12391098588705063,0.1297437697649002,0.18304452300071716
1515,bbbc021_cell_01515,ru_nnls,RU-NNLS,0.9834244847297668,0.9822021126747131,0.186697855591774,0.11350981146097183,0.17349468171596527,0.18184462189674377
1522,bbbc021_cell_01522,ru_nnls,RU-NNLS,0.9779040217399597,0.9772824048995972,0.19616200029850006,0.1467626839876175,0.27672603726387024,0.23979094624519348
1525,bbbc021_cell_01525,ru_nnls,RU-NNLS,0.975071132183075,0.9684980511665344,0.21048793196678162,0.22301740944385529,0.2503741979598999,0.27291011810302734
1536,bbbc021_cell_01536,ru_nnls,RU-NNLS,0.9809293746948242,0.969103991985321,0.21401022374629974,0.17079181969165802,0.262722909450531,0.16277070343494415
1541,bbbc021_cell_01541,ru_nnls,RU-NNLS,0.9568977355957031,0.9448151588439941,0.25492194294929504,0.0924171507358551,0.22006885707378387,0.16947703063488007
1543,bbbc021_cell_01543,ru_nnls,RU-NNLS,0.974846601486206,0.970004141330719,0.21324299275875092,0.12252391129732132,0.23962177336215973,0.24196934700012207
1546,bbbc021_cell_01546,ru_nnls,RU-NNLS,0.9823339581489563,0.97633957862854,0.20428235828876495,0.1313556283712387,0.1946907490491867,0.27061980962753296
1551,bbbc021_cell_01551,ru_nnls,RU-NNLS,0.9742581248283386,0.9605952501296997,0.1856980174779892,0.2013946920633316,0.38280239701271057,0.2747945785522461
1553,bbbc021_cell_01553,ru_nnls,RU-NNLS,0.9721786379814148,0.9677807092666626,0.20587925612926483,0.14767512679100037,0.25890985131263733,0.24986901879310608
1559,bbbc021_cell_01559,ru_nnls,RU-NNLS,0.9666275382041931,0.9553825855255127,0.21963125467300415,0.1417972594499588,0.30440187454223633,0.26546117663383484
1562,bbbc021_cell_01562,ru_nnls,RU-NNLS,0.985884428024292,0.9833471775054932,0.1395764946937561,0.23570655286312103,0.4001232981681824,0.36672165989875793
1563,bbbc021_cell_01563,ru_nnls,RU-NNLS,0.9680724143981934,0.9666681289672852,0.2345287948846817,0.09532143920660019,0.22147947549819946,0.27394041419029236
1581,bbbc021_cell_01581,ru_nnls,RU-NNLS,0.9734907150268555,0.9643533229827881,0.23515190184116364,0.14576958119869232,0.22000466287136078,0.1635480523109436
1613,bbbc021_cell_01613,ru_nnls,RU-NNLS,0.9793601036071777,0.9700958728790283,0.2189028412103653,0.1991002857685089,0.17720699310302734,0.17522692680358887
1619,bbbc021_cell_01619,ru_nnls,RU-NNLS,0.9857061505317688,0.9802882671356201,0.1856687068939209,0.2172897905111313,0.25034087896347046,0.20307804644107819
1622,bbbc021_cell_01622,ru_nnls,RU-NNLS,0.9702536463737488,0.9629893898963928,0.22999738156795502,0.12838353216648102,0.21002794802188873,0.21278107166290283
1624,bbbc021_cell_01624,ru_nnls,RU-NNLS,0.9851916432380676,0.9778467416763306,0.2011193186044693,0.1754741072654724,0.20885342359542847,0.2198372781276703
1634,bbbc021_cell_01634,ru_nnls,RU-NNLS,0.9814357757568359,0.9748018383979797,0.22014179825782776,0.13576669991016388,0.17920812964439392,0.1591670960187912
1644,bbbc021_cell_01644,ru_nnls,RU-NNLS,0.9750490188598633,0.9617128372192383,0.27530449628829956,0.1145661473274231,0.0826725885272026,0.07142927497625351
1645,bbbc021_cell_01645,ru_nnls,RU-NNLS,0.977502167224884,0.9658653140068054,0.24147555232048035,0.11446904391050339,0.14494085311889648,0.19270439445972443
1663,bbbc021_cell_01663,ru_nnls,RU-NNLS,0.9805018305778503,0.9723209142684937,0.19946137070655823,0.1914217174053192,0.259716272354126,0.18865646421909332
1673,bbbc021_cell_01673,ru_nnls,RU-NNLS,0.9887135624885559,0.9857396483421326,0.15801233053207397,0.18839655816555023,0.3000028729438782,0.21773140132427216
1684,bbbc021_cell_01684,ru_nnls,RU-NNLS,0.9724411368370056,0.9628937840461731,0.21210579574108124,0.1705426424741745,0.22023989260196686,0.1622621715068817
1685,bbbc021_cell_01685,ru_nnls,RU-NNLS,0.9855387210845947,0.9823668003082275,0.18313518166542053,0.15009598433971405,0.21970583498477936,0.1769820749759674
1694,bbbc021_cell_01694,ru_nnls,RU-NNLS,0.9724464416503906,0.9640861749649048,0.23140814900398254,0.11978554725646973,0.1663666069507599,0.18071994185447693
1697,bbbc021_cell_01697,ru_nnls,RU-NNLS,0.9838447570800781,0.9752770662307739,0.2096947729587555,0.20339711010456085,0.3076409101486206,0.20082996785640717
1698,bbbc021_cell_01698,ru_nnls,RU-NNLS,0.9855630993843079,0.9831535816192627,0.17943300306797028,0.13236454129219055,0.18245463073253632,0.19171661138534546
1700,bbbc021_cell_01700,ru_nnls,RU-NNLS,0.9799647927284241,0.9754464030265808,0.2105967253446579,0.12509459257125854,0.3399726152420044,0.27815839648246765
1715,bbbc021_cell_01715,ru_nnls,RU-NNLS,0.9759998321533203,0.9642702341079712,0.2267371565103531,0.14490288496017456,0.24509769678115845,0.17287057638168335
1721,bbbc021_cell_01721,ru_nnls,RU-NNLS,0.9899070858955383,0.9875704646110535,0.15201614797115326,0.15563714504241943,0.23538878560066223,0.25810790061950684
1724,bbbc021_cell_01724,ru_nnls,RU-NNLS,0.9839997291564941,0.9835824966430664,0.17224857211112976,0.1373603194952011,0.2948271632194519,0.27728357911109924
1727,bbbc021_cell_01727,ru_nnls,RU-NNLS,0.9854538440704346,0.9817848205566406,0.17998339235782623,0.14138488471508026,0.21783921122550964,0.1826314777135849
1729,bbbc021_cell_01729,ru_nnls,RU-NNLS,0.9688603281974792,0.9557284116744995,0.24455906450748444,0.1762225329875946,0.17340552806854248,0.17791718244552612
1741,bbbc021_cell_01741,ru_nnls,RU-NNLS,0.9678728580474854,0.9496333003044128,0.22071315348148346,0.1462482213973999,0.26400646567344666,0.20191125571727753
1760,bbbc021_cell_01760,ru_nnls,RU-NNLS,0.98191899061203,0.9755920767784119,0.19973281025886536,0.10424336791038513,0.1846940517425537,0.25119999051094055
1761,bbbc021_cell_01761,ru_nnls,RU-NNLS,0.9732537269592285,0.9600650668144226,0.22234897315502167,0.1990746706724167,0.30497637391090393,0.21290531754493713
1763,bbbc021_cell_01763,ru_nnls,RU-NNLS,0.9681112170219421,0.9535743594169617,0.2646552622318268,0.12027639150619507,0.1394907534122467,0.1657876819372177
1765,bbbc021_cell_01765,ru_nnls,RU-NNLS,0.9669371247291565,0.9397538900375366,0.31646254658699036,0.11224349588155746,0.133760005235672,0.24623003602027893
1773,bbbc021_cell_01773,ru_nnls,RU-NNLS,0.983476459980011,0.9783672094345093,0.19394268095493317,0.19868655502796173,0.23035681247711182,0.17414844036102295
1782,bbbc021_cell_01782,ru_nnls,RU-NNLS,0.9920954704284668,0.9902437329292297,0.13568100333213806,0.14865325391292572,0.27367115020751953,0.2798800468444824
1784,bbbc021_cell_01784,ru_nnls,RU-NNLS,0.9751752018928528,0.9686388969421387,0.21941439807415009,0.13141155242919922,0.14474701881408691,0.12740746140480042
1791,bbbc021_cell_01791,ru_nnls,RU-NNLS,0.9855826497077942,0.9805048108100891,0.1791866272687912,0.18337595462799072,0.3001096844673157,0.19870315492153168
1798,bbbc021_cell_01798,ru_nnls,RU-NNLS,0.97677081823349,0.9707341194152832,0.21108734607696533,0.17335708439350128,0.2024315446615219,0.17181432247161865
1804,bbbc021_cell_01804,ru_nnls,RU-NNLS,0.9678617119789124,0.9441549181938171,0.23099015653133392,0.17572782933712006,0.33170899748802185,0.20903033018112183
1812,bbbc021_cell_01812,ru_nnls,RU-NNLS,0.9776641726493835,0.9742535948753357,0.21067309379577637,0.11922071129083633,0.21368823945522308,0.16503337025642395
1814,bbbc021_cell_01814,ru_nnls,RU-NNLS,0.9739649891853333,0.9668010473251343,0.21729135513305664,0.11479305475950241,0.18387576937675476,0.17967109382152557
1819,bbbc021_cell_01819,ru_nnls,RU-NNLS,0.9728133082389832,0.9577392935752869,0.25397852063179016,0.17241357266902924,0.20200495421886444,0.1538962870836258
1824,bbbc021_cell_01824,ru_nnls,RU-NNLS,0.9784416556358337,0.9720563292503357,0.19901630282402039,0.1702081710100174,0.22988522052764893,0.22229686379432678
1831,bbbc021_cell_01831,ru_nnls,RU-NNLS,0.9749498963356018,0.9635242819786072,0.2418793886899948,0.1585777848958969,0.17991971969604492,0.15240253508090973
1833,bbbc021_cell_01833,ru_nnls,RU-NNLS,0.9736079573631287,0.9649375081062317,0.198307067155838,0.15907518565654755,0.24666953086853027,0.20276515185832977
1841,bbbc021_cell_01841,ru_nnls,RU-NNLS,0.962771475315094,0.9497430920600891,0.23942971229553223,0.17695103585720062,0.19376571476459503,0.1966099888086319
1843,bbbc021_cell_01843,ru_nnls,RU-NNLS,0.9648938179016113,0.958585798740387,0.27940240502357483,0.06297386437654495,0.12454166263341904,0.17426316440105438
1868,bbbc021_cell_01868,ru_nnls,RU-NNLS,0.9676048159599304,0.9605101943016052,0.23943500220775604,0.14524000883102417,0.17023317515850067,0.15177971124649048
1871,bbbc021_cell_01871,ru_nnls,RU-NNLS,0.9752798080444336,0.9649518728256226,0.23682275414466858,0.1169874295592308,0.1878112554550171,0.1085953563451767
1881,bbbc021_cell_01881,ru_nnls,RU-NNLS,0.959017276763916,0.9335001111030579,0.30951541662216187,0.12387774884700775,0.12094009667634964,0.17237748205661774
1882,bbbc021_cell_01882,ru_nnls,RU-NNLS,0.9877438545227051,0.9849337339401245,0.1609957218170166,0.1961609572172165,0.3108274042606354,0.2972332239151001
1888,bbbc021_cell_01888,ru_nnls,RU-NNLS,0.9708313345909119,0.9477806687355042,0.30993133783340454,0.1412414163351059,0.08590858429670334,0.11819149553775787
1911,bbbc021_cell_01911,ru_nnls,RU-NNLS,0.9563942551612854,0.9428634643554688,0.2623192369937897,0.15431241691112518,0.17514637112617493,0.14490307867527008
1919,bbbc021_cell_01919,ru_nnls,RU-NNLS,0.9866154193878174,0.9814979434013367,0.1804804652929306,0.1341317892074585,0.18698738515377045,0.20219452679157257
1935,bbbc021_cell_01935,ru_nnls,RU-NNLS,0.9746564030647278,0.9702824950218201,0.2264087051153183,0.10161662846803665,0.17209342122077942,0.2641211748123169
1942,bbbc021_cell_01942,ru_nnls,RU-NNLS,0.9810521006584167,0.976455807685852,0.19688604772090912,0.15272335708141327,0.2518254220485687,0.16199742257595062
1943,bbbc021_cell_01943,ru_nnls,RU-NNLS,0.9802420735359192,0.9730665683746338,0.2145736962556839,0.1501651555299759,0.21020114421844482,0.14408650994300842
1963,bbbc021_cell_01963,ru_nnls,RU-NNLS,0.9694830775260925,0.9599871635437012,0.2236964851617813,0.20124691724777222,0.2297307848930359,0.23720687627792358
1968,bbbc021_cell_01968,ru_nnls,RU-NNLS,0.9733004570007324,0.9604806303977966,0.19721093773841858,0.21534457802772522,0.33090725541114807,0.2459578812122345
1985,bbbc021_cell_01985,ru_nnls,RU-NNLS,0.9679737091064453,0.9355318546295166,0.23711414635181427,0.2233968824148178,0.3422410190105438,0.16839686036109924
1999,bbbc021_cell_01999,ru_nnls,RU-NNLS,0.9578920006752014,0.9320193529129028,0.26066267490386963,0.18825234472751617,0.2370653599500656,0.1992601603269577
2000,bbbc021_cell_02000,ru_nnls,RU-NNLS,0.9532051682472229,0.9186146259307861,0.26475971937179565,0.14694340527057648,0.23924607038497925,0.12586182355880737
2002,bbbc021_cell_02002,ru_nnls,RU-NNLS,0.9758439064025879,0.9684637188911438,0.23942917585372925,0.17480871081352234,0.1797264963388443,0.12732230126857758
2003,bbbc021_cell_02003,ru_nnls,RU-NNLS,0.9834907650947571,0.9782323837280273,0.20220772922039032,0.15788079798221588,0.2091747224330902,0.11209485679864883
2015,bbbc021_cell_02015,ru_nnls,RU-NNLS,0.984152615070343,0.9795949459075928,0.18174198269844055,0.1984046846628189,0.25660887360572815,0.2273995727300644
2020,bbbc021_cell_02020,ru_nnls,RU-NNLS,0.9759523868560791,0.966704785823822,0.21621909737586975,0.178508922457695,0.23819805681705475,0.1888847053050995
2021,bbbc021_cell_02021,ru_nnls,RU-NNLS,0.9778997302055359,0.9643892645835876,0.25168484449386597,0.17383870482444763,0.1427072286605835,0.15381193161010742
2026,bbbc021_cell_02026,ru_nnls,RU-NNLS,0.9718183875083923,0.9614823460578918,0.22986094653606415,0.10734043270349503,0.18837527930736542,0.1245761588215828
2028,bbbc021_cell_02028,ru_nnls,RU-NNLS,0.9801068305969238,0.973327100276947,0.21676534414291382,0.153749018907547,0.22447419166564941,0.16708897054195404
2034,bbbc021_cell_02034,ru_nnls,RU-NNLS,0.9765749573707581,0.9700037837028503,0.2072572410106659,0.14910194277763367,0.20649726688861847,0.20656506717205048
2038,bbbc021_cell_02038,ru_nnls,RU-NNLS,0.9773381352424622,0.9633606672286987,0.1863100677728653,0.31595107913017273,0.5561555624008179,0.3815101087093353
2060,bbbc021_cell_02060,ru_nnls,RU-NNLS,0.9719372391700745,0.9591414928436279,0.2420002967119217,0.13325127959251404,0.15979954600334167,0.12064675986766815
2075,bbbc021_cell_02075,ru_nnls,RU-NNLS,0.9705203175544739,0.9581038951873779,0.22539150714874268,0.14204047620296478,0.270389586687088,0.20722876489162445
2078,bbbc021_cell_02078,ru_nnls,RU-NNLS,0.9712215065956116,0.9603856801986694,0.23250246047973633,0.16062328219413757,0.20028701424598694,0.20812657475471497
2081,bbbc021_cell_02081,ru_nnls,RU-NNLS,0.9894077181816101,0.9886561036109924,0.1457657814025879,0.19625572860240936,0.26176437735557556,0.16246889531612396
2095,bbbc021_cell_02095,ru_nnls,RU-NNLS,0.9768640398979187,0.9673947095870972,0.19787874817848206,0.1730509102344513,0.25785601139068604,0.1827782392501831
2096,bbbc021_cell_02096,ru_nnls,RU-NNLS,0.9822493195533752,0.9733120799064636,0.20763912796974182,0.18251675367355347,0.2350037395954132,0.1313660442829132
2102,bbbc021_cell_02102,ru_nnls,RU-NNLS,0.97491854429245,0.9593952894210815,0.20966921746730804,0.21541373431682587,0.35387322306632996,0.19921304285526276
2107,bbbc021_cell_02107,ru_nnls,RU-NNLS,0.9756062030792236,0.9684433937072754,0.21549998223781586,0.17722193896770477,0.19456876814365387,0.17267204821109772
2109,bbbc021_cell_02109,ru_nnls,RU-NNLS,0.9786689877510071,0.9686198234558105,0.21081292629241943,0.1823372095823288,0.22133643925189972,0.16212297976016998
2111,bbbc021_cell_02111,ru_nnls,RU-NNLS,0.9678938984870911,0.953538715839386,0.28304699063301086,0.08360536396503448,0.17530080676078796,0.11647085100412369
2112,bbbc021_cell_02112,ru_nnls,RU-NNLS,0.964884340763092,0.9427925944328308,0.22845621407032013,0.22167378664016724,0.29327505826950073,0.18017415702342987
2118,bbbc021_cell_02118,ru_nnls,RU-NNLS,0.9761037230491638,0.9723677039146423,0.21713529527187347,0.10187022387981415,0.22849823534488678,0.18387307226657867
2122,bbbc021_cell_02122,ru_nnls,RU-NNLS,0.9756982922554016,0.9673529267311096,0.18524862825870514,0.21026407182216644,0.2912193834781647,0.25669315457344055
2123,bbbc021_cell_02123,ru_nnls,RU-NNLS,0.9824259877204895,0.9767123460769653,0.19500035047531128,0.2072666585445404,0.3064645528793335,0.2241840958595276
2128,bbbc021_cell_02128,ru_nnls,RU-NNLS,0.9738275408744812,0.9616575837135315,0.2059098482131958,0.20202980935573578,0.23452234268188477,0.20258519053459167
2140,bbbc021_cell_02140,ru_nnls,RU-NNLS,0.9840848445892334,0.9779242873191833,0.17532087862491608,0.25127366185188293,0.3114399313926697,0.3071995973587036
2148,bbbc021_cell_02148,ru_nnls,RU-NNLS,0.9824694991111755,0.9778134226799011,0.19216732680797577,0.19618625938892365,0.2243315726518631,0.2067764401435852
2149,bbbc021_cell_02149,ru_nnls,RU-NNLS,0.9728712439537048,0.9579012989997864,0.22229155898094177,0.22181901335716248,0.2646411657333374,0.21557874977588654
2151,bbbc021_cell_02151,ru_nnls,RU-NNLS,0.9681873917579651,0.9610289931297302,0.2388114631175995,0.11993434280157089,0.15895648300647736,0.10486490279436111
2152,bbbc021_cell_02152,ru_nnls,RU-NNLS,0.9855296015739441,0.9794949293136597,0.1892441064119339,0.20412768423557281,0.25286954641342163,0.21759246289730072
2166,bbbc021_cell_02166,ru_nnls,RU-NNLS,0.9654361605644226,0.949329137802124,0.23757466673851013,0.1382584273815155,0.3693615198135376,0.2452261745929718
2168,bbbc021_cell_02168,ru_nnls,RU-NNLS,0.9768073558807373,0.9745715260505676,0.2013639509677887,0.12670950591564178,0.22986534237861633,0.22576592862606049
2176,bbbc021_cell_02176,ru_nnls,RU-NNLS,0.978695809841156,0.9707717895507812,0.21407179534435272,0.1129467785358429,0.32999882102012634,0.15938329696655273
2178,bbbc021_cell_02178,ru_nnls,RU-NNLS,0.9713353514671326,0.9598627090454102,0.25450482964515686,0.0993870347738266,0.20516033470630646,0.10789833962917328
2183,bbbc021_cell_02183,ru_nnls,RU-NNLS,0.9804620146751404,0.9692241549491882,0.2135205864906311,0.18846559524536133,0.3178476095199585,0.16396597027778625
2195,bbbc021_cell_02195,ru_nnls,RU-NNLS,0.96879643201828,0.9609161615371704,0.22662878036499023,0.204258993268013,0.23104843497276306,0.23413944244384766
2200,bbbc021_cell_02200,ru_nnls,RU-NNLS,0.9638739228248596,0.9519696831703186,0.26188528537750244,0.1283043473958969,0.15677180886268616,0.13220009207725525
2204,bbbc021_cell_02204,ru_nnls,RU-NNLS,0.9775616526603699,0.9698880910873413,0.20499971508979797,0.1982554942369461,0.2645079493522644,0.22303272783756256
2205,bbbc021_cell_02205,ru_nnls,RU-NNLS,0.9734652638435364,0.9638550877571106,0.2302386462688446,0.1588393598794937,0.19214709103107452,0.1765766590833664
2206,bbbc021_cell_02206,ru_nnls,RU-NNLS,0.9715967178344727,0.9637649059295654,0.22738175094127655,0.1837162971496582,0.19932354986667633,0.19725051522254944
2211,bbbc021_cell_02211,ru_nnls,RU-NNLS,0.9822494387626648,0.9757921695709229,0.18610337376594543,0.15755201876163483,0.20681384205818176,0.14881734549999237
2218,bbbc021_cell_02218,ru_nnls,RU-NNLS,0.9810452461242676,0.9769139885902405,0.2232002168893814,0.07915660738945007,0.17131975293159485,0.134815514087677
2221,bbbc021_cell_02221,ru_nnls,RU-NNLS,0.9786667227745056,0.9718990921974182,0.22898364067077637,0.1487981677055359,0.16976182162761688,0.10244420170783997
2224,bbbc021_cell_02224,ru_nnls,RU-NNLS,0.9590185284614563,0.9540120959281921,0.29887959361076355,0.06152370572090149,0.1724081188440323,0.15814898908138275
2227,bbbc021_cell_02227,ru_nnls,RU-NNLS,0.9795172810554504,0.9698619842529297,0.23827658593654633,0.0994795560836792,0.15317216515541077,0.1992378830909729
2231,bbbc021_cell_02231,ru_nnls,RU-NNLS,0.9623632431030273,0.9471204876899719,0.27517300844192505,0.10137223452329636,0.1666467785835266,0.27768000960350037
2236,bbbc021_cell_02236,ru_nnls,RU-NNLS,0.9779953360557556,0.9722182154655457,0.18930192291736603,0.18784192204475403,0.32914677262306213,0.20072577893733978
2238,bbbc021_cell_02238,ru_nnls,RU-NNLS,0.9629771709442139,0.9492228627204895,0.22350771725177765,0.24839532375335693,0.3268992602825165,0.2849730849266052
2242,bbbc021_cell_02242,ru_nnls,RU-NNLS,0.9517378807067871,0.9392723441123962,0.23809361457824707,0.152263805270195,0.2791268229484558,0.19827130436897278
2246,bbbc021_cell_02246,ru_nnls,RU-NNLS,0.9725067019462585,0.9667249917984009,0.21215713024139404,0.11726203560829163,0.24913567304611206,0.23660697042942047
2269,bbbc021_cell_02269,ru_nnls,RU-NNLS,0.9749720692634583,0.9688811302185059,0.23056864738464355,0.14492946863174438,0.19629915058612823,0.1423661857843399
2278,bbbc021_cell_02278,ru_nnls,RU-NNLS,0.9798938632011414,0.9753797054290771,0.20725493133068085,0.19242209196090698,0.2781907021999359,0.2180505096912384
2279,bbbc021_cell_02279,ru_nnls,RU-NNLS,0.9758589267730713,0.9658119678497314,0.21108990907669067,0.19245433807373047,0.26704663038253784,0.3151082992553711
2305,bbbc021_cell_02305,ru_nnls,RU-NNLS,0.9757111668586731,0.968548059463501,0.20586898922920227,0.21234527230262756,0.24465256929397583,0.24016664922237396
2315,bbbc021_cell_02315,ru_nnls,RU-NNLS,0.983722984790802,0.9765865206718445,0.18576331436634064,0.18365076184272766,0.32973581552505493,0.22563990950584412
2316,bbbc021_cell_02316,ru_nnls,RU-NNLS,0.9582714438438416,0.9483492374420166,0.23923678696155548,0.1219741553068161,0.2398253232240677,0.18739698827266693
2331,bbbc021_cell_02331,ru_nnls,RU-NNLS,0.9773842692375183,0.9744481444358826,0.2060028612613678,0.11418651789426804,0.1962110847234726,0.1616038978099823
2332,bbbc021_cell_02332,ru_nnls,RU-NNLS,0.9782425761222839,0.9703118801116943,0.24094149470329285,0.11915949732065201,0.1384630799293518,0.1499824970960617
2334,bbbc021_cell_02334,ru_nnls,RU-NNLS,0.9783639311790466,0.971048891544342,0.22049155831336975,0.18804225325584412,0.18653354048728943,0.16456401348114014
2336,bbbc021_cell_02336,ru_nnls,RU-NNLS,0.967541515827179,0.9519697427749634,0.2402167171239853,0.1886311173439026,0.231689915060997,0.32690802216529846
2342,bbbc021_cell_02342,ru_nnls,RU-NNLS,0.976081907749176,0.9684922695159912,0.19858062267303467,0.20402096211910248,0.26610296964645386,0.2641419768333435
2344,bbbc021_cell_02344,ru_nnls,RU-NNLS,0.9880008697509766,0.9834194779396057,0.1696997880935669,0.21424219012260437,0.22988459467887878,0.20079410076141357
2345,bbbc021_cell_02345,ru_nnls,RU-NNLS,0.9798491597175598,0.9730506539344788,0.21078677475452423,0.20900292694568634,0.255154550075531,0.16187766194343567
2350,bbbc021_cell_02350,ru_nnls,RU-NNLS,0.9730517864227295,0.9595474004745483,0.25070759654045105,0.1919214278459549,0.19382904469966888,0.2766016125679016
2358,bbbc021_cell_02358,ru_nnls,RU-NNLS,0.976668655872345,0.9700111746788025,0.1823500543832779,0.2310531735420227,0.331790953874588,0.3487268090248108
2378,bbbc021_cell_02378,ru_nnls,RU-NNLS,0.9916086196899414,0.9876545071601868,0.14118829369544983,0.2685864567756653,0.3838975727558136,0.3974761366844177
2388,bbbc021_cell_02388,ru_nnls,RU-NNLS,0.9731402397155762,0.9497581720352173,0.290020227432251,0.15425384044647217,0.21337690949440002,0.13439428806304932
2390,bbbc021_cell_02390,ru_nnls,RU-NNLS,0.9707689881324768,0.963283121585846,0.22048494219779968,0.1389445960521698,0.2629410922527313,0.4229263961315155
2396,bbbc021_cell_02396,ru_nnls,RU-NNLS,0.9809296727180481,0.9707003235816956,0.23142756521701813,0.12549830973148346,0.1643620878458023,0.14611683785915375
2415,bbbc021_cell_02415,ru_nnls,RU-NNLS,0.9583285450935364,0.9407714605331421,0.25133493542671204,0.09614765644073486,0.18346892297267914,0.13863179087638855
2417,bbbc021_cell_02417,ru_nnls,RU-NNLS,0.9805288910865784,0.9774331450462341,0.19595865905284882,0.1329103410243988,0.21827919781208038,0.21652831137180328
2427,bbbc021_cell_02427,ru_nnls,RU-NNLS,0.9859334826469421,0.982571005821228,0.1734732687473297,0.21119974553585052,0.3033010959625244,0.3080448508262634
2428,bbbc021_cell_02428,ru_nnls,RU-NNLS,0.9756941795349121,0.9723399877548218,0.22042472660541534,0.09537854790687561,0.15571728348731995,0.12807390093803406
2442,bbbc021_cell_02442,ru_nnls,RU-NNLS,0.9829776287078857,0.9801253080368042,0.18685993552207947,0.13519789278507233,0.2516740560531616,0.23543089628219604
2448,bbbc021_cell_02448,ru_nnls,RU-NNLS,0.9897763133049011,0.9858406186103821,0.15448695421218872,0.21181048452854156,0.334534615278244,0.3381645679473877
2459,bbbc021_cell_02459,ru_nnls,RU-NNLS,0.9835450053215027,0.9833128452301025,0.18339934945106506,0.11269192397594452,0.22564168274402618,0.16916239261627197
2460,bbbc021_cell_02460,ru_nnls,RU-NNLS,0.9826014041900635,0.970501720905304,0.20239226520061493,0.19442090392112732,0.27071380615234375,0.4616558253765106
2482,bbbc021_cell_02482,ru_nnls,RU-NNLS,0.9866540431976318,0.9844526648521423,0.16660860180854797,0.1345674842596054,0.2510552406311035,0.15624268352985382
2483,bbbc021_cell_02483,ru_nnls,RU-NNLS,0.9891865849494934,0.9854636788368225,0.16616657376289368,0.15732701122760773,0.2063184380531311,0.15661247074604034
2501,bbbc021_cell_02501,ru_nnls,RU-NNLS,0.9618954658508301,0.9394664168357849,0.24583090841770172,0.17899326980113983,0.26252350211143494,0.18691159784793854
2512,bbbc021_cell_02512,ru_nnls,RU-NNLS,0.978949785232544,0.9701766967773438,0.22713661193847656,0.13233301043510437,0.13055069744586945,0.12039149552583694
2514,bbbc021_cell_02514,ru_nnls,RU-NNLS,0.9744443893432617,0.9681283831596375,0.22368241846561432,0.09647944569587708,0.2329099178314209,0.14225924015045166
2520,bbbc021_cell_02520,ru_nnls,RU-NNLS,0.9693294167518616,0.95082688331604,0.21132798492908478,0.2341347187757492,0.32737770676612854,0.2592371106147766
2536,bbbc021_cell_02536,ru_nnls,RU-NNLS,0.96728515625,0.9539733529090881,0.21400262415409088,0.2121388018131256,0.2440786212682724,0.20775017142295837
2543,bbbc021_cell_02543,ru_nnls,RU-NNLS,0.9757862687110901,0.9643552899360657,0.24503858387470245,0.10409395396709442,0.19162887334823608,0.18160870671272278
2554,bbbc021_cell_02554,ru_nnls,RU-NNLS,0.9790259003639221,0.9707754254341125,0.2239522933959961,0.10144548863172531,0.2713868021965027,0.13433025777339935
2598,bbbc021_cell_02598,ru_nnls,RU-NNLS,0.977846086025238,0.9695022106170654,0.21782629191875458,0.12758950889110565,0.1975213587284088,0.28484615683555603
2602,bbbc021_cell_02602,ru_nnls,RU-NNLS,0.9734203219413757,0.9593852162361145,0.207386314868927,0.14855176210403442,0.3403438627719879,0.27433133125305176
2604,bbbc021_cell_02604,ru_nnls,RU-NNLS,0.9684076309204102,0.9560304284095764,0.22642816603183746,0.16502898931503296,0.2068997025489807,0.13219454884529114
2609,bbbc021_cell_02609,ru_nnls,RU-NNLS,0.9529938101768494,0.9179039597511292,0.29919177293777466,0.12200147658586502,0.2145776003599167,0.09786230325698853
2611,bbbc021_cell_02611,ru_nnls,RU-NNLS,0.9698583483695984,0.9657859802246094,0.22024506330490112,0.11759979277849197,0.24234628677368164,0.2453758716583252
2616,bbbc021_cell_02616,ru_nnls,RU-NNLS,0.9779579043388367,0.9739512801170349,0.19845440983772278,0.23416507244110107,0.3080451488494873,0.2589176595211029
2618,bbbc021_cell_02618,ru_nnls,RU-NNLS,0.9715787768363953,0.9551334381103516,0.25727853178977966,0.11321856081485748,0.2482239007949829,0.118782177567482
2630,bbbc021_cell_02630,ru_nnls,RU-NNLS,0.9866029620170593,0.9846737384796143,0.15664789080619812,0.21132144331932068,0.32871514558792114,0.2731386721134186
2647,bbbc021_cell_02647,ru_nnls,RU-NNLS,0.964597761631012,0.9566511511802673,0.2293420284986496,0.19225388765335083,0.23590868711471558,0.1826453059911728
2652,bbbc021_cell_02652,ru_nnls,RU-NNLS,0.9710937142372131,0.9630265831947327,0.22853147983551025,0.16862797737121582,0.2060987800359726,0.15176492929458618
2653,bbbc021_cell_02653,ru_nnls,RU-NNLS,0.9743964672088623,0.962740957736969,0.22021140158176422,0.2073313444852829,0.28623950481414795,0.21633993089199066
2660,bbbc021_cell_02660,ru_nnls,RU-NNLS,0.9612160325050354,0.949720561504364,0.25750377774238586,0.14407072961330414,0.19921565055847168,0.16581901907920837
2673,bbbc021_cell_02673,ru_nnls,RU-NNLS,0.9865583777427673,0.9786989688873291,0.19677172601222992,0.18485736846923828,0.21867263317108154,0.2829582095146179
2682,bbbc021_cell_02682,ru_nnls,RU-NNLS,0.9836378693580627,0.9786803722381592,0.17782551050186157,0.21810606122016907,0.26737064123153687,0.26764681935310364
2687,bbbc021_cell_02687,ru_nnls,RU-NNLS,0.9827659130096436,0.9749545454978943,0.2172255665063858,0.11412935703992844,0.15791592001914978,0.1356486827135086
2700,bbbc021_cell_02700,ru_nnls,RU-NNLS,0.975599467754364,0.9594875574111938,0.25428324937820435,0.183736652135849,0.2354944944381714,0.2032376378774643
2702,bbbc021_cell_02702,ru_nnls,RU-NNLS,0.9739663004875183,0.9600490927696228,0.18153353035449982,0.261027991771698,0.5326314568519592,0.28205832839012146
2711,bbbc021_cell_02711,ru_nnls,RU-NNLS,0.9751951098442078,0.9613596200942993,0.1977023035287857,0.25098174810409546,0.3273884952068329,0.3494921922683716
2725,bbbc021_cell_02725,ru_nnls,RU-NNLS,0.9719317555427551,0.9658384323120117,0.2099362462759018,0.15906251966953278,0.24715489149093628,0.24993474781513214
2726,bbbc021_cell_02726,ru_nnls,RU-NNLS,0.9769030213356018,0.9748253226280212,0.21391896903514862,0.09680172055959702,0.22942513227462769,0.12968362867832184
2727,bbbc021_cell_02727,ru_nnls,RU-NNLS,0.9774245619773865,0.972236156463623,0.1891307234764099,0.28086185455322266,0.3552682399749756,0.3424413502216339
2732,bbbc021_cell_02732,ru_nnls,RU-NNLS,0.9714835286140442,0.9584049582481384,0.24129696190357208,0.1326344907283783,0.18263094127178192,0.2654798924922943
2742,bbbc021_cell_02742,ru_nnls,RU-NNLS,0.9765607714653015,0.9728659987449646,0.18721169233322144,0.17643940448760986,0.2977006137371063,0.3102567195892334
2744,bbbc021_cell_02744,ru_nnls,RU-NNLS,0.9776321053504944,0.964362382888794,0.24815721809864044,0.13388313353061676,0.1820259988307953,0.0968637466430664
2745,bbbc021_cell_02745,ru_nnls,RU-NNLS,0.976585865020752,0.9719963073730469,0.21465270221233368,0.12575124204158783,0.20517002046108246,0.13745057582855225
2751,bbbc021_cell_02751,ru_nnls,RU-NNLS,0.9619731903076172,0.9497794508934021,0.2512260377407074,0.19424189627170563,0.1996234655380249,0.22611422836780548
2775,bbbc021_cell_02775,ru_nnls,RU-NNLS,0.9422888159751892,0.8492701053619385,0.6003029942512512,0.10873132199048996,0.029271569103002548,0.11157602071762085
2782,bbbc021_cell_02782,ru_nnls,RU-NNLS,0.9861238598823547,0.9825139045715332,0.1557459831237793,0.2635868787765503,0.39368078112602234,0.4622921645641327
2783,bbbc021_cell_02783,ru_nnls,RU-NNLS,0.973193883895874,0.9671592116355896,0.21238459646701813,0.19400109350681305,0.2578611671924591,0.2561153173446655
2787,bbbc021_cell_02787,ru_nnls,RU-NNLS,0.9736570715904236,0.9598197340965271,0.24683164060115814,0.13136141002178192,0.16190452873706818,0.2242106795310974
2788,bbbc021_cell_02788,ru_nnls,RU-NNLS,0.9817224144935608,0.9732367992401123,0.21660013496875763,0.1942840814590454,0.20597614347934723,0.275220662355423
2792,bbbc021_cell_02792,ru_nnls,RU-NNLS,0.977058470249176,0.9613800644874573,0.23227976262569427,0.19482213258743286,0.2924850881099701,0.14412914216518402
2810,bbbc021_cell_02810,ru_nnls,RU-NNLS,0.9754473567008972,0.963188886642456,0.22285594046115875,0.14800503849983215,0.2668233811855316,0.1916998028755188
2813,bbbc021_cell_02813,ru_nnls,RU-NNLS,0.9741045832633972,0.9673821330070496,0.24404743313789368,0.08775913715362549,0.21142064034938812,0.16054262220859528
2816,bbbc021_cell_02816,ru_nnls,RU-NNLS,0.9723820686340332,0.961571455001831,0.2269665002822876,0.18975424766540527,0.19497300684452057,0.15947353839874268
2817,bbbc021_cell_02817,ru_nnls,RU-NNLS,0.9724696278572083,0.9649099111557007,0.2265474945306778,0.09842967242002487,0.22053281962871552,0.127476304769516
2819,bbbc021_cell_02819,ru_nnls,RU-NNLS,0.9875998497009277,0.9823448657989502,0.18651063740253448,0.12088826298713684,0.16785570979118347,0.17896531522274017
2841,bbbc021_cell_02841,ru_nnls,RU-NNLS,0.9667425751686096,0.947670042514801,0.21337634325027466,0.1965923011302948,0.301013708114624,0.2000734806060791
2846,bbbc021_cell_02846,ru_nnls,RU-NNLS,0.982989490032196,0.9790960550308228,0.17444412410259247,0.19993692636489868,0.2937624454498291,0.32900896668434143
2851,bbbc021_cell_02851,ru_nnls,RU-NNLS,0.97447270154953,0.962614893913269,0.23091265559196472,0.14400459825992584,0.1802896410226822,0.1873357594013214
2855,bbbc021_cell_02855,ru_nnls,RU-NNLS,0.963188648223877,0.9531056880950928,0.2486715018749237,0.09912614524364471,0.31365254521369934,0.1479973942041397
2864,bbbc021_cell_02864,ru_nnls,RU-NNLS,0.9811311364173889,0.9771295189857483,0.18142887949943542,0.24246631562709808,0.3419242203235626,0.30716997385025024
2875,bbbc021_cell_02875,ru_nnls,RU-NNLS,0.9645165801048279,0.9584357142448425,0.24027855694293976,0.09607366472482681,0.16945478320121765,0.2018592804670334
2886,bbbc021_cell_02886,ru_nnls,RU-NNLS,0.9731709957122803,0.9587154388427734,0.2210688441991806,0.19653716683387756,0.27722063660621643,0.21041879057884216
2897,bbbc021_cell_02897,ru_nnls,RU-NNLS,0.9829022288322449,0.9749460816383362,0.2033546417951584,0.2893609404563904,0.2528020739555359,0.3142734467983246
2911,bbbc021_cell_02911,ru_nnls,RU-NNLS,0.976000964641571,0.963424563407898,0.2455027848482132,0.20661506056785583,0.20427417755126953,0.22482818365097046
2915,bbbc021_cell_02915,ru_nnls,RU-NNLS,0.984041690826416,0.9809181690216064,0.17641162872314453,0.1821584403514862,0.2341775894165039,0.19696180522441864
2929,bbbc021_cell_02929,ru_nnls,RU-NNLS,0.9801567196846008,0.9713422656059265,0.21665917336940765,0.16913080215454102,0.1890065222978592,0.18539737164974213
2938,bbbc021_cell_02938,ru_nnls,RU-NNLS,0.980665385723114,0.9669084548950195,0.23941011726856232,0.1854122430086136,0.20657826960086823,0.3077510893344879
2945,bbbc021_cell_02945,ru_nnls,RU-NNLS,0.9633648991584778,0.9377583861351013,0.24716515839099884,0.17938563227653503,0.24783311784267426,0.17601311206817627
2959,bbbc021_cell_02959,ru_nnls,RU-NNLS,0.9735667109489441,0.9507163763046265,0.23791104555130005,0.24601124227046967,0.3964371085166931,0.25774118304252625
2966,bbbc021_cell_02966,ru_nnls,RU-NNLS,0.9774348735809326,0.9719522595405579,0.20790018141269684,0.13880176842212677,0.3198850452899933,0.19416570663452148
2971,bbbc021_cell_02971,ru_nnls,RU-NNLS,0.9800905585289001,0.968210756778717,0.2349196821451187,0.13859610259532928,0.15662166476249695,0.24838121235370636
2973,bbbc021_cell_02973,ru_nnls,RU-NNLS,0.9796196818351746,0.9745318293571472,0.19398318231105804,0.1862759292125702,0.2111576497554779,0.19821389019489288
2975,bbbc021_cell_02975,ru_nnls,RU-NNLS,0.9658723473548889,0.9593546390533447,0.22538956999778748,0.12348825484514236,0.2003803551197052,0.1889149248600006
2976,bbbc021_cell_02976,ru_nnls,RU-NNLS,0.9809010028839111,0.9782325625419617,0.17885936796665192,0.15333066880702972,0.24724912643432617,0.24138875305652618
2986,bbbc021_cell_02986,ru_nnls,RU-NNLS,0.9783258438110352,0.9715846180915833,0.21183471381664276,0.14187203347682953,0.1782512217760086,0.1740681231021881
3010,bbbc021_cell_03010,ru_nnls,RU-NNLS,0.9724006652832031,0.9630513787269592,0.2104770392179489,0.12706096470355988,0.2823358476161957,0.21209414303302765
3020,bbbc021_cell_03020,ru_nnls,RU-NNLS,0.9741639494895935,0.9660946130752563,0.21712835133075714,0.20931261777877808,0.21986030042171478,0.26342329382896423
3027,bbbc021_cell_03027,ru_nnls,RU-NNLS,0.9808825850486755,0.9752400517463684,0.19337722659111023,0.16861310601234436,0.22861246764659882,0.19146817922592163
3032,bbbc021_cell_03032,ru_nnls,RU-NNLS,0.9665229320526123,0.9527837634086609,0.2500649690628052,0.13952891528606415,0.22477327287197113,0.18087390065193176
3039,bbbc021_cell_03039,ru_nnls,RU-NNLS,0.9755943417549133,0.9635853171348572,0.21857497096061707,0.14363537728786469,0.31613075733184814,0.21113233268260956
3048,bbbc021_cell_03048,ru_nnls,RU-NNLS,0.9765656590461731,0.9668835997581482,0.2138112485408783,0.21413035690784454,0.24806588888168335,0.19281649589538574
3049,bbbc021_cell_03049,ru_nnls,RU-NNLS,0.9802843928337097,0.9732301235198975,0.20868493616580963,0.19713053107261658,0.2508266568183899,0.18056313693523407
3056,bbbc021_cell_03056,ru_nnls,RU-NNLS,0.9700844883918762,0.9638161659240723,0.22120703756809235,0.12317582964897156,0.20903638005256653,0.24853438138961792
3062,bbbc021_cell_03062,ru_nnls,RU-NNLS,0.9854652881622314,0.983919620513916,0.17123271524906158,0.15103919804096222,0.23998689651489258,0.3083173334598541
3065,bbbc021_cell_03065,ru_nnls,RU-NNLS,0.9709731936454773,0.9587055444717407,0.24689345061779022,0.13292226195335388,0.14544911682605743,0.1436872035264969
3068,bbbc021_cell_03068,ru_nnls,RU-NNLS,0.9808595180511475,0.9708428382873535,0.20938754081726074,0.1917690932750702,0.2027580589056015,0.2538762390613556
3071,bbbc021_cell_03071,ru_nnls,RU-NNLS,0.9631422162055969,0.9445306062698364,0.26749294996261597,0.09792165458202362,0.28826209902763367,0.13277560472488403
3072,bbbc021_cell_03072,ru_nnls,RU-NNLS,0.981654942035675,0.9793310165405273,0.20103967189788818,0.0996871218085289,0.23090626299381256,0.18976567685604095
3073,bbbc021_cell_03073,ru_nnls,RU-NNLS,0.9663394093513489,0.9451327323913574,0.2551363706588745,0.21227426826953888,0.24375192821025848,0.1562809944152832
3074,bbbc021_cell_03074,ru_nnls,RU-NNLS,0.9728190898895264,0.9642983078956604,0.2380058318376541,0.1511761099100113,0.1823774129152298,0.11739018559455872
3085,bbbc021_cell_03085,ru_nnls,RU-NNLS,0.9755821228027344,0.9682011604309082,0.22711527347564697,0.1335209757089615,0.1658228635787964,0.15874142944812775
3086,bbbc021_cell_03086,ru_nnls,RU-NNLS,0.9758835434913635,0.9684247374534607,0.17506851255893707,0.22758154571056366,0.3681674897670746,0.34372952580451965
3089,bbbc021_cell_03089,ru_nnls,RU-NNLS,0.9720523953437805,0.96403968334198,0.23576414585113525,0.1562061905860901,0.1562233567237854,0.1490717977285385
3095,bbbc021_cell_03095,ru_nnls,RU-NNLS,0.9686645865440369,0.9613044261932373,0.20827485620975494,0.1400873363018036,0.2531746029853821,0.2128882110118866
3105,bbbc021_cell_03105,ru_nnls,RU-NNLS,0.9724765419960022,0.9593255519866943,0.24055469036102295,0.14004243910312653,0.2133329063653946,0.17884904146194458
3107,bbbc021_cell_03107,ru_nnls,RU-NNLS,0.9765615463256836,0.9733840823173523,0.20204390585422516,0.1303420215845108,0.18039308488368988,0.18631848692893982
3111,bbbc021_cell_03111,ru_nnls,RU-NNLS,0.9777583479881287,0.9693471789360046,0.21047858893871307,0.2592369616031647,0.2859819829463959,0.22454309463500977
3118,bbbc021_cell_03118,ru_nnls,RU-NNLS,0.9758987426757812,0.9698957204818726,0.20662260055541992,0.1895928829908371,0.2531053423881531,0.3089958429336548
3126,bbbc021_cell_03126,ru_nnls,RU-NNLS,0.9785091876983643,0.9721135497093201,0.19154787063598633,0.1907748430967331,0.2126249223947525,0.1872129589319229
3132,bbbc021_cell_03132,ru_nnls,RU-NNLS,0.9738481640815735,0.968215823173523,0.21000291407108307,0.1451335996389389,0.2139940857887268,0.20237672328948975
3134,bbbc021_cell_03134,ru_nnls,RU-NNLS,0.9768067002296448,0.9692292213439941,0.22803832590579987,0.13161148130893707,0.21329133212566376,0.1859324723482132
3142,bbbc021_cell_03142,ru_nnls,RU-NNLS,0.9900180697441101,0.9857863187789917,0.16027399897575378,0.1585969179868698,0.19210277497768402,0.16083793342113495
3149,bbbc021_cell_03149,ru_nnls,RU-NNLS,0.9731023907661438,0.9672734141349792,0.22014959156513214,0.11777389794588089,0.19937743246555328,0.23059996962547302
3151,bbbc021_cell_03151,ru_nnls,RU-NNLS,0.9813681244850159,0.9791905879974365,0.1776825189590454,0.15041501820087433,0.2477487176656723,0.25812485814094543
3152,bbbc021_cell_03152,ru_nnls,RU-NNLS,0.96622234582901,0.9605316519737244,0.24033644795417786,0.11500908434391022,0.1561698019504547,0.15348118543624878
3165,bbbc021_cell_03165,ru_nnls,RU-NNLS,0.9807645678520203,0.9751771688461304,0.20091013610363007,0.20285606384277344,0.2543618381023407,0.18313269317150116
3167,bbbc021_cell_03167,ru_nnls,RU-NNLS,0.9711575508117676,0.9533337354660034,0.19653908908367157,0.2461608499288559,0.34576258063316345,0.24241718649864197
3168,bbbc021_cell_03168,ru_nnls,RU-NNLS,0.9759306311607361,0.9740081429481506,0.21558405458927155,0.10513609647750854,0.20185069739818573,0.1987801194190979
3178,bbbc021_cell_03178,ru_nnls,RU-NNLS,0.9707422256469727,0.9612549543380737,0.24096229672431946,0.13492147624492645,0.22595779597759247,0.20561246573925018
3183,bbbc021_cell_03183,ru_nnls,RU-NNLS,0.9739363193511963,0.9683250188827515,0.2275444120168686,0.1034887358546257,0.1832634061574936,0.1822560727596283
3185,bbbc021_cell_03185,ru_nnls,RU-NNLS,0.9833221435546875,0.9818874001502991,0.20121878385543823,0.07667558640241623,0.1614304929971695,0.1058351993560791
3217,bbbc021_cell_03217,ru_nnls,RU-NNLS,0.972298800945282,0.9623322486877441,0.2199966311454773,0.17644734680652618,0.20950493216514587,0.2110615074634552
3219,bbbc021_cell_03219,ru_nnls,RU-NNLS,0.9605527520179749,0.9472705125808716,0.23553958535194397,0.10811871290206909,0.22359095513820648,0.17564231157302856
3222,bbbc021_cell_03222,ru_nnls,RU-NNLS,0.9690477252006531,0.9538260102272034,0.23219254612922668,0.13056544959545135,0.39553096890449524,0.1795983910560608
3225,bbbc021_cell_03225,ru_nnls,RU-NNLS,0.9824612736701965,0.9803711175918579,0.1826772540807724,0.17844465374946594,0.2726489305496216,0.2565232515335083
3236,bbbc021_cell_03236,ru_nnls,RU-NNLS,0.9716526865959167,0.9659969806671143,0.22243140637874603,0.18155550956726074,0.20560836791992188,0.18733437359333038
3240,bbbc021_cell_03240,ru_nnls,RU-NNLS,0.9773712158203125,0.971200704574585,0.23163969814777374,0.1134481355547905,0.17462413012981415,0.17193350195884705
3242,bbbc021_cell_03242,ru_nnls,RU-NNLS,0.9828479886054993,0.9787155389785767,0.1806616187095642,0.18871472775936127,0.22335855662822723,0.1603402942419052
3243,bbbc021_cell_03243,ru_nnls,RU-NNLS,0.9679135680198669,0.957480251789093,0.23306287825107574,0.20354869961738586,0.2064809799194336,0.21677285432815552
3250,bbbc021_cell_03250,ru_nnls,RU-NNLS,0.980002224445343,0.9719341993331909,0.2351626455783844,0.10960444808006287,0.17163196206092834,0.12471245974302292
3253,bbbc021_cell_03253,ru_nnls,RU-NNLS,0.9700522422790527,0.9631885886192322,0.23747055232524872,0.10797476768493652,0.21102453768253326,0.22974655032157898
3276,bbbc021_cell_03276,ru_nnls,RU-NNLS,0.9827467799186707,0.9780385494232178,0.1926109939813614,0.18245430290699005,0.2842893600463867,0.19836914539337158
3280,bbbc021_cell_03280,ru_nnls,RU-NNLS,0.9759597778320312,0.9634109735488892,0.20389781892299652,0.2016969472169876,0.2776760458946228,0.21161676943302155
3289,bbbc021_cell_03289,ru_nnls,RU-NNLS,0.9738314747810364,0.9676598906517029,0.23368771374225616,0.1155189499258995,0.1634245067834854,0.1966521292924881
3297,bbbc021_cell_03297,ru_nnls,RU-NNLS,0.9826857447624207,0.9793468713760376,0.19379843771457672,0.11396092176437378,0.17722414433956146,0.1605885624885559
3313,bbbc021_cell_03313,ru_nnls,RU-NNLS,0.9573022723197937,0.9408495426177979,0.3008871376514435,0.11121398955583572,0.14002786576747894,0.14063972234725952
3317,bbbc021_cell_03317,ru_nnls,RU-NNLS,0.9740502834320068,0.9537934064865112,0.21652856469154358,0.2510915994644165,0.38468486070632935,0.25294774770736694
3328,bbbc021_cell_03328,ru_nnls,RU-NNLS,0.9651568531990051,0.951446533203125,0.2465248703956604,0.20269039273262024,0.20240406692028046,0.23848669230937958
3333,bbbc021_cell_03333,ru_nnls,RU-NNLS,0.9857740998268127,0.9818880558013916,0.17986012995243073,0.13768765330314636,0.3233194053173065,0.17977756261825562
3341,bbbc021_cell_03341,ru_nnls,RU-NNLS,0.9503540992736816,0.9319716095924377,0.27928850054740906,0.10873053967952728,0.16288158297538757,0.126439169049263
3342,bbbc021_cell_03342,ru_nnls,RU-NNLS,0.9734442830085754,0.966884434223175,0.2367916852235794,0.14220023155212402,0.21032381057739258,0.23244443535804749
3345,bbbc021_cell_03345,ru_nnls,RU-NNLS,0.9798984527587891,0.9742403626441956,0.21832872927188873,0.11161474883556366,0.21998076140880585,0.3961796760559082
3363,bbbc021_cell_03363,ru_nnls,RU-NNLS,0.9835427403450012,0.9791916012763977,0.1670985370874405,0.20599664747714996,0.26293930411338806,0.23484814167022705
3367,bbbc021_cell_03367,ru_nnls,RU-NNLS,0.9856572151184082,0.9833077192306519,0.17871695756912231,0.13610084354877472,0.19323040544986725,0.16177652776241302
3381,bbbc021_cell_03381,ru_nnls,RU-NNLS,0.9789826273918152,0.9781705141067505,0.20307543873786926,0.1373065859079361,0.3151707351207733,0.28924405574798584
3395,bbbc021_cell_03395,ru_nnls,RU-NNLS,0.969992458820343,0.9542936086654663,0.2757822871208191,0.16571035981178284,0.1950118988752365,0.1429089456796646
3397,bbbc021_cell_03397,ru_nnls,RU-NNLS,0.9781038165092468,0.9728463292121887,0.21885564923286438,0.12217262387275696,0.19023655354976654,0.23391792178153992
3402,bbbc021_cell_03402,ru_nnls,RU-NNLS,0.957755982875824,0.9463369250297546,0.2408006191253662,0.16127000749111176,0.24000565707683563,0.23777945339679718
3403,bbbc021_cell_03403,ru_nnls,RU-NNLS,0.9782257080078125,0.9618761539459229,0.27516090869903564,0.14975887537002563,0.20984774827957153,0.06547147035598755
3404,bbbc021_cell_03404,ru_nnls,RU-NNLS,0.9786763191223145,0.9733601808547974,0.18988928198814392,0.21215233206748962,0.30307725071907043,0.2920450270175934
3427,bbbc021_cell_03427,ru_nnls,RU-NNLS,0.985393226146698,0.982776403427124,0.17246966063976288,0.17255328595638275,0.2553096115589142,0.2616662383079529
3436,bbbc021_cell_03436,ru_nnls,RU-NNLS,0.9655579924583435,0.9502083659172058,0.22447440028190613,0.12870709598064423,0.3465757966041565,0.18622048199176788
3443,bbbc021_cell_03443,ru_nnls,RU-NNLS,0.964921236038208,0.9302302002906799,0.24524275958538055,0.2384490668773651,0.3040764629840851,0.16556471586227417
3461,bbbc021_cell_03461,ru_nnls,RU-NNLS,0.9731521010398865,0.9656175971031189,0.24247239530086517,0.10861817747354507,0.22169406712055206,0.15011215209960938
3462,bbbc021_cell_03462,ru_nnls,RU-NNLS,0.9661833643913269,0.955336332321167,0.2592872381210327,0.11743905395269394,0.15276069939136505,0.16004067659378052
3465,bbbc021_cell_03465,ru_nnls,RU-NNLS,0.972266674041748,0.9617383480072021,0.223379448056221,0.16934998333454132,0.24012967944145203,0.17811425030231476
3487,bbbc021_cell_03487,ru_nnls,RU-NNLS,0.9913021922111511,0.988522469997406,0.1431715041399002,0.19408342242240906,0.3213709890842438,0.24795019626617432
3495,bbbc021_cell_03495,ru_nnls,RU-NNLS,0.9865862727165222,0.9831565618515015,0.17653362452983856,0.16548418998718262,0.22710807621479034,0.17934222519397736
3509,bbbc021_cell_03509,ru_nnls,RU-NNLS,0.9840428233146667,0.9762454628944397,0.1907173991203308,0.2578585743904114,0.25646525621414185,0.3167567253112793
3510,bbbc021_cell_03510,ru_nnls,RU-NNLS,0.9670255184173584,0.9546911716461182,0.24809530377388,0.16513925790786743,0.16630879044532776,0.20718516409397125
3511,bbbc021_cell_03511,ru_nnls,RU-NNLS,0.9615219235420227,0.9489070773124695,0.21620705723762512,0.15989141166210175,0.2567158043384552,0.22294320166110992
3512,bbbc021_cell_03512,ru_nnls,RU-NNLS,0.981428325176239,0.9764196276664734,0.19108760356903076,0.20205168426036835,0.24489843845367432,0.21797871589660645
3516,bbbc021_cell_03516,ru_nnls,RU-NNLS,0.9585294723510742,0.9517045021057129,0.2369557023048401,0.12575052678585052,0.2266802042722702,0.23657777905464172
3527,bbbc021_cell_03527,ru_nnls,RU-NNLS,0.9751331806182861,0.9725450277328491,0.19466763734817505,0.15459471940994263,0.3014582097530365,0.2864324152469635
3543,bbbc021_cell_03543,ru_nnls,RU-NNLS,0.9875893592834473,0.9850419163703918,0.16278451681137085,0.13305021822452545,0.25172847509384155,0.2648911774158478
3551,bbbc021_cell_03551,ru_nnls,RU-NNLS,0.9804246425628662,0.9784176349639893,0.20354007184505463,0.07662133127450943,0.17145834863185883,0.13909964263439178
3554,bbbc021_cell_03554,ru_nnls,RU-NNLS,0.9774726033210754,0.9682213068008423,0.2146541029214859,0.10503946244716644,0.30031439661979675,0.15098059177398682
3557,bbbc021_cell_03557,ru_nnls,RU-NNLS,0.9864181876182556,0.980084240436554,0.19492806494235992,0.14923809468746185,0.24553869664669037,0.11545908451080322
3559,bbbc021_cell_03559,ru_nnls,RU-NNLS,0.9817765355110168,0.9751201272010803,0.19781792163848877,0.20757606625556946,0.27011165022850037,0.17751918733119965
3561,bbbc021_cell_03561,ru_nnls,RU-NNLS,0.9867656230926514,0.9831977486610413,0.16858284175395966,0.22096256911754608,0.2875747084617615,0.29634717106819153
3567,bbbc021_cell_03567,ru_nnls,RU-NNLS,0.981022834777832,0.9769493937492371,0.1935018002986908,0.14225713908672333,0.2045271098613739,0.2594859302043915
3580,bbbc021_cell_03580,ru_nnls,RU-NNLS,0.987158477306366,0.9825927019119263,0.16780757904052734,0.25071072578430176,0.2934429943561554,0.29765263199806213
3592,bbbc021_cell_03592,ru_nnls,RU-NNLS,0.9679663181304932,0.9295687675476074,0.3634198307991028,0.1269982010126114,0.07493741065263748,0.2068556398153305
3594,bbbc021_cell_03594,ru_nnls,RU-NNLS,0.9767441749572754,0.9691913723945618,0.2069532424211502,0.16546079516410828,0.23392897844314575,0.17044833302497864
3597,bbbc021_cell_03597,ru_nnls,RU-NNLS,0.9656993746757507,0.9566522240638733,0.3061925172805786,0.08060916513204575,0.07670092582702637,0.07969262450933456
3598,bbbc021_cell_03598,ru_nnls,RU-NNLS,0.9526171088218689,0.9218807816505432,0.32900890707969666,0.13222676515579224,0.17246729135513306,0.08037623018026352
3610,bbbc021_cell_03610,ru_nnls,RU-NNLS,0.971586287021637,0.9605006575584412,0.1987917274236679,0.17233777046203613,0.28398367762565613,0.23481689393520355
3612,bbbc021_cell_03612,ru_nnls,RU-NNLS,0.970099151134491,0.9595176577568054,0.2206961065530777,0.1392710655927658,0.21405819058418274,0.17780426144599915
3625,bbbc021_cell_03625,ru_nnls,RU-NNLS,0.9798309803009033,0.9779133200645447,0.18500933051109314,0.1849595010280609,0.3853514492511749,0.508029580116272
3634,bbbc021_cell_03634,ru_nnls,RU-NNLS,0.9871935844421387,0.9784067273139954,0.2035933881998062,0.18201658129692078,0.12683625519275665,0.20663921535015106
3636,bbbc021_cell_03636,ru_nnls,RU-NNLS,0.9737920165061951,0.9630282521247864,0.2372182458639145,0.13045524060726166,0.19187048077583313,0.26785174012184143
3644,bbbc021_cell_03644,ru_nnls,RU-NNLS,0.9774360060691833,0.9713568687438965,0.21509888768196106,0.16858965158462524,0.2585311532020569,0.2675921320915222
3646,bbbc021_cell_03646,ru_nnls,RU-NNLS,0.9826183915138245,0.9765937328338623,0.21114233136177063,0.14578406512737274,0.19369183480739594,0.13139985501766205
3647,bbbc021_cell_03647,ru_nnls,RU-NNLS,0.9847398400306702,0.9817306995391846,0.16529154777526855,0.18285596370697021,0.319394588470459,0.2786344587802887
3668,bbbc021_cell_03668,ru_nnls,RU-NNLS,0.9803689122200012,0.9715145826339722,0.22239868342876434,0.11881362646818161,0.34347984194755554,0.49581146240234375
3674,bbbc021_cell_03674,ru_nnls,RU-NNLS,0.9686858057975769,0.95912766456604,0.2252134382724762,0.1700659841299057,0.19638508558273315,0.1955115795135498
3676,bbbc021_cell_03676,ru_nnls,RU-NNLS,0.9594880938529968,0.9457641839981079,0.264254629611969,0.08097890019416809,0.1902613788843155,0.1001017615199089
3694,bbbc021_cell_03694,ru_nnls,RU-NNLS,0.9709070324897766,0.9513092041015625,0.27500098943710327,0.17148472368717194,0.1868162453174591,0.16799570620059967
3701,bbbc021_cell_03701,ru_nnls,RU-NNLS,0.9646349549293518,0.9587264657020569,0.23390240967273712,0.15565894544124603,0.21175920963287354,0.25821298360824585
3712,bbbc021_cell_03712,ru_nnls,RU-NNLS,0.9767629504203796,0.9712230563163757,0.19850307703018188,0.21696652472019196,0.25820183753967285,0.23612047731876373
3714,bbbc021_cell_03714,ru_nnls,RU-NNLS,0.9816506505012512,0.976874828338623,0.18942470848560333,0.20097823441028595,0.26021891832351685,0.30391454696655273
3719,bbbc021_cell_03719,ru_nnls,RU-NNLS,0.9728240966796875,0.9584055542945862,0.23901312053203583,0.1451057493686676,0.25532233715057373,0.15676335990428925
3721,bbbc021_cell_03721,ru_nnls,RU-NNLS,0.9629272818565369,0.9486806988716125,0.2606534957885742,0.1222311332821846,0.16166415810585022,0.15037323534488678
3723,bbbc021_cell_03723,ru_nnls,RU-NNLS,0.9670431613922119,0.9592438340187073,0.23028875887393951,0.13411960005760193,0.2980542480945587,0.26834776997566223
3725,bbbc021_cell_03725,ru_nnls,RU-NNLS,0.9878067970275879,0.9816598296165466,0.18248841166496277,0.21927502751350403,0.24646218121051788,0.20952153205871582
3728,bbbc021_cell_03728,ru_nnls,RU-NNLS,0.9789420962333679,0.9716716408729553,0.23217201232910156,0.10826046019792557,0.17339639365673065,0.10792902112007141
3730,bbbc021_cell_03730,ru_nnls,RU-NNLS,0.9842148423194885,0.9812016487121582,0.17765271663665771,0.1750825196504593,0.245291069149971,0.21318863332271576
3739,bbbc021_cell_03739,ru_nnls,RU-NNLS,0.9752435088157654,0.9653798341751099,0.24074925482273102,0.1500401645898819,0.14103448390960693,0.1295122355222702
3741,bbbc021_cell_03741,ru_nnls,RU-NNLS,0.9771159291267395,0.9678323864936829,0.22013376653194427,0.1516881287097931,0.18001814186573029,0.18474197387695312
3745,bbbc021_cell_03745,ru_nnls,RU-NNLS,0.9781545996665955,0.9722096920013428,0.21974019706249237,0.11422479897737503,0.19898086786270142,0.13596485555171967
3746,bbbc021_cell_03746,ru_nnls,RU-NNLS,0.9845366477966309,0.9810054302215576,0.1695103645324707,0.19737905263900757,0.379364013671875,0.24600113928318024
3754,bbbc021_cell_03754,ru_nnls,RU-NNLS,0.9735299944877625,0.9630481004714966,0.20817476511001587,0.12717889249324799,0.21670475602149963,0.1657876819372177
3758,bbbc021_cell_03758,ru_nnls,RU-NNLS,0.9827759861946106,0.9820690751075745,0.18216322362422943,0.12793242931365967,0.24197739362716675,0.24341002106666565
3759,bbbc021_cell_03759,ru_nnls,RU-NNLS,0.97629714012146,0.9690768718719482,0.212471142411232,0.11340715736150742,0.15440057218074799,0.15747113525867462
3779,bbbc021_cell_03779,ru_nnls,RU-NNLS,0.9839285016059875,0.9781661629676819,0.207930788397789,0.16354010999202728,0.22408126294612885,0.10927147418260574
3791,bbbc021_cell_03791,ru_nnls,RU-NNLS,0.9847464561462402,0.9812192916870117,0.1529223471879959,0.2018769383430481,0.32275235652923584,0.2867618501186371
3792,bbbc021_cell_03792,ru_nnls,RU-NNLS,0.9819872975349426,0.9786206483840942,0.18484069406986237,0.1367357224225998,0.2912137806415558,0.2969316840171814
3794,bbbc021_cell_03794,ru_nnls,RU-NNLS,0.981264054775238,0.9675434827804565,0.23619391024112701,0.17612141370773315,0.1483476758003235,0.219650998711586
3803,bbbc021_cell_03803,ru_nnls,RU-NNLS,0.9896904826164246,0.9873456954956055,0.1516619473695755,0.16205225884914398,0.2317948341369629,0.22113797068595886
3804,bbbc021_cell_03804,ru_nnls,RU-NNLS,0.9751601219177246,0.9651353359222412,0.2082495242357254,0.20642369985580444,0.233995258808136,0.18401911854743958
3807,bbbc021_cell_03807,ru_nnls,RU-NNLS,0.9598496556282043,0.9479256272315979,0.2699337601661682,0.1039811298251152,0.1347283124923706,0.17564280331134796
3809,bbbc021_cell_03809,ru_nnls,RU-NNLS,0.9838366508483887,0.9786433577537537,0.1689824014902115,0.17389008402824402,0.2603498697280884,0.1924963742494583
3812,bbbc021_cell_03812,ru_nnls,RU-NNLS,0.9709219336509705,0.9627270698547363,0.19965492188930511,0.18266791105270386,0.27717193961143494,0.2521614730358124
3813,bbbc021_cell_03813,ru_nnls,RU-NNLS,0.9673154950141907,0.9657239317893982,0.2390928417444229,0.0951864942908287,0.18811629712581635,0.20892703533172607
3815,bbbc021_cell_03815,ru_nnls,RU-NNLS,0.9711563587188721,0.9605867266654968,0.22999900579452515,0.1029839888215065,0.18289853632450104,0.24798980355262756
3823,bbbc021_cell_03823,ru_nnls,RU-NNLS,0.969170868396759,0.9523066878318787,0.22798654437065125,0.20035283267498016,0.24836628139019012,0.16242724657058716
3824,bbbc021_cell_03824,ru_nnls,RU-NNLS,0.9892740845680237,0.984883725643158,0.17249718308448792,0.11567860841751099,0.1619589924812317,0.12921041250228882
3827,bbbc021_cell_03827,ru_nnls,RU-NNLS,0.9814755320549011,0.9777956008911133,0.19263578951358795,0.12045683711767197,0.2334945648908615,0.28332677483558655
3830,bbbc021_cell_03830,ru_nnls,RU-NNLS,0.9813447594642639,0.9742280840873718,0.2309228628873825,0.07978334277868271,0.2353438287973404,0.1896371990442276
3834,bbbc021_cell_03834,ru_nnls,RU-NNLS,0.9681691527366638,0.9559305310249329,0.22279086709022522,0.21444717049598694,0.24265818297863007,0.2456064224243164
3838,bbbc021_cell_03838,ru_nnls,RU-NNLS,0.9767257571220398,0.9633156061172485,0.22121809422969818,0.1697833091020584,0.2760769724845886,0.22028011083602905
3845,bbbc021_cell_03845,ru_nnls,RU-NNLS,0.9612438082695007,0.9349619150161743,0.335197776556015,0.0672178789973259,0.07587271183729172,0.10744580626487732
3846,bbbc021_cell_03846,ru_nnls,RU-NNLS,0.9571579098701477,0.8920280933380127,0.44916144013404846,0.13812480866909027,0.05053339898586273,0.16945584118366241
3849,bbbc021_cell_03849,ru_nnls,RU-NNLS,0.9658588767051697,0.9496051073074341,0.25836971402168274,0.19702623784542084,0.16457970440387726,0.14142483472824097
3850,bbbc021_cell_03850,ru_nnls,RU-NNLS,0.9716261029243469,0.9596713781356812,0.22538039088249207,0.2159920632839203,0.19690129160881042,0.18789541721343994
3859,bbbc021_cell_03859,ru_nnls,RU-NNLS,0.9774463772773743,0.9737424850463867,0.20265880227088928,0.13451379537582397,0.20080117881298065,0.21426691114902496
3883,bbbc021_cell_03883,ru_nnls,RU-NNLS,0.9658808708190918,0.9519602656364441,0.2461416870355606,0.1574944108724594,0.18749302625656128,0.1449442356824875
3886,bbbc021_cell_03886,ru_nnls,RU-NNLS,0.9615470767021179,0.9375842809677124,0.32848915457725525,0.07653321325778961,0.2645149230957031,0.27433913946151733
3887,bbbc021_cell_03887,ru_nnls,RU-NNLS,0.9751975536346436,0.9675372242927551,0.209878608584404,0.18908445537090302,0.20422811806201935,0.19044095277786255
3892,bbbc021_cell_03892,ru_nnls,RU-NNLS,0.9859213829040527,0.9836845993995667,0.16583213210105896,0.2868075668811798,0.34647151827812195,0.34215256571769714
3894,bbbc021_cell_03894,ru_nnls,RU-NNLS,0.9794692397117615,0.97060626745224,0.17233191430568695,0.21811358630657196,0.3281293511390686,0.30730360746383667
3897,bbbc021_cell_03897,ru_nnls,RU-NNLS,0.9536028504371643,0.9167956709861755,0.3357923924922943,0.10986197739839554,0.10544292628765106,0.2173832207918167
3917,bbbc021_cell_03917,ru_nnls,RU-NNLS,0.9886285662651062,0.9856338500976562,0.1514723002910614,0.24925920367240906,0.30018720030784607,0.21103161573410034
3927,bbbc021_cell_03927,ru_nnls,RU-NNLS,0.9761716723442078,0.9716302156448364,0.20968368649482727,0.1356547325849533,0.20230033993721008,0.19478727877140045
3928,bbbc021_cell_03928,ru_nnls,RU-NNLS,0.9726124405860901,0.9607468843460083,0.2154453843832016,0.17821535468101501,0.2246563583612442,0.192690908908844
3933,bbbc021_cell_03933,ru_nnls,RU-NNLS,0.9721173644065857,0.9659183621406555,0.19859512150287628,0.14279790222644806,0.25295180082321167,0.217642143368721
3937,bbbc021_cell_03937,ru_nnls,RU-NNLS,0.9729794859886169,0.9656821489334106,0.24011538922786713,0.1387995481491089,0.1625133603811264,0.13374599814414978
3938,bbbc021_cell_03938,ru_nnls,RU-NNLS,0.9726514220237732,0.9648932218551636,0.23313631117343903,0.16715146601200104,0.1678306758403778,0.1551646590232849
3951,bbbc021_cell_03951,ru_nnls,RU-NNLS,0.9577164649963379,0.9403514266014099,0.24641086161136627,0.16011878848075867,0.2425195425748825,0.2398063987493515
3969,bbbc021_cell_03969,ru_nnls,RU-NNLS,0.9767725467681885,0.9701617956161499,0.19784322381019592,0.18158657848834991,0.23484565317630768,0.24187345802783966
3972,bbbc021_cell_03972,ru_nnls,RU-NNLS,0.9788985848426819,0.972140371799469,0.20112578570842743,0.2126876413822174,0.2926270663738251,0.23121505975723267
3978,bbbc021_cell_03978,ru_nnls,RU-NNLS,0.9777180552482605,0.9754225611686707,0.22275970876216888,0.08509349822998047,0.20586428046226501,0.18609747290611267
3982,bbbc021_cell_03982,ru_nnls,RU-NNLS,0.979830801486969,0.9704005718231201,0.20315848290920258,0.17224964499473572,0.2677508592605591,0.17439842224121094
4000,bbbc021_cell_04000,ru_nnls,RU-NNLS,0.9717810153961182,0.9661527276039124,0.2382172793149948,0.11491893231868744,0.395371675491333,0.2256620079278946
4001,bbbc021_cell_04001,ru_nnls,RU-NNLS,0.974205493927002,0.9668925404548645,0.21014460921287537,0.1683071255683899,0.27520236372947693,0.23448358476161957
4006,bbbc021_cell_04006,ru_nnls,RU-NNLS,0.9734507203102112,0.9627065658569336,0.24142305552959442,0.11836991459131241,0.1507325917482376,0.15591052174568176
4010,bbbc021_cell_04010,ru_nnls,RU-NNLS,0.975855827331543,0.9604277610778809,0.24787019193172455,0.1382358968257904,0.14551474153995514,0.198990136384964
4018,bbbc021_cell_04018,ru_nnls,RU-NNLS,0.9800551533699036,0.97301185131073,0.23383654654026031,0.12751486897468567,0.21344104409217834,0.12371321022510529
4020,bbbc021_cell_04020,ru_nnls,RU-NNLS,0.979759931564331,0.9662615656852722,0.22673258185386658,0.19709676504135132,0.3358582556247711,0.1790982037782669
4023,bbbc021_cell_04023,ru_nnls,RU-NNLS,0.9862827658653259,0.9832623600959778,0.17656968533992767,0.1467006802558899,0.22209754586219788,0.14464618265628815
4028,bbbc021_cell_04028,ru_nnls,RU-NNLS,0.9814329743385315,0.9778459072113037,0.176698237657547,0.1587756872177124,0.2433643341064453,0.1679168939590454
4035,bbbc021_cell_04035,ru_nnls,RU-NNLS,0.9622688293457031,0.9540238976478577,0.23599736392498016,0.16053006052970886,0.22586007416248322,0.2450156807899475
4038,bbbc021_cell_04038,ru_nnls,RU-NNLS,0.9899361729621887,0.9853886961936951,0.15513859689235687,0.2705889940261841,0.31429532170295715,0.343382865190506
4039,bbbc021_cell_04039,ru_nnls,RU-NNLS,0.9740209579467773,0.9631108641624451,0.2146134376525879,0.1593359261751175,0.2571977376937866,0.17957599461078644
4047,bbbc021_cell_04047,ru_nnls,RU-NNLS,0.9712381362915039,0.96347975730896,0.23082365095615387,0.09699077904224396,0.1847798079252243,0.12290631234645844
4050,bbbc021_cell_04050,ru_nnls,RU-NNLS,0.9808623194694519,0.9744930267333984,0.20390461385250092,0.19078399240970612,0.2605515420436859,0.184103861451149
4052,bbbc021_cell_04052,ru_nnls,RU-NNLS,0.987510621547699,0.9847567677497864,0.16249346733093262,0.19490332901477814,0.2684328556060791,0.2197946161031723
4055,bbbc021_cell_04055,ru_nnls,RU-NNLS,0.9775776863098145,0.9734736680984497,0.19260485470294952,0.147508904337883,0.23787838220596313,0.18255756795406342
4069,bbbc021_cell_04069,ru_nnls,RU-NNLS,0.945634663105011,0.9106459617614746,0.4107547402381897,0.060027044266462326,0.11589501798152924,0.04443081468343735
4073,bbbc021_cell_04073,ru_nnls,RU-NNLS,0.9723362922668457,0.9637396335601807,0.22224418818950653,0.1511317789554596,0.18309006094932556,0.13574951887130737
4078,bbbc021_cell_04078,ru_nnls,RU-NNLS,0.9820106625556946,0.9747623205184937,0.20179495215415955,0.2246297001838684,0.2129420042037964,0.20612701773643494
4079,bbbc021_cell_04079,ru_nnls,RU-NNLS,0.9806011319160461,0.9685924649238586,0.21284370124340057,0.22294026613235474,0.24072740972042084,0.3114381432533264
4080,bbbc021_cell_04080,ru_nnls,RU-NNLS,0.9752886891365051,0.9742310047149658,0.21863427758216858,0.10671389847993851,0.23719482123851776,0.1751498430967331
4091,bbbc021_cell_04091,ru_nnls,RU-NNLS,0.9796547889709473,0.9709395170211792,0.18696843087673187,0.21660448610782623,0.30457356572151184,0.23614677786827087
4096,bbbc021_cell_04096,ru_nnls,RU-NNLS,0.9809651374816895,0.9742375612258911,0.19735212624073029,0.22231557965278625,0.30624309182167053,0.2512210011482239
4098,bbbc021_cell_04098,ru_nnls,RU-NNLS,0.9720626473426819,0.9605278968811035,0.2402660846710205,0.13579899072647095,0.1670582890510559,0.18259203433990479
4121,bbbc021_cell_04121,ru_nnls,RU-NNLS,0.9714681506156921,0.9632536768913269,0.222245454788208,0.1567765176296234,0.20691074430942535,0.22371667623519897
4134,bbbc021_cell_04134,ru_nnls,RU-NNLS,0.9719824194908142,0.9548008441925049,0.21686804294586182,0.18426357209682465,0.26487356424331665,0.1671680212020874
4135,bbbc021_cell_04135,ru_nnls,RU-NNLS,0.9745988845825195,0.9695819020271301,0.2237633913755417,0.1083260253071785,0.1733935922384262,0.22386908531188965
4137,bbbc021_cell_04137,ru_nnls,RU-NNLS,0.9822352528572083,0.9780038595199585,0.18574242293834686,0.15194860100746155,0.20656085014343262,0.18330422043800354
4145,bbbc021_cell_04145,ru_nnls,RU-NNLS,0.9865491986274719,0.9826726913452148,0.18118928372859955,0.17525459825992584,0.2204466462135315,0.20623181760311127
4149,bbbc021_cell_04149,ru_nnls,RU-NNLS,0.9704368710517883,0.9476723670959473,0.2949293255805969,0.09739161282777786,0.106842041015625,0.20832087099552155
4153,bbbc021_cell_04153,ru_nnls,RU-NNLS,0.9747176170349121,0.9587739109992981,0.19628748297691345,0.2283661812543869,0.32602211833000183,0.3131391406059265
4181,bbbc021_cell_04181,ru_nnls,RU-NNLS,0.9704442024230957,0.9604286551475525,0.20707690715789795,0.15338748693466187,0.2860942482948303,0.21768929064273834
4188,bbbc021_cell_04188,ru_nnls,RU-NNLS,0.9529352188110352,0.9175535440444946,0.27403417229652405,0.13685213029384613,0.3443950116634369,0.2286251187324524
4196,bbbc021_cell_04196,ru_nnls,RU-NNLS,0.9694571495056152,0.9616261720657349,0.22911833226680756,0.15118825435638428,0.21078552305698395,0.22418488562107086
4204,bbbc021_cell_04204,ru_nnls,RU-NNLS,0.9739826321601868,0.9621873497962952,0.20917263627052307,0.2123921811580658,0.3230031132698059,0.27262935042381287
4209,bbbc021_cell_04209,ru_nnls,RU-NNLS,0.9596360325813293,0.9495388865470886,0.24011993408203125,0.13968682289123535,0.19069655239582062,0.16586589813232422
4211,bbbc021_cell_04211,ru_nnls,RU-NNLS,0.9718781113624573,0.9632869958877563,0.2202589511871338,0.16191814839839935,0.19877789914608002,0.1652214527130127
4212,bbbc021_cell_04212,ru_nnls,RU-NNLS,0.9683277010917664,0.9615629315376282,0.22979697585105896,0.14945103228092194,0.19980601966381073,0.19813355803489685
4218,bbbc021_cell_04218,ru_nnls,RU-NNLS,0.9701253771781921,0.9402109384536743,0.22598132491111755,0.26613691449165344,0.40389761328697205,0.1879274994134903
4228,bbbc021_cell_04228,ru_nnls,RU-NNLS,0.9745602607727051,0.9681941270828247,0.2266518622636795,0.1442280411720276,0.23785600066184998,0.13818097114562988
4229,bbbc021_cell_04229,ru_nnls,RU-NNLS,0.9689348340034485,0.9624111652374268,0.25922808051109314,0.08208112418651581,0.16879777610301971,0.18451867997646332
4250,bbbc021_cell_04250,ru_nnls,RU-NNLS,0.9622202515602112,0.9535829424858093,0.23954828083515167,0.11666985601186752,0.17654329538345337,0.14729610085487366
4254,bbbc021_cell_04254,ru_nnls,RU-NNLS,0.9807776808738708,0.9741818308830261,0.21460826694965363,0.19655399024486542,0.17538456618785858,0.12043984234333038
4261,bbbc021_cell_04261,ru_nnls,RU-NNLS,0.9804107546806335,0.9636104106903076,0.25920552015304565,0.17611323297023773,0.13398949801921844,0.2424350529909134
4264,bbbc021_cell_04264,ru_nnls,RU-NNLS,0.9759928584098816,0.9680533409118652,0.23479478061199188,0.09761224687099457,0.24518078565597534,0.2569431662559509
4265,bbbc021_cell_04265,ru_nnls,RU-NNLS,0.978074312210083,0.9759944081306458,0.21224084496498108,0.10712835192680359,0.24952055513858795,0.21255993843078613
4284,bbbc021_cell_04284,ru_nnls,RU-NNLS,0.9792795181274414,0.9783697128295898,0.20177125930786133,0.11287790536880493,0.23192670941352844,0.2447696030139923
4294,bbbc021_cell_04294,ru_nnls,RU-NNLS,0.9758356213569641,0.9704827666282654,0.2116839736700058,0.11752575635910034,0.1716332882642746,0.13753750920295715
4296,bbbc021_cell_04296,ru_nnls,RU-NNLS,0.9730291962623596,0.9666195511817932,0.2289668172597885,0.09443476796150208,0.157569020986557,0.23555301129817963
4306,bbbc021_cell_04306,ru_nnls,RU-NNLS,0.9715087413787842,0.9648365378379822,0.23611243069171906,0.09438496828079224,0.17373988032341003,0.30941081047058105
4321,bbbc021_cell_04321,ru_nnls,RU-NNLS,0.9811617732048035,0.9712334275245667,0.2175981104373932,0.20193636417388916,0.29369857907295227,0.18488654494285583
4327,bbbc021_cell_04327,ru_nnls,RU-NNLS,0.9674019813537598,0.9468705058097839,0.2760576009750366,0.132520854473114,0.19859707355499268,0.11156557500362396
4331,bbbc021_cell_04331,ru_nnls,RU-NNLS,0.9713233113288879,0.9588702917098999,0.24943968653678894,0.1378447562456131,0.19113852083683014,0.12380094081163406
4334,bbbc021_cell_04334,ru_nnls,RU-NNLS,0.9801006317138672,0.9745199084281921,0.18449676036834717,0.21260449290275574,0.30896803736686707,0.2883942723274231
4339,bbbc021_cell_04339,ru_nnls,RU-NNLS,0.985039234161377,0.9819411635398865,0.1812085509300232,0.19638115167617798,0.2174379527568817,0.18321527540683746
4340,bbbc021_cell_04340,ru_nnls,RU-NNLS,0.9728960394859314,0.9595797657966614,0.22346164286136627,0.1941467970609665,0.24100437760353088,0.1884867399930954
4344,bbbc021_cell_04344,ru_nnls,RU-NNLS,0.9785788059234619,0.970884382724762,0.20341047644615173,0.23342476785182953,0.28471827507019043,0.2496080845594406
4349,bbbc021_cell_04349,ru_nnls,RU-NNLS,0.9658801555633545,0.9476426243782043,0.2231190800666809,0.14232511818408966,0.23893940448760986,0.21340586245059967
4361,bbbc021_cell_04361,ru_nnls,RU-NNLS,0.9621126651763916,0.9285091161727905,0.34046581387519836,0.1236119344830513,0.0870060920715332,0.16285045444965363
4370,bbbc021_cell_04370,ru_nnls,RU-NNLS,0.9799513816833496,0.975191056728363,0.20764465630054474,0.14604641497135162,0.2683585584163666,0.16887733340263367
4371,bbbc021_cell_04371,ru_nnls,RU-NNLS,0.9865766167640686,0.984540581703186,0.17082947492599487,0.12286048382520676,0.2069428265094757,0.21488942205905914
4376,bbbc021_cell_04376,ru_nnls,RU-NNLS,0.9679162502288818,0.9440935254096985,0.3154236078262329,0.10484270006418228,0.225258931517601,0.07743940502405167
4390,bbbc021_cell_04390,ru_nnls,RU-NNLS,0.9792938232421875,0.9727887511253357,0.21001675724983215,0.16462990641593933,0.22972434759140015,0.23543915152549744
4403,bbbc021_cell_04403,ru_nnls,RU-NNLS,0.9813394546508789,0.9740623235702515,0.21259315311908722,0.17498941719532013,0.22517475485801697,0.2183389812707901
4408,bbbc021_cell_04408,ru_nnls,RU-NNLS,0.9817726016044617,0.972385048866272,0.21664169430732727,0.182695671916008,0.2167617380619049,0.14099401235580444
4412,bbbc021_cell_04412,ru_nnls,RU-NNLS,0.9815241694450378,0.9713921546936035,0.22955258190631866,0.14378394186496735,0.15424096584320068,0.24568195641040802
4419,bbbc021_cell_04419,ru_nnls,RU-NNLS,0.9872620701789856,0.9845120310783386,0.16098250448703766,0.1745292842388153,0.2509954571723938,0.2315695434808731
4433,bbbc021_cell_04433,ru_nnls,RU-NNLS,0.964739978313446,0.9596533179283142,0.24540360271930695,0.09828405827283859,0.22873349487781525,0.20331339538097382
4437,bbbc021_cell_04437,ru_nnls,RU-NNLS,0.9810580611228943,0.9783043265342712,0.1952299177646637,0.13213638961315155,0.2714424729347229,0.17657329142093658
4446,bbbc021_cell_04446,ru_nnls,RU-NNLS,0.9802227020263672,0.9758331179618835,0.18990039825439453,0.20759062469005585,0.24584321677684784,0.2637043595314026
4450,bbbc021_cell_04450,ru_nnls,RU-NNLS,0.9697605967521667,0.9457497000694275,0.26439329981803894,0.16726551949977875,0.19559809565544128,0.11387479305267334
4460,bbbc021_cell_04460,ru_nnls,RU-NNLS,0.9722841382026672,0.963272750377655,0.2553945481777191,0.08749640733003616,0.13363264501094818,0.12404989451169968
4464,bbbc021_cell_04464,ru_nnls,RU-NNLS,0.9743159413337708,0.9682732224464417,0.22623446583747864,0.12064939737319946,0.32883602380752563,0.20750541985034943
4466,bbbc021_cell_04466,ru_nnls,RU-NNLS,0.9727247357368469,0.9640762209892273,0.2500053644180298,0.12163379788398743,0.16817311942577362,0.10129061341285706
4474,bbbc021_cell_04474,ru_nnls,RU-NNLS,0.9669854640960693,0.9478323459625244,0.23965692520141602,0.1751227229833603,0.2945409119129181,0.15019448101520538
4491,bbbc021_cell_04491,ru_nnls,RU-NNLS,0.981712818145752,0.9759905934333801,0.18277448415756226,0.18895502388477325,0.22244064509868622,0.19195979833602905
4499,bbbc021_cell_04499,ru_nnls,RU-NNLS,0.9711033701896667,0.9637585282325745,0.23438186943531036,0.11536019295454025,0.19114531576633453,0.126581072807312
4527,bbbc021_cell_04527,ru_nnls,RU-NNLS,0.9823235869407654,0.9754405617713928,0.2036266177892685,0.19348961114883423,0.23602837324142456,0.2842159569263458
4535,bbbc021_cell_04535,ru_nnls,RU-NNLS,0.9683982729911804,0.9568244218826294,0.20773109793663025,0.18367557227611542,0.26674365997314453,0.24799369275569916
4542,bbbc021_cell_04542,ru_nnls,RU-NNLS,0.9827684760093689,0.9767859578132629,0.18307524919509888,0.20796677470207214,0.3978332281112671,0.30003881454467773
4544,bbbc021_cell_04544,ru_nnls,RU-NNLS,0.9868946671485901,0.9819369912147522,0.17752289772033691,0.22578881680965424,0.2908306419849396,0.3018552362918854
4547,bbbc021_cell_04547,ru_nnls,RU-NNLS,0.9822480082511902,0.9782493710517883,0.21638473868370056,0.1280672550201416,0.16810044646263123,0.0807873010635376
4554,bbbc021_cell_04554,ru_nnls,RU-NNLS,0.9689565300941467,0.9544147849082947,0.2585082948207855,0.0983024463057518,0.15012754499912262,0.23410195112228394
4555,bbbc021_cell_04555,ru_nnls,RU-NNLS,0.9598026871681213,0.9372761249542236,0.33130836486816406,0.1592443585395813,0.07798196375370026,0.07300117611885071
4561,bbbc021_cell_04561,ru_nnls,RU-NNLS,0.9835096001625061,0.9808066487312317,0.18476001918315887,0.14610633254051208,0.22415019571781158,0.18987740576267242
4566,bbbc021_cell_04566,ru_nnls,RU-NNLS,0.9789736866950989,0.9727903604507446,0.2198125422000885,0.11518920212984085,0.17886468768119812,0.14214220643043518
4568,bbbc021_cell_04568,ru_nnls,RU-NNLS,0.96787029504776,0.9486687779426575,0.23952700197696686,0.15641167759895325,0.20631320774555206,0.16017252206802368
4586,bbbc021_cell_04586,ru_nnls,RU-NNLS,0.9687725901603699,0.9577324390411377,0.256077378988266,0.12268359959125519,0.23352742195129395,0.1482045203447342
4589,bbbc021_cell_04589,ru_nnls,RU-NNLS,0.9807100296020508,0.9772676825523376,0.18023177981376648,0.23173750936985016,0.34359756112098694,0.3569793403148651
4590,bbbc021_cell_04590,ru_nnls,RU-NNLS,0.9811965823173523,0.9782922267913818,0.18856869637966156,0.15397123992443085,0.24338674545288086,0.31620731949806213
4597,bbbc021_cell_04597,ru_nnls,RU-NNLS,0.974237859249115,0.9636686444282532,0.2055654376745224,0.19818295538425446,0.3455975353717804,0.21140645444393158
4602,bbbc021_cell_04602,ru_nnls,RU-NNLS,0.9677820205688477,0.9606748819351196,0.23836642503738403,0.11361578851938248,0.17409852147102356,0.169038325548172
4613,bbbc021_cell_04613,ru_nnls,RU-NNLS,0.964989960193634,0.9563888907432556,0.21134053170681,0.14205212891101837,0.25163179636001587,0.24201489984989166
4614,bbbc021_cell_04614,ru_nnls,RU-NNLS,0.9790608286857605,0.9703148007392883,0.23852591216564178,0.12061822414398193,0.21732068061828613,0.13457438349723816
4619,bbbc021_cell_04619,ru_nnls,RU-NNLS,0.9851870536804199,0.9815176129341125,0.17678958177566528,0.15260696411132812,0.25579696893692017,0.22610126435756683
4627,bbbc021_cell_04627,ru_nnls,RU-NNLS,0.9762923717498779,0.9688057899475098,0.2096693515777588,0.18716323375701904,0.20486611127853394,0.191184863448143
4629,bbbc021_cell_04629,ru_nnls,RU-NNLS,0.977672278881073,0.9703682661056519,0.19905729591846466,0.22128930687904358,0.23490142822265625,0.2784225642681122
4633,bbbc021_cell_04633,ru_nnls,RU-NNLS,0.9826093316078186,0.9739051461219788,0.2153824120759964,0.21006064116954803,0.2715196907520294,0.1377231627702713
4635,bbbc021_cell_04635,ru_nnls,RU-NNLS,0.9758277535438538,0.9653730988502502,0.23150399327278137,0.16409865021705627,0.1907559484243393,0.20461751520633698
4650,bbbc021_cell_04650,ru_nnls,RU-NNLS,0.9680201411247253,0.9544495344161987,0.2459179013967514,0.13454033434391022,0.1477721482515335,0.1755274385213852
4656,bbbc021_cell_04656,ru_nnls,RU-NNLS,0.9695505499839783,0.9550641179084778,0.29026609659194946,0.08898001909255981,0.113954097032547,0.09776724874973297
4677,bbbc021_cell_04677,ru_nnls,RU-NNLS,0.9872186779975891,0.9836102724075317,0.16922812163829803,0.1398785412311554,0.2610490024089813,0.22479937970638275
4682,bbbc021_cell_04682,ru_nnls,RU-NNLS,0.9850720763206482,0.9813525676727295,0.17744562029838562,0.2159663885831833,0.3289607763290405,0.30319514870643616
4685,bbbc021_cell_04685,ru_nnls,RU-NNLS,0.989429771900177,0.9858593344688416,0.15188319981098175,0.2733764946460724,0.34856241941452026,0.3351729214191437
4691,bbbc021_cell_04691,ru_nnls,RU-NNLS,0.9672182202339172,0.9489121437072754,0.2452896386384964,0.16194485127925873,0.2365865409374237,0.3230312466621399
4703,bbbc021_cell_04703,ru_nnls,RU-NNLS,0.9740393757820129,0.9721851348876953,0.21266351640224457,0.09999600797891617,0.1716712862253189,0.2045847773551941
4712,bbbc021_cell_04712,ru_nnls,RU-NNLS,0.9896566271781921,0.9846077561378479,0.16362683475017548,0.23388752341270447,0.3062901794910431,0.33219361305236816
4716,bbbc021_cell_04716,ru_nnls,RU-NNLS,0.9894196391105652,0.9847533106803894,0.17559519410133362,0.15649858117103577,0.23144268989562988,0.24240046739578247
4725,bbbc021_cell_04725,ru_nnls,RU-NNLS,0.9764886498451233,0.9747553467750549,0.21896958351135254,0.09963490068912506,0.24485129117965698,0.16479352116584778
4727,bbbc021_cell_04727,ru_nnls,RU-NNLS,0.9643939137458801,0.9470915198326111,0.2193285971879959,0.21173813939094543,0.2690294086933136,0.2258959412574768
4734,bbbc021_cell_04734,ru_nnls,RU-NNLS,0.9694016575813293,0.9619781374931335,0.23108313977718353,0.14036713540554047,0.1938181221485138,0.20873776078224182
4750,bbbc021_cell_04750,ru_nnls,RU-NNLS,0.9770267009735107,0.9698780179023743,0.22972220182418823,0.08749441057443619,0.1390286535024643,0.167949840426445
4751,bbbc021_cell_04751,ru_nnls,RU-NNLS,0.9849438667297363,0.9795206785202026,0.1902070939540863,0.2624237537384033,0.2475164830684662,0.19868381321430206
4752,bbbc021_cell_04752,ru_nnls,RU-NNLS,0.9690303206443787,0.9619170427322388,0.21218448877334595,0.13208357989788055,0.27647864818573,0.25906217098236084
4753,bbbc021_cell_04753,ru_nnls,RU-NNLS,0.9845098853111267,0.980475664138794,0.18337282538414001,0.1375483274459839,0.32909706234931946,0.16948771476745605
4760,bbbc021_cell_04760,ru_nnls,RU-NNLS,0.9672650694847107,0.9588937163352966,0.25743135809898376,0.1274082064628601,0.1371333748102188,0.1557217389345169
4761,bbbc021_cell_04761,ru_nnls,RU-NNLS,0.973521888256073,0.9638123512268066,0.1930265575647354,0.18441219627857208,0.26786962151527405,0.260575532913208
4770,bbbc021_cell_04770,ru_nnls,RU-NNLS,0.983208179473877,0.9752683639526367,0.20293667912483215,0.19851911067962646,0.2484288215637207,0.30376356840133667
4774,bbbc021_cell_04774,ru_nnls,RU-NNLS,0.982899010181427,0.9810263514518738,0.1851845532655716,0.13476380705833435,0.22118911147117615,0.19444991648197174
4777,bbbc021_cell_04777,ru_nnls,RU-NNLS,0.9644088745117188,0.9489639401435852,0.24783188104629517,0.17199651896953583,0.1997711956501007,0.23197855055332184
4791,bbbc021_cell_04791,ru_nnls,RU-NNLS,0.9691810011863708,0.9609337449073792,0.26060423254966736,0.12024133652448654,0.1714126020669937,0.11357904970645905
4793,bbbc021_cell_04793,ru_nnls,RU-NNLS,0.9830121994018555,0.9760507345199585,0.2037573754787445,0.13496294617652893,0.2904354929924011,0.14287960529327393
4796,bbbc021_cell_04796,ru_nnls,RU-NNLS,0.9804629683494568,0.9687848687171936,0.2185683697462082,0.2019510120153427,0.32309621572494507,0.17238321900367737
4801,bbbc021_cell_04801,ru_nnls,RU-NNLS,0.9732492566108704,0.9620963335037231,0.21990589797496796,0.1638355702161789,0.20294752717018127,0.15978527069091797
4809,bbbc021_cell_04809,ru_nnls,RU-NNLS,0.9804800152778625,0.9757399559020996,0.19314442574977875,0.17410628497600555,0.197100430727005,0.1685790866613388
4811,bbbc021_cell_04811,ru_nnls,RU-NNLS,0.9714055061340332,0.9561764597892761,0.2680681049823761,0.14416782557964325,0.18591280281543732,0.08613016456365585
4813,bbbc021_cell_04813,ru_nnls,RU-NNLS,0.9854713082313538,0.9825994968414307,0.17812266945838928,0.1395915150642395,0.23651601374149323,0.2500254809856415
4821,bbbc021_cell_04821,ru_nnls,RU-NNLS,0.9755019545555115,0.9671362042427063,0.21379104256629944,0.1463729590177536,0.21021877229213715,0.1557987630367279
4828,bbbc021_cell_04828,ru_nnls,RU-NNLS,0.9866593480110168,0.9843407869338989,0.15653479099273682,0.2168325036764145,0.390726238489151,0.32563939690589905
4839,bbbc021_cell_04839,ru_nnls,RU-NNLS,0.984345018863678,0.9807208180427551,0.19175907969474792,0.13970081508159637,0.22162066400051117,0.18513906002044678
4842,bbbc021_cell_04842,ru_nnls,RU-NNLS,0.9613246917724609,0.9365995526313782,0.22618183493614197,0.20515352487564087,0.33074742555618286,0.20171134173870087
4851,bbbc021_cell_04851,ru_nnls,RU-NNLS,0.987679660320282,0.9841845035552979,0.16417668759822845,0.1914917230606079,0.2827218472957611,0.19431006908416748
4854,bbbc021_cell_04854,ru_nnls,RU-NNLS,0.9802953600883484,0.9700038433074951,0.21813488006591797,0.22749803960323334,0.2625614106655121,0.21395111083984375
4859,bbbc021_cell_04859,ru_nnls,RU-NNLS,0.9873189926147461,0.9771444797515869,0.19668875634670258,0.20673450827598572,0.20539459586143494,0.3339759409427643
4862,bbbc021_cell_04862,ru_nnls,RU-NNLS,0.9744348526000977,0.9546331763267517,0.2511002719402313,0.20083676278591156,0.304922491312027,0.163494274020195
4866,bbbc021_cell_04866,ru_nnls,RU-NNLS,0.9700777530670166,0.9559950232505798,0.25865715742111206,0.1604672223329544,0.2007206678390503,0.12474050372838974
4881,bbbc021_cell_04881,ru_nnls,RU-NNLS,0.9669064879417419,0.9492241740226746,0.26552948355674744,0.1551702618598938,0.16633549332618713,0.27189162373542786
4901,bbbc021_cell_04901,ru_nnls,RU-NNLS,0.9742317795753479,0.96441251039505,0.20827940106391907,0.18534334003925323,0.2208227515220642,0.19105775654315948
4905,bbbc021_cell_04905,ru_nnls,RU-NNLS,0.9689715504646301,0.9595867395401001,0.24033094942569733,0.1766730695962906,0.17763680219650269,0.16856130957603455
4907,bbbc021_cell_04907,ru_nnls,RU-NNLS,0.9712765216827393,0.9669989347457886,0.23367838561534882,0.11643121391534805,0.22187910974025726,0.3297680616378784
4911,bbbc021_cell_04911,ru_nnls,RU-NNLS,0.9680287837982178,0.9432337284088135,0.28684037923812866,0.16068483889102936,0.1272786259651184,0.2067742794752121
4923,bbbc021_cell_04923,ru_nnls,RU-NNLS,0.9733620285987854,0.9609785676002502,0.22873756289482117,0.216691255569458,0.2600877583026886,0.17931267619132996
4926,bbbc021_cell_04926,ru_nnls,RU-NNLS,0.9800810813903809,0.9691967964172363,0.21355809271335602,0.19094523787498474,0.29914382100105286,0.1729113906621933
4936,bbbc021_cell_04936,ru_nnls,RU-NNLS,0.975733757019043,0.9675658941268921,0.20245204865932465,0.16059961915016174,0.20892693102359772,0.17435772716999054
4937,bbbc021_cell_04937,ru_nnls,RU-NNLS,0.9855380654335022,0.9808940887451172,0.18045857548713684,0.20199118554592133,0.32329824566841125,0.24637727439403534
4939,bbbc021_cell_04939,ru_nnls,RU-NNLS,0.9648353457450867,0.9525213837623596,0.23768796026706696,0.09274103492498398,0.1820506900548935,0.1416546255350113
4943,bbbc021_cell_04943,ru_nnls,RU-NNLS,0.9611701965332031,0.9466520547866821,0.23941859602928162,0.19066303968429565,0.20178499817848206,0.18331283330917358
4973,bbbc021_cell_04973,ru_nnls,RU-NNLS,0.9754183888435364,0.9623062610626221,0.26046594977378845,0.10509421676397324,0.13352055847644806,0.189626082777977
4975,bbbc021_cell_04975,ru_nnls,RU-NNLS,0.9911970496177673,0.9883391261100769,0.1437503844499588,0.1700938493013382,0.24686022102832794,0.17790327966213226
4980,bbbc021_cell_04980,ru_nnls,RU-NNLS,0.9684111475944519,0.9553478956222534,0.2365223467350006,0.10907696932554245,0.222869411110878,0.1754613220691681
4987,bbbc021_cell_04987,ru_nnls,RU-NNLS,0.9568879008293152,0.9394180774688721,0.2731288969516754,0.13744504749774933,0.18240724503993988,0.17453625798225403
4995,bbbc021_cell_04995,ru_nnls,RU-NNLS,0.9655329585075378,0.9414542317390442,0.27998632192611694,0.1888262778520584,0.20935840904712677,0.12752100825309753
4997,bbbc021_cell_04997,ru_nnls,RU-NNLS,0.9806103706359863,0.9732730388641357,0.17113986611366272,0.1914692223072052,0.35746926069259644,0.27131566405296326
5010,bbbc021_cell_05010,ru_nnls,RU-NNLS,0.9735185503959656,0.957267165184021,0.19385413825511932,0.21740999817848206,0.3821370005607605,0.2927015423774719
5013,bbbc021_cell_05013,ru_nnls,RU-NNLS,0.9782732129096985,0.971716046333313,0.22101746499538422,0.13604964315891266,0.16136138141155243,0.15294986963272095
5017,bbbc021_cell_05017,ru_nnls,RU-NNLS,0.988579273223877,0.9798881411552429,0.19182085990905762,0.1824112832546234,0.14655670523643494,0.15509222447872162
5025,bbbc021_cell_05025,ru_nnls,RU-NNLS,0.9630544185638428,0.9415326714515686,0.271179735660553,0.13672788441181183,0.19403281807899475,0.12744635343551636
5028,bbbc021_cell_05028,ru_nnls,RU-NNLS,0.9734265804290771,0.9652127027511597,0.19159311056137085,0.18296445906162262,0.33567723631858826,0.2853122353553772
5039,bbbc021_cell_05039,ru_nnls,RU-NNLS,0.9724195003509521,0.9586647748947144,0.2642499506473541,0.12934720516204834,0.13418222963809967,0.1496797800064087
5041,bbbc021_cell_05041,ru_nnls,RU-NNLS,0.9815928936004639,0.9739382266998291,0.21152865886688232,0.17941349744796753,0.24337537586688995,0.19608044624328613
5053,bbbc021_cell_05053,ru_nnls,RU-NNLS,0.9824411273002625,0.9740002155303955,0.2078608274459839,0.20576268434524536,0.2895227074623108,0.1772625744342804
5058,bbbc021_cell_05058,ru_nnls,RU-NNLS,0.9888058304786682,0.986659824848175,0.15616676211357117,0.15563391149044037,0.35949984192848206,0.3279408812522888
5064,bbbc021_cell_05064,ru_nnls,RU-NNLS,0.9836111068725586,0.9785815477371216,0.19856791198253632,0.11296650767326355,0.2051009237766266,0.16628699004650116
5069,bbbc021_cell_05069,ru_nnls,RU-NNLS,0.9803745150566101,0.9727557301521301,0.1979299932718277,0.18322151899337769,0.23190924525260925,0.1931968778371811
5073,bbbc021_cell_05073,ru_nnls,RU-NNLS,0.9787459373474121,0.9715020656585693,0.19891533255577087,0.1633176952600479,0.2501170337200165,0.17423458397388458
5084,bbbc021_cell_05084,ru_nnls,RU-NNLS,0.9623824954032898,0.9500783085823059,0.23055578768253326,0.1256318986415863,0.23168623447418213,0.17008662223815918
5096,bbbc021_cell_05096,ru_nnls,RU-NNLS,0.9812938570976257,0.9728878140449524,0.20693041384220123,0.1536034345626831,0.21619893610477448,0.33706438541412354
5099,bbbc021_cell_05099,ru_nnls,RU-NNLS,0.9771203398704529,0.9675369262695312,0.2077389359474182,0.19805185496807098,0.21835720539093018,0.14716246724128723
5101,bbbc021_cell_05101,ru_nnls,RU-NNLS,0.971625030040741,0.959419846534729,0.22088347375392914,0.16016419231891632,0.2505653500556946,0.22315698862075806
5103,bbbc021_cell_05103,ru_nnls,RU-NNLS,0.9730616211891174,0.9617725014686584,0.24602298438549042,0.126545712351799,0.15429575741291046,0.16716979444026947
5105,bbbc021_cell_05105,ru_nnls,RU-NNLS,0.9649669528007507,0.9532614350318909,0.2274012565612793,0.1152593344449997,0.24909628927707672,0.19255785644054413
5106,bbbc021_cell_05106,ru_nnls,RU-NNLS,0.9779973030090332,0.9700646996498108,0.21073712408542633,0.16344228386878967,0.23172380030155182,0.2285502851009369
5120,bbbc021_cell_05120,ru_nnls,RU-NNLS,0.9698560237884521,0.9445686936378479,0.33145543932914734,0.053914230316877365,0.21133911609649658,0.22427870333194733
5125,bbbc021_cell_05125,ru_nnls,RU-NNLS,0.9611282348632812,0.9484779834747314,0.22694334387779236,0.1834574043750763,0.26727303862571716,0.21425357460975647
5139,bbbc021_cell_05139,ru_nnls,RU-NNLS,0.9799715876579285,0.9736915826797485,0.21492323279380798,0.12863612174987793,0.15730367600917816,0.1288011223077774
5151,bbbc021_cell_05151,ru_nnls,RU-NNLS,0.9716658592224121,0.9589051008224487,0.21790790557861328,0.18046249449253082,0.24008089303970337,0.15458029508590698
5154,bbbc021_cell_05154,ru_nnls,RU-NNLS,0.9733135104179382,0.9545732140541077,0.19663949310779572,0.23842620849609375,0.3179473876953125,0.21526169776916504
5160,bbbc021_cell_05160,ru_nnls,RU-NNLS,0.9692192077636719,0.9606555104255676,0.26650893688201904,0.10033027082681656,0.1622198224067688,0.1162465438246727
5162,bbbc021_cell_05162,ru_nnls,RU-NNLS,0.9759063720703125,0.9644991755485535,0.2550562024116516,0.08185373991727829,0.2493884116411209,0.2039748579263687
5182,bbbc021_cell_05182,ru_nnls,RU-NNLS,0.962246835231781,0.9503408670425415,0.23473353683948517,0.15988211333751678,0.24497510492801666,0.2780129909515381
5183,bbbc021_cell_05183,ru_nnls,RU-NNLS,0.9824989438056946,0.9736539125442505,0.20376905798912048,0.16162554919719696,0.16392910480499268,0.1557084321975708
5190,bbbc021_cell_05190,ru_nnls,RU-NNLS,0.9855308532714844,0.9821929931640625,0.17382115125656128,0.20684759318828583,0.2711603045463562,0.24623586237430573
5199,bbbc021_cell_05199,ru_nnls,RU-NNLS,0.9753935933113098,0.9716188311576843,0.23036473989486694,0.12749634683132172,0.35044559836387634,0.37421050667762756
5216,bbbc021_cell_05216,ru_nnls,RU-NNLS,0.9769538044929504,0.9637448191642761,0.19971899688243866,0.21274149417877197,0.393395334482193,0.32112202048301697
5220,bbbc021_cell_05220,ru_nnls,RU-NNLS,0.9742795825004578,0.9709168076515198,0.2151961475610733,0.13861359655857086,0.21726810932159424,0.20700983703136444
5221,bbbc021_cell_05221,ru_nnls,RU-NNLS,0.9826272130012512,0.9743799567222595,0.20723161101341248,0.19388994574546814,0.3053130805492401,0.22850441932678223
5227,bbbc021_cell_05227,ru_nnls,RU-NNLS,0.991070032119751,0.9882054328918457,0.13901647925376892,0.24084480106830597,0.3763577938079834,0.3822271525859833
5234,bbbc021_cell_05234,ru_nnls,RU-NNLS,0.9767255187034607,0.969980001449585,0.2391435205936432,0.09222029894590378,0.131280779838562,0.0963631272315979
5235,bbbc021_cell_05235,ru_nnls,RU-NNLS,0.9821781516075134,0.9751381278038025,0.17879222333431244,0.20554250478744507,0.3446063697338104,0.24380016326904297
5250,bbbc021_cell_05250,ru_nnls,RU-NNLS,0.9750162959098816,0.9569236040115356,0.2508905529975891,0.18691667914390564,0.3430193364620209,0.16982264816761017
5254,bbbc021_cell_05254,ru_nnls,RU-NNLS,0.9880269169807434,0.9841514229774475,0.16468031704425812,0.1616273820400238,0.2547007203102112,0.31859099864959717
5259,bbbc021_cell_05259,ru_nnls,RU-NNLS,0.9775602221488953,0.9682879447937012,0.2483571171760559,0.08884965628385544,0.20535190403461456,0.07998600602149963
5263,bbbc021_cell_05263,ru_nnls,RU-NNLS,0.9816067814826965,0.9773141145706177,0.2105301469564438,0.1602378636598587,0.24178093671798706,0.185676708817482
5265,bbbc021_cell_05265,ru_nnls,RU-NNLS,0.8626435399055481,0.6660938858985901,0.7572686672210693,0.21859464049339294,0.039755649864673615,0.09455469995737076
5268,bbbc021_cell_05268,ru_nnls,RU-NNLS,0.9864082336425781,0.9821872711181641,0.18163686990737915,0.1995674967765808,0.236207976937294,0.20966441929340363
5275,bbbc021_cell_05275,ru_nnls,RU-NNLS,0.9822677969932556,0.9767559766769409,0.22548864781856537,0.09412074834108353,0.16185417771339417,0.1546092927455902
5281,bbbc021_cell_05281,ru_nnls,RU-NNLS,0.9688946604728699,0.945613443851471,0.22768907248973846,0.20085212588310242,0.37254074215888977,0.174563929438591
5290,bbbc021_cell_05290,ru_nnls,RU-NNLS,0.9827790260314941,0.9772260189056396,0.1926007866859436,0.18816642463207245,0.24454183876514435,0.2349184900522232
5293,bbbc021_cell_05293,ru_nnls,RU-NNLS,0.9707699418067932,0.9625478386878967,0.21731990575790405,0.13440614938735962,0.22394441068172455,0.17662747204303741
5302,bbbc021_cell_05302,ru_nnls,RU-NNLS,0.9573052525520325,0.9392085671424866,0.2437092810869217,0.14823926985263824,0.1924380362033844,0.1357038915157318
5313,bbbc021_cell_05313,ru_nnls,RU-NNLS,0.979651927947998,0.9713773727416992,0.21833446621894836,0.17592673003673553,0.23479534685611725,0.17730456590652466
5336,bbbc021_cell_05336,ru_nnls,RU-NNLS,0.9727027416229248,0.9574899077415466,0.23199191689491272,0.1898149698972702,0.30523815751075745,0.18605634570121765
5337,bbbc021_cell_05337,ru_nnls,RU-NNLS,0.9834645390510559,0.980884313583374,0.18486204743385315,0.1498439610004425,0.24931316077709198,0.1589682251214981
5347,bbbc021_cell_05347,ru_nnls,RU-NNLS,0.9545119404792786,0.9445149898529053,0.2921259105205536,0.05526220425963402,0.09757792949676514,0.1132938489317894
5357,bbbc021_cell_05357,ru_nnls,RU-NNLS,0.9836588501930237,0.9756918549537659,0.20753124356269836,0.1598333865404129,0.18923009932041168,0.19418291747570038
5360,bbbc021_cell_05360,ru_nnls,RU-NNLS,0.943108856678009,0.9230384826660156,0.3212268650531769,0.08374417573213577,0.1705770194530487,0.08923744410276413
5362,bbbc021_cell_05362,ru_nnls,RU-NNLS,0.9878895282745361,0.984612762928009,0.1717010885477066,0.13140207529067993,0.286252498626709,0.31040287017822266
5370,bbbc021_cell_05370,ru_nnls,RU-NNLS,0.9482205510139465,0.9321768283843994,0.35608038306236267,0.14789703488349915,0.12312965840101242,0.12932993471622467
5372,bbbc021_cell_05372,ru_nnls,RU-NNLS,0.9647400379180908,0.9533966779708862,0.23244304955005646,0.12621401250362396,0.25723013281822205,0.21516211330890656
5378,bbbc021_cell_05378,ru_nnls,RU-NNLS,0.963047981262207,0.9544169306755066,0.22175152599811554,0.15749816596508026,0.2534843683242798,0.2677294909954071
5383,bbbc021_cell_05383,ru_nnls,RU-NNLS,0.9683254361152649,0.9546814560890198,0.26778507232666016,0.11246730387210846,0.1574144810438156,0.08856995403766632
5400,bbbc021_cell_05400,ru_nnls,RU-NNLS,0.9650277495384216,0.9534353017807007,0.22690925002098083,0.1661158800125122,0.28463980555534363,0.305507093667984
5408,bbbc021_cell_05408,ru_nnls,RU-NNLS,0.9811765551567078,0.9695848822593689,0.23580564558506012,0.1926221251487732,0.1947370320558548,0.24856871366500854
5413,bbbc021_cell_05413,ru_nnls,RU-NNLS,0.9845187067985535,0.9806732535362244,0.17955328524112701,0.1799689382314682,0.27245408296585083,0.2524161636829376
5415,bbbc021_cell_05415,ru_nnls,RU-NNLS,0.9752677083015442,0.96946120262146,0.20116470754146576,0.15039466321468353,0.23765519261360168,0.18689852952957153
5417,bbbc021_cell_05417,ru_nnls,RU-NNLS,0.9794782996177673,0.9616001844406128,0.2660311460494995,0.18190960586071014,0.21977093815803528,0.21792639791965485
5425,bbbc021_cell_05425,ru_nnls,RU-NNLS,0.9652368426322937,0.9564003348350525,0.230600506067276,0.13137967884540558,0.18333187699317932,0.22646677494049072
5435,bbbc021_cell_05435,ru_nnls,RU-NNLS,0.9753739237785339,0.9601930379867554,0.27090755105018616,0.1337755173444748,0.14187300205230713,0.15888716280460358
5437,bbbc021_cell_05437,ru_nnls,RU-NNLS,0.9634709358215332,0.9388716220855713,0.2435687631368637,0.1683836579322815,0.30611011385917664,0.20546574890613556
5443,bbbc021_cell_05443,ru_nnls,RU-NNLS,0.9691529273986816,0.9574867486953735,0.26733022928237915,0.13927292823791504,0.20554202795028687,0.125895157456398
5450,bbbc021_cell_05450,ru_nnls,RU-NNLS,0.9690365195274353,0.9604514241218567,0.2231154888868332,0.11320114135742188,0.18880169093608856,0.18069465458393097
5452,bbbc021_cell_05452,ru_nnls,RU-NNLS,0.9772694706916809,0.9585111737251282,0.2767518162727356,0.18635542690753937,0.16630762815475464,0.19915935397148132
5456,bbbc021_cell_05456,ru_nnls,RU-NNLS,0.9761309623718262,0.9669104814529419,0.23289914429187775,0.18366864323616028,0.2187407910823822,0.1369800567626953
5459,bbbc021_cell_05459,ru_nnls,RU-NNLS,0.9792609214782715,0.9728504419326782,0.21730391681194305,0.1848175972700119,0.24387118220329285,0.13739942014217377
5479,bbbc021_cell_05479,ru_nnls,RU-NNLS,0.9609504342079163,0.9399502873420715,0.2777377665042877,0.09192835539579391,0.1923729032278061,0.09082909673452377
5485,bbbc021_cell_05485,ru_nnls,RU-NNLS,0.9734002947807312,0.9609591364860535,0.24052396416664124,0.1741188019514084,0.2284974455833435,0.23469004034996033
5493,bbbc021_cell_05493,ru_nnls,RU-NNLS,0.9751264452934265,0.9651208519935608,0.2563449442386627,0.09595907479524612,0.13901421427726746,0.08824117481708527
5496,bbbc021_cell_05496,ru_nnls,RU-NNLS,0.9849481582641602,0.9813587665557861,0.18670663237571716,0.1298065185546875,0.20192579925060272,0.17287974059581757
5497,bbbc021_cell_05497,ru_nnls,RU-NNLS,0.9656994938850403,0.9541490077972412,0.21961337327957153,0.2100907564163208,0.24671269953250885,0.26026350259780884
5519,bbbc021_cell_05519,ru_nnls,RU-NNLS,0.9862110018730164,0.9833682179450989,0.16381309926509857,0.21829037368297577,0.3538203239440918,0.32588669657707214
5521,bbbc021_cell_05521,ru_nnls,RU-NNLS,0.9732592105865479,0.9666178822517395,0.2420118898153305,0.12415903061628342,0.16650398075580597,0.17937375605106354
5522,bbbc021_cell_05522,ru_nnls,RU-NNLS,0.9760645031929016,0.966843843460083,0.22684310376644135,0.17518499493598938,0.25712794065475464,0.18885082006454468
5532,bbbc021_cell_05532,ru_nnls,RU-NNLS,0.9651536345481873,0.9502665996551514,0.2370857149362564,0.17472554743289948,0.20897406339645386,0.2440522164106369
5544,bbbc021_cell_05544,ru_nnls,RU-NNLS,0.9840113520622253,0.9800642728805542,0.1880427896976471,0.13271565735340118,0.26645687222480774,0.2553705871105194
5545,bbbc021_cell_05545,ru_nnls,RU-NNLS,0.9845145344734192,0.9819963574409485,0.18483830988407135,0.13177695870399475,0.25477638840675354,0.37321215867996216
5551,bbbc021_cell_05551,ru_nnls,RU-NNLS,0.9712278842926025,0.9682385325431824,0.23803937435150146,0.10168875753879547,0.2409161776304245,0.22611501812934875
5555,bbbc021_cell_05555,ru_nnls,RU-NNLS,0.9664891362190247,0.944881021976471,0.2286544293165207,0.1597016155719757,0.18094502389431,0.15352778136730194
5556,bbbc021_cell_05556,ru_nnls,RU-NNLS,0.990418016910553,0.986797034740448,0.15664078295230865,0.21879009902477264,0.23331496119499207,0.24180643260478973
5557,bbbc021_cell_05557,ru_nnls,RU-NNLS,0.9817436337471008,0.9761475920677185,0.2106863558292389,0.096120186150074,0.20276932418346405,0.20910172164440155
5560,bbbc021_cell_05560,ru_nnls,RU-NNLS,0.9691159725189209,0.9501124620437622,0.26850757002830505,0.15482275187969208,0.18697522580623627,0.29939132928848267
5569,bbbc021_cell_05569,ru_nnls,RU-NNLS,0.977614164352417,0.9704879522323608,0.21119853854179382,0.1479112207889557,0.20351195335388184,0.1950150728225708
5572,bbbc021_cell_05572,ru_nnls,RU-NNLS,0.9661405682563782,0.9603887796401978,0.20929068326950073,0.17585648596286774,0.3341584801673889,0.26210078597068787
5573,bbbc021_cell_05573,ru_nnls,RU-NNLS,0.9700498580932617,0.961921215057373,0.23849248886108398,0.09814294427633286,0.19978706538677216,0.13771088421344757
5578,bbbc021_cell_05578,ru_nnls,RU-NNLS,0.9773249626159668,0.9659426808357239,0.20437076687812805,0.1990591287612915,0.30458739399909973,0.19039034843444824
5584,bbbc021_cell_05584,ru_nnls,RU-NNLS,0.9801610112190247,0.9731113314628601,0.22940978407859802,0.13405543565750122,0.2038319706916809,0.1038353219628334
5585,bbbc021_cell_05585,ru_nnls,RU-NNLS,0.969598114490509,0.9579651355743408,0.22559678554534912,0.1528540700674057,0.21986939013004303,0.16506844758987427
5587,bbbc021_cell_05587,ru_nnls,RU-NNLS,0.9728186726570129,0.9610432386398315,0.19916078448295593,0.20219630002975464,0.2601006329059601,0.2442932277917862
5589,bbbc021_cell_05589,ru_nnls,RU-NNLS,0.9804933071136475,0.9686516523361206,0.22736400365829468,0.11097201704978943,0.1534470170736313,0.27893996238708496
5596,bbbc021_cell_05596,ru_nnls,RU-NNLS,0.9655926823616028,0.9456065893173218,0.2689231038093567,0.11433257907629013,0.2136506289243698,0.10743309557437897
5603,bbbc021_cell_05603,ru_nnls,RU-NNLS,0.9846050143241882,0.9804084897041321,0.1976768970489502,0.10615655779838562,0.1699451208114624,0.09578164666891098
5608,bbbc021_cell_05608,ru_nnls,RU-NNLS,0.9613286852836609,0.9131178259849548,0.4053767919540405,0.11732032150030136,0.05427055060863495,0.11390717327594757
5610,bbbc021_cell_05610,ru_nnls,RU-NNLS,0.965550422668457,0.9557303190231323,0.22075143456459045,0.19451221823692322,0.25690728425979614,0.2653735280036926
5615,bbbc021_cell_05615,ru_nnls,RU-NNLS,0.9884141087532043,0.9791680574417114,0.18290124833583832,0.2220771312713623,0.2259024828672409,0.3411499261856079
5618,bbbc021_cell_05618,ru_nnls,RU-NNLS,0.9729063510894775,0.9577193260192871,0.24309977889060974,0.20527416467666626,0.17999090254306793,0.1880381852388382
5623,bbbc021_cell_05623,ru_nnls,RU-NNLS,0.9861927032470703,0.9777407646179199,0.2120458036661148,0.09157423675060272,0.24535414576530457,0.2534463703632355
5633,bbbc021_cell_05633,ru_nnls,RU-NNLS,0.981159508228302,0.9749954342842102,0.18879802525043488,0.16904610395431519,0.33605071902275085,0.20588156580924988
5646,bbbc021_cell_05646,ru_nnls,RU-NNLS,0.9763298034667969,0.9661553502082825,0.2314460575580597,0.10038546472787857,0.14480510354042053,0.2168935239315033
5648,bbbc021_cell_05648,ru_nnls,RU-NNLS,0.9764301180839539,0.9691594243049622,0.22136235237121582,0.13533945381641388,0.17187730967998505,0.14585189521312714
5657,bbbc021_cell_05657,ru_nnls,RU-NNLS,0.9735402464866638,0.9654415249824524,0.1999782919883728,0.172108456492424,0.2665101885795593,0.2777557373046875
5662,bbbc021_cell_05662,ru_nnls,RU-NNLS,0.9796536564826965,0.9723972082138062,0.21671365201473236,0.11049771308898926,0.21018248796463013,0.16854627430438995
5667,bbbc021_cell_05667,ru_nnls,RU-NNLS,0.974212110042572,0.9674816131591797,0.18843023478984833,0.20124737918376923,0.27182501554489136,0.24489299952983856
5674,bbbc021_cell_05674,ru_nnls,RU-NNLS,0.9762554168701172,0.9685105681419373,0.2075648307800293,0.1397261768579483,0.2567491829395294,0.19618995487689972
5677,bbbc021_cell_05677,ru_nnls,RU-NNLS,0.9622361063957214,0.9544169902801514,0.2294929176568985,0.1162676066160202,0.23766839504241943,0.2166571170091629
5697,bbbc021_cell_05697,ru_nnls,RU-NNLS,0.9569802284240723,0.9431554079055786,0.24825023114681244,0.156483456492424,0.18292051553726196,0.16724719107151031
5712,bbbc021_cell_05712,ru_nnls,RU-NNLS,0.9788000583648682,0.9693514108657837,0.22397750616073608,0.12456822395324707,0.1692698895931244,0.2672305107116699
5715,bbbc021_cell_05715,ru_nnls,RU-NNLS,0.9797205328941345,0.9754533171653748,0.2140001356601715,0.1209687665104866,0.17654374241828918,0.20856384932994843
5728,bbbc021_cell_05728,ru_nnls,RU-NNLS,0.9812321662902832,0.9726549983024597,0.22519564628601074,0.16777370870113373,0.24511374533176422,0.1865531951189041
5737,bbbc021_cell_05737,ru_nnls,RU-NNLS,0.9728274941444397,0.9678056836128235,0.20147059857845306,0.1634596288204193,0.2767651081085205,0.22646841406822205
5742,bbbc021_cell_05742,ru_nnls,RU-NNLS,0.9769200682640076,0.9702761173248291,0.21268363296985626,0.1818135529756546,0.18170364201068878,0.19908872246742249
5744,bbbc021_cell_05744,ru_nnls,RU-NNLS,0.9819406867027283,0.9770551323890686,0.203721284866333,0.12109582126140594,0.21502505242824554,0.19315114617347717
5758,bbbc021_cell_05758,ru_nnls,RU-NNLS,0.9753062129020691,0.9630467891693115,0.22619903087615967,0.1802700310945511,0.19171498715877533,0.23576416075229645
5763,bbbc021_cell_05763,ru_nnls,RU-NNLS,0.9732481837272644,0.9562459588050842,0.2869426906108856,0.16153472661972046,0.13251592218875885,0.10644012689590454
5770,bbbc021_cell_05770,ru_nnls,RU-NNLS,0.9516067504882812,0.9098027348518372,0.3964317739009857,0.10757958143949509,0.06573743373155594,0.08180484920740128
5774,bbbc021_cell_05774,ru_nnls,RU-NNLS,0.9658190608024597,0.9313904047012329,0.36953264474868774,0.1616588979959488,0.08187134563922882,0.2222108542919159
5785,bbbc021_cell_05785,ru_nnls,RU-NNLS,0.9701151847839355,0.9595370888710022,0.23287127912044525,0.1310233771800995,0.15986201167106628,0.1412142664194107
5793,bbbc021_cell_05793,ru_nnls,RU-NNLS,0.9731988906860352,0.9633837938308716,0.24107642471790314,0.10493861883878708,0.14737099409103394,0.20563827455043793
5802,bbbc021_cell_05802,ru_nnls,RU-NNLS,0.9790399074554443,0.9754318594932556,0.20492024719715118,0.1598864048719406,0.26657453179359436,0.1556011587381363
5803,bbbc021_cell_05803,ru_nnls,RU-NNLS,0.9697020053863525,0.9665564894676208,0.22209078073501587,0.17298267781734467,0.382931649684906,0.3880373239517212
5804,bbbc021_cell_05804,ru_nnls,RU-NNLS,0.9744446277618408,0.9649417400360107,0.23428229987621307,0.09681963920593262,0.2257070392370224,0.1413431018590927
5810,bbbc021_cell_05810,ru_nnls,RU-NNLS,0.9730434417724609,0.9659544825553894,0.18962012231349945,0.20317323505878448,0.34912827610969543,0.37384986877441406
5813,bbbc021_cell_05813,ru_nnls,RU-NNLS,0.9855888485908508,0.981813907623291,0.1540074497461319,0.2825668752193451,0.4031907618045807,0.41488873958587646
5819,bbbc021_cell_05819,ru_nnls,RU-NNLS,0.9864023327827454,0.9841051697731018,0.18037782609462738,0.16391025483608246,0.18859413266181946,0.23925405740737915
5831,bbbc021_cell_05831,ru_nnls,RU-NNLS,0.9777975678443909,0.9724419713020325,0.20262251794338226,0.15282584726810455,0.25951892137527466,0.2348441332578659
5838,bbbc021_cell_05838,ru_nnls,RU-NNLS,0.9758176207542419,0.9663068056106567,0.24129295349121094,0.11691132187843323,0.15946616232395172,0.18815229833126068
5848,bbbc021_cell_05848,ru_nnls,RU-NNLS,0.9744762778282166,0.9604983329772949,0.2013273686170578,0.2300146222114563,0.2955144941806793,0.28114935755729675
5850,bbbc021_cell_05850,ru_nnls,RU-NNLS,0.9608056545257568,0.948161780834198,0.25181838870048523,0.11856864392757416,0.19398459792137146,0.12370224297046661
5851,bbbc021_cell_05851,ru_nnls,RU-NNLS,0.9743395447731018,0.9611144661903381,0.19208544492721558,0.2533664405345917,0.5020760893821716,0.3433949947357178
5860,bbbc021_cell_05860,ru_nnls,RU-NNLS,0.9819433689117432,0.9746676087379456,0.2084047943353653,0.13100667297840118,0.18113456666469574,0.16330963373184204
5877,bbbc021_cell_05877,ru_nnls,RU-NNLS,0.9630454182624817,0.9325355887413025,0.3342008888721466,0.0897592157125473,0.09889943152666092,0.19924218952655792
5878,bbbc021_cell_05878,ru_nnls,RU-NNLS,0.9728148579597473,0.9597675800323486,0.27228468656539917,0.11761610954999924,0.18715828657150269,0.083027683198452
5880,bbbc021_cell_05880,ru_nnls,RU-NNLS,0.9736667275428772,0.9590206742286682,0.2545088231563568,0.14510132372379303,0.16652344167232513,0.12435971945524216
5884,bbbc021_cell_05884,ru_nnls,RU-NNLS,0.9825558066368103,0.9796112179756165,0.19511176645755768,0.11523102223873138,0.21863104403018951,0.16989491879940033
5890,bbbc021_cell_05890,ru_nnls,RU-NNLS,0.9806819558143616,0.9758605360984802,0.19695544242858887,0.11930914968252182,0.31004586815834045,0.18303824961185455
5892,bbbc021_cell_05892,ru_nnls,RU-NNLS,0.9654862880706787,0.952824056148529,0.29793602228164673,0.11086113750934601,0.1319114863872528,0.0791231319308281
5895,bbbc021_cell_05895,ru_nnls,RU-NNLS,0.9715949892997742,0.9625856280326843,0.2132716178894043,0.1713450402021408,0.22326874732971191,0.25789767503738403
5899,bbbc021_cell_05899,ru_nnls,RU-NNLS,0.9803149104118347,0.972813069820404,0.2302474081516266,0.13442350924015045,0.15435443818569183,0.1310776174068451
5903,bbbc021_cell_05903,ru_nnls,RU-NNLS,0.9813787341117859,0.9748206734657288,0.18354597687721252,0.21608863770961761,0.326070100069046,0.25610730051994324
5904,bbbc021_cell_05904,ru_nnls,RU-NNLS,0.9704027771949768,0.959752082824707,0.23404407501220703,0.19098703563213348,0.19004657864570618,0.15202878415584564
5906,bbbc021_cell_05906,ru_nnls,RU-NNLS,0.9778966903686523,0.965191662311554,0.23943191766738892,0.1640513390302658,0.22011901438236237,0.13822589814662933
5916,bbbc021_cell_05916,ru_nnls,RU-NNLS,0.9594573974609375,0.9439336657524109,0.28338822722435,0.14122329652309418,0.16091065108776093,0.23005139827728271
5919,bbbc021_cell_05919,ru_nnls,RU-NNLS,0.9646854400634766,0.9543175101280212,0.26043662428855896,0.15283752977848053,0.18345573544502258,0.13749532401561737
5939,bbbc021_cell_05939,ru_nnls,RU-NNLS,0.9702654480934143,0.9588362574577332,0.2504779100418091,0.19405557215213776,0.20351234078407288,0.18699298799037933
5941,bbbc021_cell_05941,ru_nnls,RU-NNLS,0.9709134101867676,0.9518463015556335,0.25605323910713196,0.20972320437431335,0.24723199009895325,0.33078256249427795
5961,bbbc021_cell_05961,ru_nnls,RU-NNLS,0.9778152108192444,0.967854380607605,0.24711357057094574,0.11697520315647125,0.14107945561408997,0.15595753490924835
5966,bbbc021_cell_05966,ru_nnls,RU-NNLS,0.9831351637840271,0.9785821437835693,0.17981013655662537,0.21854481101036072,0.24631524085998535,0.22695179283618927
5967,bbbc021_cell_05967,ru_nnls,RU-NNLS,0.9649701714515686,0.9431346654891968,0.23148895800113678,0.16017237305641174,0.29222819209098816,0.19500504434108734
5968,bbbc021_cell_05968,ru_nnls,RU-NNLS,0.9849036335945129,0.9824386835098267,0.1707049310207367,0.20177657902240753,0.33016717433929443,0.24947865307331085
5969,bbbc021_cell_05969,ru_nnls,RU-NNLS,0.9684247970581055,0.9615789651870728,0.22919249534606934,0.1146056279540062,0.1947428286075592,0.20453296601772308
5976,bbbc021_cell_05976,ru_nnls,RU-NNLS,0.9771623015403748,0.969025194644928,0.22285664081573486,0.17071183025836945,0.2024984359741211,0.21069006621837616
5980,bbbc021_cell_05980,ru_nnls,RU-NNLS,0.9824830889701843,0.9809466004371643,0.18342828750610352,0.12484456598758698,0.244676411151886,0.22824741899967194
5994,bbbc021_cell_05994,ru_nnls,RU-NNLS,0.9850184321403503,0.9828588366508484,0.18738967180252075,0.17896203696727753,0.18063701689243317,0.17678822576999664
6006,bbbc021_cell_06006,ru_nnls,RU-NNLS,0.980205774307251,0.9728383421897888,0.20362026989459991,0.18691939115524292,0.21415819227695465,0.14621084928512573
6013,bbbc021_cell_06013,ru_nnls,RU-NNLS,0.97688227891922,0.9668189287185669,0.2157808095216751,0.18226784467697144,0.20316186547279358,0.22885461151599884
6018,bbbc021_cell_06018,ru_nnls,RU-NNLS,0.9750356078147888,0.967653214931488,0.20635533332824707,0.2086201161146164,0.25228017568588257,0.20075875520706177
6020,bbbc021_cell_06020,ru_nnls,RU-NNLS,0.9808264374732971,0.9776430130004883,0.19558417797088623,0.10865497589111328,0.20737224817276,0.17655426263809204
6021,bbbc021_cell_06021,ru_nnls,RU-NNLS,0.9722331166267395,0.9653812050819397,0.19905763864517212,0.15429075062274933,0.22762660682201385,0.20385968685150146
6022,bbbc021_cell_06022,ru_nnls,RU-NNLS,0.96366286277771,0.9436454772949219,0.22373713552951813,0.252113938331604,0.24689528346061707,0.2056569755077362
6025,bbbc021_cell_06025,ru_nnls,RU-NNLS,0.9649698734283447,0.9534255862236023,0.24664612114429474,0.17020836472511292,0.17179478704929352,0.15616965293884277
6027,bbbc021_cell_06027,ru_nnls,RU-NNLS,0.9833343029022217,0.9809461236000061,0.1890735626220703,0.11904288083314896,0.26308950781822205,0.20404621958732605
6042,bbbc021_cell_06042,ru_nnls,RU-NNLS,0.9914476871490479,0.9903977513313293,0.13915205001831055,0.14442908763885498,0.2373761534690857,0.18888132274150848
6047,bbbc021_cell_06047,ru_nnls,RU-NNLS,0.9678264260292053,0.9447751641273499,0.24979734420776367,0.18034806847572327,0.28145548701286316,0.18406784534454346
6048,bbbc021_cell_06048,ru_nnls,RU-NNLS,0.9850473999977112,0.9793325662612915,0.19270308315753937,0.14404898881912231,0.18477748334407806,0.19526894390583038
6060,bbbc021_cell_06060,ru_nnls,RU-NNLS,0.9891363978385925,0.9812650680541992,0.18514849245548248,0.18860609829425812,0.23138251900672913,0.3060598075389862
6063,bbbc021_cell_06063,ru_nnls,RU-NNLS,0.9785423278808594,0.9728568196296692,0.19611401855945587,0.16685305535793304,0.24318991601467133,0.3201760947704315
6067,bbbc021_cell_06067,ru_nnls,RU-NNLS,0.9815187454223633,0.9787747263908386,0.19653035700321198,0.12369159609079361,0.2483270913362503,0.161132350564003
6071,bbbc021_cell_06071,ru_nnls,RU-NNLS,0.9831395149230957,0.9795284867286682,0.18419702351093292,0.215413436293602,0.31459370255470276,0.3094307482242584
6075,bbbc021_cell_06075,ru_nnls,RU-NNLS,0.9820959568023682,0.9734018445014954,0.2180711030960083,0.15814265608787537,0.19892369210720062,0.18503180146217346
6083,bbbc021_cell_06083,ru_nnls,RU-NNLS,0.9787628054618835,0.9712700247764587,0.18798446655273438,0.22989287972450256,0.3225994408130646,0.3161223530769348
6085,bbbc021_cell_06085,ru_nnls,RU-NNLS,0.9733111262321472,0.9670136570930481,0.2054031938314438,0.16794663667678833,0.23860329389572144,0.18687942624092102
6089,bbbc021_cell_06089,ru_nnls,RU-NNLS,0.9763988852500916,0.9667605757713318,0.2372589111328125,0.10552234947681427,0.17229606211185455,0.2596587538719177
6091,bbbc021_cell_06091,ru_nnls,RU-NNLS,0.9834597706794739,0.9792198538780212,0.1608353555202484,0.23793384432792664,0.381727397441864,0.39771199226379395
6110,bbbc021_cell_06110,ru_nnls,RU-NNLS,0.9734013676643372,0.9486826062202454,0.2951982915401459,0.14005312323570251,0.13787485659122467,0.2858755588531494
6117,bbbc021_cell_06117,ru_nnls,RU-NNLS,0.9672970771789551,0.9585487842559814,0.277382493019104,0.079407699406147,0.19642780721187592,0.1573798805475235
6129,bbbc021_cell_06129,ru_nnls,RU-NNLS,0.975836455821991,0.9711359143257141,0.19097259640693665,0.15679305791854858,0.25215408205986023,0.25807690620422363
6135,bbbc021_cell_06135,ru_nnls,RU-NNLS,0.9818780422210693,0.9760912656784058,0.18699459731578827,0.2091483622789383,0.2681675851345062,0.31951093673706055
6137,bbbc021_cell_06137,ru_nnls,RU-NNLS,0.978600025177002,0.9725996255874634,0.2140846997499466,0.14597009122371674,0.22316239774227142,0.24434101581573486
6139,bbbc021_cell_06139,ru_nnls,RU-NNLS,0.9767489433288574,0.9692334532737732,0.2039477527141571,0.1996021717786789,0.24027447402477264,0.20903722941875458
6147,bbbc021_cell_06147,ru_nnls,RU-NNLS,0.9816661477088928,0.9764671325683594,0.18693870306015015,0.20976734161376953,0.26654526591300964,0.2330305576324463
6156,bbbc021_cell_06156,ru_nnls,RU-NNLS,0.9845698475837708,0.9776653051376343,0.2003536969423294,0.10857957601547241,0.24128450453281403,0.3230035901069641
6157,bbbc021_cell_06157,ru_nnls,RU-NNLS,0.9875014424324036,0.9819111824035645,0.18549096584320068,0.143926203250885,0.16745442152023315,0.2361138015985489
6158,bbbc021_cell_06158,ru_nnls,RU-NNLS,0.9659199714660645,0.9559543132781982,0.19665077328681946,0.18791909515857697,0.3403488099575043,0.2855095863342285
6162,bbbc021_cell_06162,ru_nnls,RU-NNLS,0.9735128283500671,0.9656268358230591,0.22529754042625427,0.12151128053665161,0.18274711072444916,0.13102903962135315
6171,bbbc021_cell_06171,ru_nnls,RU-NNLS,0.9828518033027649,0.9744859337806702,0.21129292249679565,0.15939466655254364,0.17106957733631134,0.21263039112091064
6177,bbbc021_cell_06177,ru_nnls,RU-NNLS,0.9878095984458923,0.9849939346313477,0.16609016060829163,0.13194265961647034,0.24021068215370178,0.18845190107822418
6181,bbbc021_cell_06181,ru_nnls,RU-NNLS,0.9732041954994202,0.9644718170166016,0.2462046891450882,0.14463600516319275,0.11961337178945541,0.12535519897937775
6182,bbbc021_cell_06182,ru_nnls,RU-NNLS,0.9835377335548401,0.9806801676750183,0.18352988362312317,0.1615522801876068,0.2741817235946655,0.22270753979682922
6184,bbbc021_cell_06184,ru_nnls,RU-NNLS,0.9735245108604431,0.9708425402641296,0.21322442591190338,0.19535687565803528,0.27496257424354553,0.15838003158569336
6189,bbbc021_cell_06189,ru_nnls,RU-NNLS,0.9769299626350403,0.9707266688346863,0.19375991821289062,0.23999376595020294,0.28877970576286316,0.26429158449172974
6199,bbbc021_cell_06199,ru_nnls,RU-NNLS,0.9777105450630188,0.9617376327514648,0.2596723437309265,0.12156715989112854,0.22515735030174255,0.0932542085647583
6204,bbbc021_cell_06204,ru_nnls,RU-NNLS,0.9856608510017395,0.9839524030685425,0.1669953614473343,0.19770585000514984,0.3021508753299713,0.27708736062049866
6208,bbbc021_cell_06208,ru_nnls,RU-NNLS,0.9756013751029968,0.9668861627578735,0.2200903296470642,0.13165917992591858,0.2733997702598572,0.15844765305519104
6209,bbbc021_cell_06209,ru_nnls,RU-NNLS,0.9755268096923828,0.9698723554611206,0.2142254114151001,0.12343407422304153,0.17416095733642578,0.1584317535161972
6217,bbbc021_cell_06217,ru_nnls,RU-NNLS,0.9653351902961731,0.9410721659660339,0.21908271312713623,0.18949444591999054,0.3671065866947174,0.21526594460010529
6218,bbbc021_cell_06218,ru_nnls,RU-NNLS,0.9705482125282288,0.952870786190033,0.2298233062028885,0.20060837268829346,0.3065939247608185,0.21020159125328064
6222,bbbc021_cell_06222,ru_nnls,RU-NNLS,0.9489797949790955,0.9153313636779785,0.28237098455429077,0.16899479925632477,0.1685364842414856,0.1772184818983078
6226,bbbc021_cell_06226,ru_nnls,RU-NNLS,0.972194254398346,0.965164065361023,0.2337917536497116,0.10030169039964676,0.16751372814178467,0.22686535120010376
6233,bbbc021_cell_06233,ru_nnls,RU-NNLS,0.9767212271690369,0.9746698141098022,0.21632540225982666,0.09759163856506348,0.17703667283058167,0.19262583553791046
6241,bbbc021_cell_06241,ru_nnls,RU-NNLS,0.9899458289146423,0.9847065210342407,0.17001233994960785,0.1861419379711151,0.20541317760944366,0.20761555433273315
6243,bbbc021_cell_06243,ru_nnls,RU-NNLS,0.9833620190620422,0.9783834218978882,0.1880541443824768,0.2002285122871399,0.27834945917129517,0.3370804786682129
6264,bbbc021_cell_06264,ru_nnls,RU-NNLS,0.9624118804931641,0.9492312669754028,0.2571130096912384,0.12533412873744965,0.14195777475833893,0.10754717886447906
6265,bbbc021_cell_06265,ru_nnls,RU-NNLS,0.9828878045082092,0.9756271839141846,0.20761780440807343,0.19061411917209625,0.2528102397918701,0.21924489736557007
6275,bbbc021_cell_06275,ru_nnls,RU-NNLS,0.9777433276176453,0.969640851020813,0.17992019653320312,0.20884057879447937,0.29930418729782104,0.2835966646671295
6277,bbbc021_cell_06277,ru_nnls,RU-NNLS,0.9753084778785706,0.9723016619682312,0.21599000692367554,0.11628643423318863,0.26873207092285156,0.24016842246055603
6287,bbbc021_cell_06287,ru_nnls,RU-NNLS,0.9789425730705261,0.9681345224380493,0.20507961511611938,0.1827561855316162,0.2899755537509918,0.17546726763248444
6292,bbbc021_cell_06292,ru_nnls,RU-NNLS,0.9847857356071472,0.979078471660614,0.19958776235580444,0.16694232821464539,0.15580932796001434,0.11993992328643799
6301,bbbc021_cell_06301,ru_nnls,RU-NNLS,0.9752364754676819,0.9665396213531494,0.22558104991912842,0.19722849130630493,0.16609416902065277,0.14398692548274994
6309,bbbc021_cell_06309,ru_nnls,RU-NNLS,0.9807563424110413,0.9721463322639465,0.2104567140340805,0.13196764886379242,0.15342144668102264,0.16360117495059967
6318,bbbc021_cell_06318,ru_nnls,RU-NNLS,0.9794352650642395,0.9603816270828247,0.2788432836532593,0.12882056832313538,0.17484283447265625,0.07048683613538742
6325,bbbc021_cell_06325,ru_nnls,RU-NNLS,0.9797232747077942,0.9722034335136414,0.22353877127170563,0.14190223813056946,0.2256605476140976,0.154129296541214
6335,bbbc021_cell_06335,ru_nnls,RU-NNLS,0.979790985584259,0.9761127233505249,0.19685843586921692,0.16689352691173553,0.2799341678619385,0.1453009396791458
6339,bbbc021_cell_06339,ru_nnls,RU-NNLS,0.9852530360221863,0.9827290773391724,0.18459326028823853,0.16523641347885132,0.23192168772220612,0.2062598615884781
6353,bbbc021_cell_06353,ru_nnls,RU-NNLS,0.9798874855041504,0.9751619100570679,0.2109510898590088,0.10189653187990189,0.23128335177898407,0.1492728590965271
6362,bbbc021_cell_06362,ru_nnls,RU-NNLS,0.9735508561134338,0.9628651142120361,0.25729355216026306,0.09151598811149597,0.15475618839263916,0.184561088681221
6364,bbbc021_cell_06364,ru_nnls,RU-NNLS,0.9865453839302063,0.9831990599632263,0.16071850061416626,0.19427157938480377,0.3244531452655792,0.4359351098537445
6366,bbbc021_cell_06366,ru_nnls,RU-NNLS,0.9821217656135559,0.9806860089302063,0.18104246258735657,0.1224125474691391,0.21880090236663818,0.18597917258739471
6368,bbbc021_cell_06368,ru_nnls,RU-NNLS,0.9812381863594055,0.9790146946907043,0.20281560719013214,0.10497060418128967,0.2476215362548828,0.2653960883617401
6386,bbbc021_cell_06386,ru_nnls,RU-NNLS,0.9752495288848877,0.9632037281990051,0.22144083678722382,0.17308618128299713,0.23519465327262878,0.15499237179756165
6402,bbbc021_cell_06402,ru_nnls,RU-NNLS,0.9782959818840027,0.9523544311523438,0.2649463713169098,0.2608082592487335,0.168863445520401,0.33373332023620605
6403,bbbc021_cell_06403,ru_nnls,RU-NNLS,0.9744001030921936,0.9699976444244385,0.20731326937675476,0.13020677864551544,0.22362856566905975,0.31199049949645996
6410,bbbc021_cell_06410,ru_nnls,RU-NNLS,0.964216947555542,0.9517168402671814,0.2192646563053131,0.16533596813678741,0.24519018828868866,0.2118515521287918
6416,bbbc021_cell_06416,ru_nnls,RU-NNLS,0.9690977931022644,0.9502717852592468,0.2895268499851227,0.14066629111766815,0.10210597515106201,0.14257405698299408
6421,bbbc021_cell_06421,ru_nnls,RU-NNLS,0.9902973771095276,0.9890048503875732,0.14542722702026367,0.15470652282238007,0.24694369733333588,0.1510312259197235
6422,bbbc021_cell_06422,ru_nnls,RU-NNLS,0.967085063457489,0.956335723400116,0.25123128294944763,0.11472112685441971,0.1559026837348938,0.1702192723751068
6423,bbbc021_cell_06423,ru_nnls,RU-NNLS,0.9687962532043457,0.9611738324165344,0.2301667332649231,0.15383948385715485,0.20960292220115662,0.21872185170650482
6427,bbbc021_cell_06427,ru_nnls,RU-NNLS,0.9761494994163513,0.9665674567222595,0.24015773832798004,0.16568505764007568,0.176067054271698,0.11573614925146103
6428,bbbc021_cell_06428,ru_nnls,RU-NNLS,0.9791539311408997,0.970024824142456,0.19423389434814453,0.23214657604694366,0.3040832281112671,0.19870473444461823
6432,bbbc021_cell_06432,ru_nnls,RU-NNLS,0.970592200756073,0.9555850625038147,0.26533785462379456,0.11322483420372009,0.17042021453380585,0.15107938647270203
6446,bbbc021_cell_06446,ru_nnls,RU-NNLS,0.9669818878173828,0.9519596695899963,0.2793647348880768,0.10040315985679626,0.14289610087871552,0.20827271044254303
6457,bbbc021_cell_06457,ru_nnls,RU-NNLS,0.9853534698486328,0.982153058052063,0.1777716875076294,0.1268712729215622,0.21670891344547272,0.22673115134239197
6471,bbbc021_cell_06471,ru_nnls,RU-NNLS,0.9819017052650452,0.9777875542640686,0.1858799010515213,0.13188578188419342,0.22798274457454681,0.19904564321041107
6484,bbbc021_cell_06484,ru_nnls,RU-NNLS,0.9808146953582764,0.9743218421936035,0.1957050859928131,0.17671576142311096,0.29279473423957825,0.19262303411960602
6496,bbbc021_cell_06496,ru_nnls,RU-NNLS,0.9629504680633545,0.957831084728241,0.24629521369934082,0.09542562812566757,0.1935470551252365,0.16034209728240967
6498,bbbc021_cell_06498,ru_nnls,RU-NNLS,0.969796359539032,0.9611366391181946,0.23643524944782257,0.12374527752399445,0.18222177028656006,0.2503947913646698
6503,bbbc021_cell_06503,ru_nnls,RU-NNLS,0.9794996380805969,0.9757464528083801,0.20937436819076538,0.11909466981887817,0.1470668613910675,0.12658259272575378
6509,bbbc021_cell_06509,ru_nnls,RU-NNLS,0.9800922274589539,0.9737464785575867,0.2163676619529724,0.12926313281059265,0.3113897144794464,0.17239715158939362
6513,bbbc021_cell_06513,ru_nnls,RU-NNLS,0.9682195782661438,0.9541677236557007,0.22518379986286163,0.1368018239736557,0.24368803203105927,0.14905455708503723
6522,bbbc021_cell_06522,ru_nnls,RU-NNLS,0.9782174229621887,0.9659267663955688,0.2020849883556366,0.2457176297903061,0.40253281593322754,0.24649788439273834
6539,bbbc021_cell_06539,ru_nnls,RU-NNLS,0.9822394251823425,0.9746617078781128,0.21846690773963928,0.12824711203575134,0.25807949900627136,0.14210696518421173
6545,bbbc021_cell_06545,ru_nnls,RU-NNLS,0.9826352596282959,0.9763743281364441,0.20724934339523315,0.16363643109798431,0.20536640286445618,0.19089090824127197
6547,bbbc021_cell_06547,ru_nnls,RU-NNLS,0.9843373894691467,0.9771583080291748,0.19945791363716125,0.1658397614955902,0.210706427693367,0.21135394275188446
6552,bbbc021_cell_06552,ru_nnls,RU-NNLS,0.96409010887146,0.9521565437316895,0.30715012550354004,0.05221891403198242,0.16721324622631073,0.1546313762664795
6559,bbbc021_cell_06559,ru_nnls,RU-NNLS,0.9551467895507812,0.9234752655029297,0.34389597177505493,0.10526619106531143,0.12169646471738815,0.15574292838573456
6564,bbbc021_cell_06564,ru_nnls,RU-NNLS,0.975635826587677,0.97343510389328,0.20260153710842133,0.11885102093219757,0.2111566960811615,0.18896383047103882
6566,bbbc021_cell_06566,ru_nnls,RU-NNLS,0.9772003293037415,0.9703733325004578,0.2250746190547943,0.14802269637584686,0.233399897813797,0.13925868272781372
6570,bbbc021_cell_06570,ru_nnls,RU-NNLS,0.9874138832092285,0.983163058757782,0.16884374618530273,0.21740129590034485,0.27559587359428406,0.2420695722103119
6584,bbbc021_cell_06584,ru_nnls,RU-NNLS,0.9729848504066467,0.965293288230896,0.25280332565307617,0.1189008578658104,0.13172303140163422,0.12934133410453796
6588,bbbc021_cell_06588,ru_nnls,RU-NNLS,0.9811893105506897,0.977186381816864,0.2062523066997528,0.23969139158725739,0.39782950282096863,0.28874966502189636
6594,bbbc021_cell_06594,ru_nnls,RU-NNLS,0.9784915447235107,0.9698823094367981,0.16805702447891235,0.3050030767917633,0.45102331042289734,0.33334341645240784
6612,bbbc021_cell_06612,ru_nnls,RU-NNLS,0.9853975772857666,0.9830955862998962,0.16176266968250275,0.15485407412052155,0.2397472858428955,0.19035235047340393
6628,bbbc021_cell_06628,ru_nnls,RU-NNLS,0.984212338924408,0.9779592156410217,0.16878250241279602,0.2617051601409912,0.34968775510787964,0.24715310335159302
6637,bbbc021_cell_06637,ru_nnls,RU-NNLS,0.9686424732208252,0.9584476947784424,0.2267473042011261,0.11693285405635834,0.26653939485549927,0.20202839374542236
6642,bbbc021_cell_06642,ru_nnls,RU-NNLS,0.9775682091712952,0.9684457778930664,0.23524481058120728,0.10154207795858383,0.17166106402873993,0.29080823063850403
6647,bbbc021_cell_06647,ru_nnls,RU-NNLS,0.9766924381256104,0.9681238532066345,0.23969855904579163,0.13944052159786224,0.15758898854255676,0.09842678904533386
6648,bbbc021_cell_06648,ru_nnls,RU-NNLS,0.9740616679191589,0.9694221615791321,0.21031007170677185,0.1325400471687317,0.20303727686405182,0.16071899235248566
6649,bbbc021_cell_06649,ru_nnls,RU-NNLS,0.9793817400932312,0.9695120453834534,0.22430413961410522,0.13741061091423035,0.2840125858783722,0.14883941411972046
6653,bbbc021_cell_06653,ru_nnls,RU-NNLS,0.9823036193847656,0.9774812459945679,0.19423511624336243,0.18238171935081482,0.2822086215019226,0.2755016088485718
6656,bbbc021_cell_06656,ru_nnls,RU-NNLS,0.9766178727149963,0.9716364741325378,0.19473525881767273,0.14800943434238434,0.2423616498708725,0.20243221521377563
6660,bbbc021_cell_06660,ru_nnls,RU-NNLS,0.9728172421455383,0.969360888004303,0.22831708192825317,0.10992206633090973,0.1688428819179535,0.16525165736675262
6672,bbbc021_cell_06672,ru_nnls,RU-NNLS,0.9761055111885071,0.9665241837501526,0.20064739882946014,0.18233509361743927,0.27031734585762024,0.2162180244922638
6676,bbbc021_cell_06676,ru_nnls,RU-NNLS,0.978553056716919,0.9726763367652893,0.20665845274925232,0.17783918976783752,0.19098755717277527,0.17074255645275116
6682,bbbc021_cell_06682,ru_nnls,RU-NNLS,0.9756617546081543,0.9664667844772339,0.21973925828933716,0.20191578567028046,0.18458989262580872,0.22978346049785614
6683,bbbc021_cell_06683,ru_nnls,RU-NNLS,0.9802212715148926,0.972662627696991,0.21050132811069489,0.19169113039970398,0.2134164273738861,0.14364835619926453
6691,bbbc021_cell_06691,ru_nnls,RU-NNLS,0.9703211784362793,0.9624171853065491,0.2536395490169525,0.0947292149066925,0.128850057721138,0.12070394307374954
6695,bbbc021_cell_06695,ru_nnls,RU-NNLS,0.9526330828666687,0.9397819638252258,0.2673906683921814,0.1260351538658142,0.1622314602136612,0.12986956536769867
6700,bbbc021_cell_06700,ru_nnls,RU-NNLS,0.9702484011650085,0.9552329778671265,0.197746142745018,0.21133176982402802,0.33328622579574585,0.29756706953048706
6705,bbbc021_cell_06705,ru_nnls,RU-NNLS,0.9647602438926697,0.9556006193161011,0.21950338780879974,0.1640237420797348,0.24606190621852875,0.28015902638435364
6706,bbbc021_cell_06706,ru_nnls,RU-NNLS,0.9826550483703613,0.9754332900047302,0.21575167775154114,0.12471052259206772,0.16962406039237976,0.14338257908821106
6711,bbbc021_cell_06711,ru_nnls,RU-NNLS,0.9850934147834778,0.9818941950798035,0.18640336394309998,0.1149856373667717,0.2392032891511917,0.2476973980665207
6732,bbbc021_cell_06732,ru_nnls,RU-NNLS,0.9845154285430908,0.9831807017326355,0.17241065204143524,0.14084278047084808,0.275248259305954,0.24828319251537323
6742,bbbc021_cell_06742,ru_nnls,RU-NNLS,0.9713382720947266,0.9572765231132507,0.20798328518867493,0.20765531063079834,0.31683024764060974,0.2083176076412201
6744,bbbc021_cell_06744,ru_nnls,RU-NNLS,0.8066676259040833,0.48460352420806885,3.5493876934051514,0.11429062485694885,0.002880789339542389,0.04299112409353256
6747,bbbc021_cell_06747,ru_nnls,RU-NNLS,0.9713006615638733,0.9672232866287231,0.20489387214183807,0.12584300339221954,0.2377137839794159,0.2066042125225067
6757,bbbc021_cell_06757,ru_nnls,RU-NNLS,0.9787502288818359,0.9677760601043701,0.22153814136981964,0.18402157723903656,0.23845309019088745,0.1291608214378357
6769,bbbc021_cell_06769,ru_nnls,RU-NNLS,0.9856376051902771,0.982037365436554,0.17966397106647491,0.15267550945281982,0.23060362040996552,0.17684391140937805
6786,bbbc021_cell_06786,ru_nnls,RU-NNLS,0.9744269251823425,0.9642149209976196,0.21315929293632507,0.19556088745594025,0.20086903870105743,0.18379665911197662
6787,bbbc021_cell_06787,ru_nnls,RU-NNLS,0.9809401631355286,0.9745038151741028,0.19747667014598846,0.1771366149187088,0.22235728800296783,0.18089865148067474
6800,bbbc021_cell_06800,ru_nnls,RU-NNLS,0.9812270998954773,0.9721329212188721,0.19907750189304352,0.1644182950258255,0.18987415730953217,0.2073141634464264
6808,bbbc021_cell_06808,ru_nnls,RU-NNLS,0.9746577143669128,0.9620910882949829,0.2256958782672882,0.12225021421909332,0.23584619164466858,0.14030338823795319
6826,bbbc021_cell_06826,ru_nnls,RU-NNLS,0.9782280325889587,0.975408136844635,0.19225873053073883,0.1198069304227829,0.2564985156059265,0.23441796004772186
6831,bbbc021_cell_06831,ru_nnls,RU-NNLS,0.981534481048584,0.975612223148346,0.2073681652545929,0.140306293964386,0.17400558292865753,0.23462101817131042
6833,bbbc021_cell_06833,ru_nnls,RU-NNLS,0.9731430411338806,0.9680927395820618,0.23109480738639832,0.11279366165399551,0.1577136218547821,0.1707002818584442
6835,bbbc021_cell_06835,ru_nnls,RU-NNLS,0.9753424525260925,0.9574396014213562,0.19482679665088654,0.21453040838241577,0.36020463705062866,0.22418686747550964
6837,bbbc021_cell_06837,ru_nnls,RU-NNLS,0.44383034110069275,0.0779459998011589,9.610039710998535,0.12467311322689056,0.0008204859332181513,0.001940968562848866
6845,bbbc021_cell_06845,ru_nnls,RU-NNLS,0.9717281460762024,0.9585169553756714,0.246816486120224,0.09528126567602158,0.22886908054351807,0.13154269754886627
6848,bbbc021_cell_06848,ru_nnls,RU-NNLS,0.9774448275566101,0.9637722969055176,0.23827683925628662,0.20671863853931427,0.2865159213542938,0.262129008769989
6855,bbbc021_cell_06855,ru_nnls,RU-NNLS,0.9650518298149109,0.9569769501686096,0.2172536849975586,0.16174697875976562,0.24776142835617065,0.24548260867595673
6860,bbbc021_cell_06860,ru_nnls,RU-NNLS,0.9678859710693359,0.9597120881080627,0.21022909879684448,0.13700127601623535,0.22424055635929108,0.2052796185016632
6865,bbbc021_cell_06865,ru_nnls,RU-NNLS,0.9772932529449463,0.9730355739593506,0.17728669941425323,0.23081061244010925,0.3638269305229187,0.3367893397808075
6872,bbbc021_cell_06872,ru_nnls,RU-NNLS,0.9783148169517517,0.9714207053184509,0.20642398297786713,0.20825794339179993,0.21206755936145782,0.22081021964550018
6880,bbbc021_cell_06880,ru_nnls,RU-NNLS,0.9635383486747742,0.9432510733604431,0.27581679821014404,0.15541024506092072,0.1405683308839798,0.15941984951496124
6887,bbbc021_cell_06887,ru_nnls,RU-NNLS,0.9743120074272156,0.9654532074928284,0.20158743858337402,0.16284607350826263,0.20620004832744598,0.17185468971729279
6889,bbbc021_cell_06889,ru_nnls,RU-NNLS,0.971241295337677,0.9603756070137024,0.22847743332386017,0.17004285752773285,0.18318676948547363,0.21954627335071564
6894,bbbc021_cell_06894,ru_nnls,RU-NNLS,0.9784500002861023,0.969119131565094,0.2077227085828781,0.21102960407733917,0.259735643863678,0.213395357131958
6904,bbbc021_cell_06904,ru_nnls,RU-NNLS,0.9840213656425476,0.9786449074745178,0.19216330349445343,0.14504602551460266,0.28641727566719055,0.16077633202075958
6913,bbbc021_cell_06913,ru_nnls,RU-NNLS,0.9715433716773987,0.9619261026382446,0.24065203964710236,0.16679596900939941,0.16286700963974,0.13034364581108093
6928,bbbc021_cell_06928,ru_nnls,RU-NNLS,0.9909107685089111,0.987902045249939,0.15181156992912292,0.17354555428028107,0.17779117822647095,0.15399287641048431
6936,bbbc021_cell_06936,ru_nnls,RU-NNLS,0.9786891341209412,0.9724600315093994,0.22201445698738098,0.10137507319450378,0.1630023866891861,0.13958798348903656
6963,bbbc021_cell_06963,ru_nnls,RU-NNLS,0.965822160243988,0.9418866038322449,0.25825613737106323,0.1727050393819809,0.2957122027873993,0.17037558555603027
6971,bbbc021_cell_06971,ru_nnls,RU-NNLS,0.9497728943824768,0.9442380666732788,0.3259962797164917,0.04434474557638168,0.08385538309812546,0.06332749873399734
6992,bbbc021_cell_06992,ru_nnls,RU-NNLS,0.9747149348258972,0.9702370166778564,0.22237619757652283,0.16069969534873962,0.32097673416137695,0.202956885099411
7011,bbbc021_cell_07011,ru_nnls,RU-NNLS,0.9667003154754639,0.9463200569152832,0.25037944316864014,0.1606581062078476,0.26501011848449707,0.17105057835578918
7013,bbbc021_cell_07013,ru_nnls,RU-NNLS,0.9727401733398438,0.9620741009712219,0.24695397913455963,0.11269327998161316,0.14072830975055695,0.1693105846643448
7018,bbbc021_cell_07018,ru_nnls,RU-NNLS,0.9662604928016663,0.9513460993766785,0.20992787182331085,0.17815014719963074,0.2637270390987396,0.23809951543807983
7023,bbbc021_cell_07023,ru_nnls,RU-NNLS,0.9789214730262756,0.9742029309272766,0.18788743019104004,0.17971961200237274,0.281662255525589,0.20673909783363342
7035,bbbc021_cell_07035,ru_nnls,RU-NNLS,0.9556785225868225,0.9322139620780945,0.2366258054971695,0.15979406237602234,0.3279759883880615,0.1648034304380417
7038,bbbc021_cell_07038,ru_nnls,RU-NNLS,0.9808483719825745,0.9772796034812927,0.17628082633018494,0.22101712226867676,0.3254944980144501,0.26332250237464905
7041,bbbc021_cell_07041,ru_nnls,RU-NNLS,0.974780797958374,0.9611727595329285,0.25539979338645935,0.16875320672988892,0.24905869364738464,0.15286216139793396
7042,bbbc021_cell_07042,ru_nnls,RU-NNLS,0.9819262623786926,0.9742820858955383,0.2144043892621994,0.15784302353858948,0.22396890819072723,0.16375358402729034
7047,bbbc021_cell_07047,ru_nnls,RU-NNLS,0.987529993057251,0.9842818379402161,0.15932412445545197,0.22108983993530273,0.28363698720932007,0.20921947062015533
7057,bbbc021_cell_07057,ru_nnls,RU-NNLS,0.9825077056884766,0.9809818863868713,0.178566113114357,0.13067331910133362,0.21015620231628418,0.1479083150625229
7068,bbbc021_cell_07068,ru_nnls,RU-NNLS,0.9886608719825745,0.9871517419815063,0.14044637978076935,0.21467991173267365,0.370227575302124,0.30842140316963196
7088,bbbc021_cell_07088,ru_nnls,RU-NNLS,0.972087562084198,0.946219265460968,0.22792789340019226,0.2662082612514496,0.4207588732242584,0.2201431840658188
7092,bbbc021_cell_07092,ru_nnls,RU-NNLS,0.9822404384613037,0.9768735766410828,0.17846174538135529,0.20991632342338562,0.25863876938819885,0.23516952991485596
7100,bbbc021_cell_07100,ru_nnls,RU-NNLS,0.9785032868385315,0.9692355394363403,0.1755964756011963,0.17643114924430847,0.27580538392066956,0.2321329265832901
7114,bbbc021_cell_07114,ru_nnls,RU-NNLS,0.9608801007270813,0.9293768405914307,0.2740926742553711,0.16808399558067322,0.26765012741088867,0.11640778928995132
7119,bbbc021_cell_07119,ru_nnls,RU-NNLS,0.9792982935905457,0.9665448069572449,0.19137664139270782,0.18616099655628204,0.3309606909751892,0.24098575115203857
7126,bbbc021_cell_07126,ru_nnls,RU-NNLS,0.9725039601325989,0.9676741361618042,0.18941739201545715,0.17386272549629211,0.2636663615703583,0.2395930141210556
7131,bbbc021_cell_07131,ru_nnls,RU-NNLS,0.980700671672821,0.9690856337547302,0.24672091007232666,0.11661054939031601,0.1532905548810959,0.14582456648349762
7140,bbbc021_cell_07140,ru_nnls,RU-NNLS,0.9718068242073059,0.9652423858642578,0.2066969871520996,0.140708789229393,0.2484220266342163,0.2236696034669876
7142,bbbc021_cell_07142,ru_nnls,RU-NNLS,0.972618579864502,0.9660128951072693,0.23466700315475464,0.11603410542011261,0.17500430345535278,0.1766834557056427
7143,bbbc021_cell_07143,ru_nnls,RU-NNLS,0.9794578552246094,0.9585925936698914,0.27599820494651794,0.1374775916337967,0.15895190834999084,0.26259687542915344
7153,bbbc021_cell_07153,ru_nnls,RU-NNLS,0.9743221402168274,0.9605783224105835,0.24853980541229248,0.13333174586296082,0.22604192793369293,0.1251351237297058
7154,bbbc021_cell_07154,ru_nnls,RU-NNLS,0.956995964050293,0.9105367064476013,0.3611801862716675,0.1470515877008438,0.22471360862255096,0.08699685335159302
7169,bbbc021_cell_07169,ru_nnls,RU-NNLS,0.9739475250244141,0.9642502665519714,0.2620776295661926,0.11004292219877243,0.1405854970216751,0.16479119658470154
7171,bbbc021_cell_07171,ru_nnls,RU-NNLS,0.9819039702415466,0.9734976887702942,0.2250767946243286,0.079922616481781,0.23921026289463043,0.21668903529644012
7172,bbbc021_cell_07172,ru_nnls,RU-NNLS,0.9791159629821777,0.9717552065849304,0.20357942581176758,0.20501305162906647,0.3012414276599884,0.26290756464004517
7178,bbbc021_cell_07178,ru_nnls,RU-NNLS,0.9851763844490051,0.9840949773788452,0.16081984341144562,0.15788231790065765,0.2759075462818146,0.31274309754371643
7184,bbbc021_cell_07184,ru_nnls,RU-NNLS,0.9680008292198181,0.9514111280441284,0.22891800105571747,0.16652275621891022,0.30603426694869995,0.19847731292247772
7202,bbbc021_cell_07202,ru_nnls,RU-NNLS,0.9750256538391113,0.9641475677490234,0.22021524608135223,0.18718798458576202,0.2225436121225357,0.1735968291759491
7206,bbbc021_cell_07206,ru_nnls,RU-NNLS,0.9583728313446045,0.9491884112358093,0.233707994222641,0.1608508974313736,0.22618365287780762,0.19192758202552795
7220,bbbc021_cell_07220,ru_nnls,RU-NNLS,0.9718074798583984,0.9564268589019775,0.2615301311016083,0.14468646049499512,0.20100967586040497,0.24383680522441864
7226,bbbc021_cell_07226,ru_nnls,RU-NNLS,0.9720852971076965,0.9636973738670349,0.2188313752412796,0.19609370827674866,0.24644485116004944,0.22673065960407257
7229,bbbc021_cell_07229,ru_nnls,RU-NNLS,0.9704602360725403,0.963831901550293,0.2724323272705078,0.06387889385223389,0.19824224710464478,0.12584473192691803
7231,bbbc021_cell_07231,ru_nnls,RU-NNLS,0.9794358611106873,0.9775299429893494,0.18228839337825775,0.14156626164913177,0.2549702823162079,0.25178566575050354
7237,bbbc021_cell_07237,ru_nnls,RU-NNLS,0.9718017578125,0.9677734971046448,0.22024022042751312,0.10570850968360901,0.20796096324920654,0.19060586392879486
7244,bbbc021_cell_07244,ru_nnls,RU-NNLS,0.9800066947937012,0.9744616746902466,0.21071338653564453,0.10978632420301437,0.24289807677268982,0.13845866918563843
7256,bbbc021_cell_07256,ru_nnls,RU-NNLS,0.978118896484375,0.9664238095283508,0.23198829591274261,0.18148009479045868,0.17019036412239075,0.17122434079647064
7259,bbbc021_cell_07259,ru_nnls,RU-NNLS,0.9739327430725098,0.9601898789405823,0.2151235193014145,0.12559765577316284,0.29116782546043396,0.1726100593805313
7269,bbbc021_cell_07269,ru_nnls,RU-NNLS,0.9794579148292542,0.9743797779083252,0.21116800606250763,0.16432352364063263,0.1832345873117447,0.1895345002412796
7272,bbbc021_cell_07272,ru_nnls,RU-NNLS,0.9756260514259338,0.9644841551780701,0.2401583045721054,0.18742522597312927,0.2301311492919922,0.17504629492759705
7274,bbbc021_cell_07274,ru_nnls,RU-NNLS,0.9742539525032043,0.9713900089263916,0.20549003779888153,0.12627919018268585,0.22091186046600342,0.19175666570663452
7276,bbbc021_cell_07276,ru_nnls,RU-NNLS,0.9882834553718567,0.983790934085846,0.17732654511928558,0.14078998565673828,0.18343254923820496,0.17178188264369965
7287,bbbc021_cell_07287,ru_nnls,RU-NNLS,0.9712211489677429,0.9640076756477356,0.2418942153453827,0.11456135660409927,0.14219963550567627,0.11309268325567245
7288,bbbc021_cell_07288,ru_nnls,RU-NNLS,0.9658340811729431,0.9458067417144775,0.2824796736240387,0.2196887880563736,0.1566922962665558,0.17659932374954224
7290,bbbc021_cell_07290,ru_nnls,RU-NNLS,0.9755196571350098,0.9648575782775879,0.2381664365530014,0.13114774227142334,0.25463178753852844,0.1522829383611679
7293,bbbc021_cell_07293,ru_nnls,RU-NNLS,0.9679920673370361,0.9614443778991699,0.24194271862506866,0.08624917268753052,0.19327262043952942,0.1371934860944748
7295,bbbc021_cell_07295,ru_nnls,RU-NNLS,0.985119104385376,0.9845262169837952,0.17485642433166504,0.11067338287830353,0.2243834137916565,0.15181070566177368
7299,bbbc021_cell_07299,ru_nnls,RU-NNLS,0.9624852538108826,0.9238786697387695,0.3548094928264618,0.08433477580547333,0.078971266746521,0.16652268171310425
7301,bbbc021_cell_07301,ru_nnls,RU-NNLS,0.9766659736633301,0.9642372131347656,0.2092856913805008,0.22052229940891266,0.19963844120502472,0.14829589426517487
7313,bbbc021_cell_07313,ru_nnls,RU-NNLS,0.9696314930915833,0.953148365020752,0.27105286717414856,0.10646545886993408,0.11681406199932098,0.16253294050693512
7321,bbbc021_cell_07321,ru_nnls,RU-NNLS,0.9730126261711121,0.9710423350334167,0.2276681363582611,0.11015719920396805,0.22201699018478394,0.24008332192897797
7327,bbbc021_cell_07327,ru_nnls,RU-NNLS,0.9693146347999573,0.9496440887451172,0.20969346165657043,0.221250981092453,0.487112820148468,0.23913800716400146
7328,bbbc021_cell_07328,ru_nnls,RU-NNLS,0.9727432131767273,0.9650992751121521,0.2346958965063095,0.10567701607942581,0.1435958296060562,0.13275191187858582
7331,bbbc021_cell_07331,ru_nnls,RU-NNLS,0.9907715916633606,0.987799882888794,0.14729484915733337,0.16116686165332794,0.24319960176944733,0.16730143129825592
7340,bbbc021_cell_07340,ru_nnls,RU-NNLS,0.9728370308876038,0.9587421417236328,0.22774919867515564,0.17671728134155273,0.21253663301467896,0.12822887301445007
7346,bbbc021_cell_07346,ru_nnls,RU-NNLS,0.9748318791389465,0.9634316563606262,0.21537010371685028,0.18843433260917664,0.20535461604595184,0.14108018577098846
7350,bbbc021_cell_07350,ru_nnls,RU-NNLS,0.9780106544494629,0.9723871350288391,0.21017736196517944,0.17574231326580048,0.22224090993404388,0.18302150070667267
7373,bbbc021_cell_07373,ru_nnls,RU-NNLS,0.9774616360664368,0.9719813466072083,0.21841461956501007,0.12335464358329773,0.3787178695201874,0.25457289814949036
7376,bbbc021_cell_07376,ru_nnls,RU-NNLS,0.980604350566864,0.9783381223678589,0.18122243881225586,0.15432356297969818,0.2396722137928009,0.2244725078344345
7383,bbbc021_cell_07383,ru_nnls,RU-NNLS,0.9808576107025146,0.9768959879875183,0.1931392401456833,0.16017328202724457,0.22020737826824188,0.2665196359157562
7404,bbbc021_cell_07404,ru_nnls,RU-NNLS,0.9762458205223083,0.9700109362602234,0.21568052470684052,0.14140242338180542,0.2434191256761551,0.2045876830816269
7412,bbbc021_cell_07412,ru_nnls,RU-NNLS,0.9705687165260315,0.9686909317970276,0.24370503425598145,0.07786958664655685,0.1433659791946411,0.12757904827594757
7413,bbbc021_cell_07413,ru_nnls,RU-NNLS,0.9693333506584167,0.9543641805648804,0.2311376929283142,0.11659019440412521,0.2805672287940979,0.15786103904247284
7421,bbbc021_cell_07421,ru_nnls,RU-NNLS,0.9777036309242249,0.9681804776191711,0.23667055368423462,0.1253962218761444,0.1325111985206604,0.1339658945798874
7422,bbbc021_cell_07422,ru_nnls,RU-NNLS,0.9622377753257751,0.9482577443122864,0.23687802255153656,0.17759470641613007,0.25299617648124695,0.2842293977737427
7426,bbbc021_cell_07426,ru_nnls,RU-NNLS,0.9720253944396973,0.9605558514595032,0.259960412979126,0.14986440539360046,0.2097528874874115,0.16143596172332764
7427,bbbc021_cell_07427,ru_nnls,RU-NNLS,0.9858397841453552,0.985734760761261,0.1703220009803772,0.16211043298244476,0.1794823706150055,0.13098719716072083
7429,bbbc021_cell_07429,ru_nnls,RU-NNLS,0.9797006249427795,0.9775407314300537,0.20461684465408325,0.1153455451130867,0.22509603202342987,0.14245179295539856
7432,bbbc021_cell_07432,ru_nnls,RU-NNLS,0.9892738461494446,0.9850257635116577,0.1547529101371765,0.19388218224048615,0.2774445712566376,0.3035426139831543
7454,bbbc021_cell_07454,ru_nnls,RU-NNLS,0.965550422668457,0.956842303276062,0.22168739140033722,0.15162979066371918,0.29125669598579407,0.24183888733386993
7459,bbbc021_cell_07459,ru_nnls,RU-NNLS,0.9735711216926575,0.9632608294487,0.26534220576286316,0.08331838995218277,0.14234331250190735,0.09806451201438904
7463,bbbc021_cell_07463,ru_nnls,RU-NNLS,0.9759001135826111,0.9663179516792297,0.23574407398700714,0.18518337607383728,0.21198974549770355,0.12544922530651093
7464,bbbc021_cell_07464,ru_nnls,RU-NNLS,0.9773765206336975,0.9631755948066711,0.231933131814003,0.1760295182466507,0.29802405834198,0.14879530668258667
7476,bbbc021_cell_07476,ru_nnls,RU-NNLS,0.9890089631080627,0.9859605431556702,0.15183444321155548,0.19637508690357208,0.2721889615058899,0.22238817811012268
7477,bbbc021_cell_07477,ru_nnls,RU-NNLS,0.9658560156822205,0.9451988339424133,0.2812667489051819,0.18754911422729492,0.14121071994304657,0.15013767778873444
7498,bbbc021_cell_07498,ru_nnls,RU-NNLS,0.9683341979980469,0.9581295251846313,0.1963714361190796,0.1912832409143448,0.3069734275341034,0.2822347581386566
7509,bbbc021_cell_07509,ru_nnls,RU-NNLS,0.982964277267456,0.9798375368118286,0.19772157073020935,0.1506376564502716,0.20902279019355774,0.1954265683889389
7511,bbbc021_cell_07511,ru_nnls,RU-NNLS,0.9758380055427551,0.9699819684028625,0.209228515625,0.19379232823848724,0.25017350912094116,0.3334577977657318
7517,bbbc021_cell_07517,ru_nnls,RU-NNLS,0.9909868240356445,0.9872174263000488,0.15430086851119995,0.1874605417251587,0.20291200280189514,0.18091711401939392
7526,bbbc021_cell_07526,ru_nnls,RU-NNLS,0.988344669342041,0.9856584072113037,0.1594998687505722,0.23270052671432495,0.3386763632297516,0.2339192032814026
7528,bbbc021_cell_07528,ru_nnls,RU-NNLS,0.9808375239372253,0.9748169779777527,0.18839453160762787,0.17643508315086365,0.3253519535064697,0.19144997000694275
7529,bbbc021_cell_07529,ru_nnls,RU-NNLS,0.9805178046226501,0.9742416143417358,0.20316173136234283,0.12316073477268219,0.2647216022014618,0.20099349319934845
7545,bbbc021_cell_07545,ru_nnls,RU-NNLS,0.9832722544670105,0.9826107621192932,0.181819885969162,0.11681091785430908,0.23803099989891052,0.2210567146539688
7546,bbbc021_cell_07546,ru_nnls,RU-NNLS,0.977903425693512,0.9682000875473022,0.22241751849651337,0.165996253490448,0.21553680300712585,0.20280641317367554
7548,bbbc021_cell_07548,ru_nnls,RU-NNLS,0.975300133228302,0.9669719338417053,0.21511304378509521,0.1507328599691391,0.20368008315563202,0.22019967436790466
7555,bbbc021_cell_07555,ru_nnls,RU-NNLS,0.9739639759063721,0.9646345973014832,0.20453180372714996,0.1899237185716629,0.218674436211586,0.2232765555381775
7563,bbbc021_cell_07563,ru_nnls,RU-NNLS,0.9825141429901123,0.9736054539680481,0.2012854963541031,0.22531874477863312,0.3300323486328125,0.200919046998024
7570,bbbc021_cell_07570,ru_nnls,RU-NNLS,0.9724966883659363,0.9649683833122253,0.24197906255722046,0.12140219658613205,0.16990943253040314,0.14427265524864197
7572,bbbc021_cell_07572,ru_nnls,RU-NNLS,0.9731652736663818,0.9656167030334473,0.2295299917459488,0.12255360186100006,0.16554172337055206,0.21742326021194458
7576,bbbc021_cell_07576,ru_nnls,RU-NNLS,0.9767758250236511,0.9711591601371765,0.2108791023492813,0.16177687048912048,0.2215607911348343,0.19161783158779144
7577,bbbc021_cell_07577,ru_nnls,RU-NNLS,0.9740109443664551,0.967963457107544,0.2304142266511917,0.11522121727466583,0.14377741515636444,0.11350518465042114
7595,bbbc021_cell_07595,ru_nnls,RU-NNLS,0.9622958302497864,0.9545466303825378,0.2299419790506363,0.15883523225784302,0.2562631070613861,0.40373411774635315
7606,bbbc021_cell_07606,ru_nnls,RU-NNLS,0.9885351657867432,0.9844903349876404,0.1635405570268631,0.1893969625234604,0.2711641192436218,0.3597352206707001
7608,bbbc021_cell_07608,ru_nnls,RU-NNLS,0.9875960350036621,0.9857094883918762,0.15588971972465515,0.17000330984592438,0.3126900792121887,0.22329673171043396
7619,bbbc021_cell_07619,ru_nnls,RU-NNLS,0.9802775382995605,0.975568950176239,0.19335439801216125,0.16486939787864685,0.25229209661483765,0.2581125497817993
7620,bbbc021_cell_07620,ru_nnls,RU-NNLS,0.9765297770500183,0.963430643081665,0.18847568333148956,0.2421393245458603,0.3411567211151123,0.23900577425956726
7624,bbbc021_cell_07624,ru_nnls,RU-NNLS,0.9763031005859375,0.9621202349662781,0.21010681986808777,0.20513875782489777,0.2657223343849182,0.21027907729148865
7627,bbbc021_cell_07627,ru_nnls,RU-NNLS,0.965343713760376,0.9396107196807861,0.2738206386566162,0.19633373618125916,0.3324708640575409,0.17848379909992218
7629,bbbc021_cell_07629,ru_nnls,RU-NNLS,0.9598243832588196,0.9325522184371948,0.31113535165786743,0.12406423687934875,0.11834907531738281,0.14961040019989014
7630,bbbc021_cell_07630,ru_nnls,RU-NNLS,0.9772531390190125,0.9704144597053528,0.2171095460653305,0.19133871793746948,0.21074306964874268,0.19235603511333466
7632,bbbc021_cell_07632,ru_nnls,RU-NNLS,0.9720520973205566,0.9623264074325562,0.21662336587905884,0.173179030418396,0.1852116584777832,0.15341036021709442
7645,bbbc021_cell_07645,ru_nnls,RU-NNLS,0.9777951836585999,0.9692975282669067,0.22108756005764008,0.14682447910308838,0.29124340415000916,0.18716196715831757
7656,bbbc021_cell_07656,ru_nnls,RU-NNLS,0.9788320660591125,0.9704686999320984,0.21688492596149445,0.11505254358053207,0.293925940990448,0.1535370945930481
7671,bbbc021_cell_07671,ru_nnls,RU-NNLS,0.9842665195465088,0.9783827066421509,0.19835230708122253,0.15235699713230133,0.228071928024292,0.24071496725082397
7676,bbbc021_cell_07676,ru_nnls,RU-NNLS,0.9839239716529846,0.9781439304351807,0.19772107899188995,0.18296155333518982,0.27210381627082825,0.18310050666332245
7688,bbbc021_cell_07688,ru_nnls,RU-NNLS,0.9766075611114502,0.9703925251960754,0.2071484476327896,0.13934066891670227,0.21457421779632568,0.17123866081237793
7691,bbbc021_cell_07691,ru_nnls,RU-NNLS,0.9723572731018066,0.9546765685081482,0.21649041771888733,0.20200827717781067,0.2618487477302551,0.20617622137069702
7692,bbbc021_cell_07692,ru_nnls,RU-NNLS,0.9847772717475891,0.9820713996887207,0.15993985533714294,0.16850915551185608,0.2724026143550873,0.30081093311309814
7709,bbbc021_cell_07709,ru_nnls,RU-NNLS,0.9825363159179688,0.9765992164611816,0.19677796959877014,0.16970102488994598,0.2334446907043457,0.2420283406972885
7710,bbbc021_cell_07710,ru_nnls,RU-NNLS,0.9764251708984375,0.9665780067443848,0.24149245023727417,0.14471973478794098,0.1840340495109558,0.2055700421333313
7719,bbbc021_cell_07719,ru_nnls,RU-NNLS,0.9813925623893738,0.977020263671875,0.18966397643089294,0.16506215929985046,0.23594699800014496,0.23978067934513092
7738,bbbc021_cell_07738,ru_nnls,RU-NNLS,0.9795258045196533,0.974268913269043,0.19391226768493652,0.1875588744878769,0.27444174885749817,0.2502773106098175
7740,bbbc021_cell_07740,ru_nnls,RU-NNLS,0.9751861691474915,0.96653813123703,0.21659991145133972,0.20027922093868256,0.19753864407539368,0.17176099121570587
7741,bbbc021_cell_07741,ru_nnls,RU-NNLS,0.9652214050292969,0.9388480186462402,0.22961261868476868,0.1716129332780838,0.3570019602775574,0.18109044432640076
7742,bbbc021_cell_07742,ru_nnls,RU-NNLS,0.9829508662223816,0.9786572456359863,0.15808989107608795,0.22622248530387878,0.3703990578651428,0.2916354537010193
7759,bbbc021_cell_07759,ru_nnls,RU-NNLS,0.9829556345939636,0.9741073846817017,0.16750110685825348,0.2099570482969284,0.44310370087623596,0.3374594748020172
7764,bbbc021_cell_07764,ru_nnls,RU-NNLS,0.9772630333900452,0.9694674611091614,0.19680996239185333,0.16182145476341248,0.20741069316864014,0.16911882162094116
7768,bbbc021_cell_07768,ru_nnls,RU-NNLS,0.9829908013343811,0.9721977710723877,0.22255408763885498,0.15842528641223907,0.17580166459083557,0.1401696354150772
7772,bbbc021_cell_07772,ru_nnls,RU-NNLS,0.9845226407051086,0.9798046946525574,0.18155354261398315,0.14623267948627472,0.29602593183517456,0.21289974451065063
7774,bbbc021_cell_07774,ru_nnls,RU-NNLS,0.9691250920295715,0.9530531167984009,0.2574297785758972,0.12486498802900314,0.17749060690402985,0.1897575557231903
7775,bbbc021_cell_07775,ru_nnls,RU-NNLS,0.9721261858940125,0.9572106003761292,0.248423770070076,0.17425909638404846,0.17888636887073517,0.18899263441562653
7776,bbbc021_cell_07776,ru_nnls,RU-NNLS,0.9810924530029297,0.9736882448196411,0.2109784334897995,0.1570741981267929,0.2585517168045044,0.14955252408981323
7779,bbbc021_cell_07779,ru_nnls,RU-NNLS,0.966219425201416,0.9575649499893188,0.24348290264606476,0.1636497527360916,0.18856096267700195,0.16955576837062836
7791,bbbc021_cell_07791,ru_nnls,RU-NNLS,0.9876236319541931,0.9850001335144043,0.1767129749059677,0.12682399153709412,0.25500592589378357,0.23620815575122833
7808,bbbc021_cell_07808,ru_nnls,RU-NNLS,0.9802144169807434,0.9725691676139832,0.21130403876304626,0.1398228108882904,0.25843989849090576,0.1401640623807907
7813,bbbc021_cell_07813,ru_nnls,RU-NNLS,0.9838383197784424,0.9810467958450317,0.17995594441890717,0.13156026601791382,0.19419607520103455,0.16274134814739227
7822,bbbc021_cell_07822,ru_nnls,RU-NNLS,0.9854727387428284,0.9783236980438232,0.199973002076149,0.20892158150672913,0.20619070529937744,0.15250250697135925
7825,bbbc021_cell_07825,ru_nnls,RU-NNLS,0.9773366451263428,0.9704256653785706,0.2165495753288269,0.14139580726623535,0.21871760487556458,0.1421789526939392
7829,bbbc021_cell_07829,ru_nnls,RU-NNLS,0.978297770023346,0.9718972444534302,0.20858602225780487,0.13700304925441742,0.1953887641429901,0.2489742487668991
7835,bbbc021_cell_07835,ru_nnls,RU-NNLS,0.9699905514717102,0.9420400261878967,0.2931181490421295,0.17411862313747406,0.14356887340545654,0.2466728538274765
7845,bbbc021_cell_07845,ru_nnls,RU-NNLS,0.9740933775901794,0.9546846151351929,0.2741868495941162,0.15001998841762543,0.27276310324668884,0.11302902549505234
7861,bbbc021_cell_07861,ru_nnls,RU-NNLS,0.9863317608833313,0.9836370944976807,0.18040522933006287,0.09328348189592361,0.19560404121875763,0.14613929390907288
7863,bbbc021_cell_07863,ru_nnls,RU-NNLS,0.9800335764884949,0.9755136966705322,0.19091546535491943,0.18345436453819275,0.24868448078632355,0.22671262919902802
7869,bbbc021_cell_07869,ru_nnls,RU-NNLS,0.9670588374137878,0.9550334811210632,0.2412673830986023,0.22421477735042572,0.22841522097587585,0.2954816222190857
7874,bbbc021_cell_07874,ru_nnls,RU-NNLS,0.990567684173584,0.9899091124534607,0.13756510615348816,0.15807054936885834,0.24001480638980865,0.1545914262533188
7891,bbbc021_cell_07891,ru_nnls,RU-NNLS,0.9675080180168152,0.953224778175354,0.2398340106010437,0.1334693878889084,0.16106952726840973,0.13200241327285767
7902,bbbc021_cell_07902,ru_nnls,RU-NNLS,0.9637317061424255,0.9431318640708923,0.233872190117836,0.2161073088645935,0.27945613861083984,0.19082887470722198
7916,bbbc021_cell_07916,ru_nnls,RU-NNLS,0.972457230091095,0.9678922295570374,0.22177353501319885,0.10750358551740646,0.22100500762462616,0.20554694533348083
7934,bbbc021_cell_07934,ru_nnls,RU-NNLS,0.9875159859657288,0.9848015308380127,0.16333766281604767,0.16986946761608124,0.30033358931541443,0.23262159526348114
7940,bbbc021_cell_07940,ru_nnls,RU-NNLS,0.9872958064079285,0.9858009815216064,0.1662038415670395,0.14610408246517181,0.2500004768371582,0.19453459978103638
7944,bbbc021_cell_07944,ru_nnls,RU-NNLS,0.9712255597114563,0.9597296118736267,0.21529491245746613,0.1519736498594284,0.2129865437746048,0.15987975895404816
7960,bbbc021_cell_07960,ru_nnls,RU-NNLS,0.9835813045501709,0.976837694644928,0.20281310379505157,0.19871309399604797,0.27949875593185425,0.19625888764858246
7966,bbbc021_cell_07966,ru_nnls,RU-NNLS,0.9708085060119629,0.967105507850647,0.2288515567779541,0.09323810040950775,0.19029949605464935,0.1935068517923355
7967,bbbc021_cell_07967,ru_nnls,RU-NNLS,0.9663221836090088,0.9436872601509094,0.24494923651218414,0.1421508938074112,0.176754891872406,0.11757686734199524
7970,bbbc021_cell_07970,ru_nnls,RU-NNLS,0.986359179019928,0.980563759803772,0.1813202202320099,0.20861661434173584,0.2797259986400604,0.3962442874908447
7971,bbbc021_cell_07971,ru_nnls,RU-NNLS,0.9811193943023682,0.9755614995956421,0.19723176956176758,0.16526521742343903,0.23053021728992462,0.2358221411705017
7972,bbbc021_cell_07972,ru_nnls,RU-NNLS,0.961470901966095,0.9429061412811279,0.25706973671913147,0.22689925134181976,0.1954978108406067,0.13986587524414062
7977,bbbc021_cell_07977,ru_nnls,RU-NNLS,0.9743725657463074,0.9691358804702759,0.20101754367351532,0.16213242709636688,0.28639718890190125,0.2393627017736435
7992,bbbc021_cell_07992,ru_nnls,RU-NNLS,0.9855594635009766,0.9832905530929565,0.17275074124336243,0.14431755244731903,0.2539779841899872,0.20363906025886536
8002,bbbc021_cell_08002,ru_nnls,RU-NNLS,0.9872809052467346,0.9822656512260437,0.17402949929237366,0.14068029820919037,0.19382674992084503,0.21216335892677307
8003,bbbc021_cell_08003,ru_nnls,RU-NNLS,0.9798178672790527,0.9716640710830688,0.20019134879112244,0.17178840935230255,0.31873619556427,0.25178197026252747
8004,bbbc021_cell_08004,ru_nnls,RU-NNLS,0.9825399518013,0.9780749678611755,0.19113530218601227,0.2032066434621811,0.2531568109989166,0.20103663206100464
8010,bbbc021_cell_08010,ru_nnls,RU-NNLS,0.9731602072715759,0.9576113224029541,0.29017478227615356,0.1279103010892868,0.1725482940673828,0.07056085020303726
8015,bbbc021_cell_08015,ru_nnls,RU-NNLS,0.9833024144172668,0.9738692045211792,0.21693527698516846,0.16426244378089905,0.20782950520515442,0.28952986001968384
8016,bbbc021_cell_08016,ru_nnls,RU-NNLS,0.9644639492034912,0.9564384818077087,0.22821356356143951,0.11758718639612198,0.19245260953903198,0.16467539966106415
8024,bbbc021_cell_08024,ru_nnls,RU-NNLS,0.9697351455688477,0.9552262425422668,0.2560814917087555,0.13563892245292664,0.20343467593193054,0.12406377494335175
8047,bbbc021_cell_08047,ru_nnls,RU-NNLS,0.9687638878822327,0.961688220500946,0.2053043395280838,0.18767105042934418,0.2601739168167114,0.26032719016075134
8058,bbbc021_cell_08058,ru_nnls,RU-NNLS,0.9576220512390137,0.9416981935501099,0.34984269738197327,0.051564477384090424,0.0984300822019577,0.04262722656130791
8067,bbbc021_cell_08067,ru_nnls,RU-NNLS,0.9709122776985168,0.960655152797699,0.2553877830505371,0.1068405732512474,0.14169685542583466,0.1905958503484726
8073,bbbc021_cell_08073,ru_nnls,RU-NNLS,0.9658243060112,0.9385339021682739,0.2322128713130951,0.19619633257389069,0.3290751576423645,0.18203864991664886
8076,bbbc021_cell_08076,ru_nnls,RU-NNLS,0.9698954224586487,0.9593095183372498,0.23993267118930817,0.22637896239757538,0.25601422786712646,0.14616678655147552
8081,bbbc021_cell_08081,ru_nnls,RU-NNLS,0.9588488936424255,0.9424536824226379,0.29296302795410156,0.10428916662931442,0.16133801639080048,0.2123221606016159
8114,bbbc021_cell_08114,ru_nnls,RU-NNLS,0.9696151614189148,0.9529331922531128,0.22596541047096252,0.20552320778369904,0.26141634583473206,0.2539045810699463
8115,bbbc021_cell_08115,ru_nnls,RU-NNLS,0.9748613238334656,0.9735921621322632,0.21885326504707336,0.10310480743646622,0.2583508789539337,0.2691486179828644
8120,bbbc021_cell_08120,ru_nnls,RU-NNLS,0.9757419228553772,0.9690048694610596,0.2291702777147293,0.10083502531051636,0.2622474431991577,0.18990042805671692
8122,bbbc021_cell_08122,ru_nnls,RU-NNLS,0.9795572757720947,0.9776243567466736,0.1942569762468338,0.1913946568965912,0.30839303135871887,0.1705516278743744
8125,bbbc021_cell_08125,ru_nnls,RU-NNLS,0.984052836894989,0.9789454936981201,0.18907906115055084,0.15577763319015503,0.22529952228069305,0.28230658173561096
8136,bbbc021_cell_08136,ru_nnls,RU-NNLS,0.9719852805137634,0.9617936015129089,0.19091761112213135,0.21002627909183502,0.30938106775283813,0.2825455069541931
8138,bbbc021_cell_08138,ru_nnls,RU-NNLS,0.9742047190666199,0.9585919976234436,0.26359447836875916,0.16404514014720917,0.11960716545581818,0.12396246194839478
8149,bbbc021_cell_08149,ru_nnls,RU-NNLS,0.952355146408081,0.946142852306366,0.2863612473011017,0.06846330314874649,0.1664997637271881,0.09284856915473938
8156,bbbc021_cell_08156,ru_nnls,RU-NNLS,0.9798550009727478,0.9777780771255493,0.19312548637390137,0.1506936103105545,0.2720765769481659,0.2520855665206909
8157,bbbc021_cell_08157,ru_nnls,RU-NNLS,0.9885434508323669,0.9824750423431396,0.17185476422309875,0.2358355075120926,0.2762202024459839,0.2846127152442932
8162,bbbc021_cell_08162,ru_nnls,RU-NNLS,0.9746901392936707,0.9666710495948792,0.21383912861347198,0.14970484375953674,0.28027474880218506,0.2363368421792984
8167,bbbc021_cell_08167,ru_nnls,RU-NNLS,0.982530415058136,0.9777276515960693,0.20995651185512543,0.14296916127204895,0.1929749846458435,0.13559861481189728
8169,bbbc021_cell_08169,ru_nnls,RU-NNLS,0.9723075032234192,0.9695791006088257,0.2148067206144333,0.11072500795125961,0.2313101440668106,0.19718311727046967
8170,bbbc021_cell_08170,ru_nnls,RU-NNLS,0.9800419807434082,0.9746454954147339,0.20347930490970612,0.14125962555408478,0.21520774066448212,0.21309226751327515
8172,bbbc021_cell_08172,ru_nnls,RU-NNLS,0.9657257199287415,0.9494529962539673,0.22009539604187012,0.1587679237127304,0.1963871866464615,0.18059071898460388
8202,bbbc021_cell_08202,ru_nnls,RU-NNLS,0.9864370822906494,0.9816329479217529,0.18469320237636566,0.14788773655891418,0.20893780887126923,0.24754098057746887
8206,bbbc021_cell_08206,ru_nnls,RU-NNLS,0.9669350981712341,0.9482747912406921,0.23476062715053558,0.19827495515346527,0.2685796618461609,0.19544772803783417
8217,bbbc021_cell_08217,ru_nnls,RU-NNLS,0.9734089374542236,0.9690149426460266,0.20641981065273285,0.11372032761573792,0.25229766964912415,0.19590339064598083
8218,bbbc021_cell_08218,ru_nnls,RU-NNLS,0.982093334197998,0.976952850818634,0.19897888600826263,0.1613750010728836,0.1771911233663559,0.18896114826202393
8222,bbbc021_cell_08222,ru_nnls,RU-NNLS,0.9833957552909851,0.9762012958526611,0.2151821404695511,0.10348332673311234,0.14170703291893005,0.136501744389534
8227,bbbc021_cell_08227,ru_nnls,RU-NNLS,0.9764038920402527,0.9684187769889832,0.20897744596004486,0.13633021712303162,0.21028704941272736,0.19603441655635834
8249,bbbc021_cell_08249,ru_nnls,RU-NNLS,0.9714993834495544,0.9648874998092651,0.24508753418922424,0.07851347327232361,0.13435699045658112,0.13744769990444183
8251,bbbc021_cell_08251,ru_nnls,RU-NNLS,0.9764042496681213,0.967656672000885,0.22287654876708984,0.14953698217868805,0.26674342155456543,0.14353838562965393
8252,bbbc021_cell_08252,ru_nnls,RU-NNLS,0.9640721678733826,0.957399845123291,0.24134963750839233,0.11747550964355469,0.1819240152835846,0.19583173096179962
8256,bbbc021_cell_08256,ru_nnls,RU-NNLS,0.9688546061515808,0.9495901465415955,0.2830853760242462,0.1645132303237915,0.19794544577598572,0.1332087218761444
8263,bbbc021_cell_08263,ru_nnls,RU-NNLS,0.968320906162262,0.9525050520896912,0.28359493613243103,0.12338358908891678,0.16405880451202393,0.09376408904790878
5,bbbc021_cell_00005,ru_poisson,RU-Poisson,0.9728550314903259,0.9630840420722961,0.2370285838842392,0.13298456370830536,0.15687695145606995,0.18330171704292297
12,bbbc021_cell_00012,ru_poisson,RU-Poisson,0.979341983795166,0.9731461405754089,0.20233187079429626,0.16975167393684387,0.21645474433898926,0.21473921835422516
24,bbbc021_cell_00024,ru_poisson,RU-Poisson,0.9827176928520203,0.9785972237586975,0.19577965140342712,0.1192726343870163,0.2332940250635147,0.2022334635257721
26,bbbc021_cell_00026,ru_poisson,RU-Poisson,0.9795911908149719,0.9732896089553833,0.21810229122638702,0.12084260582923889,0.23733651638031006,0.20007182657718658
30,bbbc021_cell_00030,ru_poisson,RU-Poisson,0.9740951657295227,0.9604253768920898,0.2077491134405136,0.20533262193202972,0.28455474972724915,0.21288442611694336
35,bbbc021_cell_00035,ru_poisson,RU-Poisson,0.9473333954811096,0.9163923263549805,0.3407936990261078,0.1741790622472763,0.11497196555137634,0.14545540511608124
39,bbbc021_cell_00039,ru_poisson,RU-Poisson,0.9806978702545166,0.9757853746414185,0.18069075047969818,0.17604345083236694,0.29933780431747437,0.27054882049560547
41,bbbc021_cell_00041,ru_poisson,RU-Poisson,0.9435558319091797,0.9208124279975891,0.341073215007782,0.08841490745544434,0.1377459615468979,0.10905101895332336
42,bbbc021_cell_00042,ru_poisson,RU-Poisson,0.991999626159668,0.9873969554901123,0.14117416739463806,0.2638483941555023,0.34080836176872253,0.391217440366745
44,bbbc021_cell_00044,ru_poisson,RU-Poisson,0.9813440442085266,0.9720870852470398,0.22262462973594666,0.19637124240398407,0.20606228709220886,0.19658052921295166
48,bbbc021_cell_00048,ru_poisson,RU-Poisson,0.9718921780586243,0.9524112939834595,0.2933027744293213,0.17935718595981598,0.11292437463998795,0.13895370066165924
65,bbbc021_cell_00065,ru_poisson,RU-Poisson,0.9634432196617126,0.9407310485839844,0.2994195520877838,0.1779320389032364,0.10684025287628174,0.12096606940031052
69,bbbc021_cell_00069,ru_poisson,RU-Poisson,0.967919111251831,0.9496445059776306,0.21179744601249695,0.18132449686527252,0.340130478143692,0.23870880901813507
71,bbbc021_cell_00071,ru_poisson,RU-Poisson,0.983343780040741,0.9741724729537964,0.2102935016155243,0.25652605295181274,0.22049656510353088,0.21341873705387115
73,bbbc021_cell_00073,ru_poisson,RU-Poisson,0.968248188495636,0.9568386673927307,0.26169663667678833,0.1314273625612259,0.2009984403848648,0.14298801124095917
80,bbbc021_cell_00080,ru_poisson,RU-Poisson,0.9755613207817078,0.9698107838630676,0.23048418760299683,0.10443702340126038,0.276011198759079,0.27233144640922546
83,bbbc021_cell_00083,ru_poisson,RU-Poisson,0.9729579091072083,0.9636242985725403,0.23335449397563934,0.18070591986179352,0.16964782774448395,0.15860816836357117
99,bbbc021_cell_00099,ru_poisson,RU-Poisson,0.9707133769989014,0.9620628356933594,0.20323927700519562,0.1835900843143463,0.2957170605659485,0.2538391053676605
100,bbbc021_cell_00100,ru_poisson,RU-Poisson,0.9673956036567688,0.9508256912231445,0.21746303141117096,0.16500575840473175,0.33518001437187195,0.23182666301727295
110,bbbc021_cell_00110,ru_poisson,RU-Poisson,0.9822219014167786,0.9795839190483093,0.18995550274848938,0.1528923362493515,0.3030317723751068,0.3507651090621948
116,bbbc021_cell_00116,ru_poisson,RU-Poisson,0.9781708717346191,0.9675907492637634,0.20541299879550934,0.2090470790863037,0.3033228814601898,0.17426282167434692
122,bbbc021_cell_00122,ru_poisson,RU-Poisson,0.9838880896568298,0.9771309494972229,0.19990848004817963,0.09898174554109573,0.1417495310306549,0.17439277470111847
132,bbbc021_cell_00132,ru_poisson,RU-Poisson,0.9825980067253113,0.9800907969474792,0.19495636224746704,0.1092662364244461,0.21619725227355957,0.23317527770996094
141,bbbc021_cell_00141,ru_poisson,RU-Poisson,0.9839492440223694,0.9780011177062988,0.19109775125980377,0.16192735731601715,0.31681251525878906,0.18280565738677979
151,bbbc021_cell_00151,ru_poisson,RU-Poisson,0.9752574563026428,0.9622573852539062,0.21211181581020355,0.19643475115299225,0.2625284492969513,0.18877263367176056
154,bbbc021_cell_00154,ru_poisson,RU-Poisson,0.9770210385322571,0.9630946516990662,0.23170165717601776,0.2071814388036728,0.19726018607616425,0.22081825137138367
156,bbbc021_cell_00156,ru_poisson,RU-Poisson,0.9642703533172607,0.9486980438232422,0.2536821663379669,0.18743428587913513,0.2282409965991974,0.26781153678894043
157,bbbc021_cell_00157,ru_poisson,RU-Poisson,0.9684728980064392,0.9529626965522766,0.2744394838809967,0.1638888269662857,0.15590809285640717,0.1607452929019928
159,bbbc021_cell_00159,ru_poisson,RU-Poisson,0.967396080493927,0.9564930200576782,0.22749336063861847,0.13349725306034088,0.21229422092437744,0.1458156704902649
178,bbbc021_cell_00178,ru_poisson,RU-Poisson,0.9699209332466125,0.9625181555747986,0.23208744823932648,0.11944644898176193,0.15880542993545532,0.14722174406051636
197,bbbc021_cell_00197,ru_poisson,RU-Poisson,0.9917358756065369,0.9912520051002502,0.13205723464488983,0.17663034796714783,0.2434099316596985,0.15646758675575256
199,bbbc021_cell_00199,ru_poisson,RU-Poisson,0.9838268756866455,0.9774248003959656,0.20798379182815552,0.11955586075782776,0.1611367017030716,0.25496575236320496
211,bbbc021_cell_00211,ru_poisson,RU-Poisson,0.9869784712791443,0.9808985590934753,0.16363005340099335,0.21619628369808197,0.2684502899646759,0.2419675588607788
212,bbbc021_cell_00212,ru_poisson,RU-Poisson,0.9794352650642395,0.9624125361442566,0.20857097208499908,0.20396824181079865,0.3721790611743927,0.1639024168252945
214,bbbc021_cell_00214,ru_poisson,RU-Poisson,0.9727967381477356,0.9666006565093994,0.22545143961906433,0.11487297713756561,0.18922756612300873,0.17356263101100922
221,bbbc021_cell_00221,ru_poisson,RU-Poisson,0.9760096669197083,0.9669871926307678,0.24601012468338013,0.08909525722265244,0.23462647199630737,0.2441035807132721
232,bbbc021_cell_00232,ru_poisson,RU-Poisson,0.9799435138702393,0.9718599319458008,0.2190137654542923,0.17502810060977936,0.18940897285938263,0.17883773148059845
233,bbbc021_cell_00233,ru_poisson,RU-Poisson,0.9820786118507385,0.9767888188362122,0.19919106364250183,0.15520642697811127,0.17872430384159088,0.18046414852142334
240,bbbc021_cell_00240,ru_poisson,RU-Poisson,0.9814972877502441,0.9743263721466064,0.20144741237163544,0.1851245015859604,0.35246336460113525,0.22899383306503296
242,bbbc021_cell_00242,ru_poisson,RU-Poisson,0.9796951413154602,0.970906138420105,0.19643069803714752,0.24475662410259247,0.44435596466064453,0.29713109135627747
243,bbbc021_cell_00243,ru_poisson,RU-Poisson,0.9866843819618225,0.9820758700370789,0.1807415932416916,0.1930345743894577,0.26950106024742126,0.2928040623664856
244,bbbc021_cell_00244,ru_poisson,RU-Poisson,0.9836040139198303,0.9796130657196045,0.19255374372005463,0.19800566136837006,0.24431627988815308,0.17815843224525452
260,bbbc021_cell_00260,ru_poisson,RU-Poisson,0.9385879039764404,0.8599205613136292,0.6187583208084106,0.09551180154085159,0.08554605394601822,0.01832614839076996
273,bbbc021_cell_00273,ru_poisson,RU-Poisson,0.9833281636238098,0.9810227751731873,0.16468477249145508,0.21378730237483978,0.31618762016296387,0.30055227875709534
275,bbbc021_cell_00275,ru_poisson,RU-Poisson,0.9606569409370422,0.9496213793754578,0.2610933482646942,0.2246239185333252,0.18252097070217133,0.15039563179016113
276,bbbc021_cell_00276,ru_poisson,RU-Poisson,0.9804390072822571,0.9729631543159485,0.20175078511238098,0.18463170528411865,0.29754671454429626,0.19221602380275726
283,bbbc021_cell_00283,ru_poisson,RU-Poisson,0.9742782115936279,0.9578053951263428,0.2058773934841156,0.2162114530801773,0.30664220452308655,0.22075553238391876
297,bbbc021_cell_00297,ru_poisson,RU-Poisson,0.9589614868164062,0.9443206191062927,0.3041825294494629,0.09835529327392578,0.181658074259758,0.22157497704029083
303,bbbc021_cell_00303,ru_poisson,RU-Poisson,0.987925112247467,0.9842367172241211,0.1647142916917801,0.2326298952102661,0.2833048105239868,0.24874283373355865
310,bbbc021_cell_00310,ru_poisson,RU-Poisson,0.9803758263587952,0.9776656031608582,0.1939149796962738,0.1264600157737732,0.16153337061405182,0.1313416063785553
318,bbbc021_cell_00318,ru_poisson,RU-Poisson,0.9708828330039978,0.9613756537437439,0.2140691727399826,0.17991958558559418,0.1949193924665451,0.20092740654945374
319,bbbc021_cell_00319,ru_poisson,RU-Poisson,0.990238606929779,0.9866870045661926,0.14947661757469177,0.2579117715358734,0.33366021513938904,0.3324442207813263
324,bbbc021_cell_00324,ru_poisson,RU-Poisson,0.9830519556999207,0.975556492805481,0.21200819313526154,0.1389881819486618,0.254458487033844,0.15958555042743683
326,bbbc021_cell_00326,ru_poisson,RU-Poisson,0.9902143478393555,0.9869853258132935,0.15702509880065918,0.18511010706424713,0.20545844733715057,0.23635467886924744
328,bbbc021_cell_00328,ru_poisson,RU-Poisson,0.9839076995849609,0.981521487236023,0.20181933045387268,0.08789769560098648,0.21928901970386505,0.0806354433298111
330,bbbc021_cell_00330,ru_poisson,RU-Poisson,0.9843524098396301,0.9816635847091675,0.17221863567829132,0.1314883530139923,0.2300204634666443,0.2533019185066223
333,bbbc021_cell_00333,ru_poisson,RU-Poisson,0.9847291111946106,0.9830572605133057,0.17669828236103058,0.12666262686252594,0.2220536172389984,0.21555954217910767
340,bbbc021_cell_00340,ru_poisson,RU-Poisson,0.9700791239738464,0.9528449773788452,0.2146884948015213,0.17883527278900146,0.2652973234653473,0.19926728308200836
347,bbbc021_cell_00347,ru_poisson,RU-Poisson,0.9839923977851868,0.9719057679176331,0.2056799679994583,0.23223301768302917,0.22204045951366425,0.35433080792427063
348,bbbc021_cell_00348,ru_poisson,RU-Poisson,0.982274055480957,0.9770274758338928,0.18426956236362457,0.21402738988399506,0.23480087518692017,0.19823749363422394
360,bbbc021_cell_00360,ru_poisson,RU-Poisson,0.9831909537315369,0.9759922027587891,0.21598893404006958,0.1169307753443718,0.16907146573066711,0.1653587967157364
361,bbbc021_cell_00361,ru_poisson,RU-Poisson,0.9785819053649902,0.9670071601867676,0.19510048627853394,0.21299520134925842,0.35213127732276917,0.2010485678911209
364,bbbc021_cell_00364,ru_poisson,RU-Poisson,0.9736018776893616,0.9654144644737244,0.20264583826065063,0.1931549608707428,0.24158631265163422,0.19737720489501953
366,bbbc021_cell_00366,ru_poisson,RU-Poisson,0.9715089797973633,0.9356696605682373,0.34324586391448975,0.18306422233581543,0.08172385394573212,0.18305739760398865
378,bbbc021_cell_00378,ru_poisson,RU-Poisson,0.9770074486732483,0.9743466973304749,0.19574840366840363,0.13707591593265533,0.21984772384166718,0.1705242097377777
391,bbbc021_cell_00391,ru_poisson,RU-Poisson,0.9861893057823181,0.9829735159873962,0.1654192954301834,0.205950066447258,0.2913745045661926,0.25095564126968384
394,bbbc021_cell_00394,ru_poisson,RU-Poisson,0.9746236801147461,0.9655228853225708,0.23396356403827667,0.1223333328962326,0.18003681302070618,0.18923281133174896
398,bbbc021_cell_00398,ru_poisson,RU-Poisson,0.9779035449028015,0.9710601568222046,0.18859221041202545,0.2124694138765335,0.2507238984107971,0.21740418672561646
408,bbbc021_cell_00408,ru_poisson,RU-Poisson,0.9811161160469055,0.975234866142273,0.20744924247264862,0.14213581383228302,0.21599215269088745,0.21200691163539886
409,bbbc021_cell_00409,ru_poisson,RU-Poisson,0.9816946387290955,0.9723920822143555,0.18394333124160767,0.19554828107357025,0.36889412999153137,0.202243372797966
410,bbbc021_cell_00410,ru_poisson,RU-Poisson,0.9696044325828552,0.9586460590362549,0.19452252984046936,0.19523483514785767,0.3513798117637634,0.2793140411376953
412,bbbc021_cell_00412,ru_poisson,RU-Poisson,0.9712703824043274,0.9588860273361206,0.2612781822681427,0.13265734910964966,0.14171142876148224,0.10578151047229767
425,bbbc021_cell_00425,ru_poisson,RU-Poisson,0.9683868885040283,0.9574172496795654,0.2264936864376068,0.1876181811094284,0.2240825742483139,0.25076016783714294
429,bbbc021_cell_00429,ru_poisson,RU-Poisson,0.9832015633583069,0.9771352410316467,0.20229500532150269,0.1761167347431183,0.22284497320652008,0.2509389817714691
438,bbbc021_cell_00438,ru_poisson,RU-Poisson,0.9761347770690918,0.9699066877365112,0.21678508818149567,0.1432199329137802,0.18758435547351837,0.17311476171016693
461,bbbc021_cell_00461,ru_poisson,RU-Poisson,0.9750569462776184,0.9604484438896179,0.19303560256958008,0.1895483136177063,0.35794028639793396,0.28616800904273987
463,bbbc021_cell_00463,ru_poisson,RU-Poisson,0.9703032970428467,0.9503121376037598,0.26605936884880066,0.18781597912311554,0.2849888205528259,0.14842356741428375
464,bbbc021_cell_00464,ru_poisson,RU-Poisson,0.9743037223815918,0.9652376770973206,0.21404075622558594,0.1721123903989792,0.22158131003379822,0.15029726922512054
477,bbbc021_cell_00477,ru_poisson,RU-Poisson,0.9784377217292786,0.9714664816856384,0.2214733064174652,0.11466578394174576,0.27477678656578064,0.33184418082237244
486,bbbc021_cell_00486,ru_poisson,RU-Poisson,0.9839803576469421,0.9794445633888245,0.20187482237815857,0.09954604506492615,0.17767548561096191,0.1837175488471985
491,bbbc021_cell_00491,ru_poisson,RU-Poisson,0.960141658782959,0.9291898608207703,0.352348268032074,0.15009818971157074,0.09220508486032486,0.11996666342020035
495,bbbc021_cell_00495,ru_poisson,RU-Poisson,0.9624937176704407,0.9431338906288147,0.23330596089363098,0.18349908292293549,0.21909017860889435,0.19197532534599304
516,bbbc021_cell_00516,ru_poisson,RU-Poisson,0.9790646433830261,0.9732915163040161,0.18753354251384735,0.19499389827251434,0.2435588538646698,0.2087385356426239
521,bbbc021_cell_00521,ru_poisson,RU-Poisson,0.969357430934906,0.9594150185585022,0.2233785092830658,0.13334907591342926,0.23635320365428925,0.18052776157855988
531,bbbc021_cell_00531,ru_poisson,RU-Poisson,0.9815873503684998,0.9723616242408752,0.2129134237766266,0.18768464028835297,0.22387583553791046,0.19863887131214142
533,bbbc021_cell_00533,ru_poisson,RU-Poisson,0.9832119941711426,0.9785035848617554,0.18669453263282776,0.20726478099822998,0.35929277539253235,0.329341322183609
537,bbbc021_cell_00537,ru_poisson,RU-Poisson,0.9811763763427734,0.9752629995346069,0.18692927062511444,0.1707516312599182,0.23641915619373322,0.1549857258796692
542,bbbc021_cell_00542,ru_poisson,RU-Poisson,0.9693893790245056,0.9608092904090881,0.2119709551334381,0.1080024316906929,0.2538144588470459,0.16605734825134277
543,bbbc021_cell_00543,ru_poisson,RU-Poisson,0.9791180491447449,0.9750311374664307,0.1925022453069687,0.13803958892822266,0.2239193618297577,0.16799408197402954
548,bbbc021_cell_00548,ru_poisson,RU-Poisson,0.9894120693206787,0.9884299039840698,0.14443285763263702,0.20913472771644592,0.3024144768714905,0.292906254529953
554,bbbc021_cell_00554,ru_poisson,RU-Poisson,0.9688947796821594,0.9650680422782898,0.2410072386264801,0.09857842326164246,0.18693022429943085,0.21963591873645782
565,bbbc021_cell_00565,ru_poisson,RU-Poisson,0.9787014126777649,0.9693173766136169,0.24082769453525543,0.08934349566698074,0.25681039690971375,0.09818120300769806
570,bbbc021_cell_00570,ru_poisson,RU-Poisson,0.981724202632904,0.9755484461784363,0.2179301381111145,0.12033750861883163,0.16515566408634186,0.12786778807640076
574,bbbc021_cell_00574,ru_poisson,RU-Poisson,0.9648980498313904,0.952232301235199,0.2164738029241562,0.17078830301761627,0.26214081048965454,0.22194252908229828
590,bbbc021_cell_00590,ru_poisson,RU-Poisson,0.9833546280860901,0.9794623255729675,0.19192829728126526,0.17226411402225494,0.25265759229660034,0.1838826835155487
610,bbbc021_cell_00610,ru_poisson,RU-Poisson,0.9799962043762207,0.9767900109291077,0.17835192382335663,0.1826871633529663,0.26466432213783264,0.23636458814144135
613,bbbc021_cell_00613,ru_poisson,RU-Poisson,0.9849448204040527,0.9814640879631042,0.18315735459327698,0.1478123962879181,0.19477349519729614,0.17306526005268097
634,bbbc021_cell_00634,ru_poisson,RU-Poisson,0.9871835112571716,0.9840206503868103,0.17008079588413239,0.18405911326408386,0.26659882068634033,0.23828527331352234
637,bbbc021_cell_00637,ru_poisson,RU-Poisson,0.9777708649635315,0.9724380970001221,0.2313520312309265,0.109064020216465,0.2069195806980133,0.10849674046039581
642,bbbc021_cell_00642,ru_poisson,RU-Poisson,0.9750967621803284,0.9737388491630554,0.2153518795967102,0.11536618322134018,0.26647284626960754,0.23977915942668915
644,bbbc021_cell_00644,ru_poisson,RU-Poisson,0.9672229290008545,0.9512027502059937,0.21009816229343414,0.15224851667881012,0.20210285484790802,0.1557656079530716
663,bbbc021_cell_00663,ru_poisson,RU-Poisson,0.9747838973999023,0.9603931307792664,0.2644049823284149,0.141428142786026,0.18949711322784424,0.15293340384960175
670,bbbc021_cell_00670,ru_poisson,RU-Poisson,0.9717779159545898,0.9634473323822021,0.20791736245155334,0.21129246056079865,0.27460357546806335,0.304998517036438
676,bbbc021_cell_00676,ru_poisson,RU-Poisson,0.979966402053833,0.9783761501312256,0.19906170666217804,0.10169678181409836,0.22664564847946167,0.22378034889698029
680,bbbc021_cell_00680,ru_poisson,RU-Poisson,0.9761878848075867,0.969566285610199,0.21737456321716309,0.12715356051921844,0.17515502870082855,0.1606721431016922
686,bbbc021_cell_00686,ru_poisson,RU-Poisson,0.9749861359596252,0.9707488417625427,0.2131815105676651,0.12536540627479553,0.21019697189331055,0.1866811066865921
695,bbbc021_cell_00695,ru_poisson,RU-Poisson,0.984264075756073,0.9786874651908875,0.1879528909921646,0.16581706702709198,0.24542054533958435,0.19336369633674622
707,bbbc021_cell_00707,ru_poisson,RU-Poisson,0.984056293964386,0.9794900417327881,0.19633685052394867,0.11296774446964264,0.2229224294424057,0.22966691851615906
711,bbbc021_cell_00711,ru_poisson,RU-Poisson,0.9872860908508301,0.9840004444122314,0.1654975414276123,0.17106418311595917,0.3182465434074402,0.21649262309074402
712,bbbc021_cell_00712,ru_poisson,RU-Poisson,0.9700600504875183,0.9556477069854736,0.2571205496788025,0.10582343488931656,0.1581965833902359,0.26291173696517944
713,bbbc021_cell_00713,ru_poisson,RU-Poisson,0.9799975752830505,0.9726607203483582,0.207370787858963,0.2200496643781662,0.2697960138320923,0.19946600496768951
717,bbbc021_cell_00717,ru_poisson,RU-Poisson,0.96429044008255,0.9558994770050049,0.24690207839012146,0.08795733004808426,0.1470869481563568,0.1231609508395195
721,bbbc021_cell_00721,ru_poisson,RU-Poisson,0.9629450440406799,0.9286754131317139,0.35388538241386414,0.16150610148906708,0.10661344975233078,0.12241840362548828
738,bbbc021_cell_00738,ru_poisson,RU-Poisson,0.9770136475563049,0.963762104511261,0.20104418694972992,0.1728321760892868,0.31747761368751526,0.2200266569852829
748,bbbc021_cell_00748,ru_poisson,RU-Poisson,0.9889329075813293,0.9838484525680542,0.17700454592704773,0.1274697333574295,0.1707380712032318,0.21815945208072662
752,bbbc021_cell_00752,ru_poisson,RU-Poisson,0.9812223315238953,0.9771490097045898,0.19274696707725525,0.17131119966506958,0.2072996348142624,0.1884552389383316
760,bbbc021_cell_00760,ru_poisson,RU-Poisson,0.9643054008483887,0.9575834274291992,0.25988295674324036,0.09261085093021393,0.17451025545597076,0.13430117070674896
763,bbbc021_cell_00763,ru_poisson,RU-Poisson,0.9759163856506348,0.9664630889892578,0.24209393560886383,0.1309642493724823,0.178663969039917,0.10916498303413391
770,bbbc021_cell_00770,ru_poisson,RU-Poisson,0.9739328026771545,0.9693263173103333,0.20523202419281006,0.14698128402233124,0.22214999794960022,0.19590482115745544
776,bbbc021_cell_00776,ru_poisson,RU-Poisson,0.9658613204956055,0.9552823901176453,0.21907959878444672,0.19973541796207428,0.23309162259101868,0.22974996268749237
778,bbbc021_cell_00778,ru_poisson,RU-Poisson,0.9799725413322449,0.9771760106086731,0.18963350355625153,0.15311157703399658,0.24495723843574524,0.1814134418964386
782,bbbc021_cell_00782,ru_poisson,RU-Poisson,0.9768105149269104,0.9708676934242249,0.19906234741210938,0.18250638246536255,0.21344466507434845,0.15959994494915009
787,bbbc021_cell_00787,ru_poisson,RU-Poisson,0.9818902611732483,0.9745535850524902,0.1925351917743683,0.19959625601768494,0.27339428663253784,0.2315666377544403
793,bbbc021_cell_00793,ru_poisson,RU-Poisson,0.9722091555595398,0.9606568217277527,0.25839856266975403,0.130405455827713,0.1672547459602356,0.16525620222091675
799,bbbc021_cell_00799,ru_poisson,RU-Poisson,0.9719107151031494,0.9634741544723511,0.2239953875541687,0.15940198302268982,0.2083086371421814,0.16755841672420502
800,bbbc021_cell_00800,ru_poisson,RU-Poisson,0.9747816920280457,0.9674928784370422,0.207283616065979,0.1937219351530075,0.24465666711330414,0.27559924125671387
804,bbbc021_cell_00804,ru_poisson,RU-Poisson,0.9701897501945496,0.9613200426101685,0.23774723708629608,0.12781140208244324,0.1792776733636856,0.21083183586597443
810,bbbc021_cell_00810,ru_poisson,RU-Poisson,0.9659207463264465,0.9465270042419434,0.22338064014911652,0.14903411269187927,0.25742390751838684,0.14682921767234802
812,bbbc021_cell_00812,ru_poisson,RU-Poisson,0.9822590947151184,0.9748460650444031,0.20980219542980194,0.19742920994758606,0.24153338372707367,0.18564048409461975
819,bbbc021_cell_00819,ru_poisson,RU-Poisson,0.9881463050842285,0.9850738644599915,0.16661643981933594,0.17800162732601166,0.2521301507949829,0.2135876566171646
823,bbbc021_cell_00823,ru_poisson,RU-Poisson,0.9818177223205566,0.9795392155647278,0.19362637400627136,0.12243396788835526,0.2025168091058731,0.184416264295578
827,bbbc021_cell_00827,ru_poisson,RU-Poisson,0.9775198101997375,0.9670799374580383,0.20700539648532867,0.18307912349700928,0.25740912556648254,0.36230888962745667
831,bbbc021_cell_00831,ru_poisson,RU-Poisson,0.9798798561096191,0.9760743379592896,0.2019856721162796,0.1421583592891693,0.17704737186431885,0.18968255817890167
847,bbbc021_cell_00847,ru_poisson,RU-Poisson,0.9784649014472961,0.9721055626869202,0.17593535780906677,0.207488551735878,0.3339531719684601,0.3813057243824005
849,bbbc021_cell_00849,ru_poisson,RU-Poisson,0.9662489295005798,0.9511539936065674,0.26851189136505127,0.10431672632694244,0.15254467725753784,0.10645513981580734
856,bbbc021_cell_00856,ru_poisson,RU-Poisson,0.9709315299987793,0.9615148901939392,0.23359601199626923,0.14033520221710205,0.2606009244918823,0.1683606207370758
865,bbbc021_cell_00865,ru_poisson,RU-Poisson,0.9673768877983093,0.9581120014190674,0.23275239765644073,0.11409410089254379,0.21930457651615143,0.17657999694347382
871,bbbc021_cell_00871,ru_poisson,RU-Poisson,0.9761652946472168,0.9729831218719482,0.22085118293762207,0.08567895740270615,0.1570444405078888,0.1716405600309372
873,bbbc021_cell_00873,ru_poisson,RU-Poisson,0.9710031151771545,0.9588293433189392,0.24477550387382507,0.15382418036460876,0.2231816202402115,0.14589489996433258
880,bbbc021_cell_00880,ru_poisson,RU-Poisson,0.977611780166626,0.9741535186767578,0.22670121490955353,0.08274619281291962,0.18015699088573456,0.15238536894321442
884,bbbc021_cell_00884,ru_poisson,RU-Poisson,0.9791749119758606,0.9721406698226929,0.19938383996486664,0.17679616808891296,0.3452306091785431,0.21891920268535614
887,bbbc021_cell_00887,ru_poisson,RU-Poisson,0.98006272315979,0.9748892188072205,0.1853199303150177,0.17037037014961243,0.22521419823169708,0.20420774817466736
893,bbbc021_cell_00893,ru_poisson,RU-Poisson,0.9722988605499268,0.9587499499320984,0.20410533249378204,0.15390396118164062,0.290926069021225,0.2037723958492279
906,bbbc021_cell_00906,ru_poisson,RU-Poisson,0.9694430232048035,0.9523269534111023,0.2546280324459076,0.1748705506324768,0.2515629827976227,0.16700391471385956
909,bbbc021_cell_00909,ru_poisson,RU-Poisson,0.9845395088195801,0.9752612709999084,0.19159267842769623,0.23200027644634247,0.29780489206314087,0.40406760573387146
910,bbbc021_cell_00910,ru_poisson,RU-Poisson,0.9772041440010071,0.9705489873886108,0.20194117724895477,0.20033180713653564,0.23343993723392487,0.26884469389915466
913,bbbc021_cell_00913,ru_poisson,RU-Poisson,0.9807863235473633,0.9756406545639038,0.17714302241802216,0.2134157121181488,0.25755131244659424,0.20874904096126556
916,bbbc021_cell_00916,ru_poisson,RU-Poisson,0.9744844436645508,0.9725704789161682,0.22747068107128143,0.09106218069791794,0.19076497852802277,0.15643103420734406
927,bbbc021_cell_00927,ru_poisson,RU-Poisson,0.9845778346061707,0.98038250207901,0.19787324965000153,0.17270313203334808,0.2333618402481079,0.16818879544734955
930,bbbc021_cell_00930,ru_poisson,RU-Poisson,0.977628231048584,0.9702169895172119,0.2104918360710144,0.19854280352592468,0.18308007717132568,0.17115172743797302
939,bbbc021_cell_00939,ru_poisson,RU-Poisson,0.9880815148353577,0.9836102724075317,0.17449992895126343,0.19191531836986542,0.2167261689901352,0.1913646161556244
956,bbbc021_cell_00956,ru_poisson,RU-Poisson,0.9819598197937012,0.9785643219947815,0.17894408106803894,0.17910073697566986,0.24474148452281952,0.22569656372070312
963,bbbc021_cell_00963,ru_poisson,RU-Poisson,0.97207111120224,0.9643216133117676,0.1968608796596527,0.1830497831106186,0.2897358536720276,0.3286355435848236
966,bbbc021_cell_00966,ru_poisson,RU-Poisson,0.9903529286384583,0.9876904487609863,0.15393656492233276,0.15329773724079132,0.22037838399410248,0.15740196406841278
969,bbbc021_cell_00969,ru_poisson,RU-Poisson,0.9728781580924988,0.9516139030456543,0.21014896035194397,0.24874521791934967,0.38309144973754883,0.2845923900604248
970,bbbc021_cell_00970,ru_poisson,RU-Poisson,0.9592825770378113,0.9490686655044556,0.2668401598930359,0.089800164103508,0.18305741250514984,0.14957380294799805
978,bbbc021_cell_00978,ru_poisson,RU-Poisson,0.9635723233222961,0.958500862121582,0.23118658363819122,0.11437911540269852,0.18221066892147064,0.1835804283618927
988,bbbc021_cell_00988,ru_poisson,RU-Poisson,0.9758238196372986,0.9713839888572693,0.21105292439460754,0.12508884072303772,0.26913002133369446,0.20199090242385864
989,bbbc021_cell_00989,ru_poisson,RU-Poisson,0.9819459915161133,0.9754526019096375,0.2094300538301468,0.14509230852127075,0.2134237438440323,0.13571102917194366
992,bbbc021_cell_00992,ru_poisson,RU-Poisson,0.9662266373634338,0.953205406665802,0.267558753490448,0.1468978077173233,0.17266973853111267,0.13319122791290283
995,bbbc021_cell_00995,ru_poisson,RU-Poisson,0.977046012878418,0.9687398076057434,0.20136409997940063,0.17595010995864868,0.21129491925239563,0.24066239595413208
1004,bbbc021_cell_01004,ru_poisson,RU-Poisson,0.970262348651886,0.9643215537071228,0.2319709062576294,0.09100008010864258,0.1714935153722763,0.12927506864070892
1008,bbbc021_cell_01008,ru_poisson,RU-Poisson,0.9750813841819763,0.9604741930961609,0.195391446352005,0.19583937525749207,0.39261603355407715,0.2520688474178314
1011,bbbc021_cell_01011,ru_poisson,RU-Poisson,0.9709696769714355,0.9601279497146606,0.1925240159034729,0.2940393388271332,0.34980612993240356,0.295757919549942
1013,bbbc021_cell_01013,ru_poisson,RU-Poisson,0.9797168374061584,0.9756582379341125,0.18792904913425446,0.16774000227451324,0.2303202748298645,0.22276288270950317
1018,bbbc021_cell_01018,ru_poisson,RU-Poisson,0.9739996790885925,0.955122709274292,0.22021715342998505,0.15818971395492554,0.29263779520988464,0.18822169303894043
1022,bbbc021_cell_01022,ru_poisson,RU-Poisson,0.973825991153717,0.9654266238212585,0.2525752782821655,0.0947771966457367,0.1561974585056305,0.09293337911367416
1045,bbbc021_cell_01045,ru_poisson,RU-Poisson,0.9711155295372009,0.9589135646820068,0.242048442363739,0.1698356717824936,0.15642966330051422,0.15212257206439972
1049,bbbc021_cell_01049,ru_poisson,RU-Poisson,0.9777736067771912,0.9728106260299683,0.2076777070760727,0.11216871440410614,0.16191856563091278,0.14606519043445587
1051,bbbc021_cell_01051,ru_poisson,RU-Poisson,0.9718268513679504,0.9644520878791809,0.2023475170135498,0.14901895821094513,0.22363117337226868,0.2168281376361847
1061,bbbc021_cell_01061,ru_poisson,RU-Poisson,0.9747410416603088,0.9710075855255127,0.22785447537899017,0.10432324558496475,0.2357189655303955,0.23300352692604065
1063,bbbc021_cell_01063,ru_poisson,RU-Poisson,0.9746305346488953,0.9579966068267822,0.27354931831359863,0.13612347841262817,0.10226380825042725,0.10210859030485153
1068,bbbc021_cell_01068,ru_poisson,RU-Poisson,0.9514002799987793,0.9330366253852844,0.40028059482574463,0.032922208309173584,0.09351795166730881,0.09346625208854675
1076,bbbc021_cell_01076,ru_poisson,RU-Poisson,0.9657833576202393,0.9172870516777039,0.42125481367111206,0.12104563415050507,0.04144265502691269,0.10862955451011658
1079,bbbc021_cell_01079,ru_poisson,RU-Poisson,0.966640293598175,0.9572687149047852,0.23230865597724915,0.16723130643367767,0.191057488322258,0.16300050914287567
1084,bbbc021_cell_01084,ru_poisson,RU-Poisson,0.968725860118866,0.9440872073173523,0.2867105305194855,0.18798625469207764,0.1517074853181839,0.1612037718296051
1089,bbbc021_cell_01089,ru_poisson,RU-Poisson,0.973951518535614,0.9631521105766296,0.22232918441295624,0.2000170797109604,0.20975780487060547,0.22173109650611877
1090,bbbc021_cell_01090,ru_poisson,RU-Poisson,0.9686381220817566,0.9622460007667542,0.2554718255996704,0.08145033568143845,0.12333721667528152,0.09697072952985764
1099,bbbc021_cell_01099,ru_poisson,RU-Poisson,0.9729568362236023,0.9657223224639893,0.19770677387714386,0.20048899948596954,0.2806141674518585,0.30135539174079895
1114,bbbc021_cell_01114,ru_poisson,RU-Poisson,0.9827027320861816,0.9762535095214844,0.21445634961128235,0.11762929707765579,0.1358766406774521,0.11396969854831696
1120,bbbc021_cell_01120,ru_poisson,RU-Poisson,0.9674539566040039,0.9627758264541626,0.21430031955242157,0.13638728857040405,0.22644895315170288,0.20776644349098206
1121,bbbc021_cell_01121,ru_poisson,RU-Poisson,0.9736579060554504,0.9651698470115662,0.2434011697769165,0.11207851022481918,0.34000274538993835,0.2514018714427948
1134,bbbc021_cell_01134,ru_poisson,RU-Poisson,0.9691791534423828,0.9547494053840637,0.2718597948551178,0.14147262275218964,0.20792821049690247,0.14418096840381622
1177,bbbc021_cell_01177,ru_poisson,RU-Poisson,0.9786491394042969,0.9745036959648132,0.22393850982189178,0.08738823980093002,0.19359251856803894,0.09968706965446472
1178,bbbc021_cell_01178,ru_poisson,RU-Poisson,0.9854171276092529,0.982373058795929,0.1732933670282364,0.11736264824867249,0.24204620718955994,0.14866220951080322
1183,bbbc021_cell_01183,ru_poisson,RU-Poisson,0.987621009349823,0.9852167367935181,0.15694020688533783,0.20018143951892853,0.27549755573272705,0.20259404182434082
1193,bbbc021_cell_01193,ru_poisson,RU-Poisson,0.9760614037513733,0.9644893407821655,0.19208727777004242,0.2219410091638565,0.25106674432754517,0.22734807431697845
1204,bbbc021_cell_01204,ru_poisson,RU-Poisson,0.9697126746177673,0.9603190422058105,0.25139930844306946,0.11057285964488983,0.1372431069612503,0.14379891753196716
1208,bbbc021_cell_01208,ru_poisson,RU-Poisson,0.9753193855285645,0.9653608202934265,0.23739206790924072,0.11881633847951889,0.15438051521778107,0.18600554764270782
1213,bbbc021_cell_01213,ru_poisson,RU-Poisson,0.9614667892456055,0.9324488639831543,0.31908145546913147,0.13865667581558228,0.1168690100312233,0.19506029784679413
1231,bbbc021_cell_01231,ru_poisson,RU-Poisson,0.9745612144470215,0.9600874185562134,0.262969970703125,0.13483507931232452,0.20817478001117706,0.14122174680233002
1232,bbbc021_cell_01232,ru_poisson,RU-Poisson,0.976170539855957,0.9706979990005493,0.18168337643146515,0.1730981469154358,0.29473403096199036,0.27121466398239136
1233,bbbc021_cell_01233,ru_poisson,RU-Poisson,0.9697005748748779,0.9645996689796448,0.21842247247695923,0.1403772234916687,0.21324995160102844,0.2603134214878082
1238,bbbc021_cell_01238,ru_poisson,RU-Poisson,0.9839494824409485,0.9795196652412415,0.17865678668022156,0.2050039917230606,0.2620548605918884,0.18416383862495422
1240,bbbc021_cell_01240,ru_poisson,RU-Poisson,0.9707667231559753,0.9549201726913452,0.2669459283351898,0.11624687165021896,0.12453461438417435,0.1436471939086914
1243,bbbc021_cell_01243,ru_poisson,RU-Poisson,0.977159321308136,0.9696757197380066,0.2346528321504593,0.12168239057064056,0.18498669564723969,0.168685182929039
1260,bbbc021_cell_01260,ru_poisson,RU-Poisson,0.9774479866027832,0.9661934971809387,0.2438436895608902,0.12429212778806686,0.14966294169425964,0.11230210959911346
1267,bbbc021_cell_01267,ru_poisson,RU-Poisson,0.9724453091621399,0.9645472764968872,0.21550944447517395,0.16274230182170868,0.2377261519432068,0.15981972217559814
1268,bbbc021_cell_01268,ru_poisson,RU-Poisson,0.9825055003166199,0.9784582853317261,0.19298216700553894,0.15168598294258118,0.2519586682319641,0.2175488919019699
1274,bbbc021_cell_01274,ru_poisson,RU-Poisson,0.9662175178527832,0.959661066532135,0.22831854224205017,0.1378857046365738,0.18662621080875397,0.16652357578277588
1281,bbbc021_cell_01281,ru_poisson,RU-Poisson,0.9893565773963928,0.9877637028694153,0.14978110790252686,0.1689774990081787,0.26277968287467957,0.26467159390449524
1297,bbbc021_cell_01297,ru_poisson,RU-Poisson,0.9887685775756836,0.987005352973938,0.1573064774274826,0.14764928817749023,0.20551829040050507,0.1843089610338211
1307,bbbc021_cell_01307,ru_poisson,RU-Poisson,0.9766731262207031,0.9681853652000427,0.21237772703170776,0.17265549302101135,0.19987139105796814,0.23031264543533325
1313,bbbc021_cell_01313,ru_poisson,RU-Poisson,0.9871602058410645,0.983694314956665,0.17481879889965057,0.1590864509344101,0.23598244786262512,0.15058276057243347
1330,bbbc021_cell_01330,ru_poisson,RU-Poisson,0.9853083491325378,0.98428875207901,0.17730273306369781,0.12251444160938263,0.2768903970718384,0.3098963797092438
1334,bbbc021_cell_01334,ru_poisson,RU-Poisson,0.9665982723236084,0.943190336227417,0.2972826361656189,0.16578760743141174,0.21891772747039795,0.13334564864635468
1346,bbbc021_cell_01346,ru_poisson,RU-Poisson,0.9844963550567627,0.9801183342933655,0.1865997463464737,0.13518217206001282,0.1870010942220688,0.17797106504440308
1348,bbbc021_cell_01348,ru_poisson,RU-Poisson,0.9603198170661926,0.9355493187904358,0.2814427316188812,0.1512257605791092,0.15943646430969238,0.15589526295661926
1355,bbbc021_cell_01355,ru_poisson,RU-Poisson,0.9861543774604797,0.9835656881332397,0.16988733410835266,0.12646043300628662,0.22083473205566406,0.27430152893066406
1363,bbbc021_cell_01363,ru_poisson,RU-Poisson,0.9792936444282532,0.9748259782791138,0.21846769750118256,0.08998623490333557,0.12638643383979797,0.1464947760105133
1366,bbbc021_cell_01366,ru_poisson,RU-Poisson,0.981713056564331,0.9741249084472656,0.2160223424434662,0.16436980664730072,0.2261902242898941,0.13468530774116516
1391,bbbc021_cell_01391,ru_poisson,RU-Poisson,0.9693247675895691,0.9562837481498718,0.22132812440395355,0.18235662579536438,0.2398897111415863,0.2075936198234558
1400,bbbc021_cell_01400,ru_poisson,RU-Poisson,0.9872677326202393,0.9866688251495361,0.15739880502223969,0.14676250517368317,0.24870650470256805,0.20048661530017853
1411,bbbc021_cell_01411,ru_poisson,RU-Poisson,0.972510039806366,0.9530841708183289,0.23030933737754822,0.16398321092128754,0.26184219121932983,0.16692277789115906
1413,bbbc021_cell_01413,ru_poisson,RU-Poisson,0.9792332649230957,0.9696626663208008,0.2405201941728592,0.09915459901094437,0.14745424687862396,0.1421324610710144
1422,bbbc021_cell_01422,ru_poisson,RU-Poisson,0.9832320809364319,0.9792729616165161,0.19633018970489502,0.2244943380355835,0.20657891035079956,0.2501677870750427
1425,bbbc021_cell_01425,ru_poisson,RU-Poisson,0.9822528958320618,0.9756792783737183,0.17926321923732758,0.1813141256570816,0.3749821186065674,0.2916133999824524
1434,bbbc021_cell_01434,ru_poisson,RU-Poisson,0.9818055629730225,0.9803760051727295,0.1913071572780609,0.11861136555671692,0.22756485641002655,0.15372273325920105
1441,bbbc021_cell_01441,ru_poisson,RU-Poisson,0.9470774531364441,0.8891562223434448,0.4178704023361206,0.15280577540397644,0.07800326496362686,0.13570958375930786
1447,bbbc021_cell_01447,ru_poisson,RU-Poisson,0.9887588620185852,0.9834996461868286,0.17640511691570282,0.1896088421344757,0.18004997074604034,0.17059831321239471
1458,bbbc021_cell_01458,ru_poisson,RU-Poisson,0.9750842452049255,0.9681290984153748,0.2007364183664322,0.18250030279159546,0.2297751009464264,0.18182440102100372
1471,bbbc021_cell_01471,ru_poisson,RU-Poisson,0.9802014231681824,0.9748780131340027,0.18446578085422516,0.1746566742658615,0.3641713261604309,0.2808873653411865
1481,bbbc021_cell_01481,ru_poisson,RU-Poisson,0.9794268608093262,0.9725404381752014,0.211076557636261,0.17724047601222992,0.1833631694316864,0.18661028146743774
1499,bbbc021_cell_01499,ru_poisson,RU-Poisson,0.9812003970146179,0.9723779559135437,0.19896574318408966,0.19000844657421112,0.20915409922599792,0.23564903438091278
1506,bbbc021_cell_01506,ru_poisson,RU-Poisson,0.9545860886573792,0.9450833797454834,0.2507303059101105,0.11611493676900864,0.21051383018493652,0.2023492455482483
1511,bbbc021_cell_01511,ru_poisson,RU-Poisson,0.964073657989502,0.9471632838249207,0.23274977505207062,0.14710213243961334,0.2223985493183136,0.18661083281040192
1512,bbbc021_cell_01512,ru_poisson,RU-Poisson,0.9750127792358398,0.9579900503158569,0.27916815876960754,0.12391098588705063,0.1297437697649002,0.18304452300071716
1515,bbbc021_cell_01515,ru_poisson,RU-Poisson,0.9838334918022156,0.9828526377677917,0.18835343420505524,0.11350981146097183,0.17349468171596527,0.18184462189674377
1522,bbbc021_cell_01522,ru_poisson,RU-Poisson,0.9784488677978516,0.9779658913612366,0.19530755281448364,0.1467626839876175,0.27672603726387024,0.23979094624519348
1525,bbbc021_cell_01525,ru_poisson,RU-Poisson,0.9756760001182556,0.9692522883415222,0.20804685354232788,0.22301740944385529,0.2503741979598999,0.27291011810302734
1536,bbbc021_cell_01536,ru_poisson,RU-Poisson,0.9813735485076904,0.9702573418617249,0.2112683653831482,0.17079181969165802,0.262722909450531,0.16277070343494415
1541,bbbc021_cell_01541,ru_poisson,RU-Poisson,0.9584410190582275,0.9466404914855957,0.252307653427124,0.0924171507358551,0.22006885707378387,0.16947703063488007
1543,bbbc021_cell_01543,ru_poisson,RU-Poisson,0.9750307202339172,0.9700796604156494,0.21315142512321472,0.12252391129732132,0.23962177336215973,0.24196934700012207
1546,bbbc021_cell_01546,ru_poisson,RU-Poisson,0.9822753071784973,0.976236879825592,0.20519667863845825,0.1313556283712387,0.1946907490491867,0.27061980962753296
1551,bbbc021_cell_01551,ru_poisson,RU-Poisson,0.9751481413841248,0.9623516798019409,0.18192574381828308,0.2013946920633316,0.38280239701271057,0.2747945785522461
1553,bbbc021_cell_01553,ru_poisson,RU-Poisson,0.973128080368042,0.9688896536827087,0.2025214433670044,0.14767512679100037,0.25890985131263733,0.24986901879310608
1559,bbbc021_cell_01559,ru_poisson,RU-Poisson,0.9670896530151367,0.9562066197395325,0.21844646334648132,0.1417972594499588,0.30440187454223633,0.26546117663383484
1562,bbbc021_cell_01562,ru_poisson,RU-Poisson,0.9868388772010803,0.9843008518218994,0.1337171345949173,0.23570655286312103,0.4001232981681824,0.36672165989875793
1563,bbbc021_cell_01563,ru_poisson,RU-Poisson,0.9678791165351868,0.9666657447814941,0.23748277127742767,0.09532143920660019,0.22147947549819946,0.27394041419029236
1581,bbbc021_cell_01581,ru_poisson,RU-Poisson,0.9742584228515625,0.9652646780014038,0.23342464864253998,0.14576958119869232,0.22000466287136078,0.1635480523109436
1613,bbbc021_cell_01613,ru_poisson,RU-Poisson,0.9801430106163025,0.9714931845664978,0.2142341136932373,0.1991002857685089,0.17720699310302734,0.17522692680358887
1619,bbbc021_cell_01619,ru_poisson,RU-Poisson,0.9860952496528625,0.9808338284492493,0.18371811509132385,0.2172897905111313,0.25034087896347046,0.20307804644107819
1622,bbbc021_cell_01622,ru_poisson,RU-Poisson,0.9709930419921875,0.9641335606575012,0.22672922909259796,0.12838353216648102,0.21002794802188873,0.21278107166290283
1624,bbbc021_cell_01624,ru_poisson,RU-Poisson,0.9857425689697266,0.9788435101509094,0.19663786888122559,0.1754741072654724,0.20885342359542847,0.2198372781276703
1634,bbbc021_cell_01634,ru_poisson,RU-Poisson,0.9818060994148254,0.9753751158714294,0.21864630281925201,0.13576669991016388,0.17920812964439392,0.1591670960187912
1644,bbbc021_cell_01644,ru_poisson,RU-Poisson,0.9751456379890442,0.9622268080711365,0.27390360832214355,0.1145661473274231,0.0826725885272026,0.07142927497625351
1645,bbbc021_cell_01645,ru_poisson,RU-Poisson,0.9776582717895508,0.9656720757484436,0.24238044023513794,0.11446904391050339,0.14494085311889648,0.19270439445972443
1663,bbbc021_cell_01663,ru_poisson,RU-Poisson,0.981349766254425,0.9738082885742188,0.19539374113082886,0.1914217174053192,0.259716272354126,0.18865646421909332
1673,bbbc021_cell_01673,ru_poisson,RU-Poisson,0.989297091960907,0.9863706827163696,0.1550557166337967,0.18839655816555023,0.3000028729438782,0.21773140132427216
1684,bbbc021_cell_01684,ru_poisson,RU-Poisson,0.9735913276672363,0.9647173881530762,0.20768262445926666,0.1705426424741745,0.22023989260196686,0.1622621715068817
1685,bbbc021_cell_01685,ru_poisson,RU-Poisson,0.9860985279083252,0.9833330512046814,0.17865265905857086,0.15009598433971405,0.21970583498477936,0.1769820749759674
1694,bbbc021_cell_01694,ru_poisson,RU-Poisson,0.9733226299285889,0.9655060172080994,0.2274133563041687,0.11978554725646973,0.1663666069507599,0.18071994185447693
1697,bbbc021_cell_01697,ru_poisson,RU-Poisson,0.9845734238624573,0.9760260581970215,0.20781871676445007,0.20339711010456085,0.3076409101486206,0.20082996785640717
1698,bbbc021_cell_01698,ru_poisson,RU-Poisson,0.9858865141868591,0.9831370115280151,0.17939463257789612,0.13236454129219055,0.18245463073253632,0.19171661138534546
1700,bbbc021_cell_01700,ru_poisson,RU-Poisson,0.9806264042854309,0.9765477776527405,0.20659847557544708,0.12509459257125854,0.3399726152420044,0.27815839648246765
1715,bbbc021_cell_01715,ru_poisson,RU-Poisson,0.9767134785652161,0.9656375050544739,0.2237437665462494,0.14490288496017456,0.24509769678115845,0.17287057638168335
1721,bbbc021_cell_01721,ru_poisson,RU-Poisson,0.9901182651519775,0.9876996278762817,0.1518104374408722,0.15563714504241943,0.23538878560066223,0.25810790061950684
1724,bbbc021_cell_01724,ru_poisson,RU-Poisson,0.9843592047691345,0.983913242816925,0.17193610966205597,0.1373603194952011,0.2948271632194519,0.27728357911109924
1727,bbbc021_cell_01727,ru_poisson,RU-Poisson,0.9857991337776184,0.9819948077201843,0.17933505773544312,0.14138488471508026,0.21783921122550964,0.1826314777135849
1729,bbbc021_cell_01729,ru_poisson,RU-Poisson,0.9699645042419434,0.9581396579742432,0.23820382356643677,0.1762225329875946,0.17340552806854248,0.17791718244552612
1741,bbbc021_cell_01741,ru_poisson,RU-Poisson,0.9679942727088928,0.9501129984855652,0.22058247029781342,0.1462482213973999,0.26400646567344666,0.20191125571727753
1760,bbbc021_cell_01760,ru_poisson,RU-Poisson,0.9823525547981262,0.9762037396430969,0.19748555123806,0.10424336791038513,0.1846940517425537,0.25119999051094055
1761,bbbc021_cell_01761,ru_poisson,RU-Poisson,0.9742909073829651,0.9617243409156799,0.21866150200366974,0.1990746706724167,0.30497637391090393,0.21290531754493713
1763,bbbc021_cell_01763,ru_poisson,RU-Poisson,0.9684301018714905,0.9541733860969543,0.26381537318229675,0.12027639150619507,0.1394907534122467,0.1657876819372177
1765,bbbc021_cell_01765,ru_poisson,RU-Poisson,0.9668912887573242,0.9396177530288696,0.31751158833503723,0.11224349588155746,0.133760005235672,0.24623003602027893
1773,bbbc021_cell_01773,ru_poisson,RU-Poisson,0.9839062690734863,0.978996753692627,0.19131186604499817,0.19868655502796173,0.23035681247711182,0.17414844036102295
1782,bbbc021_cell_01782,ru_poisson,RU-Poisson,0.9926457405090332,0.9909484386444092,0.13349395990371704,0.14865325391292572,0.27367115020751953,0.2798800468444824
1784,bbbc021_cell_01784,ru_poisson,RU-Poisson,0.9751546382904053,0.9682379364967346,0.22166530787944794,0.13141155242919922,0.14474701881408691,0.12740746140480042
1791,bbbc021_cell_01791,ru_poisson,RU-Poisson,0.9861246943473816,0.981124222278595,0.17752090096473694,0.18337595462799072,0.3001096844673157,0.19870315492153168
1798,bbbc021_cell_01798,ru_poisson,RU-Poisson,0.9771868586540222,0.971510112285614,0.20850765705108643,0.17335708439350128,0.2024315446615219,0.17181432247161865
1804,bbbc021_cell_01804,ru_poisson,RU-Poisson,0.9687511324882507,0.9457350969314575,0.22837211191654205,0.17572782933712006,0.33170899748802185,0.20903033018112183
1812,bbbc021_cell_01812,ru_poisson,RU-Poisson,0.9781622886657715,0.9748696088790894,0.209402397274971,0.11922071129083633,0.21368823945522308,0.16503337025642395
1814,bbbc021_cell_01814,ru_poisson,RU-Poisson,0.9745938777923584,0.9676582217216492,0.2159251719713211,0.11479305475950241,0.18387576937675476,0.17967109382152557
1819,bbbc021_cell_01819,ru_poisson,RU-Poisson,0.973668098449707,0.9594022035598755,0.2509363293647766,0.17241357266902924,0.20200495421886444,0.1538962870836258
1824,bbbc021_cell_01824,ru_poisson,RU-Poisson,0.9784004092216492,0.9719495177268982,0.200034961104393,0.1702081710100174,0.22988522052764893,0.22229686379432678
1831,bbbc021_cell_01831,ru_poisson,RU-Poisson,0.9755704998970032,0.9642148017883301,0.23986105620861053,0.1585777848958969,0.17991971969604492,0.15240253508090973
1833,bbbc021_cell_01833,ru_poisson,RU-Poisson,0.9740498065948486,0.9656216502189636,0.19708925485610962,0.15907518565654755,0.24666953086853027,0.20276515185832977
1841,bbbc021_cell_01841,ru_poisson,RU-Poisson,0.96366286277771,0.9507617354393005,0.23574474453926086,0.17695103585720062,0.19376571476459503,0.1966099888086319
1843,bbbc021_cell_01843,ru_poisson,RU-Poisson,0.9645746350288391,0.9577460289001465,0.28590908646583557,0.06297386437654495,0.12454166263341904,0.17426316440105438
1868,bbbc021_cell_01868,ru_poisson,RU-Poisson,0.9681559205055237,0.9613027572631836,0.23747822642326355,0.14524000883102417,0.17023317515850067,0.15177971124649048
1871,bbbc021_cell_01871,ru_poisson,RU-Poisson,0.9761348366737366,0.9661863446235657,0.2342335730791092,0.1169874295592308,0.1878112554550171,0.1085953563451767
1881,bbbc021_cell_01881,ru_poisson,RU-Poisson,0.9587299227714539,0.9329014420509338,0.31287911534309387,0.12387774884700775,0.12094009667634964,0.17237748205661774
1882,bbbc021_cell_01882,ru_poisson,RU-Poisson,0.9881218075752258,0.9851853847503662,0.16040799021720886,0.1961609572172165,0.3108274042606354,0.2972332239151001
1888,bbbc021_cell_01888,ru_poisson,RU-Poisson,0.9704594612121582,0.9463014006614685,0.3138120174407959,0.1412414163351059,0.08590858429670334,0.11819149553775787
1911,bbbc021_cell_01911,ru_poisson,RU-Poisson,0.9574055671691895,0.9438194632530212,0.2587488889694214,0.15431241691112518,0.17514637112617493,0.14490307867527008
1919,bbbc021_cell_01919,ru_poisson,RU-Poisson,0.9872561097145081,0.9829506278038025,0.17369264364242554,0.1341317892074585,0.18698738515377045,0.20219452679157257
1935,bbbc021_cell_01935,ru_poisson,RU-Poisson,0.974618136882782,0.9699795246124268,0.22794532775878906,0.10161662846803665,0.17209342122077942,0.2641211748123169
1942,bbbc021_cell_01942,ru_poisson,RU-Poisson,0.9818642735481262,0.9777112007141113,0.19306498765945435,0.15272335708141327,0.2518254220485687,0.16199742257595062
1943,bbbc021_cell_01943,ru_poisson,RU-Poisson,0.9809092879295349,0.9742029905319214,0.2118074744939804,0.1501651555299759,0.21020114421844482,0.14408650994300842
1963,bbbc021_cell_01963,ru_poisson,RU-Poisson,0.9704853892326355,0.9609392881393433,0.21940021216869354,0.20124691724777222,0.2297307848930359,0.23720687627792358
1968,bbbc021_cell_01968,ru_poisson,RU-Poisson,0.9738383293151855,0.961397647857666,0.19535453617572784,0.21534457802772522,0.33090725541114807,0.2459578812122345
1985,bbbc021_cell_01985,ru_poisson,RU-Poisson,0.9688536524772644,0.937187671661377,0.2343100607395172,0.2233968824148178,0.3422410190105438,0.16839686036109924
1999,bbbc021_cell_01999,ru_poisson,RU-Poisson,0.9585492014884949,0.9334641098976135,0.25879913568496704,0.18825234472751617,0.2370653599500656,0.1992601603269577
2000,bbbc021_cell_02000,ru_poisson,RU-Poisson,0.9546138644218445,0.9209681153297424,0.2606751024723053,0.14694340527057648,0.23924607038497925,0.12586182355880737
2002,bbbc021_cell_02002,ru_poisson,RU-Poisson,0.9760996699333191,0.968425452709198,0.24000947177410126,0.17480871081352234,0.1797264963388443,0.12732230126857758
2003,bbbc021_cell_02003,ru_poisson,RU-Poisson,0.9838488101959229,0.9784989953041077,0.20335209369659424,0.15788079798221588,0.2091747224330902,0.11209485679864883
2015,bbbc021_cell_02015,ru_poisson,RU-Poisson,0.9848883748054504,0.9807400703430176,0.17674094438552856,0.1984046846628189,0.25660887360572815,0.2273995727300644
2020,bbbc021_cell_02020,ru_poisson,RU-Poisson,0.9764165878295898,0.9673718214035034,0.21485699713230133,0.178508922457695,0.23819805681705475,0.1888847053050995
2021,bbbc021_cell_02021,ru_poisson,RU-Poisson,0.9783973693847656,0.9650341868400574,0.24993517994880676,0.17383870482444763,0.1427072286605835,0.15381193161010742
2026,bbbc021_cell_02026,ru_poisson,RU-Poisson,0.9724151492118835,0.9625703692436218,0.22718505561351776,0.10734043270349503,0.18837527930736542,0.1245761588215828
2028,bbbc021_cell_02028,ru_poisson,RU-Poisson,0.980645477771759,0.9738149642944336,0.21530504524707794,0.153749018907547,0.22447419166564941,0.16708897054195404
2034,bbbc021_cell_02034,ru_poisson,RU-Poisson,0.9771514534950256,0.9710037708282471,0.20390431582927704,0.14910194277763367,0.20649726688861847,0.20656506717205048
2038,bbbc021_cell_02038,ru_poisson,RU-Poisson,0.9782224297523499,0.9646587371826172,0.1834857314825058,0.31595107913017273,0.5561555624008179,0.3815101087093353
2060,bbbc021_cell_02060,ru_poisson,RU-Poisson,0.9727041721343994,0.9605211615562439,0.239483043551445,0.13325127959251404,0.15979954600334167,0.12064675986766815
2075,bbbc021_cell_02075,ru_poisson,RU-Poisson,0.9710907340049744,0.9592299461364746,0.22336682677268982,0.14204047620296478,0.270389586687088,0.20722876489162445
2078,bbbc021_cell_02078,ru_poisson,RU-Poisson,0.9722078442573547,0.9620792269706726,0.2278953641653061,0.16062328219413757,0.20028701424598694,0.20812657475471497
2081,bbbc021_cell_02081,ru_poisson,RU-Poisson,0.9897101521492004,0.9887491464614868,0.14525963366031647,0.19625572860240936,0.26176437735557556,0.16246889531612396
2095,bbbc021_cell_02095,ru_poisson,RU-Poisson,0.9776657223701477,0.9686535596847534,0.19502656161785126,0.1730509102344513,0.25785601139068604,0.1827782392501831
2096,bbbc021_cell_02096,ru_poisson,RU-Poisson,0.9826345443725586,0.9741257429122925,0.2056693732738495,0.18251675367355347,0.2350037395954132,0.1313660442829132
2102,bbbc021_cell_02102,ru_poisson,RU-Poisson,0.9755464196205139,0.9608962535858154,0.20617477595806122,0.21541373431682587,0.35387322306632996,0.19921304285526276
2107,bbbc021_cell_02107,ru_poisson,RU-Poisson,0.9763414263725281,0.9694589376449585,0.21211794018745422,0.17722193896770477,0.19456876814365387,0.17267204821109772
2109,bbbc021_cell_02109,ru_poisson,RU-Poisson,0.9793534874916077,0.9698072075843811,0.20802244544029236,0.1823372095823288,0.22133643925189972,0.16212297976016998
2111,bbbc021_cell_02111,ru_poisson,RU-Poisson,0.9684624075889587,0.9541303515434265,0.2831401824951172,0.08360536396503448,0.17530080676078796,0.11647085100412369
2112,bbbc021_cell_02112,ru_poisson,RU-Poisson,0.9658491015434265,0.944694459438324,0.2248612493276596,0.22167378664016724,0.29327505826950073,0.18017415702342987
2118,bbbc021_cell_02118,ru_poisson,RU-Poisson,0.9766276478767395,0.9730744957923889,0.21483546495437622,0.10187022387981415,0.22849823534488678,0.18387307226657867
2122,bbbc021_cell_02122,ru_poisson,RU-Poisson,0.9766755104064941,0.9686144590377808,0.18050239980220795,0.21026407182216644,0.2912193834781647,0.25669315457344055
2123,bbbc021_cell_02123,ru_poisson,RU-Poisson,0.9830427169799805,0.9777215719223022,0.1918715089559555,0.2072666585445404,0.3064645528793335,0.2241840958595276
2128,bbbc021_cell_02128,ru_poisson,RU-Poisson,0.9745617508888245,0.9626582264900208,0.2039940059185028,0.20202980935573578,0.23452234268188477,0.20258519053459167
2140,bbbc021_cell_02140,ru_poisson,RU-Poisson,0.9846356511116028,0.978783905506134,0.17199937999248505,0.25127366185188293,0.3114399313926697,0.3071995973587036
2148,bbbc021_cell_02148,ru_poisson,RU-Poisson,0.9828085899353027,0.978262186050415,0.19029445946216583,0.19618625938892365,0.2243315726518631,0.2067764401435852
2149,bbbc021_cell_02149,ru_poisson,RU-Poisson,0.9733769297599792,0.9588618278503418,0.22051917016506195,0.22181901335716248,0.2646411657333374,0.21557874977588654
2151,bbbc021_cell_02151,ru_poisson,RU-Poisson,0.9685788154602051,0.9616141319274902,0.237824946641922,0.11993434280157089,0.15895648300647736,0.10486490279436111
2152,bbbc021_cell_02152,ru_poisson,RU-Poisson,0.9858821034431458,0.9800914525985718,0.18700218200683594,0.20412768423557281,0.25286954641342163,0.21759246289730072
2166,bbbc021_cell_02166,ru_poisson,RU-Poisson,0.9662674069404602,0.9505149126052856,0.2354651540517807,0.1382584273815155,0.3693615198135376,0.2452261745929718
2168,bbbc021_cell_02168,ru_poisson,RU-Poisson,0.9778276085853577,0.9752069115638733,0.1999189257621765,0.12670950591564178,0.22986534237861633,0.22576592862606049
2176,bbbc021_cell_02176,ru_poisson,RU-Poisson,0.9791302680969238,0.9718303680419922,0.21161803603172302,0.1129467785358429,0.32999882102012634,0.15938329696655273
2178,bbbc021_cell_02178,ru_poisson,RU-Poisson,0.9721010327339172,0.9614090919494629,0.2514269948005676,0.0993870347738266,0.20516033470630646,0.10789833962917328
2183,bbbc021_cell_02183,ru_poisson,RU-Poisson,0.9812064170837402,0.9705816507339478,0.2099216729402542,0.18846559524536133,0.3178476095199585,0.16396597027778625
2195,bbbc021_cell_02195,ru_poisson,RU-Poisson,0.9695234298706055,0.9618898630142212,0.22395485639572144,0.204258993268013,0.23104843497276306,0.23413944244384766
2200,bbbc021_cell_02200,ru_poisson,RU-Poisson,0.9642658829689026,0.9526002407073975,0.2605649530887604,0.1283043473958969,0.15677180886268616,0.13220009207725525
2204,bbbc021_cell_02204,ru_poisson,RU-Poisson,0.9781596064567566,0.9706110954284668,0.20317265391349792,0.1982554942369461,0.2645079493522644,0.22303272783756256
2205,bbbc021_cell_02205,ru_poisson,RU-Poisson,0.9738359451293945,0.9642577171325684,0.22915878891944885,0.1588393598794937,0.19214709103107452,0.1765766590833664
2206,bbbc021_cell_02206,ru_poisson,RU-Poisson,0.9725095629692078,0.9649043679237366,0.22401046752929688,0.1837162971496582,0.19932354986667633,0.19725051522254944
2211,bbbc021_cell_02211,ru_poisson,RU-Poisson,0.9823805689811707,0.9761894941329956,0.18564026057720184,0.15755201876163483,0.20681384205818176,0.14881734549999237
2218,bbbc021_cell_02218,ru_poisson,RU-Poisson,0.9814286828041077,0.9771667122840881,0.22736455500125885,0.07915660738945007,0.17131975293159485,0.134815514087677
2221,bbbc021_cell_02221,ru_poisson,RU-Poisson,0.9793599247932434,0.97304368019104,0.22666512429714203,0.1487981677055359,0.16976182162761688,0.10244420170783997
2224,bbbc021_cell_02224,ru_poisson,RU-Poisson,0.9592617154121399,0.9533637166023254,0.30438974499702454,0.06152370572090149,0.1724081188440323,0.15814898908138275
2227,bbbc021_cell_02227,ru_poisson,RU-Poisson,0.9796668887138367,0.9700815677642822,0.23815405368804932,0.0994795560836792,0.15317216515541077,0.1992378830909729
2231,bbbc021_cell_02231,ru_poisson,RU-Poisson,0.9627851843833923,0.9480194449424744,0.273180216550827,0.10137223452329636,0.1666467785835266,0.27768000960350037
2236,bbbc021_cell_02236,ru_poisson,RU-Poisson,0.9792466163635254,0.9743073582649231,0.18315008282661438,0.18784192204475403,0.32914677262306213,0.20072577893733978
2238,bbbc021_cell_02238,ru_poisson,RU-Poisson,0.9643993377685547,0.9513686299324036,0.21869100630283356,0.24839532375335693,0.3268992602825165,0.2849730849266052
2242,bbbc021_cell_02242,ru_poisson,RU-Poisson,0.9530622363090515,0.9407187700271606,0.2355852723121643,0.152263805270195,0.2791268229484558,0.19827130436897278
2246,bbbc021_cell_02246,ru_poisson,RU-Poisson,0.9732108116149902,0.9680482149124146,0.212699294090271,0.11726203560829163,0.24913567304611206,0.23660697042942047
2269,bbbc021_cell_02269,ru_poisson,RU-Poisson,0.9750789999961853,0.9685476422309875,0.23296405375003815,0.14492946863174438,0.19629915058612823,0.1423661857843399
2278,bbbc021_cell_02278,ru_poisson,RU-Poisson,0.9804165363311768,0.9763741493225098,0.20449213683605194,0.19242209196090698,0.2781907021999359,0.2180505096912384
2279,bbbc021_cell_02279,ru_poisson,RU-Poisson,0.9765176773071289,0.9666628837585449,0.2096066027879715,0.19245433807373047,0.26704663038253784,0.3151082992553711
2305,bbbc021_cell_02305,ru_poisson,RU-Poisson,0.976489245891571,0.9695545434951782,0.20267726480960846,0.21234527230262756,0.24465256929397583,0.24016664922237396
2315,bbbc021_cell_02315,ru_poisson,RU-Poisson,0.9843418002128601,0.9774897694587708,0.18312713503837585,0.18365076184272766,0.32973581552505493,0.22563990950584412
2316,bbbc021_cell_02316,ru_poisson,RU-Poisson,0.9593896865844727,0.9496809244155884,0.2367645800113678,0.1219741553068161,0.2398253232240677,0.18739698827266693
2331,bbbc021_cell_02331,ru_poisson,RU-Poisson,0.9778627753257751,0.9750596880912781,0.20370660722255707,0.11418651789426804,0.1962110847234726,0.1616038978099823
2332,bbbc021_cell_02332,ru_poisson,RU-Poisson,0.9784460663795471,0.9707194566726685,0.23909716308116913,0.11915949732065201,0.1384630799293518,0.1499824970960617
2334,bbbc021_cell_02334,ru_poisson,RU-Poisson,0.979144275188446,0.9723840951919556,0.21578939259052277,0.18804225325584412,0.18653354048728943,0.16456401348114014
2336,bbbc021_cell_02336,ru_poisson,RU-Poisson,0.9686458706855774,0.9541008472442627,0.23505878448486328,0.1886311173439026,0.231689915060997,0.32690802216529846
2342,bbbc021_cell_02342,ru_poisson,RU-Poisson,0.9766473770141602,0.9692493677139282,0.19637034833431244,0.20402096211910248,0.26610296964645386,0.2641419768333435
2344,bbbc021_cell_02344,ru_poisson,RU-Poisson,0.988201379776001,0.9837175011634827,0.16844996809959412,0.21424219012260437,0.22988459467887878,0.20079410076141357
2345,bbbc021_cell_02345,ru_poisson,RU-Poisson,0.9802665710449219,0.9740140438079834,0.20849885046482086,0.20900292694568634,0.255154550075531,0.16187766194343567
2350,bbbc021_cell_02350,ru_poisson,RU-Poisson,0.9734380841255188,0.9599176049232483,0.2493281215429306,0.1919214278459549,0.19382904469966888,0.2766016125679016
2358,bbbc021_cell_02358,ru_poisson,RU-Poisson,0.9770445823669434,0.970535159111023,0.18088474869728088,0.2310531735420227,0.331790953874588,0.3487268090248108
2378,bbbc021_cell_02378,ru_poisson,RU-Poisson,0.9919608235359192,0.988005518913269,0.13929595053195953,0.2685864567756653,0.3838975727558136,0.3974761366844177
2388,bbbc021_cell_02388,ru_poisson,RU-Poisson,0.9737855792045593,0.9504939317703247,0.2890816330909729,0.15425384044647217,0.21337690949440002,0.13439428806304932
2390,bbbc021_cell_02390,ru_poisson,RU-Poisson,0.9719739556312561,0.9654707908630371,0.2141237109899521,0.1389445960521698,0.2629410922527313,0.4229263961315155
2396,bbbc021_cell_02396,ru_poisson,RU-Poisson,0.9811708331108093,0.9710736870765686,0.23024025559425354,0.12549830973148346,0.1643620878458023,0.14611683785915375
2415,bbbc021_cell_02415,ru_poisson,RU-Poisson,0.9592540860176086,0.9419195055961609,0.24927577376365662,0.09614765644073486,0.18346892297267914,0.13863179087638855
2417,bbbc021_cell_02417,ru_poisson,RU-Poisson,0.9809228777885437,0.9781042337417603,0.1948653608560562,0.1329103410243988,0.21827919781208038,0.21652831137180328
2427,bbbc021_cell_02427,ru_poisson,RU-Poisson,0.9864794611930847,0.9833565354347229,0.16998913884162903,0.21119974553585052,0.3033010959625244,0.3080448508262634
2428,bbbc021_cell_02428,ru_poisson,RU-Poisson,0.9761238694190979,0.972506582736969,0.21994610130786896,0.09537854790687561,0.15571728348731995,0.12807390093803406
2442,bbbc021_cell_02442,ru_poisson,RU-Poisson,0.983203649520874,0.9808459877967834,0.18383662402629852,0.13519789278507233,0.2516740560531616,0.23543089628219604
2448,bbbc021_cell_02448,ru_poisson,RU-Poisson,0.990243136882782,0.9865766763687134,0.1506580114364624,0.21181048452854156,0.334534615278244,0.3381645679473877
2459,bbbc021_cell_02459,ru_poisson,RU-Poisson,0.984157383441925,0.9839296936988831,0.18402448296546936,0.11269192397594452,0.22564168274402618,0.16916239261627197
2460,bbbc021_cell_02460,ru_poisson,RU-Poisson,0.9834685325622559,0.9722982048988342,0.19628041982650757,0.19442090392112732,0.27071380615234375,0.4616558253765106
2482,bbbc021_cell_02482,ru_poisson,RU-Poisson,0.9870919585227966,0.9852773547172546,0.16365990042686462,0.1345674842596054,0.2510552406311035,0.15624268352985382
2483,bbbc021_cell_02483,ru_poisson,RU-Poisson,0.9893864989280701,0.9859006404876709,0.16395585238933563,0.15732701122760773,0.2063184380531311,0.15661247074604034
2501,bbbc021_cell_02501,ru_poisson,RU-Poisson,0.962226927280426,0.9398776888847351,0.24562178552150726,0.17899326980113983,0.26252350211143494,0.18691159784793854
2512,bbbc021_cell_02512,ru_poisson,RU-Poisson,0.9800708889961243,0.9721827507019043,0.21969066560268402,0.13233301043510437,0.13055069744586945,0.12039149552583694
2514,bbbc021_cell_02514,ru_poisson,RU-Poisson,0.9753467440605164,0.9693122506141663,0.22104355692863464,0.09647944569587708,0.2329099178314209,0.14225924015045166
2520,bbbc021_cell_02520,ru_poisson,RU-Poisson,0.9703776240348816,0.9521993398666382,0.20903341472148895,0.2341347187757492,0.32737770676612854,0.2592371106147766
2536,bbbc021_cell_02536,ru_poisson,RU-Poisson,0.9678215980529785,0.9548550844192505,0.21237456798553467,0.2121388018131256,0.2440786212682724,0.20775017142295837
2543,bbbc021_cell_02543,ru_poisson,RU-Poisson,0.9764266014099121,0.9645053744316101,0.24533091485500336,0.10409395396709442,0.19162887334823608,0.18160870671272278
2554,bbbc021_cell_02554,ru_poisson,RU-Poisson,0.979184091091156,0.971370279788971,0.22395388782024384,0.10144548863172531,0.2713868021965027,0.13433025777339935
2598,bbbc021_cell_02598,ru_poisson,RU-Poisson,0.978492259979248,0.9707192778587341,0.2139953225851059,0.12758950889110565,0.1975213587284088,0.28484615683555603
2602,bbbc021_cell_02602,ru_poisson,RU-Poisson,0.9736985564231873,0.9598485827445984,0.2068900763988495,0.14855176210403442,0.3403438627719879,0.27433133125305176
2604,bbbc021_cell_02604,ru_poisson,RU-Poisson,0.9693781733512878,0.9572974443435669,0.223697692155838,0.16502898931503296,0.2068997025489807,0.13219454884529114
2609,bbbc021_cell_02609,ru_poisson,RU-Poisson,0.9526130557060242,0.9176669120788574,0.2995636463165283,0.12200147658586502,0.2145776003599167,0.09786230325698853
2611,bbbc021_cell_02611,ru_poisson,RU-Poisson,0.9703974723815918,0.9664175510406494,0.22192411124706268,0.11759979277849197,0.24234628677368164,0.2453758716583252
2616,bbbc021_cell_02616,ru_poisson,RU-Poisson,0.9788772463798523,0.9747375845909119,0.1960635632276535,0.23416507244110107,0.3080451488494873,0.2589176595211029
2618,bbbc021_cell_02618,ru_poisson,RU-Poisson,0.9716305732727051,0.9556955099105835,0.25653472542762756,0.11321856081485748,0.2482239007949829,0.118782177567482
2630,bbbc021_cell_02630,ru_poisson,RU-Poisson,0.9869807362556458,0.9851173162460327,0.15452711284160614,0.21132144331932068,0.32871514558792114,0.2731386721134186
2647,bbbc021_cell_02647,ru_poisson,RU-Poisson,0.9653319716453552,0.957367479801178,0.22629030048847198,0.19225388765335083,0.23590868711471558,0.1826453059911728
2652,bbbc021_cell_02652,ru_poisson,RU-Poisson,0.9716920256614685,0.9641705751419067,0.2276262789964676,0.16862797737121582,0.2060987800359726,0.15176492929458618
2653,bbbc021_cell_02653,ru_poisson,RU-Poisson,0.9750819802284241,0.9637963771820068,0.21799519658088684,0.2073313444852829,0.28623950481414795,0.21633993089199066
2660,bbbc021_cell_02660,ru_poisson,RU-Poisson,0.9619023203849792,0.9510086178779602,0.25450411438941956,0.14407072961330414,0.19921565055847168,0.16581901907920837
2673,bbbc021_cell_02673,ru_poisson,RU-Poisson,0.9871652126312256,0.9797154068946838,0.1925201565027237,0.18485736846923828,0.21867263317108154,0.2829582095146179
2682,bbbc021_cell_02682,ru_poisson,RU-Poisson,0.9840143322944641,0.9792259931564331,0.17645595967769623,0.21810606122016907,0.26737064123153687,0.26764681935310364
2687,bbbc021_cell_02687,ru_poisson,RU-Poisson,0.9829230308532715,0.9749857783317566,0.21691858768463135,0.11412935703992844,0.15791592001914978,0.1356486827135086
2700,bbbc021_cell_02700,ru_poisson,RU-Poisson,0.9763453602790833,0.9610893726348877,0.2512611746788025,0.183736652135849,0.2354944944381714,0.2032376378774643
2702,bbbc021_cell_02702,ru_poisson,RU-Poisson,0.975054919719696,0.9622701406478882,0.17668503522872925,0.261027991771698,0.5326314568519592,0.28205832839012146
2711,bbbc021_cell_02711,ru_poisson,RU-Poisson,0.9760810732841492,0.962465763092041,0.19594788551330566,0.25098174810409546,0.3273884952068329,0.3494921922683716
2725,bbbc021_cell_02725,ru_poisson,RU-Poisson,0.9723992347717285,0.9665884375572205,0.20773743093013763,0.15906251966953278,0.24715489149093628,0.24993474781513214
2726,bbbc021_cell_02726,ru_poisson,RU-Poisson,0.9777143001556396,0.9759175777435303,0.21485528349876404,0.09680172055959702,0.22942513227462769,0.12968362867832184
2727,bbbc021_cell_02727,ru_poisson,RU-Poisson,0.9776679873466492,0.9726617336273193,0.18776120245456696,0.28086185455322266,0.3552682399749756,0.3424413502216339
2732,bbbc021_cell_02732,ru_poisson,RU-Poisson,0.9722723960876465,0.9602486491203308,0.23623961210250854,0.1326344907283783,0.18263094127178192,0.2654798924922943
2742,bbbc021_cell_02742,ru_poisson,RU-Poisson,0.9773181080818176,0.9739041924476624,0.18380889296531677,0.17643940448760986,0.2977006137371063,0.3102567195892334
2744,bbbc021_cell_02744,ru_poisson,RU-Poisson,0.9780823588371277,0.9655789136886597,0.24597060680389404,0.13388313353061676,0.1820259988307953,0.0968637466430664
2745,bbbc021_cell_02745,ru_poisson,RU-Poisson,0.9769859910011292,0.9731597304344177,0.21185283362865448,0.12575124204158783,0.20517002046108246,0.13745057582855225
2751,bbbc021_cell_02751,ru_poisson,RU-Poisson,0.9627935290336609,0.9517117738723755,0.24616825580596924,0.19424189627170563,0.1996234655380249,0.22611422836780548
2775,bbbc021_cell_02775,ru_poisson,RU-Poisson,0.9423174858093262,0.8490132093429565,0.5996160507202148,0.10873132199048996,0.029271569103002548,0.11157602071762085
2782,bbbc021_cell_02782,ru_poisson,RU-Poisson,0.9868330955505371,0.9835725426673889,0.15123288333415985,0.2635868787765503,0.39368078112602234,0.4622921645641327
2783,bbbc021_cell_02783,ru_poisson,RU-Poisson,0.973923921585083,0.9685320258140564,0.20796753466129303,0.19400109350681305,0.2578611671924591,0.2561153173446655
2787,bbbc021_cell_02787,ru_poisson,RU-Poisson,0.9740850329399109,0.9604536890983582,0.24519899487495422,0.13136141002178192,0.16190452873706818,0.2242106795310974
2788,bbbc021_cell_02788,ru_poisson,RU-Poisson,0.982316792011261,0.9741847515106201,0.21310093998908997,0.1942840814590454,0.20597614347934723,0.275220662355423
2792,bbbc021_cell_02792,ru_poisson,RU-Poisson,0.9776391983032227,0.9623993635177612,0.22993792593479156,0.19482213258743286,0.2924850881099701,0.14412914216518402
2810,bbbc021_cell_02810,ru_poisson,RU-Poisson,0.9761202931404114,0.9641676545143127,0.2213285267353058,0.14800503849983215,0.2668233811855316,0.1916998028755188
2813,bbbc021_cell_02813,ru_poisson,RU-Poisson,0.9743296504020691,0.9676961898803711,0.2449350208044052,0.08775913715362549,0.21142064034938812,0.16054262220859528
2816,bbbc021_cell_02816,ru_poisson,RU-Poisson,0.9738266468048096,0.9634896516799927,0.22142712771892548,0.18975424766540527,0.19497300684452057,0.15947353839874268
2817,bbbc021_cell_02817,ru_poisson,RU-Poisson,0.9725074768066406,0.9655168652534485,0.22555147111415863,0.09842967242002487,0.22053281962871552,0.127476304769516
2819,bbbc021_cell_02819,ru_poisson,RU-Poisson,0.9882180690765381,0.9832637310028076,0.18150891363620758,0.12088826298713684,0.16785570979118347,0.17896531522274017
2841,bbbc021_cell_02841,ru_poisson,RU-Poisson,0.9670595526695251,0.9483347535133362,0.2123672515153885,0.1965923011302948,0.301013708114624,0.2000734806060791
2846,bbbc021_cell_02846,ru_poisson,RU-Poisson,0.9833583831787109,0.9796993732452393,0.1720934510231018,0.19993692636489868,0.2937624454498291,0.32900896668434143
2851,bbbc021_cell_02851,ru_poisson,RU-Poisson,0.9748566746711731,0.9632402658462524,0.22923605144023895,0.14400459825992584,0.1802896410226822,0.1873357594013214
2855,bbbc021_cell_02855,ru_poisson,RU-Poisson,0.9634847640991211,0.9539236426353455,0.25063231587409973,0.09912614524364471,0.31365254521369934,0.1479973942041397
2864,bbbc021_cell_02864,ru_poisson,RU-Poisson,0.9815053343772888,0.9774389863014221,0.1808527559041977,0.24246631562709808,0.3419242203235626,0.30716997385025024
2875,bbbc021_cell_02875,ru_poisson,RU-Poisson,0.9650826454162598,0.9591127634048462,0.2388298511505127,0.09607366472482681,0.16945478320121765,0.2018592804670334
2886,bbbc021_cell_02886,ru_poisson,RU-Poisson,0.9738257527351379,0.9595934748649597,0.2193029373884201,0.19653716683387756,0.27722063660621643,0.21041879057884216
2897,bbbc021_cell_02897,ru_poisson,RU-Poisson,0.9834234714508057,0.9757970571517944,0.19997672736644745,0.2893609404563904,0.2528020739555359,0.3142734467983246
2911,bbbc021_cell_02911,ru_poisson,RU-Poisson,0.9767141342163086,0.9646925926208496,0.24152572453022003,0.20661506056785583,0.20427417755126953,0.22482818365097046
2915,bbbc021_cell_02915,ru_poisson,RU-Poisson,0.9847782254219055,0.9817286729812622,0.1736021637916565,0.1821584403514862,0.2341775894165039,0.19696180522441864
2929,bbbc021_cell_02929,ru_poisson,RU-Poisson,0.9807292819023132,0.9720557928085327,0.21419648826122284,0.16913080215454102,0.1890065222978592,0.18539737164974213
2938,bbbc021_cell_02938,ru_poisson,RU-Poisson,0.981065034866333,0.9676100611686707,0.23675335943698883,0.1854122430086136,0.20657826960086823,0.3077510893344879
2945,bbbc021_cell_02945,ru_poisson,RU-Poisson,0.9637411236763,0.9375513792037964,0.24785487353801727,0.17938563227653503,0.24783311784267426,0.17601311206817627
2959,bbbc021_cell_02959,ru_poisson,RU-Poisson,0.9745575785636902,0.9523761868476868,0.23488202691078186,0.24601124227046967,0.3964371085166931,0.25774118304252625
2966,bbbc021_cell_02966,ru_poisson,RU-Poisson,0.9784180521965027,0.9734572768211365,0.20335131883621216,0.13880176842212677,0.3198850452899933,0.19416570663452148
2971,bbbc021_cell_02971,ru_poisson,RU-Poisson,0.9807224273681641,0.9693957567214966,0.23097346723079681,0.13859610259532928,0.15662166476249695,0.24838121235370636
2973,bbbc021_cell_02973,ru_poisson,RU-Poisson,0.9802674651145935,0.9752028584480286,0.18920481204986572,0.1862759292125702,0.2111576497554779,0.19821389019489288
2975,bbbc021_cell_02975,ru_poisson,RU-Poisson,0.9662590622901917,0.9602603316307068,0.22366055846214294,0.12348825484514236,0.2003803551197052,0.1889149248600006
2976,bbbc021_cell_02976,ru_poisson,RU-Poisson,0.9811661839485168,0.9786884188652039,0.177210733294487,0.15333066880702972,0.24724912643432617,0.24138875305652618
2986,bbbc021_cell_02986,ru_poisson,RU-Poisson,0.978837251663208,0.9723623394966125,0.20918186008930206,0.14187203347682953,0.1782512217760086,0.1740681231021881
3010,bbbc021_cell_03010,ru_poisson,RU-Poisson,0.9732630848884583,0.9644131660461426,0.2076292783021927,0.12706096470355988,0.2823358476161957,0.21209414303302765
3020,bbbc021_cell_03020,ru_poisson,RU-Poisson,0.9746685028076172,0.9668849110603333,0.21479018032550812,0.20931261777877808,0.21986030042171478,0.26342329382896423
3027,bbbc021_cell_03027,ru_poisson,RU-Poisson,0.9815683364868164,0.9758752584457397,0.19189421832561493,0.16861310601234436,0.22861246764659882,0.19146817922592163
3032,bbbc021_cell_03032,ru_poisson,RU-Poisson,0.9674293994903564,0.9545193314552307,0.2467343658208847,0.13952891528606415,0.22477327287197113,0.18087390065193176
3039,bbbc021_cell_03039,ru_poisson,RU-Poisson,0.9759510159492493,0.9641046524047852,0.21794328093528748,0.14363537728786469,0.31613075733184814,0.21113233268260956
3048,bbbc021_cell_03048,ru_poisson,RU-Poisson,0.9777573943138123,0.9686614871025085,0.20912756025791168,0.21413035690784454,0.24806588888168335,0.19281649589538574
3049,bbbc021_cell_03049,ru_poisson,RU-Poisson,0.9811730980873108,0.974223256111145,0.2050829827785492,0.19713053107261658,0.2508266568183899,0.18056313693523407
3056,bbbc021_cell_03056,ru_poisson,RU-Poisson,0.9711148738861084,0.9654961824417114,0.21593604981899261,0.12317582964897156,0.20903638005256653,0.24853438138961792
3062,bbbc021_cell_03062,ru_poisson,RU-Poisson,0.9859915375709534,0.9846864342689514,0.16759654879570007,0.15103919804096222,0.23998689651489258,0.3083173334598541
3065,bbbc021_cell_03065,ru_poisson,RU-Poisson,0.9714304804801941,0.9597184658050537,0.24517059326171875,0.13292226195335388,0.14544911682605743,0.1436872035264969
3068,bbbc021_cell_03068,ru_poisson,RU-Poisson,0.9815523028373718,0.9721114039421082,0.20560474693775177,0.1917690932750702,0.2027580589056015,0.2538762390613556
3071,bbbc021_cell_03071,ru_poisson,RU-Poisson,0.9638801217079163,0.9461312890052795,0.2644168734550476,0.09792165458202362,0.28826209902763367,0.13277560472488403
3072,bbbc021_cell_03072,ru_poisson,RU-Poisson,0.9819638729095459,0.9793328642845154,0.20356908440589905,0.0996871218085289,0.23090626299381256,0.18976567685604095
3073,bbbc021_cell_03073,ru_poisson,RU-Poisson,0.9673771262168884,0.9470904469490051,0.2514551281929016,0.21227426826953888,0.24375192821025848,0.1562809944152832
3074,bbbc021_cell_03074,ru_poisson,RU-Poisson,0.972834587097168,0.9647748470306396,0.23760886490345,0.1511761099100113,0.1823774129152298,0.11739018559455872
3085,bbbc021_cell_03085,ru_poisson,RU-Poisson,0.9754672050476074,0.9679964184761047,0.22808213531970978,0.1335209757089615,0.1658228635787964,0.15874142944812775
3086,bbbc021_cell_03086,ru_poisson,RU-Poisson,0.9767890572547913,0.9693540334701538,0.17135563492774963,0.22758154571056366,0.3681674897670746,0.34372952580451965
3089,bbbc021_cell_03089,ru_poisson,RU-Poisson,0.9725745320320129,0.9648118019104004,0.23392215371131897,0.1562061905860901,0.1562233567237854,0.1490717977285385
3095,bbbc021_cell_03095,ru_poisson,RU-Poisson,0.9695350527763367,0.9620189666748047,0.20695707201957703,0.1400873363018036,0.2531746029853821,0.2128882110118866
3105,bbbc021_cell_03105,ru_poisson,RU-Poisson,0.9730031490325928,0.959682285785675,0.24080714583396912,0.14004243910312653,0.2133329063653946,0.17884904146194458
3107,bbbc021_cell_03107,ru_poisson,RU-Poisson,0.9768691658973694,0.9736984968185425,0.20141389966011047,0.1303420215845108,0.18039308488368988,0.18631848692893982
3111,bbbc021_cell_03111,ru_poisson,RU-Poisson,0.9785040020942688,0.970378041267395,0.20726193487644196,0.2592369616031647,0.2859819829463959,0.22454309463500977
3118,bbbc021_cell_03118,ru_poisson,RU-Poisson,0.9765470027923584,0.9709678292274475,0.2030845284461975,0.1895928829908371,0.2531053423881531,0.3089958429336548
3126,bbbc021_cell_03126,ru_poisson,RU-Poisson,0.979266345500946,0.9734703302383423,0.1887284815311432,0.1907748430967331,0.2126249223947525,0.1872129589319229
3132,bbbc021_cell_03132,ru_poisson,RU-Poisson,0.9745364785194397,0.9695590138435364,0.20573803782463074,0.1451335996389389,0.2139940857887268,0.20237672328948975
3134,bbbc021_cell_03134,ru_poisson,RU-Poisson,0.9771319031715393,0.9696287512779236,0.22813455760478973,0.13161148130893707,0.21329133212566376,0.1859324723482132
3142,bbbc021_cell_03142,ru_poisson,RU-Poisson,0.9906578063964844,0.9867879152297974,0.15480701625347137,0.1585969179868698,0.19210277497768402,0.16083793342113495
3149,bbbc021_cell_03149,ru_poisson,RU-Poisson,0.9733850359916687,0.9675276279449463,0.21948574483394623,0.11777389794588089,0.19937743246555328,0.23059996962547302
3151,bbbc021_cell_03151,ru_poisson,RU-Poisson,0.9815025925636292,0.9794571399688721,0.17686112225055695,0.15041501820087433,0.2477487176656723,0.25812485814094543
3152,bbbc021_cell_03152,ru_poisson,RU-Poisson,0.966710090637207,0.9613322615623474,0.2384405881166458,0.11500908434391022,0.1561698019504547,0.15348118543624878
3165,bbbc021_cell_03165,ru_poisson,RU-Poisson,0.9814188480377197,0.9760539531707764,0.1987554281949997,0.20285606384277344,0.2543618381023407,0.18313269317150116
3167,bbbc021_cell_03167,ru_poisson,RU-Poisson,0.9713215827941895,0.9535232782363892,0.1964208483695984,0.2461608499288559,0.34576258063316345,0.24241718649864197
3168,bbbc021_cell_03168,ru_poisson,RU-Poisson,0.9762681126594543,0.9744046330451965,0.21695609390735626,0.10513609647750854,0.20185069739818573,0.1987801194190979
3178,bbbc021_cell_03178,ru_poisson,RU-Poisson,0.9714388847351074,0.9617765545845032,0.24054569005966187,0.13492147624492645,0.22595779597759247,0.20561246573925018
3183,bbbc021_cell_03183,ru_poisson,RU-Poisson,0.9743228554725647,0.9689096212387085,0.22572103142738342,0.1034887358546257,0.1832634061574936,0.1822560727596283
3185,bbbc021_cell_03185,ru_poisson,RU-Poisson,0.9834015965461731,0.9817678928375244,0.2082364559173584,0.07667558640241623,0.1614304929971695,0.1058351993560791
3217,bbbc021_cell_03217,ru_poisson,RU-Poisson,0.973094642162323,0.9636282920837402,0.21617847681045532,0.17644734680652618,0.20950493216514587,0.2110615074634552
3219,bbbc021_cell_03219,ru_poisson,RU-Poisson,0.9612836837768555,0.9484337568283081,0.23354026675224304,0.10811871290206909,0.22359095513820648,0.17564231157302856
3222,bbbc021_cell_03222,ru_poisson,RU-Poisson,0.9697842001914978,0.9551527500152588,0.22960767149925232,0.13056544959545135,0.39553096890449524,0.1795983910560608
3225,bbbc021_cell_03225,ru_poisson,RU-Poisson,0.9828431606292725,0.9809368848800659,0.18129032850265503,0.17844465374946594,0.2726489305496216,0.2565232515335083
3236,bbbc021_cell_03236,ru_poisson,RU-Poisson,0.9717559814453125,0.9660693407058716,0.2225080281496048,0.18155550956726074,0.20560836791992188,0.18733437359333038
3240,bbbc021_cell_03240,ru_poisson,RU-Poisson,0.9781339168548584,0.9724931716918945,0.22736792266368866,0.1134481355547905,0.17462413012981415,0.17193350195884705
3242,bbbc021_cell_03242,ru_poisson,RU-Poisson,0.9836997985839844,0.9799709320068359,0.17542530596256256,0.18871472775936127,0.22335855662822723,0.1603402942419052
3243,bbbc021_cell_03243,ru_poisson,RU-Poisson,0.9686040878295898,0.9584851264953613,0.23059841990470886,0.20354869961738586,0.2064809799194336,0.21677285432815552
3250,bbbc021_cell_03250,ru_poisson,RU-Poisson,0.980175256729126,0.9716015458106995,0.23684753477573395,0.10960444808006287,0.17163196206092834,0.12471245974302292
3253,bbbc021_cell_03253,ru_poisson,RU-Poisson,0.9702885746955872,0.9633393883705139,0.23840060830116272,0.10797476768493652,0.21102453768253326,0.22974655032157898
3276,bbbc021_cell_03276,ru_poisson,RU-Poisson,0.9832291007041931,0.979032576084137,0.1894351691007614,0.18245430290699005,0.2842893600463867,0.19836914539337158
3280,bbbc021_cell_03280,ru_poisson,RU-Poisson,0.9765043258666992,0.9643136858940125,0.20233036577701569,0.2016969472169876,0.2776760458946228,0.21161676943302155
3289,bbbc021_cell_03289,ru_poisson,RU-Poisson,0.9744768142700195,0.9687768816947937,0.23460881412029266,0.1155189499258995,0.1634245067834854,0.1966521292924881
3297,bbbc021_cell_03297,ru_poisson,RU-Poisson,0.9829253554344177,0.979685366153717,0.19246409833431244,0.11396092176437378,0.17722414433956146,0.1605885624885559
3313,bbbc021_cell_03313,ru_poisson,RU-Poisson,0.9570315480232239,0.9402448534965515,0.302988737821579,0.11121398955583572,0.14002786576747894,0.14063972234725952
3317,bbbc021_cell_03317,ru_poisson,RU-Poisson,0.9748954176902771,0.9554148316383362,0.21345117688179016,0.2510915994644165,0.38468486070632935,0.25294774770736694
3328,bbbc021_cell_03328,ru_poisson,RU-Poisson,0.9659852981567383,0.9526727795600891,0.2436252385377884,0.20269039273262024,0.20240406692028046,0.23848669230937958
3333,bbbc021_cell_03333,ru_poisson,RU-Poisson,0.9864160418510437,0.9831768274307251,0.17452217638492584,0.13768765330314636,0.3233194053173065,0.17977756261825562
3341,bbbc021_cell_03341,ru_poisson,RU-Poisson,0.9509337544441223,0.9326332807540894,0.27821534872055054,0.10873053967952728,0.16288158297538757,0.126439169049263
3342,bbbc021_cell_03342,ru_poisson,RU-Poisson,0.9741528630256653,0.9676161408424377,0.2352955937385559,0.14220023155212402,0.21032381057739258,0.23244443535804749
3345,bbbc021_cell_03345,ru_poisson,RU-Poisson,0.9802171587944031,0.9747501611709595,0.21821244060993195,0.11161474883556366,0.21998076140880585,0.3961796760559082
3363,bbbc021_cell_03363,ru_poisson,RU-Poisson,0.9841043949127197,0.9799198508262634,0.16384951770305634,0.20599664747714996,0.26293930411338806,0.23484814167022705
3367,bbbc021_cell_03367,ru_poisson,RU-Poisson,0.9861876964569092,0.9837691783905029,0.17535178363323212,0.13610084354877472,0.19323040544986725,0.16177652776241302
3381,bbbc021_cell_03381,ru_poisson,RU-Poisson,0.9796576499938965,0.978901207447052,0.20096752047538757,0.1373065859079361,0.3151707351207733,0.28924405574798584
3395,bbbc021_cell_03395,ru_poisson,RU-Poisson,0.9704200625419617,0.9546296000480652,0.2751236855983734,0.16571035981178284,0.1950118988752365,0.1429089456796646
3397,bbbc021_cell_03397,ru_poisson,RU-Poisson,0.9782716631889343,0.9730861186981201,0.2185303270816803,0.12217262387275696,0.19023655354976654,0.23391792178153992
3402,bbbc021_cell_03402,ru_poisson,RU-Poisson,0.959007978439331,0.9481826424598694,0.23693540692329407,0.16127000749111176,0.24000565707683563,0.23777945339679718
3403,bbbc021_cell_03403,ru_poisson,RU-Poisson,0.9789581298828125,0.9634342789649963,0.27451327443122864,0.14975887537002563,0.20984774827957153,0.06547147035598755
3404,bbbc021_cell_03404,ru_poisson,RU-Poisson,0.9791960716247559,0.9738472104072571,0.18667995929718018,0.21215233206748962,0.30307725071907043,0.2920450270175934
3427,bbbc021_cell_03427,ru_poisson,RU-Poisson,0.9859998822212219,0.9834808111190796,0.16923515498638153,0.17255328595638275,0.2553096115589142,0.2616662383079529
3436,bbbc021_cell_03436,ru_poisson,RU-Poisson,0.9666528701782227,0.9518963098526001,0.22233401238918304,0.12870709598064423,0.3465757966041565,0.18622048199176788
3443,bbbc021_cell_03443,ru_poisson,RU-Poisson,0.9658560752868652,0.9316163063049316,0.24301296472549438,0.2384490668773651,0.3040764629840851,0.16556471586227417
3461,bbbc021_cell_03461,ru_poisson,RU-Poisson,0.9738827347755432,0.966995894908905,0.23924799263477325,0.10861817747354507,0.22169406712055206,0.15011215209960938
3462,bbbc021_cell_03462,ru_poisson,RU-Poisson,0.9664530754089355,0.956119954586029,0.25745582580566406,0.11743905395269394,0.15276069939136505,0.16004067659378052
3465,bbbc021_cell_03465,ru_poisson,RU-Poisson,0.9726659655570984,0.9621329307556152,0.22297333180904388,0.16934998333454132,0.24012967944145203,0.17811425030231476
3487,bbbc021_cell_03487,ru_poisson,RU-Poisson,0.991790235042572,0.9889538884162903,0.14073573052883148,0.19408342242240906,0.3213709890842438,0.24795019626617432
3495,bbbc021_cell_03495,ru_poisson,RU-Poisson,0.9868035316467285,0.9834581613540649,0.1752225160598755,0.16548418998718262,0.22710807621479034,0.17934222519397736
3509,bbbc021_cell_03509,ru_poisson,RU-Poisson,0.9846935272216797,0.9774905443191528,0.18589457869529724,0.2578585743904114,0.25646525621414185,0.3167567253112793
3510,bbbc021_cell_03510,ru_poisson,RU-Poisson,0.9676370620727539,0.955977201461792,0.24552108347415924,0.16513925790786743,0.16630879044532776,0.20718516409397125
3511,bbbc021_cell_03511,ru_poisson,RU-Poisson,0.9620173573493958,0.9496034979820251,0.21519383788108826,0.15989141166210175,0.2567158043384552,0.22294320166110992
3512,bbbc021_cell_03512,ru_poisson,RU-Poisson,0.9819378852844238,0.9772607684135437,0.1879318356513977,0.20205168426036835,0.24489843845367432,0.21797871589660645
3516,bbbc021_cell_03516,ru_poisson,RU-Poisson,0.9595183730125427,0.9530280232429504,0.233980193734169,0.12575052678585052,0.2266802042722702,0.23657777905464172
3527,bbbc021_cell_03527,ru_poisson,RU-Poisson,0.9757049083709717,0.9734185934066772,0.19172058999538422,0.15459471940994263,0.3014582097530365,0.2864324152469635
3543,bbbc021_cell_03543,ru_poisson,RU-Poisson,0.9880921840667725,0.9856149554252625,0.15984123945236206,0.13305021822452545,0.25172847509384155,0.2648911774158478
3551,bbbc021_cell_03551,ru_poisson,RU-Poisson,0.9803616404533386,0.978117048740387,0.21192802488803864,0.07662133127450943,0.17145834863185883,0.13909964263439178
3554,bbbc021_cell_03554,ru_poisson,RU-Poisson,0.9786322712898254,0.9699883460998535,0.20989972352981567,0.10503946244716644,0.30031439661979675,0.15098059177398682
3557,bbbc021_cell_03557,ru_poisson,RU-Poisson,0.987267792224884,0.9820253252983093,0.18779392540454865,0.14923809468746185,0.24553869664669037,0.11545908451080322
3559,bbbc021_cell_03559,ru_poisson,RU-Poisson,0.9824604988098145,0.9764565229415894,0.19369590282440186,0.20757606625556946,0.27011165022850037,0.17751918733119965
3561,bbbc021_cell_03561,ru_poisson,RU-Poisson,0.9871885180473328,0.9835813045501709,0.1667529195547104,0.22096256911754608,0.2875747084617615,0.29634717106819153
3567,bbbc021_cell_03567,ru_poisson,RU-Poisson,0.9815473556518555,0.977652370929718,0.190974622964859,0.14225713908672333,0.2045271098613739,0.2594859302043915
3580,bbbc021_cell_03580,ru_poisson,RU-Poisson,0.9878414273262024,0.9838091731071472,0.16194692254066467,0.25071072578430176,0.2934429943561554,0.29765263199806213
3592,bbbc021_cell_03592,ru_poisson,RU-Poisson,0.9674796462059021,0.9283497929573059,0.36586108803749084,0.1269982010126114,0.07493741065263748,0.2068556398153305
3594,bbbc021_cell_03594,ru_poisson,RU-Poisson,0.9774954915046692,0.9703601002693176,0.20408205687999725,0.16546079516410828,0.23392897844314575,0.17044833302497864
3597,bbbc021_cell_03597,ru_poisson,RU-Poisson,0.9647397994995117,0.9545815587043762,0.3106768727302551,0.08060916513204575,0.07670092582702637,0.07969262450933456
3598,bbbc021_cell_03598,ru_poisson,RU-Poisson,0.9533369541168213,0.9247328639030457,0.32453542947769165,0.13222676515579224,0.17246729135513306,0.08037623018026352
3610,bbbc021_cell_03610,ru_poisson,RU-Poisson,0.9720250964164734,0.9611968994140625,0.19772259891033173,0.17233777046203613,0.28398367762565613,0.23481689393520355
3612,bbbc021_cell_03612,ru_poisson,RU-Poisson,0.9709677696228027,0.961129367351532,0.21746984124183655,0.1392710655927658,0.21405819058418274,0.17780426144599915
3625,bbbc021_cell_03625,ru_poisson,RU-Poisson,0.9808704257011414,0.9794567227363586,0.18049517273902893,0.1849595010280609,0.3853514492511749,0.508029580116272
3634,bbbc021_cell_03634,ru_poisson,RU-Poisson,0.9869562983512878,0.9778361916542053,0.20660223066806793,0.18201658129692078,0.12683625519275665,0.20663921535015106
3636,bbbc021_cell_03636,ru_poisson,RU-Poisson,0.974529504776001,0.9648736715316772,0.23157627880573273,0.13045524060726166,0.19187048077583313,0.26785174012184143
3644,bbbc021_cell_03644,ru_poisson,RU-Poisson,0.9776883721351624,0.9718337059020996,0.21375538408756256,0.16858965158462524,0.2585311532020569,0.2675921320915222
3646,bbbc021_cell_03646,ru_poisson,RU-Poisson,0.983306884765625,0.9773433804512024,0.21023033559322357,0.14578406512737274,0.19369183480739594,0.13139985501766205
3647,bbbc021_cell_03647,ru_poisson,RU-Poisson,0.985175609588623,0.9823229312896729,0.16270504891872406,0.18285596370697021,0.319394588470459,0.2786344587802887
3668,bbbc021_cell_03668,ru_poisson,RU-Poisson,0.981087863445282,0.9726674556732178,0.21810394525527954,0.11881362646818161,0.34347984194755554,0.49581146240234375
3674,bbbc021_cell_03674,ru_poisson,RU-Poisson,0.9699805378913879,0.9606624245643616,0.21900726854801178,0.1700659841299057,0.19638508558273315,0.1955115795135498
3676,bbbc021_cell_03676,ru_poisson,RU-Poisson,0.9601934552192688,0.9471744298934937,0.26076310873031616,0.08097890019416809,0.1902613788843155,0.1001017615199089
3694,bbbc021_cell_03694,ru_poisson,RU-Poisson,0.9708953499794006,0.9513579607009888,0.27493470907211304,0.17148472368717194,0.1868162453174591,0.16799570620059967
3701,bbbc021_cell_03701,ru_poisson,RU-Poisson,0.9654709696769714,0.9599388241767883,0.23052287101745605,0.15565894544124603,0.21175920963287354,0.25821298360824585
3712,bbbc021_cell_03712,ru_poisson,RU-Poisson,0.9772691130638123,0.9717879891395569,0.19612954556941986,0.21696652472019196,0.25820183753967285,0.23612047731876373
3714,bbbc021_cell_03714,ru_poisson,RU-Poisson,0.9823289513587952,0.9779305458068848,0.1853460669517517,0.20097823441028595,0.26021891832351685,0.30391454696655273
3719,bbbc021_cell_03719,ru_poisson,RU-Poisson,0.9734869599342346,0.9590900540351868,0.23812566697597504,0.1451057493686676,0.25532233715057373,0.15676335990428925
3721,bbbc021_cell_03721,ru_poisson,RU-Poisson,0.9632744193077087,0.9495319724082947,0.25879496335983276,0.1222311332821846,0.16166415810585022,0.15037323534488678
3723,bbbc021_cell_03723,ru_poisson,RU-Poisson,0.9674956202507019,0.9600921869277954,0.23011790215969086,0.13411960005760193,0.2980542480945587,0.26834776997566223
3725,bbbc021_cell_03725,ru_poisson,RU-Poisson,0.9881997108459473,0.9821386337280273,0.18039390444755554,0.21927502751350403,0.24646218121051788,0.20952153205871582
3728,bbbc021_cell_03728,ru_poisson,RU-Poisson,0.9792091846466064,0.9718648195266724,0.23167845606803894,0.10826046019792557,0.17339639365673065,0.10792902112007141
3730,bbbc021_cell_03730,ru_poisson,RU-Poisson,0.9847028255462646,0.9815037250518799,0.17644737660884857,0.1750825196504593,0.245291069149971,0.21318863332271576
3739,bbbc021_cell_03739,ru_poisson,RU-Poisson,0.9760435223579407,0.9666772484779358,0.23660020530223846,0.1500401645898819,0.14103448390960693,0.1295122355222702
3741,bbbc021_cell_03741,ru_poisson,RU-Poisson,0.9779475331306458,0.9689139127731323,0.21668216586112976,0.1516881287097931,0.18001814186573029,0.18474197387695312
3745,bbbc021_cell_03745,ru_poisson,RU-Poisson,0.9787190556526184,0.9733442664146423,0.2175714373588562,0.11422479897737503,0.19898086786270142,0.13596485555171967
3746,bbbc021_cell_03746,ru_poisson,RU-Poisson,0.9849702715873718,0.9815616607666016,0.16758446395397186,0.19737905263900757,0.379364013671875,0.24600113928318024
3754,bbbc021_cell_03754,ru_poisson,RU-Poisson,0.9744412302970886,0.9639285206794739,0.20631083846092224,0.12717889249324799,0.21670475602149963,0.1657876819372177
3758,bbbc021_cell_03758,ru_poisson,RU-Poisson,0.9833164811134338,0.9823969602584839,0.18167230486869812,0.12793242931365967,0.24197739362716675,0.24341002106666565
3759,bbbc021_cell_03759,ru_poisson,RU-Poisson,0.9767772555351257,0.9702196717262268,0.2086501568555832,0.11340715736150742,0.15440057218074799,0.15747113525867462
3779,bbbc021_cell_03779,ru_poisson,RU-Poisson,0.9845922589302063,0.9803255796432495,0.2003745138645172,0.16354010999202728,0.22408126294612885,0.10927147418260574
3791,bbbc021_cell_03791,ru_poisson,RU-Poisson,0.9853388667106628,0.9819294214248657,0.1505580097436905,0.2018769383430481,0.32275235652923584,0.2867618501186371
3792,bbbc021_cell_03792,ru_poisson,RU-Poisson,0.9825522303581238,0.9791786670684814,0.18268758058547974,0.1367357224225998,0.2912137806415558,0.2969316840171814
3794,bbbc021_cell_03794,ru_poisson,RU-Poisson,0.9813404679298401,0.9676839709281921,0.23600363731384277,0.17612141370773315,0.1483476758003235,0.219650998711586
3803,bbbc021_cell_03803,ru_poisson,RU-Poisson,0.9901571869850159,0.988004744052887,0.1479463428258896,0.16205225884914398,0.2317948341369629,0.22113797068595886
3804,bbbc021_cell_03804,ru_poisson,RU-Poisson,0.9761412739753723,0.9665897488594055,0.20471380650997162,0.20642369985580444,0.233995258808136,0.18401911854743958
3807,bbbc021_cell_03807,ru_poisson,RU-Poisson,0.9599945545196533,0.9484426379203796,0.2693764269351959,0.1039811298251152,0.1347283124923706,0.17564280331134796
3809,bbbc021_cell_03809,ru_poisson,RU-Poisson,0.9845066070556641,0.979532778263092,0.16596728563308716,0.17389008402824402,0.2603498697280884,0.1924963742494583
3812,bbbc021_cell_03812,ru_poisson,RU-Poisson,0.9719288945198059,0.9642406105995178,0.19613946974277496,0.18266791105270386,0.27717193961143494,0.2521614730358124
3813,bbbc021_cell_03813,ru_poisson,RU-Poisson,0.9674386978149414,0.9658644199371338,0.2417142540216446,0.0951864942908287,0.18811629712581635,0.20892703533172607
3815,bbbc021_cell_03815,ru_poisson,RU-Poisson,0.9717998504638672,0.9619289040565491,0.22622621059417725,0.1029839888215065,0.18289853632450104,0.24798980355262756
3823,bbbc021_cell_03823,ru_poisson,RU-Poisson,0.9696810841560364,0.952731728553772,0.22736750543117523,0.20035283267498016,0.24836628139019012,0.16242724657058716
3824,bbbc021_cell_03824,ru_poisson,RU-Poisson,0.989442765712738,0.9850965142250061,0.17114338278770447,0.11567860841751099,0.1619589924812317,0.12921041250228882
3827,bbbc021_cell_03827,ru_poisson,RU-Poisson,0.9819169044494629,0.9787266254425049,0.1887904554605484,0.12045683711767197,0.2334945648908615,0.28332677483558655
3830,bbbc021_cell_03830,ru_poisson,RU-Poisson,0.9812779426574707,0.973647952079773,0.23766665160655975,0.07978334277868271,0.2353438287973404,0.1896371990442276
3834,bbbc021_cell_03834,ru_poisson,RU-Poisson,0.9691588878631592,0.957317590713501,0.2201353758573532,0.21444717049598694,0.24265818297863007,0.2456064224243164
3838,bbbc021_cell_03838,ru_poisson,RU-Poisson,0.9773901104927063,0.9640052914619446,0.22007295489311218,0.1697833091020584,0.2760769724845886,0.22028011083602905
3845,bbbc021_cell_03845,ru_poisson,RU-Poisson,0.9614748358726501,0.9363659024238586,0.3336968421936035,0.0672178789973259,0.07587271183729172,0.10744580626487732
3846,bbbc021_cell_03846,ru_poisson,RU-Poisson,0.9573871493339539,0.8923823833465576,0.4502955675125122,0.13812480866909027,0.05053339898586273,0.16945584118366241
3849,bbbc021_cell_03849,ru_poisson,RU-Poisson,0.9674786925315857,0.9515724778175354,0.25513240694999695,0.19702623784542084,0.16457970440387726,0.14142483472824097
3850,bbbc021_cell_03850,ru_poisson,RU-Poisson,0.972614586353302,0.9615000486373901,0.21992479264736176,0.2159920632839203,0.19690129160881042,0.18789541721343994
3859,bbbc021_cell_03859,ru_poisson,RU-Poisson,0.9779561161994934,0.9747110605239868,0.19911517202854156,0.13451379537582397,0.20080117881298065,0.21426691114902496
3883,bbbc021_cell_03883,ru_poisson,RU-Poisson,0.966534435749054,0.9530928134918213,0.24415323138237,0.1574944108724594,0.18749302625656128,0.1449442356824875
3886,bbbc021_cell_03886,ru_poisson,RU-Poisson,0.9618725776672363,0.937442421913147,0.32958126068115234,0.07653321325778961,0.2645149230957031,0.27433913946151733
3887,bbbc021_cell_03887,ru_poisson,RU-Poisson,0.976063072681427,0.969067394733429,0.20490579307079315,0.18908445537090302,0.20422811806201935,0.19044095277786255
3892,bbbc021_cell_03892,ru_poisson,RU-Poisson,0.986184298992157,0.983902096748352,0.16506455838680267,0.2868075668811798,0.34647151827812195,0.34215256571769714
3894,bbbc021_cell_03894,ru_poisson,RU-Poisson,0.9799061417579651,0.9714604020118713,0.17029458284378052,0.21811358630657196,0.3281293511390686,0.30730360746383667
3897,bbbc021_cell_03897,ru_poisson,RU-Poisson,0.9554862976074219,0.9220066666603088,0.32721295952796936,0.10986197739839554,0.10544292628765106,0.2173832207918167
3917,bbbc021_cell_03917,ru_poisson,RU-Poisson,0.9892403483390808,0.9863691926002502,0.1476881206035614,0.24925920367240906,0.30018720030784607,0.21103161573410034
3927,bbbc021_cell_03927,ru_poisson,RU-Poisson,0.9770334362983704,0.9730178713798523,0.20483334362506866,0.1356547325849533,0.20230033993721008,0.19478727877140045
3928,bbbc021_cell_03928,ru_poisson,RU-Poisson,0.9731773734092712,0.9616798162460327,0.21386326849460602,0.17821535468101501,0.2246563583612442,0.192690908908844
3933,bbbc021_cell_03933,ru_poisson,RU-Poisson,0.972752571105957,0.9672993421554565,0.19559800624847412,0.14279790222644806,0.25295180082321167,0.217642143368721
3937,bbbc021_cell_03937,ru_poisson,RU-Poisson,0.9736501574516296,0.9663735628128052,0.23764806985855103,0.1387995481491089,0.1625133603811264,0.13374599814414978
3938,bbbc021_cell_03938,ru_poisson,RU-Poisson,0.9732962250709534,0.9660642743110657,0.22970496118068695,0.16715146601200104,0.1678306758403778,0.1551646590232849
3951,bbbc021_cell_03951,ru_poisson,RU-Poisson,0.9586294293403625,0.9419043660163879,0.2432185560464859,0.16011878848075867,0.2425195425748825,0.2398063987493515
3969,bbbc021_cell_03969,ru_poisson,RU-Poisson,0.9775307774543762,0.970678985118866,0.19281689822673798,0.18158657848834991,0.23484565317630768,0.24187345802783966
3972,bbbc021_cell_03972,ru_poisson,RU-Poisson,0.9794020056724548,0.9725562930107117,0.20051750540733337,0.2126876413822174,0.2926270663738251,0.23121505975723267
3978,bbbc021_cell_03978,ru_poisson,RU-Poisson,0.9781695008277893,0.9756154417991638,0.22600165009498596,0.08509349822998047,0.20586428046226501,0.18609747290611267
3982,bbbc021_cell_03982,ru_poisson,RU-Poisson,0.9808699488639832,0.9718587398529053,0.19929413497447968,0.17224964499473572,0.2677508592605591,0.17439842224121094
4000,bbbc021_cell_04000,ru_poisson,RU-Poisson,0.9726979732513428,0.9668929576873779,0.2379881739616394,0.11491893231868744,0.395371675491333,0.2256620079278946
4001,bbbc021_cell_04001,ru_poisson,RU-Poisson,0.9749050736427307,0.967646062374115,0.20856492221355438,0.1683071255683899,0.27520236372947693,0.23448358476161957
4006,bbbc021_cell_04006,ru_poisson,RU-Poisson,0.9739019870758057,0.9635707139968872,0.23899823427200317,0.11836991459131241,0.1507325917482376,0.15591052174568176
4010,bbbc021_cell_04010,ru_poisson,RU-Poisson,0.976672351360321,0.9616369605064392,0.24448254704475403,0.1382358968257904,0.14551474153995514,0.198990136384964
4018,bbbc021_cell_04018,ru_poisson,RU-Poisson,0.9802572131156921,0.9734923839569092,0.23415516316890717,0.12751486897468567,0.21344104409217834,0.12371321022510529
4020,bbbc021_cell_04020,ru_poisson,RU-Poisson,0.9805862307548523,0.9678876399993896,0.222372367978096,0.19709676504135132,0.3358582556247711,0.1790982037782669
4023,bbbc021_cell_04023,ru_poisson,RU-Poisson,0.9868395328521729,0.9839786291122437,0.17472317814826965,0.1467006802558899,0.22209754586219788,0.14464618265628815
4028,bbbc021_cell_04028,ru_poisson,RU-Poisson,0.9820731282234192,0.9788650274276733,0.17352071404457092,0.1587756872177124,0.2433643341064453,0.1679168939590454
4035,bbbc021_cell_04035,ru_poisson,RU-Poisson,0.9630023837089539,0.954910397529602,0.23389792442321777,0.16053006052970886,0.22586007416248322,0.2450156807899475
4038,bbbc021_cell_04038,ru_poisson,RU-Poisson,0.9901929497718811,0.9857345223426819,0.15350596606731415,0.2705889940261841,0.31429532170295715,0.343382865190506
4039,bbbc021_cell_04039,ru_poisson,RU-Poisson,0.9749963879585266,0.9643957614898682,0.2117309719324112,0.1593359261751175,0.2571977376937866,0.17957599461078644
4047,bbbc021_cell_04047,ru_poisson,RU-Poisson,0.9716866612434387,0.9643810987472534,0.2294895499944687,0.09699077904224396,0.1847798079252243,0.12290631234645844
4050,bbbc021_cell_04050,ru_poisson,RU-Poisson,0.9817641377449036,0.9759313464164734,0.19973354041576385,0.19078399240970612,0.2605515420436859,0.184103861451149
4052,bbbc021_cell_04052,ru_poisson,RU-Poisson,0.9878664016723633,0.9851294755935669,0.1608079969882965,0.19490332901477814,0.2684328556060791,0.2197946161031723
4055,bbbc021_cell_04055,ru_poisson,RU-Poisson,0.978888213634491,0.9748982787132263,0.18645843863487244,0.147508904337883,0.23787838220596313,0.18255756795406342
4069,bbbc021_cell_04069,ru_poisson,RU-Poisson,0.9450638890266418,0.9101574420928955,0.416495680809021,0.060027044266462326,0.11589501798152924,0.04443081468343735
4073,bbbc021_cell_04073,ru_poisson,RU-Poisson,0.973456084728241,0.9652259349822998,0.21877096593379974,0.1511317789554596,0.18309006094932556,0.13574951887130737
4078,bbbc021_cell_04078,ru_poisson,RU-Poisson,0.9824132323265076,0.9753554463386536,0.19967162609100342,0.2246297001838684,0.2129420042037964,0.20612701773643494
4079,bbbc021_cell_04079,ru_poisson,RU-Poisson,0.9808730483055115,0.9690899848937988,0.21137386560440063,0.22294026613235474,0.24072740972042084,0.3114381432533264
4080,bbbc021_cell_04080,ru_poisson,RU-Poisson,0.9751834273338318,0.9740266799926758,0.22131027281284332,0.10671389847993851,0.23719482123851776,0.1751498430967331
4091,bbbc021_cell_04091,ru_poisson,RU-Poisson,0.9803746342658997,0.9720373749732971,0.1840158998966217,0.21660448610782623,0.30457356572151184,0.23614677786827087
4096,bbbc021_cell_04096,ru_poisson,RU-Poisson,0.9811988472938538,0.9747173190116882,0.19641007483005524,0.22231557965278625,0.30624309182167053,0.2512210011482239
4098,bbbc021_cell_04098,ru_poisson,RU-Poisson,0.9721724390983582,0.9608916640281677,0.2393622100353241,0.13579899072647095,0.1670582890510559,0.18259203433990479
4121,bbbc021_cell_04121,ru_poisson,RU-Poisson,0.9721977114677429,0.9646974205970764,0.2181721180677414,0.1567765176296234,0.20691074430942535,0.22371667623519897
4134,bbbc021_cell_04134,ru_poisson,RU-Poisson,0.9730299115180969,0.956721305847168,0.21290691196918488,0.18426357209682465,0.26487356424331665,0.1671680212020874
4135,bbbc021_cell_04135,ru_poisson,RU-Poisson,0.9753287434577942,0.9707487225532532,0.21993796527385712,0.1083260253071785,0.1733935922384262,0.22386908531188965
4137,bbbc021_cell_04137,ru_poisson,RU-Poisson,0.982804000377655,0.9786021709442139,0.18339084088802338,0.15194860100746155,0.20656085014343262,0.18330422043800354
4145,bbbc021_cell_04145,ru_poisson,RU-Poisson,0.9865937232971191,0.9824659824371338,0.18249040842056274,0.17525459825992584,0.2204466462135315,0.20623181760311127
4149,bbbc021_cell_04149,ru_poisson,RU-Poisson,0.9710421562194824,0.9494014978408813,0.29153528809547424,0.09739161282777786,0.106842041015625,0.20832087099552155
4153,bbbc021_cell_04153,ru_poisson,RU-Poisson,0.9753341674804688,0.9595714211463928,0.1951073706150055,0.2283661812543869,0.32602211833000183,0.3131391406059265
4181,bbbc021_cell_04181,ru_poisson,RU-Poisson,0.9708487391471863,0.9611867666244507,0.20559565722942352,0.15338748693466187,0.2860942482948303,0.21768929064273834
4188,bbbc021_cell_04188,ru_poisson,RU-Poisson,0.9541787505149841,0.919395923614502,0.2719062864780426,0.13685213029384613,0.3443950116634369,0.2286251187324524
4196,bbbc021_cell_04196,ru_poisson,RU-Poisson,0.969816267490387,0.9621412754058838,0.2278948277235031,0.15118825435638428,0.21078552305698395,0.22418488562107086
4204,bbbc021_cell_04204,ru_poisson,RU-Poisson,0.9751570224761963,0.9636008143424988,0.20632624626159668,0.2123921811580658,0.3230031132698059,0.27262935042381287
4209,bbbc021_cell_04209,ru_poisson,RU-Poisson,0.9610709547996521,0.9520182013511658,0.2342405915260315,0.13968682289123535,0.19069655239582062,0.16586589813232422
4211,bbbc021_cell_04211,ru_poisson,RU-Poisson,0.9725330471992493,0.9644266366958618,0.21806468069553375,0.16191814839839935,0.19877789914608002,0.1652214527130127
4212,bbbc021_cell_04212,ru_poisson,RU-Poisson,0.9688515663146973,0.9623666405677795,0.22651617228984833,0.14945103228092194,0.19980601966381073,0.19813355803489685
4218,bbbc021_cell_04218,ru_poisson,RU-Poisson,0.9712305665016174,0.9426366686820984,0.22172732651233673,0.26613691449165344,0.40389761328697205,0.1879274994134903
4228,bbbc021_cell_04228,ru_poisson,RU-Poisson,0.9754317402839661,0.9696882367134094,0.22273468971252441,0.1442280411720276,0.23785600066184998,0.13818097114562988
4229,bbbc021_cell_04229,ru_poisson,RU-Poisson,0.9690417647361755,0.9616652727127075,0.2633468210697174,0.08208112418651581,0.16879777610301971,0.18451867997646332
4250,bbbc021_cell_04250,ru_poisson,RU-Poisson,0.9628405570983887,0.9539796710014343,0.2393365055322647,0.11666985601186752,0.17654329538345337,0.14729610085487366
4254,bbbc021_cell_04254,ru_poisson,RU-Poisson,0.9812473654747009,0.974644660949707,0.21283048391342163,0.19655399024486542,0.17538456618785858,0.12043984234333038
4261,bbbc021_cell_04261,ru_poisson,RU-Poisson,0.9802543520927429,0.9629719257354736,0.26170358061790466,0.17611323297023773,0.13398949801921844,0.2424350529909134
4264,bbbc021_cell_04264,ru_poisson,RU-Poisson,0.9765556454658508,0.9688059091567993,0.23328015208244324,0.09761224687099457,0.24518078565597534,0.2569431662559509
4265,bbbc021_cell_04265,ru_poisson,RU-Poisson,0.9791078567504883,0.9769193530082703,0.20987115800380707,0.10712835192680359,0.24952055513858795,0.21255993843078613
4284,bbbc021_cell_04284,ru_poisson,RU-Poisson,0.9797518253326416,0.9785313010215759,0.20031295716762543,0.11287790536880493,0.23192670941352844,0.2447696030139923
4294,bbbc021_cell_04294,ru_poisson,RU-Poisson,0.9759848713874817,0.9709770679473877,0.21015051007270813,0.11752575635910034,0.1716332882642746,0.13753750920295715
4296,bbbc021_cell_04296,ru_poisson,RU-Poisson,0.9729813933372498,0.9665650725364685,0.23248957097530365,0.09443476796150208,0.157569020986557,0.23555301129817963
4306,bbbc021_cell_04306,ru_poisson,RU-Poisson,0.9725777506828308,0.9664888381958008,0.23079325258731842,0.09438496828079224,0.17373988032341003,0.30941081047058105
4321,bbbc021_cell_04321,ru_poisson,RU-Poisson,0.9818861484527588,0.9724192023277283,0.21444346010684967,0.20193636417388916,0.29369857907295227,0.18488654494285583
4327,bbbc021_cell_04327,ru_poisson,RU-Poisson,0.9676191210746765,0.9472892880439758,0.2763475179672241,0.132520854473114,0.19859707355499268,0.11156557500362396
4331,bbbc021_cell_04331,ru_poisson,RU-Poisson,0.9718868136405945,0.9599838852882385,0.24733315408229828,0.1378447562456131,0.19113852083683014,0.12380094081163406
4334,bbbc021_cell_04334,ru_poisson,RU-Poisson,0.9808520674705505,0.9758752584457397,0.17964701354503632,0.21260449290275574,0.30896803736686707,0.2883942723274231
4339,bbbc021_cell_04339,ru_poisson,RU-Poisson,0.9851459860801697,0.9819623827934265,0.18147782981395721,0.19638115167617798,0.2174379527568817,0.18321527540683746
4340,bbbc021_cell_04340,ru_poisson,RU-Poisson,0.9732627868652344,0.9607926607131958,0.2210148125886917,0.1941467970609665,0.24100437760353088,0.1884867399930954
4344,bbbc021_cell_04344,ru_poisson,RU-Poisson,0.9791987538337708,0.9716280102729797,0.20100432634353638,0.23342476785182953,0.28471827507019043,0.2496080845594406
4349,bbbc021_cell_04349,ru_poisson,RU-Poisson,0.9660592079162598,0.9485954642295837,0.2216814160346985,0.14232511818408966,0.23893940448760986,0.21340586245059967
4361,bbbc021_cell_04361,ru_poisson,RU-Poisson,0.9626354575157166,0.9297258853912354,0.33853065967559814,0.1236119344830513,0.0870060920715332,0.16285045444965363
4370,bbbc021_cell_04370,ru_poisson,RU-Poisson,0.9804818034172058,0.9764444828033447,0.20382817089557648,0.14604641497135162,0.2683585584163666,0.16887733340263367
4371,bbbc021_cell_04371,ru_poisson,RU-Poisson,0.9872846007347107,0.9854087829589844,0.16814599931240082,0.12286048382520676,0.2069428265094757,0.21488942205905914
4376,bbbc021_cell_04376,ru_poisson,RU-Poisson,0.9684958457946777,0.9460852146148682,0.31306418776512146,0.10484270006418228,0.225258931517601,0.07743940502405167
4390,bbbc021_cell_04390,ru_poisson,RU-Poisson,0.9796883463859558,0.9732089042663574,0.20867714285850525,0.16462990641593933,0.22972434759140015,0.23543915152549744
4403,bbbc021_cell_04403,ru_poisson,RU-Poisson,0.9819813370704651,0.9751983284950256,0.20848260819911957,0.17498941719532013,0.22517475485801697,0.2183389812707901
4408,bbbc021_cell_04408,ru_poisson,RU-Poisson,0.9825862050056458,0.9737849831581116,0.21335932612419128,0.182695671916008,0.2167617380619049,0.14099401235580444
4412,bbbc021_cell_04412,ru_poisson,RU-Poisson,0.9823433756828308,0.9733015894889832,0.2224646657705307,0.14378394186496735,0.15424096584320068,0.24568195641040802
4419,bbbc021_cell_04419,ru_poisson,RU-Poisson,0.9876542687416077,0.9850212335586548,0.15854834020137787,0.1745292842388153,0.2509954571723938,0.2315695434808731
4433,bbbc021_cell_04433,ru_poisson,RU-Poisson,0.9657471179962158,0.9612363576889038,0.24561184644699097,0.09828405827283859,0.22873349487781525,0.20331339538097382
4437,bbbc021_cell_04437,ru_poisson,RU-Poisson,0.9819908738136292,0.9794846773147583,0.19190503656864166,0.13213638961315155,0.2714424729347229,0.17657329142093658
4446,bbbc021_cell_04446,ru_poisson,RU-Poisson,0.9806751608848572,0.9765244722366333,0.18712635338306427,0.20759062469005585,0.24584321677684784,0.2637043595314026
4450,bbbc021_cell_04450,ru_poisson,RU-Poisson,0.97025465965271,0.9467809796333313,0.2630445063114166,0.16726551949977875,0.19559809565544128,0.11387479305267334
4460,bbbc021_cell_04460,ru_poisson,RU-Poisson,0.9726312756538391,0.9636355042457581,0.25426986813545227,0.08749640733003616,0.13363264501094818,0.12404989451169968
4464,bbbc021_cell_04464,ru_poisson,RU-Poisson,0.9747465252876282,0.9687700271606445,0.2248654067516327,0.12064939737319946,0.32883602380752563,0.20750541985034943
4466,bbbc021_cell_04466,ru_poisson,RU-Poisson,0.9729705452919006,0.9647312760353088,0.24945217370986938,0.12163379788398743,0.16817311942577362,0.10129061341285706
4474,bbbc021_cell_04474,ru_poisson,RU-Poisson,0.967655599117279,0.9490787386894226,0.23733386397361755,0.1751227229833603,0.2945409119129181,0.15019448101520538
4491,bbbc021_cell_04491,ru_poisson,RU-Poisson,0.9827188849449158,0.9778275489807129,0.17561593651771545,0.18895502388477325,0.22244064509868622,0.19195979833602905
4499,bbbc021_cell_04499,ru_poisson,RU-Poisson,0.9708456993103027,0.9634072780609131,0.2361382693052292,0.11536019295454025,0.19114531576633453,0.126581072807312
4527,bbbc021_cell_04527,ru_poisson,RU-Poisson,0.9828956723213196,0.9761310815811157,0.2011519819498062,0.19348961114883423,0.23602837324142456,0.2842159569263458
4535,bbbc021_cell_04535,ru_poisson,RU-Poisson,0.9688151478767395,0.9576892852783203,0.20613496005535126,0.18367557227611542,0.26674365997314453,0.24799369275569916
4542,bbbc021_cell_04542,ru_poisson,RU-Poisson,0.9832587838172913,0.9773606657981873,0.1815544068813324,0.20796677470207214,0.3978332281112671,0.30003881454467773
4544,bbbc021_cell_04544,ru_poisson,RU-Poisson,0.9871557354927063,0.9821375608444214,0.17652155458927155,0.22578881680965424,0.2908306419849396,0.3018552362918854
4547,bbbc021_cell_04547,ru_poisson,RU-Poisson,0.982743501663208,0.9798864126205444,0.21374893188476562,0.1280672550201416,0.16810044646263123,0.0807873010635376
4554,bbbc021_cell_04554,ru_poisson,RU-Poisson,0.9690797924995422,0.9550025463104248,0.25741609930992126,0.0983024463057518,0.15012754499912262,0.23410195112228394
4555,bbbc021_cell_04555,ru_poisson,RU-Poisson,0.9592612385749817,0.9356845617294312,0.33605194091796875,0.1592443585395813,0.07798196375370026,0.07300117611885071
4561,bbbc021_cell_04561,ru_poisson,RU-Poisson,0.9839690327644348,0.981687605381012,0.18080516159534454,0.14610633254051208,0.22415019571781158,0.18987740576267242
4566,bbbc021_cell_04566,ru_poisson,RU-Poisson,0.9795292019844055,0.9735203981399536,0.21913594007492065,0.11518920212984085,0.17886468768119812,0.14214220643043518
4568,bbbc021_cell_04568,ru_poisson,RU-Poisson,0.9678964614868164,0.9491063952445984,0.23916135728359222,0.15641167759895325,0.20631320774555206,0.16017252206802368
4586,bbbc021_cell_04586,ru_poisson,RU-Poisson,0.9690167307853699,0.9581876397132874,0.25586530566215515,0.12268359959125519,0.23352742195129395,0.1482045203447342
4589,bbbc021_cell_04589,ru_poisson,RU-Poisson,0.9815616607666016,0.978354811668396,0.17452475428581238,0.23173750936985016,0.34359756112098694,0.3569793403148651
4590,bbbc021_cell_04590,ru_poisson,RU-Poisson,0.9814644455909729,0.9790106415748596,0.18571342527866364,0.15397123992443085,0.24338674545288086,0.31620731949806213
4597,bbbc021_cell_04597,ru_poisson,RU-Poisson,0.9751994013786316,0.9650059938430786,0.2022945135831833,0.19818295538425446,0.3455975353717804,0.21140645444393158
4602,bbbc021_cell_04602,ru_poisson,RU-Poisson,0.9676489233970642,0.9605900049209595,0.23886539041996002,0.11361578851938248,0.17409852147102356,0.169038325548172
4613,bbbc021_cell_04613,ru_poisson,RU-Poisson,0.9654582142829895,0.9565448760986328,0.20963436365127563,0.14205212891101837,0.25163179636001587,0.24201489984989166
4614,bbbc021_cell_04614,ru_poisson,RU-Poisson,0.9792437553405762,0.9709604978561401,0.23838526010513306,0.12061822414398193,0.21732068061828613,0.13457438349723816
4619,bbbc021_cell_04619,ru_poisson,RU-Poisson,0.9856615662574768,0.9818591475486755,0.17632512748241425,0.15260696411132812,0.25579696893692017,0.22610126435756683
4627,bbbc021_cell_04627,ru_poisson,RU-Poisson,0.9767664074897766,0.9695168733596802,0.2073943018913269,0.18716323375701904,0.20486611127853394,0.191184863448143
4629,bbbc021_cell_04629,ru_poisson,RU-Poisson,0.97843998670578,0.9714635610580444,0.1955205798149109,0.22128930687904358,0.23490142822265625,0.2784225642681122
4633,bbbc021_cell_04633,ru_poisson,RU-Poisson,0.9833275675773621,0.9751972556114197,0.21223244071006775,0.21006064116954803,0.2715196907520294,0.1377231627702713
4635,bbbc021_cell_04635,ru_poisson,RU-Poisson,0.9762601256370544,0.9662858247756958,0.22875089943408966,0.16409865021705627,0.1907559484243393,0.20461751520633698
4650,bbbc021_cell_04650,ru_poisson,RU-Poisson,0.9680483341217041,0.9548149108886719,0.24543192982673645,0.13454033434391022,0.1477721482515335,0.1755274385213852
4656,bbbc021_cell_04656,ru_poisson,RU-Poisson,0.9703885912895203,0.9561869502067566,0.28781235218048096,0.08898001909255981,0.113954097032547,0.09776724874973297
4677,bbbc021_cell_04677,ru_poisson,RU-Poisson,0.9875171184539795,0.9840380549430847,0.16734248399734497,0.1398785412311554,0.2610490024089813,0.22479937970638275
4682,bbbc021_cell_04682,ru_poisson,RU-Poisson,0.9853714108467102,0.981877326965332,0.17490136623382568,0.2159663885831833,0.3289607763290405,0.30319514870643616
4685,bbbc021_cell_04685,ru_poisson,RU-Poisson,0.9897141456604004,0.9862940907478333,0.14964717626571655,0.2733764946460724,0.34856241941452026,0.3351729214191437
4691,bbbc021_cell_04691,ru_poisson,RU-Poisson,0.9683375358581543,0.9509915709495544,0.2403826266527176,0.16194485127925873,0.2365865409374237,0.3230312466621399
4703,bbbc021_cell_04703,ru_poisson,RU-Poisson,0.9741250872612,0.9724854826927185,0.2155335247516632,0.09999600797891617,0.1716712862253189,0.2045847773551941
4712,bbbc021_cell_04712,ru_poisson,RU-Poisson,0.9901067614555359,0.9851582050323486,0.16111735999584198,0.23388752341270447,0.3062901794910431,0.33219361305236816
4716,bbbc021_cell_04716,ru_poisson,RU-Poisson,0.9900295734405518,0.9855554103851318,0.17385821044445038,0.15649858117103577,0.23144268989562988,0.24240046739578247
4725,bbbc021_cell_04725,ru_poisson,RU-Poisson,0.9771663546562195,0.9755656719207764,0.2176019698381424,0.09963490068912506,0.24485129117965698,0.16479352116584778
4727,bbbc021_cell_04727,ru_poisson,RU-Poisson,0.9653329849243164,0.9484611749649048,0.21693165600299835,0.21173813939094543,0.2690294086933136,0.2258959412574768
4734,bbbc021_cell_04734,ru_poisson,RU-Poisson,0.9696367383003235,0.962246835231781,0.23064909875392914,0.14036713540554047,0.1938181221485138,0.20873776078224182
4750,bbbc021_cell_04750,ru_poisson,RU-Poisson,0.9771594405174255,0.9702616930007935,0.22859029471874237,0.08749441057443619,0.1390286535024643,0.167949840426445
4751,bbbc021_cell_04751,ru_poisson,RU-Poisson,0.985595703125,0.9804014563560486,0.18637467920780182,0.2624237537384033,0.2475164830684662,0.19868381321430206
4752,bbbc021_cell_04752,ru_poisson,RU-Poisson,0.9697930812835693,0.9627621173858643,0.21069495379924774,0.13208357989788055,0.27647864818573,0.25906217098236084
4753,bbbc021_cell_04753,ru_poisson,RU-Poisson,0.9852086901664734,0.9814069867134094,0.1803840696811676,0.1375483274459839,0.32909706234931946,0.16948771476745605
4760,bbbc021_cell_04760,ru_poisson,RU-Poisson,0.967949628829956,0.9594631195068359,0.2560167610645294,0.1274082064628601,0.1371333748102188,0.1557217389345169
4761,bbbc021_cell_04761,ru_poisson,RU-Poisson,0.9742454886436462,0.9645190834999084,0.19074960052967072,0.18441219627857208,0.26786962151527405,0.260575532913208
4770,bbbc021_cell_04770,ru_poisson,RU-Poisson,0.9834609031677246,0.9756357669830322,0.20170222222805023,0.19851911067962646,0.2484288215637207,0.30376356840133667
4774,bbbc021_cell_04774,ru_poisson,RU-Poisson,0.9829642176628113,0.9810582995414734,0.1852685511112213,0.13476380705833435,0.22118911147117615,0.19444991648197174
4777,bbbc021_cell_04777,ru_poisson,RU-Poisson,0.9650681614875793,0.9506341218948364,0.2438356578350067,0.17199651896953583,0.1997711956501007,0.23197855055332184
4791,bbbc021_cell_04791,ru_poisson,RU-Poisson,0.9695956707000732,0.961536169052124,0.2601856589317322,0.12024133652448654,0.1714126020669937,0.11357904970645905
4793,bbbc021_cell_04793,ru_poisson,RU-Poisson,0.983302652835846,0.9770021438598633,0.20111869275569916,0.13496294617652893,0.2904354929924011,0.14287960529327393
4796,bbbc021_cell_04796,ru_poisson,RU-Poisson,0.9813315272331238,0.9705477952957153,0.21396660804748535,0.2019510120153427,0.32309621572494507,0.17238321900367737
4801,bbbc021_cell_04801,ru_poisson,RU-Poisson,0.9738561511039734,0.9628288149833679,0.218460813164711,0.1638355702161789,0.20294752717018127,0.15978527069091797
4809,bbbc021_cell_04809,ru_poisson,RU-Poisson,0.9811289310455322,0.9764222502708435,0.18880929052829742,0.17410628497600555,0.197100430727005,0.1685790866613388
4811,bbbc021_cell_04811,ru_poisson,RU-Poisson,0.9720380902290344,0.9567025899887085,0.268324613571167,0.14416782557964325,0.18591280281543732,0.08613016456365585
4813,bbbc021_cell_04813,ru_poisson,RU-Poisson,0.9858173727989197,0.9830784797668457,0.17597050964832306,0.1395915150642395,0.23651601374149323,0.2500254809856415
4821,bbbc021_cell_04821,ru_poisson,RU-Poisson,0.9762948155403137,0.968286395072937,0.21101917326450348,0.1463729590177536,0.21021877229213715,0.1557987630367279
4828,bbbc021_cell_04828,ru_poisson,RU-Poisson,0.9873168468475342,0.9852811098098755,0.15197035670280457,0.2168325036764145,0.390726238489151,0.32563939690589905
4839,bbbc021_cell_04839,ru_poisson,RU-Poisson,0.9845297336578369,0.9810420274734497,0.19171278178691864,0.13970081508159637,0.22162066400051117,0.18513906002044678
4842,bbbc021_cell_04842,ru_poisson,RU-Poisson,0.9626676440238953,0.9392999410629272,0.22161658108234406,0.20515352487564087,0.33074742555618286,0.20171134173870087
4851,bbbc021_cell_04851,ru_poisson,RU-Poisson,0.9878259301185608,0.9843235611915588,0.16382060945034027,0.1914917230606079,0.2827218472957611,0.19431006908416748
4854,bbbc021_cell_04854,ru_poisson,RU-Poisson,0.9810032248497009,0.9704701900482178,0.21704530715942383,0.22749803960323334,0.2625614106655121,0.21395111083984375
4859,bbbc021_cell_04859,ru_poisson,RU-Poisson,0.987407922744751,0.9769957065582275,0.19746680557727814,0.20673450827598572,0.20539459586143494,0.3339759409427643
4862,bbbc021_cell_04862,ru_poisson,RU-Poisson,0.9754059314727783,0.956599235534668,0.24727123975753784,0.20083676278591156,0.304922491312027,0.163494274020195
4866,bbbc021_cell_04866,ru_poisson,RU-Poisson,0.9707344174385071,0.9572842121124268,0.2568657696247101,0.1604672223329544,0.2007206678390503,0.12474050372838974
4881,bbbc021_cell_04881,ru_poisson,RU-Poisson,0.9674392342567444,0.9504162073135376,0.26285797357559204,0.1551702618598938,0.16633549332618713,0.27189162373542786
4901,bbbc021_cell_04901,ru_poisson,RU-Poisson,0.9751257300376892,0.9658190608024597,0.2048480212688446,0.18534334003925323,0.2208227515220642,0.19105775654315948
4905,bbbc021_cell_04905,ru_poisson,RU-Poisson,0.9693608283996582,0.9599190354347229,0.23916545510292053,0.1766730695962906,0.17763680219650269,0.16856130957603455
4907,bbbc021_cell_04907,ru_poisson,RU-Poisson,0.9716303944587708,0.9669234156608582,0.23453451693058014,0.11643121391534805,0.22187910974025726,0.3297680616378784
4911,bbbc021_cell_04911,ru_poisson,RU-Poisson,0.9687542915344238,0.9449317455291748,0.28425559401512146,0.16068483889102936,0.1272786259651184,0.2067742794752121
4923,bbbc021_cell_04923,ru_poisson,RU-Poisson,0.9737086892127991,0.9615907669067383,0.22763223946094513,0.216691255569458,0.2600877583026886,0.17931267619132996
4926,bbbc021_cell_04926,ru_poisson,RU-Poisson,0.9802827835083008,0.969577431678772,0.21320073306560516,0.19094523787498474,0.29914382100105286,0.1729113906621933
4936,bbbc021_cell_04936,ru_poisson,RU-Poisson,0.9763707518577576,0.968378484249115,0.2008054405450821,0.16059961915016174,0.20892693102359772,0.17435772716999054
4937,bbbc021_cell_04937,ru_poisson,RU-Poisson,0.9859277606010437,0.9813084602355957,0.1787935048341751,0.20199118554592133,0.32329824566841125,0.24637727439403534
4939,bbbc021_cell_04939,ru_poisson,RU-Poisson,0.9652720093727112,0.9530981183052063,0.23750242590904236,0.09274103492498398,0.1820506900548935,0.1416546255350113
4943,bbbc021_cell_04943,ru_poisson,RU-Poisson,0.9615909457206726,0.9476101994514465,0.23794278502464294,0.19066303968429565,0.20178499817848206,0.18331283330917358
4973,bbbc021_cell_04973,ru_poisson,RU-Poisson,0.9764528274536133,0.9646478891372681,0.25317680835723877,0.10509421676397324,0.13352055847644806,0.189626082777977
4975,bbbc021_cell_04975,ru_poisson,RU-Poisson,0.9914560317993164,0.9885703921318054,0.1427323967218399,0.1700938493013382,0.24686022102832794,0.17790327966213226
4980,bbbc021_cell_04980,ru_poisson,RU-Poisson,0.9689388871192932,0.9567136764526367,0.23405608534812927,0.10907696932554245,0.222869411110878,0.1754613220691681
4987,bbbc021_cell_04987,ru_poisson,RU-Poisson,0.9575700759887695,0.9407079219818115,0.27058181166648865,0.13744504749774933,0.18240724503993988,0.17453625798225403
4995,bbbc021_cell_04995,ru_poisson,RU-Poisson,0.9659538269042969,0.9417394995689392,0.2803039848804474,0.1888262778520584,0.20935840904712677,0.12752100825309753
4997,bbbc021_cell_04997,ru_poisson,RU-Poisson,0.981236457824707,0.9739464521408081,0.16967369616031647,0.1914692223072052,0.35746926069259644,0.27131566405296326
5010,bbbc021_cell_05010,ru_poisson,RU-Poisson,0.9742193818092346,0.9582524299621582,0.1922825425863266,0.21740999817848206,0.3821370005607605,0.2927015423774719
5013,bbbc021_cell_05013,ru_poisson,RU-Poisson,0.978489100933075,0.9721859693527222,0.2196096032857895,0.13604964315891266,0.16136138141155243,0.15294986963272095
5017,bbbc021_cell_05017,ru_poisson,RU-Poisson,0.9890262484550476,0.9806867837905884,0.18837891519069672,0.1824112832546234,0.14655670523643494,0.15509222447872162
5025,bbbc021_cell_05025,ru_poisson,RU-Poisson,0.9641010165214539,0.9435504674911499,0.2672523260116577,0.13672788441181183,0.19403281807899475,0.12744635343551636
5028,bbbc021_cell_05028,ru_poisson,RU-Poisson,0.9738628268241882,0.9659601449966431,0.190279021859169,0.18296445906162262,0.33567723631858826,0.2853122353553772
5039,bbbc021_cell_05039,ru_poisson,RU-Poisson,0.973408043384552,0.9606480002403259,0.25822219252586365,0.12934720516204834,0.13418222963809967,0.1496797800064087
5041,bbbc021_cell_05041,ru_poisson,RU-Poisson,0.9820945858955383,0.9748381972312927,0.2100171595811844,0.17941349744796753,0.24337537586688995,0.19608044624328613
5053,bbbc021_cell_05053,ru_poisson,RU-Poisson,0.9830204844474792,0.9745950102806091,0.20709173381328583,0.20576268434524536,0.2895227074623108,0.1772625744342804
5058,bbbc021_cell_05058,ru_poisson,RU-Poisson,0.9891842007637024,0.987025260925293,0.1554134339094162,0.15563391149044037,0.35949984192848206,0.3279408812522888
5064,bbbc021_cell_05064,ru_poisson,RU-Poisson,0.984175980091095,0.9794952869415283,0.19462700188159943,0.11296650767326355,0.2051009237766266,0.16628699004650116
5069,bbbc021_cell_05069,ru_poisson,RU-Poisson,0.9814853072166443,0.9746229648590088,0.19112955033779144,0.18322151899337769,0.23190924525260925,0.1931968778371811
5073,bbbc021_cell_05073,ru_poisson,RU-Poisson,0.9795710444450378,0.9725192785263062,0.19622935354709625,0.1633176952600479,0.2501170337200165,0.17423458397388458
5084,bbbc021_cell_05084,ru_poisson,RU-Poisson,0.9628775715827942,0.9512589573860168,0.2284514605998993,0.1256318986415863,0.23168623447418213,0.17008662223815918
5096,bbbc021_cell_05096,ru_poisson,RU-Poisson,0.9818825721740723,0.9741643667221069,0.20249956846237183,0.1536034345626831,0.21619893610477448,0.33706438541412354
5099,bbbc021_cell_05099,ru_poisson,RU-Poisson,0.977808952331543,0.9688581228256226,0.20443274080753326,0.19805185496807098,0.21835720539093018,0.14716246724128723
5101,bbbc021_cell_05101,ru_poisson,RU-Poisson,0.972407341003418,0.9599632024765015,0.22023829817771912,0.16016419231891632,0.2505653500556946,0.22315698862075806
5103,bbbc021_cell_05103,ru_poisson,RU-Poisson,0.9735223650932312,0.9625023603439331,0.24392551183700562,0.126545712351799,0.15429575741291046,0.16716979444026947
5105,bbbc021_cell_05105,ru_poisson,RU-Poisson,0.9660735130310059,0.9543935060501099,0.2250075489282608,0.1152593344449997,0.24909628927707672,0.19255785644054413
5106,bbbc021_cell_05106,ru_poisson,RU-Poisson,0.9783773422241211,0.9706122875213623,0.20995163917541504,0.16344228386878967,0.23172380030155182,0.2285502851009369
5120,bbbc021_cell_05120,ru_poisson,RU-Poisson,0.9710529446601868,0.9465473890304565,0.32929933071136475,0.053914230316877365,0.21133911609649658,0.22427870333194733
5125,bbbc021_cell_05125,ru_poisson,RU-Poisson,0.961752712726593,0.9498473405838013,0.22392791509628296,0.1834574043750763,0.26727303862571716,0.21425357460975647
5139,bbbc021_cell_05139,ru_poisson,RU-Poisson,0.979802668094635,0.9741078615188599,0.2153363823890686,0.12863612174987793,0.15730367600917816,0.1288011223077774
5151,bbbc021_cell_05151,ru_poisson,RU-Poisson,0.9715664982795715,0.9590200781822205,0.21800920367240906,0.18046249449253082,0.24008089303970337,0.15458029508590698
5154,bbbc021_cell_05154,ru_poisson,RU-Poisson,0.9741377830505371,0.9561372995376587,0.19379273056983948,0.23842620849609375,0.3179473876953125,0.21526169776916504
5160,bbbc021_cell_05160,ru_poisson,RU-Poisson,0.969679057598114,0.9616492986679077,0.26606929302215576,0.10033027082681656,0.1622198224067688,0.1162465438246727
5162,bbbc021_cell_05162,ru_poisson,RU-Poisson,0.9769410490989685,0.9659069180488586,0.2521306574344635,0.08185373991727829,0.2493884116411209,0.2039748579263687
5182,bbbc021_cell_05182,ru_poisson,RU-Poisson,0.9635950922966003,0.9527364373207092,0.22892504930496216,0.15988211333751678,0.24497510492801666,0.2780129909515381
5183,bbbc021_cell_05183,ru_poisson,RU-Poisson,0.9833000302314758,0.975207507610321,0.19782386720180511,0.16162554919719696,0.16392910480499268,0.1557084321975708
5190,bbbc021_cell_05190,ru_poisson,RU-Poisson,0.9859207272529602,0.982735276222229,0.1714334636926651,0.20684759318828583,0.2711603045463562,0.24623586237430573
5199,bbbc021_cell_05199,ru_poisson,RU-Poisson,0.9761173129081726,0.972515344619751,0.2283189594745636,0.12749634683132172,0.35044559836387634,0.37421050667762756
5216,bbbc021_cell_05216,ru_poisson,RU-Poisson,0.9778357148170471,0.9645383954048157,0.19851502776145935,0.21274149417877197,0.393395334482193,0.32112202048301697
5220,bbbc021_cell_05220,ru_poisson,RU-Poisson,0.9748985171318054,0.9717779159545898,0.21227189898490906,0.13861359655857086,0.21726810932159424,0.20700983703136444
5221,bbbc021_cell_05221,ru_poisson,RU-Poisson,0.983409583568573,0.9752616882324219,0.2048214226961136,0.19388994574546814,0.3053130805492401,0.22850441932678223
5227,bbbc021_cell_05227,ru_poisson,RU-Poisson,0.9914383292198181,0.9887790083885193,0.1359856128692627,0.24084480106830597,0.3763577938079834,0.3822271525859833
5234,bbbc021_cell_05234,ru_poisson,RU-Poisson,0.9769642949104309,0.96952223777771,0.24148304760456085,0.09222029894590378,0.131280779838562,0.0963631272315979
5235,bbbc021_cell_05235,ru_poisson,RU-Poisson,0.9824404716491699,0.9757118225097656,0.17721523344516754,0.20554250478744507,0.3446063697338104,0.24380016326904297
5250,bbbc021_cell_05250,ru_poisson,RU-Poisson,0.9761245846748352,0.9591439962387085,0.2459903359413147,0.18691667914390564,0.3430193364620209,0.16982264816761017
5254,bbbc021_cell_05254,ru_poisson,RU-Poisson,0.9886267781257629,0.9851833581924438,0.15938086807727814,0.1616273820400238,0.2547007203102112,0.31859099864959717
5259,bbbc021_cell_05259,ru_poisson,RU-Poisson,0.9775078892707825,0.9686654806137085,0.2501547038555145,0.08884965628385544,0.20535190403461456,0.07998600602149963
5263,bbbc021_cell_05263,ru_poisson,RU-Poisson,0.9822359085083008,0.9779790639877319,0.21005229651927948,0.1602378636598587,0.24178093671798706,0.185676708817482
5265,bbbc021_cell_05265,ru_poisson,RU-Poisson,0.8593541979789734,0.6565022468566895,0.7742903828620911,0.21859464049339294,0.039755649864673615,0.09455469995737076
5268,bbbc021_cell_05268,ru_poisson,RU-Poisson,0.9867931008338928,0.9828450083732605,0.17872990667819977,0.1995674967765808,0.236207976937294,0.20966441929340363
5275,bbbc021_cell_05275,ru_poisson,RU-Poisson,0.9825218319892883,0.9768210649490356,0.23071250319480896,0.09412074834108353,0.16185417771339417,0.1546092927455902
5281,bbbc021_cell_05281,ru_poisson,RU-Poisson,0.9701589941978455,0.9476327300071716,0.22350628674030304,0.20085212588310242,0.37254074215888977,0.174563929438591
5290,bbbc021_cell_05290,ru_poisson,RU-Poisson,0.9834067225456238,0.9781174659729004,0.1890438199043274,0.18816642463207245,0.24454183876514435,0.2349184900522232
5293,bbbc021_cell_05293,ru_poisson,RU-Poisson,0.97113037109375,0.9633868932723999,0.2154085487127304,0.13440614938735962,0.22394441068172455,0.17662747204303741
5302,bbbc021_cell_05302,ru_poisson,RU-Poisson,0.9573594927787781,0.9387660026550293,0.24256068468093872,0.14823926985263824,0.1924380362033844,0.1357038915157318
5313,bbbc021_cell_05313,ru_poisson,RU-Poisson,0.9802663922309875,0.972214937210083,0.2163762003183365,0.17592673003673553,0.23479534685611725,0.17730456590652466
5336,bbbc021_cell_05336,ru_poisson,RU-Poisson,0.9731658101081848,0.9584048986434937,0.23032675683498383,0.1898149698972702,0.30523815751075745,0.18605634570121765
5337,bbbc021_cell_05337,ru_poisson,RU-Poisson,0.9840286374092102,0.9813778400421143,0.1839396357536316,0.1498439610004425,0.24931316077709198,0.1589682251214981
5347,bbbc021_cell_05347,ru_poisson,RU-Poisson,0.9552516937255859,0.9466700553894043,0.29768264293670654,0.05526220425963402,0.09757792949676514,0.1132938489317894
5357,bbbc021_cell_05357,ru_poisson,RU-Poisson,0.983471691608429,0.975240170955658,0.20974615216255188,0.1598333865404129,0.18923009932041168,0.19418291747570038
5360,bbbc021_cell_05360,ru_poisson,RU-Poisson,0.9435049891471863,0.923520028591156,0.32064592838287354,0.08374417573213577,0.1705770194530487,0.08923744410276413
5362,bbbc021_cell_05362,ru_poisson,RU-Poisson,0.9882078170776367,0.9848998785018921,0.1719411164522171,0.13140207529067993,0.286252498626709,0.31040287017822266
5370,bbbc021_cell_05370,ru_poisson,RU-Poisson,0.9489307403564453,0.9343985319137573,0.3509730100631714,0.14789703488349915,0.12312965840101242,0.12932993471622467
5372,bbbc021_cell_05372,ru_poisson,RU-Poisson,0.9652890563011169,0.9545205235481262,0.2305370271205902,0.12621401250362396,0.25723013281822205,0.21516211330890656
5378,bbbc021_cell_05378,ru_poisson,RU-Poisson,0.9639707207679749,0.9553302526473999,0.22013016045093536,0.15749816596508026,0.2534843683242798,0.2677294909954071
5383,bbbc021_cell_05383,ru_poisson,RU-Poisson,0.9691657423973083,0.9557881951332092,0.26601794362068176,0.11246730387210846,0.1574144810438156,0.08856995403766632
5400,bbbc021_cell_05400,ru_poisson,RU-Poisson,0.9659826159477234,0.9549985527992249,0.22312521934509277,0.1661158800125122,0.28463980555534363,0.305507093667984
5408,bbbc021_cell_05408,ru_poisson,RU-Poisson,0.981360912322998,0.9698505997657776,0.23496776819229126,0.1926221251487732,0.1947370320558548,0.24856871366500854
5413,bbbc021_cell_05413,ru_poisson,RU-Poisson,0.9852657318115234,0.981831967830658,0.17450305819511414,0.1799689382314682,0.27245408296585083,0.2524161636829376
5415,bbbc021_cell_05415,ru_poisson,RU-Poisson,0.9758267998695374,0.970001757144928,0.2004212886095047,0.15039466321468353,0.23765519261360168,0.18689852952957153
5417,bbbc021_cell_05417,ru_poisson,RU-Poisson,0.979939877986908,0.9628342390060425,0.2624846398830414,0.18190960586071014,0.21977093815803528,0.21792639791965485
5425,bbbc021_cell_05425,ru_poisson,RU-Poisson,0.9661402702331543,0.9578741192817688,0.22767776250839233,0.13137967884540558,0.18333187699317932,0.22646677494049072
5435,bbbc021_cell_05435,ru_poisson,RU-Poisson,0.9757534861564636,0.9608944058418274,0.26892396807670593,0.1337755173444748,0.14187300205230713,0.15888716280460358
5437,bbbc021_cell_05437,ru_poisson,RU-Poisson,0.9647548794746399,0.940955638885498,0.24030275642871857,0.1683836579322815,0.30611011385917664,0.20546574890613556
5443,bbbc021_cell_05443,ru_poisson,RU-Poisson,0.9702484011650085,0.9584605097770691,0.26486602425575256,0.13927292823791504,0.20554202795028687,0.125895157456398
5450,bbbc021_cell_05450,ru_poisson,RU-Poisson,0.9695810675621033,0.9609842300415039,0.2224726378917694,0.11320114135742188,0.18880169093608856,0.18069465458393097
5452,bbbc021_cell_05452,ru_poisson,RU-Poisson,0.9774398803710938,0.9585293531417847,0.27694055438041687,0.18635542690753937,0.16630762815475464,0.19915935397148132
5456,bbbc021_cell_05456,ru_poisson,RU-Poisson,0.9771164059638977,0.9685072898864746,0.22877328097820282,0.18366864323616028,0.2187407910823822,0.1369800567626953
5459,bbbc021_cell_05459,ru_poisson,RU-Poisson,0.980009138584137,0.974509060382843,0.2127414047718048,0.1848175972700119,0.24387118220329285,0.13739942014217377
5479,bbbc021_cell_05479,ru_poisson,RU-Poisson,0.9610378742218018,0.9407494068145752,0.27690598368644714,0.09192835539579391,0.1923729032278061,0.09082909673452377
5485,bbbc021_cell_05485,ru_poisson,RU-Poisson,0.9738855361938477,0.96141117811203,0.2393510937690735,0.1741188019514084,0.2284974455833435,0.23469004034996033
5493,bbbc021_cell_05493,ru_poisson,RU-Poisson,0.9746596813201904,0.9650225639343262,0.2591593265533447,0.09595907479524612,0.13901421427726746,0.08824117481708527
5496,bbbc021_cell_05496,ru_poisson,RU-Poisson,0.9854074120521545,0.9815965890884399,0.1864430010318756,0.1298065185546875,0.20192579925060272,0.17287974059581757
5497,bbbc021_cell_05497,ru_poisson,RU-Poisson,0.9665488600730896,0.9552394151687622,0.21671880781650543,0.2100907564163208,0.24671269953250885,0.26026350259780884
5519,bbbc021_cell_05519,ru_poisson,RU-Poisson,0.986663818359375,0.9841379523277283,0.16032224893569946,0.21829037368297577,0.3538203239440918,0.32588669657707214
5521,bbbc021_cell_05521,ru_poisson,RU-Poisson,0.9735190868377686,0.9672031402587891,0.24022670090198517,0.12415903061628342,0.16650398075580597,0.17937375605106354
5522,bbbc021_cell_05522,ru_poisson,RU-Poisson,0.9765377640724182,0.9671661257743835,0.22720874845981598,0.17518499493598938,0.25712794065475464,0.18885082006454468
5532,bbbc021_cell_05532,ru_poisson,RU-Poisson,0.9661354422569275,0.9523082375526428,0.23225317895412445,0.17472554743289948,0.20897406339645386,0.2440522164106369
5544,bbbc021_cell_05544,ru_poisson,RU-Poisson,0.9845855832099915,0.9807189702987671,0.18547523021697998,0.13271565735340118,0.26645687222480774,0.2553705871105194
5545,bbbc021_cell_05545,ru_poisson,RU-Poisson,0.9843284487724304,0.981715977191925,0.18740391731262207,0.13177695870399475,0.25477638840675354,0.37321215867996216
5551,bbbc021_cell_05551,ru_poisson,RU-Poisson,0.9716604351997375,0.9679818153381348,0.23935216665267944,0.10168875753879547,0.2409161776304245,0.22611501812934875
5555,bbbc021_cell_05555,ru_poisson,RU-Poisson,0.9661838412284851,0.9450985789299011,0.22925151884555817,0.1597016155719757,0.18094502389431,0.15352778136730194
5556,bbbc021_cell_05556,ru_poisson,RU-Poisson,0.9907634258270264,0.9872201085090637,0.15436631441116333,0.21879009902477264,0.23331496119499207,0.24180643260478973
5557,bbbc021_cell_05557,ru_poisson,RU-Poisson,0.9819457530975342,0.9761152267456055,0.21313872933387756,0.096120186150074,0.20276932418346405,0.20910172164440155
5560,bbbc021_cell_05560,ru_poisson,RU-Poisson,0.9697673916816711,0.9514933228492737,0.2650337517261505,0.15482275187969208,0.18697522580623627,0.29939132928848267
5569,bbbc021_cell_05569,ru_poisson,RU-Poisson,0.9783549904823303,0.97179114818573,0.2067747712135315,0.1479112207889557,0.20351195335388184,0.1950150728225708
5572,bbbc021_cell_05572,ru_poisson,RU-Poisson,0.9671809077262878,0.9614397883415222,0.20614221692085266,0.17585648596286774,0.3341584801673889,0.26210078597068787
5573,bbbc021_cell_05573,ru_poisson,RU-Poisson,0.9697211384773254,0.9621149301528931,0.2415422797203064,0.09814294427633286,0.19978706538677216,0.13771088421344757
5578,bbbc021_cell_05578,ru_poisson,RU-Poisson,0.9779458045959473,0.9670552015304565,0.20172706246376038,0.1990591287612915,0.30458739399909973,0.19039034843444824
5584,bbbc021_cell_05584,ru_poisson,RU-Poisson,0.9805570244789124,0.9739157557487488,0.2287498265504837,0.13405543565750122,0.2038319706916809,0.1038353219628334
5585,bbbc021_cell_05585,ru_poisson,RU-Poisson,0.9703651070594788,0.9590045809745789,0.22359570860862732,0.1528540700674057,0.21986939013004303,0.16506844758987427
5587,bbbc021_cell_05587,ru_poisson,RU-Poisson,0.9733253121376038,0.9612741470336914,0.1991196572780609,0.20219630002975464,0.2601006329059601,0.2442932277917862
5589,bbbc021_cell_05589,ru_poisson,RU-Poisson,0.9817642569541931,0.9714040756225586,0.2174052596092224,0.11097201704978943,0.1534470170736313,0.27893996238708496
5596,bbbc021_cell_05596,ru_poisson,RU-Poisson,0.9663040637969971,0.9462761282920837,0.2681201696395874,0.11433257907629013,0.2136506289243698,0.10743309557437897
5603,bbbc021_cell_05603,ru_poisson,RU-Poisson,0.9846678376197815,0.9799022078514099,0.20119020342826843,0.10615655779838562,0.1699451208114624,0.09578164666891098
5608,bbbc021_cell_05608,ru_poisson,RU-Poisson,0.9617635607719421,0.9139854907989502,0.403316468000412,0.11732032150030136,0.05427055060863495,0.11390717327594757
5610,bbbc021_cell_05610,ru_poisson,RU-Poisson,0.9662837982177734,0.9568719863891602,0.2178291380405426,0.19451221823692322,0.25690728425979614,0.2653735280036926
5615,bbbc021_cell_05615,ru_poisson,RU-Poisson,0.9891564846038818,0.9807580709457397,0.17598293721675873,0.2220771312713623,0.2259024828672409,0.3411499261856079
5618,bbbc021_cell_05618,ru_poisson,RU-Poisson,0.9736101627349854,0.9589834213256836,0.24029332399368286,0.20527416467666626,0.17999090254306793,0.1880381852388382
5623,bbbc021_cell_05623,ru_poisson,RU-Poisson,0.9867224097251892,0.9784168004989624,0.2126544862985611,0.09157423675060272,0.24535414576530457,0.2534463703632355
5633,bbbc021_cell_05633,ru_poisson,RU-Poisson,0.9813725352287292,0.9753227233886719,0.18835313618183136,0.16904610395431519,0.33605071902275085,0.20588156580924988
5646,bbbc021_cell_05646,ru_poisson,RU-Poisson,0.9767834544181824,0.966988205909729,0.22859415411949158,0.10038546472787857,0.14480510354042053,0.2168935239315033
5648,bbbc021_cell_05648,ru_poisson,RU-Poisson,0.9777277112007141,0.9717774391174316,0.21234944462776184,0.13533945381641388,0.17187730967998505,0.14585189521312714
5657,bbbc021_cell_05657,ru_poisson,RU-Poisson,0.9742544293403625,0.9664077758789062,0.1984032690525055,0.172108456492424,0.2665101885795593,0.2777557373046875
5662,bbbc021_cell_05662,ru_poisson,RU-Poisson,0.9806057810783386,0.9738065600395203,0.21148055791854858,0.11049771308898926,0.21018248796463013,0.16854627430438995
5667,bbbc021_cell_05667,ru_poisson,RU-Poisson,0.974452793598175,0.9680248498916626,0.18739691376686096,0.20124737918376923,0.27182501554489136,0.24489299952983856
5674,bbbc021_cell_05674,ru_poisson,RU-Poisson,0.9769250750541687,0.9693964123725891,0.2047579437494278,0.1397261768579483,0.2567491829395294,0.19618995487689972
5677,bbbc021_cell_05677,ru_poisson,RU-Poisson,0.9629328846931458,0.955418586730957,0.22953128814697266,0.1162676066160202,0.23766839504241943,0.2166571170091629
5697,bbbc021_cell_05697,ru_poisson,RU-Poisson,0.9581621289253235,0.9452540874481201,0.24356497824192047,0.156483456492424,0.18292051553726196,0.16724719107151031
5712,bbbc021_cell_05712,ru_poisson,RU-Poisson,0.9793892502784729,0.9704922437667847,0.22040417790412903,0.12456822395324707,0.1692698895931244,0.2672305107116699
5715,bbbc021_cell_05715,ru_poisson,RU-Poisson,0.979560375213623,0.9752644896507263,0.2149549126625061,0.1209687665104866,0.17654374241828918,0.20856384932994843
5728,bbbc021_cell_05728,ru_poisson,RU-Poisson,0.9817001819610596,0.9732781052589417,0.22385253012180328,0.16777370870113373,0.24511374533176422,0.1865531951189041
5737,bbbc021_cell_05737,ru_poisson,RU-Poisson,0.9731268286705017,0.9683769941329956,0.2011951208114624,0.1634596288204193,0.2767651081085205,0.22646841406822205
5742,bbbc021_cell_05742,ru_poisson,RU-Poisson,0.9771645665168762,0.9702697992324829,0.21280308067798615,0.1818135529756546,0.18170364201068878,0.19908872246742249
5744,bbbc021_cell_05744,ru_poisson,RU-Poisson,0.9825856685638428,0.9780882596969604,0.1994907110929489,0.12109582126140594,0.21502505242824554,0.19315114617347717
5758,bbbc021_cell_05758,ru_poisson,RU-Poisson,0.9757193922996521,0.9638735055923462,0.22386153042316437,0.1802700310945511,0.19171498715877533,0.23576416075229645
5763,bbbc021_cell_05763,ru_poisson,RU-Poisson,0.9740738868713379,0.9567883610725403,0.2860584557056427,0.16153472661972046,0.13251592218875885,0.10644012689590454
5770,bbbc021_cell_05770,ru_poisson,RU-Poisson,0.9508948922157288,0.9088395237922668,0.39983221888542175,0.10757958143949509,0.06573743373155594,0.08180484920740128
5774,bbbc021_cell_05774,ru_poisson,RU-Poisson,0.9647526741027832,0.9285541772842407,0.3767264485359192,0.1616588979959488,0.08187134563922882,0.2222108542919159
5785,bbbc021_cell_05785,ru_poisson,RU-Poisson,0.9701268672943115,0.960036039352417,0.23272043466567993,0.1310233771800995,0.15986201167106628,0.1412142664194107
5793,bbbc021_cell_05793,ru_poisson,RU-Poisson,0.9733317494392395,0.9637508988380432,0.23995152115821838,0.10493861883878708,0.14737099409103394,0.20563827455043793
5802,bbbc021_cell_05802,ru_poisson,RU-Poisson,0.9794606566429138,0.9756061434745789,0.2042839527130127,0.1598864048719406,0.26657453179359436,0.1556011587381363
5803,bbbc021_cell_05803,ru_poisson,RU-Poisson,0.9705352187156677,0.9671626687049866,0.218790203332901,0.17298267781734467,0.382931649684906,0.3880373239517212
5804,bbbc021_cell_05804,ru_poisson,RU-Poisson,0.9752923846244812,0.9661356210708618,0.2318834513425827,0.09681963920593262,0.2257070392370224,0.1413431018590927
5810,bbbc021_cell_05810,ru_poisson,RU-Poisson,0.9740720391273499,0.9667214155197144,0.1879637986421585,0.20317323505878448,0.34912827610969543,0.37384986877441406
5813,bbbc021_cell_05813,ru_poisson,RU-Poisson,0.9859787821769714,0.9822421073913574,0.15207013487815857,0.2825668752193451,0.4031907618045807,0.41488873958587646
5819,bbbc021_cell_05819,ru_poisson,RU-Poisson,0.9869416356086731,0.9849077463150024,0.17839157581329346,0.16391025483608246,0.18859413266181946,0.23925405740737915
5831,bbbc021_cell_05831,ru_poisson,RU-Poisson,0.9780144691467285,0.9729290008544922,0.20218737423419952,0.15282584726810455,0.25951892137527466,0.2348441332578659
5838,bbbc021_cell_05838,ru_poisson,RU-Poisson,0.9759029746055603,0.9662866592407227,0.24186934530735016,0.11691132187843323,0.15946616232395172,0.18815229833126068
5848,bbbc021_cell_05848,ru_poisson,RU-Poisson,0.9747108817100525,0.9609395861625671,0.20088785886764526,0.2300146222114563,0.2955144941806793,0.28114935755729675
5850,bbbc021_cell_05850,ru_poisson,RU-Poisson,0.9610278010368347,0.9488447904586792,0.2512255012989044,0.11856864392757416,0.19398459792137146,0.12370224297046661
5851,bbbc021_cell_05851,ru_poisson,RU-Poisson,0.9752572178840637,0.9623458385467529,0.1895260512828827,0.2533664405345917,0.5020760893821716,0.3433949947357178
5860,bbbc021_cell_05860,ru_poisson,RU-Poisson,0.9823972582817078,0.9749396443367004,0.20760034024715424,0.13100667297840118,0.18113456666469574,0.16330963373184204
5877,bbbc021_cell_05877,ru_poisson,RU-Poisson,0.9630875587463379,0.9331205487251282,0.3338104784488678,0.0897592157125473,0.09889943152666092,0.19924218952655792
5878,bbbc021_cell_05878,ru_poisson,RU-Poisson,0.9731876254081726,0.959912121295929,0.2744333744049072,0.11761610954999924,0.18715828657150269,0.083027683198452
5880,bbbc021_cell_05880,ru_poisson,RU-Poisson,0.9740323424339294,0.9598677754402161,0.25346723198890686,0.14510132372379303,0.16652344167232513,0.12435971945524216
5884,bbbc021_cell_05884,ru_poisson,RU-Poisson,0.9826005101203918,0.979631781578064,0.19643734395503998,0.11523102223873138,0.21863104403018951,0.16989491879940033
5890,bbbc021_cell_05890,ru_poisson,RU-Poisson,0.9812309741973877,0.9766854047775269,0.1971980333328247,0.11930914968252182,0.31004586815834045,0.18303824961185455
5892,bbbc021_cell_05892,ru_poisson,RU-Poisson,0.9659867882728577,0.9540665149688721,0.29718467593193054,0.11086113750934601,0.1319114863872528,0.0791231319308281
5895,bbbc021_cell_05895,ru_poisson,RU-Poisson,0.9717764854431152,0.9632867574691772,0.21337123215198517,0.1713450402021408,0.22326874732971191,0.25789767503738403
5899,bbbc021_cell_05899,ru_poisson,RU-Poisson,0.9810505509376526,0.9743666648864746,0.22501808404922485,0.13442350924015045,0.15435443818569183,0.1310776174068451
5903,bbbc021_cell_05903,ru_poisson,RU-Poisson,0.9822068810462952,0.9759528040885925,0.180311381816864,0.21608863770961761,0.326070100069046,0.25610730051994324
5904,bbbc021_cell_05904,ru_poisson,RU-Poisson,0.971557080745697,0.9612188935279846,0.23107703030109406,0.19098703563213348,0.19004657864570618,0.15202878415584564
5906,bbbc021_cell_05906,ru_poisson,RU-Poisson,0.9783992171287537,0.9659354090690613,0.23827910423278809,0.1640513390302658,0.22011901438236237,0.13822589814662933
5916,bbbc021_cell_05916,ru_poisson,RU-Poisson,0.959888756275177,0.9449936747550964,0.28074872493743896,0.14122329652309418,0.16091065108776093,0.23005139827728271
5919,bbbc021_cell_05919,ru_poisson,RU-Poisson,0.9648172855377197,0.9542436003684998,0.2609228193759918,0.15283752977848053,0.18345573544502258,0.13749532401561737
5939,bbbc021_cell_05939,ru_poisson,RU-Poisson,0.970812976360321,0.959496021270752,0.24895714223384857,0.19405557215213776,0.20351234078407288,0.18699298799037933
5941,bbbc021_cell_05941,ru_poisson,RU-Poisson,0.9715609550476074,0.9531559944152832,0.25278690457344055,0.20972320437431335,0.24723199009895325,0.33078256249427795
5961,bbbc021_cell_05961,ru_poisson,RU-Poisson,0.9779751896858215,0.9678952693939209,0.2474367767572403,0.11697520315647125,0.14107945561408997,0.15595753490924835
5966,bbbc021_cell_05966,ru_poisson,RU-Poisson,0.9835452437400818,0.9789161086082458,0.17941172420978546,0.21854481101036072,0.24631524085998535,0.22695179283618927
5967,bbbc021_cell_05967,ru_poisson,RU-Poisson,0.965785801410675,0.9440328478813171,0.23019060492515564,0.16017237305641174,0.29222819209098816,0.19500504434108734
5968,bbbc021_cell_05968,ru_poisson,RU-Poisson,0.985317051410675,0.9829462766647339,0.16877105832099915,0.20177657902240753,0.33016717433929443,0.24947865307331085
5969,bbbc021_cell_05969,ru_poisson,RU-Poisson,0.9688682556152344,0.9621344804763794,0.22771336138248444,0.1146056279540062,0.1947428286075592,0.20453296601772308
5976,bbbc021_cell_05976,ru_poisson,RU-Poisson,0.9774229526519775,0.9693394899368286,0.22208186984062195,0.17071183025836945,0.2024984359741211,0.21069006621837616
5980,bbbc021_cell_05980,ru_poisson,RU-Poisson,0.9828822016716003,0.9812523722648621,0.18303002417087555,0.12484456598758698,0.244676411151886,0.22824741899967194
5994,bbbc021_cell_05994,ru_poisson,RU-Poisson,0.9849608540534973,0.982663094997406,0.19000552594661713,0.17896203696727753,0.18063701689243317,0.17678822576999664
6006,bbbc021_cell_06006,ru_poisson,RU-Poisson,0.9806011319160461,0.9732089638710022,0.2031055986881256,0.18691939115524292,0.21415819227695465,0.14621084928512573
6013,bbbc021_cell_06013,ru_poisson,RU-Poisson,0.9778782725334167,0.9686551094055176,0.21007660031318665,0.18226784467697144,0.20316186547279358,0.22885461151599884
6018,bbbc021_cell_06018,ru_poisson,RU-Poisson,0.9755465984344482,0.968733012676239,0.20496425032615662,0.2086201161146164,0.25228017568588257,0.20075875520706177
6020,bbbc021_cell_06020,ru_poisson,RU-Poisson,0.9808587431907654,0.9779847264289856,0.19508346915245056,0.10865497589111328,0.20737224817276,0.17655426263809204
6021,bbbc021_cell_06021,ru_poisson,RU-Poisson,0.9727478623390198,0.9660379886627197,0.19624486565589905,0.15429075062274933,0.22762660682201385,0.20385968685150146
6022,bbbc021_cell_06022,ru_poisson,RU-Poisson,0.9650413393974304,0.945513129234314,0.22079654037952423,0.252113938331604,0.24689528346061707,0.2056569755077362
6025,bbbc021_cell_06025,ru_poisson,RU-Poisson,0.9657957553863525,0.9542195200920105,0.24385343492031097,0.17020836472511292,0.17179478704929352,0.15616965293884277
6027,bbbc021_cell_06027,ru_poisson,RU-Poisson,0.983558177947998,0.9815076589584351,0.1877562701702118,0.11904288083314896,0.26308950781822205,0.20404621958732605
6042,bbbc021_cell_06042,ru_poisson,RU-Poisson,0.9915799498558044,0.9906426668167114,0.14188335835933685,0.14442908763885498,0.2373761534690857,0.18888132274150848
6047,bbbc021_cell_06047,ru_poisson,RU-Poisson,0.969188928604126,0.9466363787651062,0.24643994867801666,0.18034806847572327,0.28145548701286316,0.18406784534454346
6048,bbbc021_cell_06048,ru_poisson,RU-Poisson,0.9857265949249268,0.9803372621536255,0.188253253698349,0.14404898881912231,0.18477748334407806,0.19526894390583038
6060,bbbc021_cell_06060,ru_poisson,RU-Poisson,0.98947674036026,0.9819337129592896,0.1821163445711136,0.18860609829425812,0.23138251900672913,0.3060598075389862
6063,bbbc021_cell_06063,ru_poisson,RU-Poisson,0.9790477156639099,0.9735754132270813,0.19398343563079834,0.16685305535793304,0.24318991601467133,0.3201760947704315
6067,bbbc021_cell_06067,ru_poisson,RU-Poisson,0.9818693995475769,0.9787689447402954,0.19655586779117584,0.12369159609079361,0.2483270913362503,0.161132350564003
6071,bbbc021_cell_06071,ru_poisson,RU-Poisson,0.9835771918296814,0.9800770282745361,0.1824413537979126,0.215413436293602,0.31459370255470276,0.3094307482242584
6075,bbbc021_cell_06075,ru_poisson,RU-Poisson,0.9831242561340332,0.9750885367393494,0.21145687997341156,0.15814265608787537,0.19892369210720062,0.18503180146217346
6083,bbbc021_cell_06083,ru_poisson,RU-Poisson,0.9792312979698181,0.9719007611274719,0.18659564852714539,0.22989287972450256,0.3225994408130646,0.3161223530769348
6085,bbbc021_cell_06085,ru_poisson,RU-Poisson,0.9741129279136658,0.9680139422416687,0.2019854635000229,0.16794663667678833,0.23860329389572144,0.18687942624092102
6089,bbbc021_cell_06089,ru_poisson,RU-Poisson,0.977440357208252,0.9688715934753418,0.23011647164821625,0.10552234947681427,0.17229606211185455,0.2596587538719177
6091,bbbc021_cell_06091,ru_poisson,RU-Poisson,0.9839000701904297,0.9797574281692505,0.15908417105674744,0.23793384432792664,0.381727397441864,0.39771199226379395
6110,bbbc021_cell_06110,ru_poisson,RU-Poisson,0.9737610816955566,0.9491950869560242,0.29453596472740173,0.14005312323570251,0.13787485659122467,0.2858755588531494
6117,bbbc021_cell_06117,ru_poisson,RU-Poisson,0.968052089214325,0.9598668217658997,0.2755501866340637,0.079407699406147,0.19642780721187592,0.1573798805475235
6129,bbbc021_cell_06129,ru_poisson,RU-Poisson,0.9765394330024719,0.9718056321144104,0.18677935004234314,0.15679305791854858,0.25215408205986023,0.25807690620422363
6135,bbbc021_cell_06135,ru_poisson,RU-Poisson,0.9825055599212646,0.9770750999450684,0.18332453072071075,0.2091483622789383,0.2681675851345062,0.31951093673706055
6137,bbbc021_cell_06137,ru_poisson,RU-Poisson,0.9791438579559326,0.9733054041862488,0.21158786118030548,0.14597009122371674,0.22316239774227142,0.24434101581573486
6139,bbbc021_cell_06139,ru_poisson,RU-Poisson,0.9773809909820557,0.9702374935150146,0.20073607563972473,0.1996021717786789,0.24027447402477264,0.20903722941875458
6147,bbbc021_cell_06147,ru_poisson,RU-Poisson,0.9821402430534363,0.9771943688392639,0.18488407135009766,0.20976734161376953,0.26654526591300964,0.2330305576324463
6156,bbbc021_cell_06156,ru_poisson,RU-Poisson,0.9844098687171936,0.9772444367408752,0.20358914136886597,0.10857957601547241,0.24128450453281403,0.3230035901069641
6157,bbbc021_cell_06157,ru_poisson,RU-Poisson,0.9878339171409607,0.9824665784835815,0.18316227197647095,0.143926203250885,0.16745442152023315,0.2361138015985489
6158,bbbc021_cell_06158,ru_poisson,RU-Poisson,0.9665749669075012,0.9569752216339111,0.19499711692333221,0.18791909515857697,0.3403488099575043,0.2855095863342285
6162,bbbc021_cell_06162,ru_poisson,RU-Poisson,0.9736574292182922,0.9660211801528931,0.22486041486263275,0.12151128053665161,0.18274711072444916,0.13102903962135315
6171,bbbc021_cell_06171,ru_poisson,RU-Poisson,0.9833164215087891,0.9753329157829285,0.2085709124803543,0.15939466655254364,0.17106957733631134,0.21263039112091064
6177,bbbc021_cell_06177,ru_poisson,RU-Poisson,0.9885616898536682,0.9859922528266907,0.16142821311950684,0.13194265961647034,0.24021068215370178,0.18845190107822418
6181,bbbc021_cell_06181,ru_poisson,RU-Poisson,0.9731552004814148,0.9644343256950378,0.24705073237419128,0.14463600516319275,0.11961337178945541,0.12535519897937775
6182,bbbc021_cell_06182,ru_poisson,RU-Poisson,0.9843230247497559,0.981346070766449,0.18048137426376343,0.1615522801876068,0.2741817235946655,0.22270753979682922
6184,bbbc021_cell_06184,ru_poisson,RU-Poisson,0.9744465351104736,0.9726482033729553,0.20788219571113586,0.19535687565803528,0.27496257424354553,0.15838003158569336
6189,bbbc021_cell_06189,ru_poisson,RU-Poisson,0.9775300025939941,0.9716758131980896,0.19058960676193237,0.23999376595020294,0.28877970576286316,0.26429158449172974
6199,bbbc021_cell_06199,ru_poisson,RU-Poisson,0.9786437153816223,0.9634605050086975,0.25633949041366577,0.12156715989112854,0.22515735030174255,0.0932542085647583
6204,bbbc021_cell_06204,ru_poisson,RU-Poisson,0.9860672354698181,0.9845841526985168,0.1640728861093521,0.19770585000514984,0.3021508753299713,0.27708736062049866
6208,bbbc021_cell_06208,ru_poisson,RU-Poisson,0.9762935638427734,0.9677870273590088,0.2185724973678589,0.13165917992591858,0.2733997702598572,0.15844765305519104
6209,bbbc021_cell_06209,ru_poisson,RU-Poisson,0.9758018851280212,0.9702317714691162,0.212981179356575,0.12343407422304153,0.17416095733642578,0.1584317535161972
6217,bbbc021_cell_06217,ru_poisson,RU-Poisson,0.9661948084831238,0.942844033241272,0.21594232320785522,0.18949444591999054,0.3671065866947174,0.21526594460010529
6218,bbbc021_cell_06218,ru_poisson,RU-Poisson,0.971321165561676,0.9542005658149719,0.2274608612060547,0.20060837268829346,0.3065939247608185,0.21020159125328064
6222,bbbc021_cell_06222,ru_poisson,RU-Poisson,0.9507673382759094,0.919856071472168,0.2752659022808075,0.16899479925632477,0.1685364842414856,0.1772184818983078
6226,bbbc021_cell_06226,ru_poisson,RU-Poisson,0.9727340340614319,0.9653748869895935,0.23336248099803925,0.10030169039964676,0.16751372814178467,0.22686535120010376
6233,bbbc021_cell_06233,ru_poisson,RU-Poisson,0.9775176048278809,0.9756726622581482,0.21403202414512634,0.09759163856506348,0.17703667283058167,0.19262583553791046
6241,bbbc021_cell_06241,ru_poisson,RU-Poisson,0.9903143048286438,0.9852346181869507,0.16780371963977814,0.1861419379711151,0.20541317760944366,0.20761555433273315
6243,bbbc021_cell_06243,ru_poisson,RU-Poisson,0.9837939143180847,0.9789621829986572,0.185537651181221,0.2002285122871399,0.27834945917129517,0.3370804786682129
6264,bbbc021_cell_06264,ru_poisson,RU-Poisson,0.9621367454528809,0.9491037130355835,0.258258193731308,0.12533412873744965,0.14195777475833893,0.10754717886447906
6265,bbbc021_cell_06265,ru_poisson,RU-Poisson,0.9835116267204285,0.9767218828201294,0.2039090245962143,0.19061411917209625,0.2528102397918701,0.21924489736557007
6275,bbbc021_cell_06275,ru_poisson,RU-Poisson,0.9783636927604675,0.970210075378418,0.1784282624721527,0.20884057879447937,0.29930418729782104,0.2835966646671295
6277,bbbc021_cell_06277,ru_poisson,RU-Poisson,0.9760134816169739,0.9732572436332703,0.21499307453632355,0.11628643423318863,0.26873207092285156,0.24016842246055603
6287,bbbc021_cell_06287,ru_poisson,RU-Poisson,0.9800876975059509,0.9699520468711853,0.20020133256912231,0.1827561855316162,0.2899755537509918,0.17546726763248444
6292,bbbc021_cell_06292,ru_poisson,RU-Poisson,0.98570317029953,0.9802218079566956,0.19469933211803436,0.16694232821464539,0.15580932796001434,0.11993992328643799
6301,bbbc021_cell_06301,ru_poisson,RU-Poisson,0.9759411811828613,0.9676588773727417,0.2219541370868683,0.19722849130630493,0.16609416902065277,0.14398692548274994
6309,bbbc021_cell_06309,ru_poisson,RU-Poisson,0.9807265400886536,0.9721733927726746,0.2107301503419876,0.13196764886379242,0.15342144668102264,0.16360117495059967
6318,bbbc021_cell_06318,ru_poisson,RU-Poisson,0.9801912307739258,0.961903989315033,0.2779865264892578,0.12882056832313538,0.17484283447265625,0.07048683613538742
6325,bbbc021_cell_06325,ru_poisson,RU-Poisson,0.9804118275642395,0.9731154441833496,0.22163499891757965,0.14190223813056946,0.2256605476140976,0.154129296541214
6335,bbbc021_cell_06335,ru_poisson,RU-Poisson,0.9808018803596497,0.97794508934021,0.19096827507019043,0.16689352691173553,0.2799341678619385,0.1453009396791458
6339,bbbc021_cell_06339,ru_poisson,RU-Poisson,0.9852592349052429,0.9831787347793579,0.18400120735168457,0.16523641347885132,0.23192168772220612,0.2062598615884781
6353,bbbc021_cell_06353,ru_poisson,RU-Poisson,0.9806469082832336,0.9763532876968384,0.20871219038963318,0.10189653187990189,0.23128335177898407,0.1492728590965271
6362,bbbc021_cell_06362,ru_poisson,RU-Poisson,0.9740955829620361,0.9637001156806946,0.2546342611312866,0.09151598811149597,0.15475618839263916,0.184561088681221
6364,bbbc021_cell_06364,ru_poisson,RU-Poisson,0.9869970679283142,0.9840030074119568,0.1571342945098877,0.19427157938480377,0.3244531452655792,0.4359351098537445
6366,bbbc021_cell_06366,ru_poisson,RU-Poisson,0.982584536075592,0.9813503623008728,0.18172486126422882,0.1224125474691391,0.21880090236663818,0.18597917258739471
6368,bbbc021_cell_06368,ru_poisson,RU-Poisson,0.9815371632575989,0.9790303707122803,0.204794779419899,0.10497060418128967,0.2476215362548828,0.2653960883617401
6386,bbbc021_cell_06386,ru_poisson,RU-Poisson,0.97588711977005,0.9638042449951172,0.22052836418151855,0.17308618128299713,0.23519465327262878,0.15499237179756165
6402,bbbc021_cell_06402,ru_poisson,RU-Poisson,0.9787182807922363,0.9535295367240906,0.262336790561676,0.2608082592487335,0.168863445520401,0.33373332023620605
6403,bbbc021_cell_06403,ru_poisson,RU-Poisson,0.9752798676490784,0.9711788296699524,0.20344452559947968,0.13020677864551544,0.22362856566905975,0.31199049949645996
6410,bbbc021_cell_06410,ru_poisson,RU-Poisson,0.9649254679679871,0.9523926377296448,0.2182220071554184,0.16533596813678741,0.24519018828868866,0.2118515521287918
6416,bbbc021_cell_06416,ru_poisson,RU-Poisson,0.9696653485298157,0.9515041708946228,0.2861822247505188,0.14066629111766815,0.10210597515106201,0.14257405698299408
6421,bbbc021_cell_06421,ru_poisson,RU-Poisson,0.9907137751579285,0.9895099997520447,0.14352034032344818,0.15470652282238007,0.24694369733333588,0.1510312259197235
6422,bbbc021_cell_06422,ru_poisson,RU-Poisson,0.9679401516914368,0.9584686756134033,0.24561761319637299,0.11472112685441971,0.1559026837348938,0.1702192723751068
6423,bbbc021_cell_06423,ru_poisson,RU-Poisson,0.969449520111084,0.9624106287956238,0.22683629393577576,0.15383948385715485,0.20960292220115662,0.21872185170650482
6427,bbbc021_cell_06427,ru_poisson,RU-Poisson,0.9769837260246277,0.9680205583572388,0.23725436627864838,0.16568505764007568,0.176067054271698,0.11573614925146103
6428,bbbc021_cell_06428,ru_poisson,RU-Poisson,0.9800060391426086,0.9714474678039551,0.1902506947517395,0.23214657604694366,0.3040832281112671,0.19870473444461823
6432,bbbc021_cell_06432,ru_poisson,RU-Poisson,0.9718027114868164,0.9568227529525757,0.26278847455978394,0.11322483420372009,0.17042021453380585,0.15107938647270203
6446,bbbc021_cell_06446,ru_poisson,RU-Poisson,0.9666140079498291,0.9513349533081055,0.28186917304992676,0.10040315985679626,0.14289610087871552,0.20827271044254303
6457,bbbc021_cell_06457,ru_poisson,RU-Poisson,0.9858551025390625,0.9829714298248291,0.17747929692268372,0.1268712729215622,0.21670891344547272,0.22673115134239197
6471,bbbc021_cell_06471,ru_poisson,RU-Poisson,0.9824922680854797,0.9784654974937439,0.184110626578331,0.13188578188419342,0.22798274457454681,0.19904564321041107
6484,bbbc021_cell_06484,ru_poisson,RU-Poisson,0.9814766049385071,0.975319504737854,0.19293347001075745,0.17671576142311096,0.29279473423957825,0.19262303411960602
6496,bbbc021_cell_06496,ru_poisson,RU-Poisson,0.9638321995735168,0.9586250185966492,0.2454807609319687,0.09542562812566757,0.1935470551252365,0.16034209728240967
6498,bbbc021_cell_06498,ru_poisson,RU-Poisson,0.9703286290168762,0.961796224117279,0.23484472930431366,0.12374527752399445,0.18222177028656006,0.2503947913646698
6503,bbbc021_cell_06503,ru_poisson,RU-Poisson,0.9793513417243958,0.9753580689430237,0.2113146334886551,0.11909466981887817,0.1470668613910675,0.12658259272575378
6509,bbbc021_cell_06509,ru_poisson,RU-Poisson,0.9809406399726868,0.975358784198761,0.2110568881034851,0.12926313281059265,0.3113897144794464,0.17239715158939362
6513,bbbc021_cell_06513,ru_poisson,RU-Poisson,0.9686563611030579,0.9546850919723511,0.22444109618663788,0.1368018239736557,0.24368803203105927,0.14905455708503723
6522,bbbc021_cell_06522,ru_poisson,RU-Poisson,0.9790272116661072,0.9675360918045044,0.198083758354187,0.2457176297903061,0.40253281593322754,0.24649788439273834
6539,bbbc021_cell_06539,ru_poisson,RU-Poisson,0.9828999042510986,0.9759051203727722,0.21578215062618256,0.12824711203575134,0.25807949900627136,0.14210696518421173
6545,bbbc021_cell_06545,ru_poisson,RU-Poisson,0.9829859137535095,0.9768892526626587,0.20513877272605896,0.16363643109798431,0.20536640286445618,0.19089090824127197
6547,bbbc021_cell_06547,ru_poisson,RU-Poisson,0.9848887920379639,0.9781249165534973,0.1954198181629181,0.1658397614955902,0.210706427693367,0.21135394275188446
6552,bbbc021_cell_06552,ru_poisson,RU-Poisson,0.9647169709205627,0.951908528804779,0.31255707144737244,0.05221891403198242,0.16721324622631073,0.1546313762664795
6559,bbbc021_cell_06559,ru_poisson,RU-Poisson,0.9551949501037598,0.9235056042671204,0.3446379601955414,0.10526619106531143,0.12169646471738815,0.15574292838573456
6564,bbbc021_cell_06564,ru_poisson,RU-Poisson,0.9760071635246277,0.9736409783363342,0.20197659730911255,0.11885102093219757,0.2111566960811615,0.18896383047103882
6566,bbbc021_cell_06566,ru_poisson,RU-Poisson,0.977564811706543,0.9707984328269958,0.22473500669002533,0.14802269637584686,0.233399897813797,0.13925868272781372
6570,bbbc021_cell_06570,ru_poisson,RU-Poisson,0.988024890422821,0.9840720295906067,0.16440360248088837,0.21740129590034485,0.27559587359428406,0.2420695722103119
6584,bbbc021_cell_06584,ru_poisson,RU-Poisson,0.9732420444488525,0.9659078121185303,0.25270339846611023,0.1189008578658104,0.13172303140163422,0.12934133410453796
6588,bbbc021_cell_06588,ru_poisson,RU-Poisson,0.9818705916404724,0.977939248085022,0.2037731111049652,0.23969139158725739,0.39782950282096863,0.28874966502189636
6594,bbbc021_cell_06594,ru_poisson,RU-Poisson,0.9793073534965515,0.970815896987915,0.1656770408153534,0.3050030767917633,0.45102331042289734,0.33334341645240784
6612,bbbc021_cell_06612,ru_poisson,RU-Poisson,0.9857483506202698,0.983570396900177,0.16034004092216492,0.15485407412052155,0.2397472858428955,0.19035235047340393
6628,bbbc021_cell_06628,ru_poisson,RU-Poisson,0.9847700595855713,0.9789983034133911,0.1653883010149002,0.2617051601409912,0.34968775510787964,0.24715310335159302
6637,bbbc021_cell_06637,ru_poisson,RU-Poisson,0.9691627025604248,0.9593216776847839,0.22564707696437836,0.11693285405635834,0.26653939485549927,0.20202839374542236
6642,bbbc021_cell_06642,ru_poisson,RU-Poisson,0.9775481820106506,0.968824565410614,0.2341945320367813,0.10154207795858383,0.17166106402873993,0.29080823063850403
6647,bbbc021_cell_06647,ru_poisson,RU-Poisson,0.9774945378303528,0.969355583190918,0.23776650428771973,0.13944052159786224,0.15758898854255676,0.09842678904533386
6648,bbbc021_cell_06648,ru_poisson,RU-Poisson,0.9744880199432373,0.9700040817260742,0.20829017460346222,0.1325400471687317,0.20303727686405182,0.16071899235248566
6649,bbbc021_cell_06649,ru_poisson,RU-Poisson,0.9800570607185364,0.9704283475875854,0.2222779393196106,0.13741061091423035,0.2840125858783722,0.14883941411972046
6653,bbbc021_cell_06653,ru_poisson,RU-Poisson,0.9827069640159607,0.9779782891273499,0.19332894682884216,0.18238171935081482,0.2822086215019226,0.2755016088485718
6656,bbbc021_cell_06656,ru_poisson,RU-Poisson,0.9775881767272949,0.9726001024246216,0.19231943786144257,0.14800943434238434,0.2423616498708725,0.20243221521377563
6660,bbbc021_cell_06660,ru_poisson,RU-Poisson,0.9729058742523193,0.9693328142166138,0.2288527637720108,0.10992206633090973,0.1688428819179535,0.16525165736675262
6672,bbbc021_cell_06672,ru_poisson,RU-Poisson,0.9768655896186829,0.9674926400184631,0.1986590176820755,0.18233509361743927,0.27031734585762024,0.2162180244922638
6676,bbbc021_cell_06676,ru_poisson,RU-Poisson,0.9789002537727356,0.973081648349762,0.20606549084186554,0.17783918976783752,0.19098755717277527,0.17074255645275116
6682,bbbc021_cell_06682,ru_poisson,RU-Poisson,0.976830780506134,0.9686402678489685,0.21249355375766754,0.20191578567028046,0.18458989262580872,0.22978346049785614
6683,bbbc021_cell_06683,ru_poisson,RU-Poisson,0.9807946085929871,0.9734542369842529,0.20867539942264557,0.19169113039970398,0.2134164273738861,0.14364835619926453
6691,bbbc021_cell_06691,ru_poisson,RU-Poisson,0.971261739730835,0.963939368724823,0.24863915145397186,0.0947292149066925,0.128850057721138,0.12070394307374954
6695,bbbc021_cell_06695,ru_poisson,RU-Poisson,0.9532386660575867,0.9412306547164917,0.2644893527030945,0.1260351538658142,0.1622314602136612,0.12986956536769867
6700,bbbc021_cell_06700,ru_poisson,RU-Poisson,0.9711564183235168,0.9565348029136658,0.19557137787342072,0.21133176982402802,0.33328622579574585,0.29756706953048706
6705,bbbc021_cell_06705,ru_poisson,RU-Poisson,0.9653997421264648,0.9567368030548096,0.2164756804704666,0.1640237420797348,0.24606190621852875,0.28015902638435364
6706,bbbc021_cell_06706,ru_poisson,RU-Poisson,0.9830062985420227,0.9759212732315063,0.21403346955776215,0.12471052259206772,0.16962406039237976,0.14338257908821106
6711,bbbc021_cell_06711,ru_poisson,RU-Poisson,0.9854748845100403,0.9823038578033447,0.186876118183136,0.1149856373667717,0.2392032891511917,0.2476973980665207
6732,bbbc021_cell_06732,ru_poisson,RU-Poisson,0.9852461814880371,0.9838182926177979,0.17057649791240692,0.14084278047084808,0.275248259305954,0.24828319251537323
6742,bbbc021_cell_06742,ru_poisson,RU-Poisson,0.9721360206604004,0.9587479829788208,0.2050590217113495,0.20765531063079834,0.31683024764060974,0.2083176076412201
6744,bbbc021_cell_06744,ru_poisson,RU-Poisson,0.7998979687690735,0.4668276011943817,3.753371238708496,0.11429062485694885,0.002880789339542389,0.04299112409353256
6747,bbbc021_cell_06747,ru_poisson,RU-Poisson,0.9723212122917175,0.9683256149291992,0.20271526277065277,0.12584300339221954,0.2377137839794159,0.2066042125225067
6757,bbbc021_cell_06757,ru_poisson,RU-Poisson,0.9795017242431641,0.9689631462097168,0.21882502734661102,0.18402157723903656,0.23845309019088745,0.1291608214378357
6769,bbbc021_cell_06769,ru_poisson,RU-Poisson,0.9860528111457825,0.9826269149780273,0.17719970643520355,0.15267550945281982,0.23060362040996552,0.17684391140937805
6786,bbbc021_cell_06786,ru_poisson,RU-Poisson,0.9750444293022156,0.9651710987091064,0.20988647639751434,0.19556088745594025,0.20086903870105743,0.18379665911197662
6787,bbbc021_cell_06787,ru_poisson,RU-Poisson,0.9816437363624573,0.9751064777374268,0.19646714627742767,0.1771366149187088,0.22235728800296783,0.18089865148067474
6800,bbbc021_cell_06800,ru_poisson,RU-Poisson,0.9818603992462158,0.9734185934066772,0.19512180984020233,0.1644182950258255,0.18987415730953217,0.2073141634464264
6808,bbbc021_cell_06808,ru_poisson,RU-Poisson,0.9755232930183411,0.9632495045661926,0.22298268973827362,0.12225021421909332,0.23584619164466858,0.14030338823795319
6826,bbbc021_cell_06826,ru_poisson,RU-Poisson,0.9789689183235168,0.9760029911994934,0.19087745249271393,0.1198069304227829,0.2564985156059265,0.23441796004772186
6831,bbbc021_cell_06831,ru_poisson,RU-Poisson,0.9816848635673523,0.9758790731430054,0.20638853311538696,0.140306293964386,0.17400558292865753,0.23462101817131042
6833,bbbc021_cell_06833,ru_poisson,RU-Poisson,0.973951518535614,0.9700577855110168,0.22433428466320038,0.11279366165399551,0.1577136218547821,0.1707002818584442
6835,bbbc021_cell_06835,ru_poisson,RU-Poisson,0.9760149121284485,0.9584517478942871,0.19266986846923828,0.21453040838241577,0.36020463705062866,0.22418686747550964
6837,bbbc021_cell_06837,ru_poisson,RU-Poisson,0.4243607223033905,0.07598531991243362,10.013646125793457,0.12467311322689056,0.0008204859332181513,0.001940968562848866
6845,bbbc021_cell_06845,ru_poisson,RU-Poisson,0.9721986651420593,0.9590049386024475,0.24657928943634033,0.09528126567602158,0.22886908054351807,0.13154269754886627
6848,bbbc021_cell_06848,ru_poisson,RU-Poisson,0.9778831601142883,0.9644988179206848,0.23610280454158783,0.20671863853931427,0.2865159213542938,0.262129008769989
6855,bbbc021_cell_06855,ru_poisson,RU-Poisson,0.9662332534790039,0.9580748081207275,0.21198619902133942,0.16174697875976562,0.24776142835617065,0.24548260867595673
6860,bbbc021_cell_06860,ru_poisson,RU-Poisson,0.968678891658783,0.9605991840362549,0.20848368108272552,0.13700127601623535,0.22424055635929108,0.2052796185016632
6865,bbbc021_cell_06865,ru_poisson,RU-Poisson,0.9782419800758362,0.9737731218338013,0.17273598909378052,0.23081061244010925,0.3638269305229187,0.3367893397808075
6872,bbbc021_cell_06872,ru_poisson,RU-Poisson,0.9788899421691895,0.9721582531929016,0.20408248901367188,0.20825794339179993,0.21206755936145782,0.22081021964550018
6880,bbbc021_cell_06880,ru_poisson,RU-Poisson,0.9637047648429871,0.9434543251991272,0.27621930837631226,0.15541024506092072,0.1405683308839798,0.15941984951496124
6887,bbbc021_cell_06887,ru_poisson,RU-Poisson,0.9749125838279724,0.9663112163543701,0.19964833557605743,0.16284607350826263,0.20620004832744598,0.17185468971729279
6889,bbbc021_cell_06889,ru_poisson,RU-Poisson,0.9721328616142273,0.9619235396385193,0.22417283058166504,0.17004285752773285,0.18318676948547363,0.21954627335071564
6894,bbbc021_cell_06894,ru_poisson,RU-Poisson,0.9788166880607605,0.9696135520935059,0.20656032860279083,0.21102960407733917,0.259735643863678,0.213395357131958
6904,bbbc021_cell_06904,ru_poisson,RU-Poisson,0.9843690991401672,0.9789918661117554,0.19201236963272095,0.14504602551460266,0.28641727566719055,0.16077633202075958
6913,bbbc021_cell_06913,ru_poisson,RU-Poisson,0.9721576571464539,0.9628804326057434,0.2379901260137558,0.16679596900939941,0.16286700963974,0.13034364581108093
6928,bbbc021_cell_06928,ru_poisson,RU-Poisson,0.9914336800575256,0.9883816242218018,0.14928211271762848,0.17354555428028107,0.17779117822647095,0.15399287641048431
6936,bbbc021_cell_06936,ru_poisson,RU-Poisson,0.9789027571678162,0.9728622436523438,0.22077009081840515,0.10137507319450378,0.1630023866891861,0.13958798348903656
6963,bbbc021_cell_06963,ru_poisson,RU-Poisson,0.9668015837669373,0.9436565637588501,0.2552485466003418,0.1727050393819809,0.2957122027873993,0.17037558555603027
6971,bbbc021_cell_06971,ru_poisson,RU-Poisson,0.9491500854492188,0.9441731572151184,0.33692044019699097,0.04434474557638168,0.08385538309812546,0.06332749873399734
6992,bbbc021_cell_06992,ru_poisson,RU-Poisson,0.9751582145690918,0.970231831073761,0.223088338971138,0.16069969534873962,0.32097673416137695,0.202956885099411
7011,bbbc021_cell_07011,ru_poisson,RU-Poisson,0.9673572182655334,0.9475388526916504,0.24843144416809082,0.1606581062078476,0.26501011848449707,0.17105057835578918
7013,bbbc021_cell_07013,ru_poisson,RU-Poisson,0.973466694355011,0.9631624221801758,0.24366481602191925,0.11269327998161316,0.14072830975055695,0.1693105846643448
7018,bbbc021_cell_07018,ru_poisson,RU-Poisson,0.9670472145080566,0.9522398114204407,0.20857977867126465,0.17815014719963074,0.2637270390987396,0.23809951543807983
7023,bbbc021_cell_07023,ru_poisson,RU-Poisson,0.9793312549591064,0.9748519062995911,0.18629848957061768,0.17971961200237274,0.281662255525589,0.20673909783363342
7035,bbbc021_cell_07035,ru_poisson,RU-Poisson,0.9571793675422668,0.9347149729728699,0.23239459097385406,0.15979406237602234,0.3279759883880615,0.1648034304380417
7038,bbbc021_cell_07038,ru_poisson,RU-Poisson,0.9816945195198059,0.9783565998077393,0.17303894460201263,0.22101712226867676,0.3254944980144501,0.26332250237464905
7041,bbbc021_cell_07041,ru_poisson,RU-Poisson,0.9753109812736511,0.9616283178329468,0.2554089426994324,0.16875320672988892,0.24905869364738464,0.15286216139793396
7042,bbbc021_cell_07042,ru_poisson,RU-Poisson,0.9827895164489746,0.9753256440162659,0.21203993260860443,0.15784302353858948,0.22396890819072723,0.16375358402729034
7047,bbbc021_cell_07047,ru_poisson,RU-Poisson,0.9881449341773987,0.9850578308105469,0.15547522902488708,0.22108983993530273,0.28363698720932007,0.20921947062015533
7057,bbbc021_cell_07057,ru_poisson,RU-Poisson,0.9829956889152527,0.9816564321517944,0.17799358069896698,0.13067331910133362,0.21015620231628418,0.1479083150625229
7068,bbbc021_cell_07068,ru_poisson,RU-Poisson,0.9890585541725159,0.9875836372375488,0.1385825276374817,0.21467991173267365,0.370227575302124,0.30842140316963196
7088,bbbc021_cell_07088,ru_poisson,RU-Poisson,0.9728827476501465,0.9480186700820923,0.22463743388652802,0.2662082612514496,0.4207588732242584,0.2201431840658188
7092,bbbc021_cell_07092,ru_poisson,RU-Poisson,0.9825071692466736,0.9774196743965149,0.17706574499607086,0.20991632342338562,0.25863876938819885,0.23516952991485596
7100,bbbc021_cell_07100,ru_poisson,RU-Poisson,0.9785876274108887,0.9695716500282288,0.17510905861854553,0.17643114924430847,0.27580538392066956,0.2321329265832901
7114,bbbc021_cell_07114,ru_poisson,RU-Poisson,0.961555004119873,0.9306797385215759,0.27171561121940613,0.16808399558067322,0.26765012741088867,0.11640778928995132
7119,bbbc021_cell_07119,ru_poisson,RU-Poisson,0.9800003170967102,0.9673712849617004,0.18971940875053406,0.18616099655628204,0.3309606909751892,0.24098575115203857
7126,bbbc021_cell_07126,ru_poisson,RU-Poisson,0.9733880162239075,0.9684297442436218,0.18571841716766357,0.17386272549629211,0.2636663615703583,0.2395930141210556
7131,bbbc021_cell_07131,ru_poisson,RU-Poisson,0.9814260005950928,0.9705057740211487,0.24137423932552338,0.11661054939031601,0.1532905548810959,0.14582456648349762
7140,bbbc021_cell_07140,ru_poisson,RU-Poisson,0.9723564982414246,0.9658784866333008,0.20554515719413757,0.140708789229393,0.2484220266342163,0.2236696034669876
7142,bbbc021_cell_07142,ru_poisson,RU-Poisson,0.9729189872741699,0.9658446311950684,0.235439732670784,0.11603410542011261,0.17500430345535278,0.1766834557056427
7143,bbbc021_cell_07143,ru_poisson,RU-Poisson,0.9795630574226379,0.9587331414222717,0.2758144736289978,0.1374775916337967,0.15895190834999084,0.26259687542915344
7153,bbbc021_cell_07153,ru_poisson,RU-Poisson,0.9748694896697998,0.9613802433013916,0.2477743923664093,0.13333174586296082,0.22604192793369293,0.1251351237297058
7154,bbbc021_cell_07154,ru_poisson,RU-Poisson,0.9588066935539246,0.9145386219024658,0.3545972406864166,0.1470515877008438,0.22471360862255096,0.08699685335159302
7169,bbbc021_cell_07169,ru_poisson,RU-Poisson,0.9746295809745789,0.966197669506073,0.25614580512046814,0.11004292219877243,0.1405854970216751,0.16479119658470154
7171,bbbc021_cell_07171,ru_poisson,RU-Poisson,0.9820110201835632,0.9730815291404724,0.23057447373867035,0.079922616481781,0.23921026289463043,0.21668903529644012
7172,bbbc021_cell_07172,ru_poisson,RU-Poisson,0.9798604846000671,0.9723809957504272,0.20203180611133575,0.20501305162906647,0.3012414276599884,0.26290756464004517
7178,bbbc021_cell_07178,ru_poisson,RU-Poisson,0.9852660298347473,0.9843746423721313,0.16208544373512268,0.15788231790065765,0.2759075462818146,0.31274309754371643
7184,bbbc021_cell_07184,ru_poisson,RU-Poisson,0.9689221978187561,0.952899158000946,0.22620204091072083,0.16652275621891022,0.30603426694869995,0.19847731292247772
7202,bbbc021_cell_07202,ru_poisson,RU-Poisson,0.975919783115387,0.9651694893836975,0.21804456412792206,0.18718798458576202,0.2225436121225357,0.1735968291759491
7206,bbbc021_cell_07206,ru_poisson,RU-Poisson,0.9591674208641052,0.9501448273658752,0.23149888217449188,0.1608508974313736,0.22618365287780762,0.19192758202552795
7220,bbbc021_cell_07220,ru_poisson,RU-Poisson,0.9720215797424316,0.9570043683052063,0.26006942987442017,0.14468646049499512,0.20100967586040497,0.24383680522441864
7226,bbbc021_cell_07226,ru_poisson,RU-Poisson,0.9729113578796387,0.9649853110313416,0.21516920626163483,0.19609370827674866,0.24644485116004944,0.22673065960407257
7229,bbbc021_cell_07229,ru_poisson,RU-Poisson,0.9712263941764832,0.9645904898643494,0.27490976452827454,0.06387889385223389,0.19824224710464478,0.12584473192691803
7231,bbbc021_cell_07231,ru_poisson,RU-Poisson,0.979830265045166,0.9781727194786072,0.18320611119270325,0.14156626164913177,0.2549702823162079,0.25178566575050354
7237,bbbc021_cell_07237,ru_poisson,RU-Poisson,0.9722234606742859,0.9684708118438721,0.219542995095253,0.10570850968360901,0.20796096324920654,0.19060586392879486
7244,bbbc021_cell_07244,ru_poisson,RU-Poisson,0.9804580807685852,0.9755129218101501,0.20797312259674072,0.10978632420301437,0.24289807677268982,0.13845866918563843
7256,bbbc021_cell_07256,ru_poisson,RU-Poisson,0.9786760210990906,0.9676040410995483,0.22835786640644073,0.18148009479045868,0.17019036412239075,0.17122434079647064
7259,bbbc021_cell_07259,ru_poisson,RU-Poisson,0.9746678471565247,0.9613973498344421,0.2128782421350479,0.12559765577316284,0.29116782546043396,0.1726100593805313
7269,bbbc021_cell_07269,ru_poisson,RU-Poisson,0.9799112677574158,0.9750688672065735,0.21117934584617615,0.16432352364063263,0.1832345873117447,0.1895345002412796
7272,bbbc021_cell_07272,ru_poisson,RU-Poisson,0.9763639569282532,0.9653525352478027,0.23760893940925598,0.18742522597312927,0.2301311492919922,0.17504629492759705
7274,bbbc021_cell_07274,ru_poisson,RU-Poisson,0.9749414920806885,0.9724445939064026,0.20275180041790009,0.12627919018268585,0.22091186046600342,0.19175666570663452
7276,bbbc021_cell_07276,ru_poisson,RU-Poisson,0.988691508769989,0.9842564463615417,0.17525285482406616,0.14078998565673828,0.18343254923820496,0.17178188264369965
7287,bbbc021_cell_07287,ru_poisson,RU-Poisson,0.9722254872322083,0.9652894735336304,0.2397499978542328,0.11456135660409927,0.14219963550567627,0.11309268325567245
7288,bbbc021_cell_07288,ru_poisson,RU-Poisson,0.9665853381156921,0.9475014805793762,0.27915123105049133,0.2196887880563736,0.1566922962665558,0.17659932374954224
7290,bbbc021_cell_07290,ru_poisson,RU-Poisson,0.9764378666877747,0.9669287204742432,0.23261591792106628,0.13114774227142334,0.25463178753852844,0.1522829383611679
7293,bbbc021_cell_07293,ru_poisson,RU-Poisson,0.9681130051612854,0.9620450139045715,0.24440544843673706,0.08624917268753052,0.19327262043952942,0.1371934860944748
7295,bbbc021_cell_07295,ru_poisson,RU-Poisson,0.9854188561439514,0.9847325682640076,0.17712223529815674,0.11067338287830353,0.2243834137916565,0.15181070566177368
7299,bbbc021_cell_07299,ru_poisson,RU-Poisson,0.9629315733909607,0.9259522557258606,0.3523882031440735,0.08433477580547333,0.078971266746521,0.16652268171310425
7301,bbbc021_cell_07301,ru_poisson,RU-Poisson,0.976712167263031,0.9641547799110413,0.21045902371406555,0.22052229940891266,0.19963844120502472,0.14829589426517487
7313,bbbc021_cell_07313,ru_poisson,RU-Poisson,0.969730794429779,0.9532383680343628,0.2715452313423157,0.10646545886993408,0.11681406199932098,0.16253294050693512
7321,bbbc021_cell_07321,ru_poisson,RU-Poisson,0.9734459519386292,0.9706042408943176,0.22986850142478943,0.11015719920396805,0.22201699018478394,0.24008332192897797
7327,bbbc021_cell_07327,ru_poisson,RU-Poisson,0.9703471064567566,0.9512640237808228,0.20658305287361145,0.221250981092453,0.487112820148468,0.23913800716400146
7328,bbbc021_cell_07328,ru_poisson,RU-Poisson,0.9734408855438232,0.9663268327713013,0.231291264295578,0.10567701607942581,0.1435958296060562,0.13275191187858582
7331,bbbc021_cell_07331,ru_poisson,RU-Poisson,0.9910258650779724,0.9880925416946411,0.14560069143772125,0.16116686165332794,0.24319960176944733,0.16730143129825592
7340,bbbc021_cell_07340,ru_poisson,RU-Poisson,0.9729354977607727,0.9584934711456299,0.22880515456199646,0.17671728134155273,0.21253663301467896,0.12822887301445007
7346,bbbc021_cell_07346,ru_poisson,RU-Poisson,0.9755610823631287,0.9652655720710754,0.21098542213439941,0.18843433260917664,0.20535461604595184,0.14108018577098846
7350,bbbc021_cell_07350,ru_poisson,RU-Poisson,0.9788376688957214,0.9733620882034302,0.20777195692062378,0.17574231326580048,0.22224090993404388,0.18302150070667267
7373,bbbc021_cell_07373,ru_poisson,RU-Poisson,0.9782671928405762,0.9729873538017273,0.21510368585586548,0.12335464358329773,0.3787178695201874,0.25457289814949036
7376,bbbc021_cell_07376,ru_poisson,RU-Poisson,0.9809029698371887,0.978676974773407,0.1796543151140213,0.15432356297969818,0.2396722137928009,0.2244725078344345
7383,bbbc021_cell_07383,ru_poisson,RU-Poisson,0.9812955856323242,0.9774954915046692,0.19088640809059143,0.16017328202724457,0.22020737826824188,0.2665196359157562
7404,bbbc021_cell_07404,ru_poisson,RU-Poisson,0.9765778183937073,0.970480740070343,0.21512940526008606,0.14140242338180542,0.2434191256761551,0.2045876830816269
7412,bbbc021_cell_07412,ru_poisson,RU-Poisson,0.9708810448646545,0.9686426520347595,0.24679332971572876,0.07786958664655685,0.1433659791946411,0.12757904827594757
7413,bbbc021_cell_07413,ru_poisson,RU-Poisson,0.9703963398933411,0.9560517072677612,0.22754275798797607,0.11659019440412521,0.2805672287940979,0.15786103904247284
7421,bbbc021_cell_07421,ru_poisson,RU-Poisson,0.978020191192627,0.9688352346420288,0.2347090244293213,0.1253962218761444,0.1325111985206604,0.1339658945798874
7422,bbbc021_cell_07422,ru_poisson,RU-Poisson,0.963248074054718,0.9501079320907593,0.23270545899868011,0.17759470641613007,0.25299617648124695,0.2842293977737427
7426,bbbc021_cell_07426,ru_poisson,RU-Poisson,0.9721503853797913,0.960652768611908,0.259903222322464,0.14986440539360046,0.2097528874874115,0.16143596172332764
7427,bbbc021_cell_07427,ru_poisson,RU-Poisson,0.9858914017677307,0.9856926202774048,0.17061017453670502,0.16211043298244476,0.1794823706150055,0.13098719716072083
7429,bbbc021_cell_07429,ru_poisson,RU-Poisson,0.9797067046165466,0.9771934151649475,0.20768781006336212,0.1153455451130867,0.22509603202342987,0.14245179295539856
7432,bbbc021_cell_07432,ru_poisson,RU-Poisson,0.9895742535591125,0.9854653477668762,0.1526155024766922,0.19388218224048615,0.2774445712566376,0.3035426139831543
7454,bbbc021_cell_07454,ru_poisson,RU-Poisson,0.9664261937141418,0.9578008651733398,0.21921098232269287,0.15162979066371918,0.29125669598579407,0.24183888733386993
7459,bbbc021_cell_07459,ru_poisson,RU-Poisson,0.9737492203712463,0.9631754159927368,0.26651063561439514,0.08331838995218277,0.14234331250190735,0.09806451201438904
7463,bbbc021_cell_07463,ru_poisson,RU-Poisson,0.9769522547721863,0.9680106043815613,0.2320677638053894,0.18518337607383728,0.21198974549770355,0.12544922530651093
7464,bbbc021_cell_07464,ru_poisson,RU-Poisson,0.9783632159233093,0.9649966955184937,0.22766931354999542,0.1760295182466507,0.29802405834198,0.14879530668258667
7476,bbbc021_cell_07476,ru_poisson,RU-Poisson,0.9897451400756836,0.9870746731758118,0.14607775211334229,0.19637508690357208,0.2721889615058899,0.22238817811012268
7477,bbbc021_cell_07477,ru_poisson,RU-Poisson,0.9659225344657898,0.9454333186149597,0.2809498906135559,0.18754911422729492,0.14121071994304657,0.15013767778873444
7498,bbbc021_cell_07498,ru_poisson,RU-Poisson,0.9695026874542236,0.9594405293464661,0.19167877733707428,0.1912832409143448,0.3069734275341034,0.2822347581386566
7509,bbbc021_cell_07509,ru_poisson,RU-Poisson,0.9832400679588318,0.980543315410614,0.19581708312034607,0.1506376564502716,0.20902279019355774,0.1954265683889389
7511,bbbc021_cell_07511,ru_poisson,RU-Poisson,0.9764342904090881,0.9712832570075989,0.205182284116745,0.19379232823848724,0.25017350912094116,0.3334577977657318
7517,bbbc021_cell_07517,ru_poisson,RU-Poisson,0.991398811340332,0.9876392483711243,0.1519671231508255,0.1874605417251587,0.20291200280189514,0.18091711401939392
7526,bbbc021_cell_07526,ru_poisson,RU-Poisson,0.9888982176780701,0.9861865639686584,0.15747082233428955,0.23270052671432495,0.3386763632297516,0.2339192032814026
7528,bbbc021_cell_07528,ru_poisson,RU-Poisson,0.981538712978363,0.9758753180503845,0.1851719617843628,0.17643508315086365,0.3253519535064697,0.19144997000694275
7529,bbbc021_cell_07529,ru_poisson,RU-Poisson,0.9809212684631348,0.9746550917625427,0.20280909538269043,0.12316073477268219,0.2647216022014618,0.20099349319934845
7545,bbbc021_cell_07545,ru_poisson,RU-Poisson,0.9838196635246277,0.9829238653182983,0.1807432323694229,0.11681091785430908,0.23803099989891052,0.2210567146539688
7546,bbbc021_cell_07546,ru_poisson,RU-Poisson,0.978553295135498,0.969070315361023,0.219773530960083,0.165996253490448,0.21553680300712585,0.20280641317367554
7548,bbbc021_cell_07548,ru_poisson,RU-Poisson,0.9756119251251221,0.9674164056777954,0.21423132717609406,0.1507328599691391,0.20368008315563202,0.22019967436790466
7555,bbbc021_cell_07555,ru_poisson,RU-Poisson,0.9745969176292419,0.9653900265693665,0.20357707142829895,0.1899237185716629,0.218674436211586,0.2232765555381775
7563,bbbc021_cell_07563,ru_poisson,RU-Poisson,0.9830283522605896,0.974664032459259,0.19815479218959808,0.22531874477863312,0.3300323486328125,0.200919046998024
7570,bbbc021_cell_07570,ru_poisson,RU-Poisson,0.9730141758918762,0.9657025337219238,0.24102744460105896,0.12140219658613205,0.16990943253040314,0.14427265524864197
7572,bbbc021_cell_07572,ru_poisson,RU-Poisson,0.9738123416900635,0.9668060541152954,0.225762277841568,0.12255360186100006,0.16554172337055206,0.21742326021194458
7576,bbbc021_cell_07576,ru_poisson,RU-Poisson,0.9777104258537292,0.9724934101104736,0.20618389546871185,0.16177687048912048,0.2215607911348343,0.19161783158779144
7577,bbbc021_cell_07577,ru_poisson,RU-Poisson,0.9745506644248962,0.9687324166297913,0.2279345989227295,0.11522121727466583,0.14377741515636444,0.11350518465042114
7595,bbbc021_cell_07595,ru_poisson,RU-Poisson,0.9634903073310852,0.956609308719635,0.22593946754932404,0.15883523225784302,0.2562631070613861,0.40373411774635315
7606,bbbc021_cell_07606,ru_poisson,RU-Poisson,0.9886452555656433,0.9844606518745422,0.1640133559703827,0.1893969625234604,0.2711641192436218,0.3597352206707001
7608,bbbc021_cell_07608,ru_poisson,RU-Poisson,0.9877417683601379,0.9861460328102112,0.1543404906988144,0.17000330984592438,0.3126900792121887,0.22329673171043396
7619,bbbc021_cell_07619,ru_poisson,RU-Poisson,0.9809095859527588,0.9763831496238708,0.1904718577861786,0.16486939787864685,0.25229209661483765,0.2581125497817993
7620,bbbc021_cell_07620,ru_poisson,RU-Poisson,0.9773876070976257,0.9649284482002258,0.18509738147258759,0.2421393245458603,0.3411567211151123,0.23900577425956726
7624,bbbc021_cell_07624,ru_poisson,RU-Poisson,0.9771521091461182,0.9632302522659302,0.2077210545539856,0.20513875782489777,0.2657223343849182,0.21027907729148865
7627,bbbc021_cell_07627,ru_poisson,RU-Poisson,0.966742753982544,0.9416494965553284,0.27032533288002014,0.19633373618125916,0.3324708640575409,0.17848379909992218
7629,bbbc021_cell_07629,ru_poisson,RU-Poisson,0.9601390361785889,0.93418288230896,0.30851811170578003,0.12406423687934875,0.11834907531738281,0.14961040019989014
7630,bbbc021_cell_07630,ru_poisson,RU-Poisson,0.9778959155082703,0.9709164500236511,0.21572864055633545,0.19133871793746948,0.21074306964874268,0.19235603511333466
7632,bbbc021_cell_07632,ru_poisson,RU-Poisson,0.9727024435997009,0.962825357913971,0.21393686532974243,0.173179030418396,0.1852116584777832,0.15341036021709442
7645,bbbc021_cell_07645,ru_poisson,RU-Poisson,0.978344738483429,0.9694139957427979,0.2217911183834076,0.14682447910308838,0.29124340415000916,0.18716196715831757
7656,bbbc021_cell_07656,ru_poisson,RU-Poisson,0.9792806506156921,0.9713407158851624,0.21550026535987854,0.11505254358053207,0.293925940990448,0.1535370945930481
7671,bbbc021_cell_07671,ru_poisson,RU-Poisson,0.9848583340644836,0.979804515838623,0.19226029515266418,0.15235699713230133,0.228071928024292,0.24071496725082397
7676,bbbc021_cell_07676,ru_poisson,RU-Poisson,0.9842164516448975,0.9787415862083435,0.19619111716747284,0.18296155333518982,0.27210381627082825,0.18310050666332245
7688,bbbc021_cell_07688,ru_poisson,RU-Poisson,0.9771636128425598,0.971109926700592,0.2059420496225357,0.13934066891670227,0.21457421779632568,0.17123866081237793
7691,bbbc021_cell_07691,ru_poisson,RU-Poisson,0.9734705090522766,0.9564977884292603,0.21295158565044403,0.20200827717781067,0.2618487477302551,0.20617622137069702
7692,bbbc021_cell_07692,ru_poisson,RU-Poisson,0.9852063655853271,0.982634961605072,0.1576242297887802,0.16850915551185608,0.2724026143550873,0.30081093311309814
7709,bbbc021_cell_07709,ru_poisson,RU-Poisson,0.982639491558075,0.9767316579818726,0.19687601923942566,0.16970102488994598,0.2334446907043457,0.2420283406972885
7710,bbbc021_cell_07710,ru_poisson,RU-Poisson,0.9770415425300598,0.9671164155006409,0.2413105070590973,0.14471973478794098,0.1840340495109558,0.2055700421333313
7719,bbbc021_cell_07719,ru_poisson,RU-Poisson,0.9817004799842834,0.9774807095527649,0.18855901062488556,0.16506215929985046,0.23594699800014496,0.23978067934513092
7738,bbbc021_cell_07738,ru_poisson,RU-Poisson,0.9799320697784424,0.9749566316604614,0.19210228323936462,0.1875588744878769,0.27444174885749817,0.2502773106098175
7740,bbbc021_cell_07740,ru_poisson,RU-Poisson,0.9758735299110413,0.9674874544143677,0.21357494592666626,0.20027922093868256,0.19753864407539368,0.17176099121570587
7741,bbbc021_cell_07741,ru_poisson,RU-Poisson,0.9662278294563293,0.9408546686172485,0.22604624927043915,0.1716129332780838,0.3570019602775574,0.18109044432640076
7742,bbbc021_cell_07742,ru_poisson,RU-Poisson,0.9834948182106018,0.9792330861091614,0.15669818222522736,0.22622248530387878,0.3703990578651428,0.2916354537010193
7759,bbbc021_cell_07759,ru_poisson,RU-Poisson,0.98360276222229,0.9748958945274353,0.16549530625343323,0.2099570482969284,0.44310370087623596,0.3374594748020172
7764,bbbc021_cell_07764,ru_poisson,RU-Poisson,0.9783850312232971,0.9706215262413025,0.19410854578018188,0.16182145476341248,0.20741069316864014,0.16911882162094116
7768,bbbc021_cell_07768,ru_poisson,RU-Poisson,0.983548641204834,0.9730367660522461,0.2194991111755371,0.15842528641223907,0.17580166459083557,0.1401696354150772
7772,bbbc021_cell_07772,ru_poisson,RU-Poisson,0.9846318364143372,0.9799484610557556,0.1816280037164688,0.14623267948627472,0.29602593183517456,0.21289974451065063
7774,bbbc021_cell_07774,ru_poisson,RU-Poisson,0.9699762463569641,0.9547001123428345,0.253094345331192,0.12486498802900314,0.17749060690402985,0.1897575557231903
7775,bbbc021_cell_07775,ru_poisson,RU-Poisson,0.972534716129303,0.9580772519111633,0.24685782194137573,0.17425909638404846,0.17888636887073517,0.18899263441562653
7776,bbbc021_cell_07776,ru_poisson,RU-Poisson,0.981442928314209,0.9748348593711853,0.2080843448638916,0.1570741981267929,0.2585517168045044,0.14955252408981323
7779,bbbc021_cell_07779,ru_poisson,RU-Poisson,0.9664499163627625,0.9579679369926453,0.24282528460025787,0.1636497527360916,0.18856096267700195,0.16955576837062836
7791,bbbc021_cell_07791,ru_poisson,RU-Poisson,0.9883179068565369,0.9857062697410583,0.17627833783626556,0.12682399153709412,0.25500592589378357,0.23620815575122833
7808,bbbc021_cell_07808,ru_poisson,RU-Poisson,0.9808527827262878,0.9736282825469971,0.20885653793811798,0.1398228108882904,0.25843989849090576,0.1401640623807907
7813,bbbc021_cell_07813,ru_poisson,RU-Poisson,0.9842750430107117,0.9816436171531677,0.1773698478937149,0.13156026601791382,0.19419607520103455,0.16274134814739227
7822,bbbc021_cell_07822,ru_poisson,RU-Poisson,0.9858629107475281,0.9786955118179321,0.19877353310585022,0.20892158150672913,0.20619070529937744,0.15250250697135925
7825,bbbc021_cell_07825,ru_poisson,RU-Poisson,0.9782148003578186,0.9715149998664856,0.21416452527046204,0.14139580726623535,0.21871760487556458,0.1421789526939392
7829,bbbc021_cell_07829,ru_poisson,RU-Poisson,0.9790031909942627,0.9731422066688538,0.2042883336544037,0.13700304925441742,0.1953887641429901,0.2489742487668991
7835,bbbc021_cell_07835,ru_poisson,RU-Poisson,0.9699828028678894,0.9419824481010437,0.2939668595790863,0.17411862313747406,0.14356887340545654,0.2466728538274765
7845,bbbc021_cell_07845,ru_poisson,RU-Poisson,0.9750778675079346,0.9564456939697266,0.27046313881874084,0.15001998841762543,0.27276310324668884,0.11302902549505234
7861,bbbc021_cell_07861,ru_poisson,RU-Poisson,0.9868167042732239,0.9842755794525146,0.18293270468711853,0.09328348189592361,0.19560404121875763,0.14613929390907288
7863,bbbc021_cell_07863,ru_poisson,RU-Poisson,0.9805130958557129,0.976032555103302,0.1889653354883194,0.18345436453819275,0.24868448078632355,0.22671262919902802
7869,bbbc021_cell_07869,ru_poisson,RU-Poisson,0.9676292538642883,0.9556620121002197,0.23932066559791565,0.22421477735042572,0.22841522097587585,0.2954816222190857
7874,bbbc021_cell_07874,ru_poisson,RU-Poisson,0.9908843636512756,0.9903712868690491,0.13704770803451538,0.15807054936885834,0.24001480638980865,0.1545914262533188
7891,bbbc021_cell_07891,ru_poisson,RU-Poisson,0.9676873087882996,0.9537816643714905,0.23985128104686737,0.1334693878889084,0.16106952726840973,0.13200241327285767
7902,bbbc021_cell_07902,ru_poisson,RU-Poisson,0.9648358225822449,0.9447454214096069,0.23146556317806244,0.2161073088645935,0.27945613861083984,0.19082887470722198
7916,bbbc021_cell_07916,ru_poisson,RU-Poisson,0.9732784628868103,0.9688601493835449,0.22052428126335144,0.10750358551740646,0.22100500762462616,0.20554694533348083
7934,bbbc021_cell_07934,ru_poisson,RU-Poisson,0.9877360463142395,0.9848504066467285,0.16331036388874054,0.16986946761608124,0.30033358931541443,0.23262159526348114
7940,bbbc021_cell_07940,ru_poisson,RU-Poisson,0.9873811602592468,0.9859358072280884,0.16321724653244019,0.14610408246517181,0.2500004768371582,0.19453459978103638
7944,bbbc021_cell_07944,ru_poisson,RU-Poisson,0.9722121357917786,0.9613564014434814,0.211521178483963,0.1519736498594284,0.2129865437746048,0.15987975895404816
7960,bbbc021_cell_07960,ru_poisson,RU-Poisson,0.9839644432067871,0.9773249626159668,0.20203357934951782,0.19871309399604797,0.27949875593185425,0.19625888764858246
7966,bbbc021_cell_07966,ru_poisson,RU-Poisson,0.9711586833000183,0.9678173661231995,0.2313021570444107,0.09323810040950775,0.19029949605464935,0.1935068517923355
7967,bbbc021_cell_07967,ru_poisson,RU-Poisson,0.9659351706504822,0.9437613487243652,0.24512651562690735,0.1421508938074112,0.176754891872406,0.11757686734199524
7970,bbbc021_cell_07970,ru_poisson,RU-Poisson,0.9867141246795654,0.9810077548027039,0.17963790893554688,0.20861661434173584,0.2797259986400604,0.3962442874908447
7971,bbbc021_cell_07971,ru_poisson,RU-Poisson,0.9816288352012634,0.9762197732925415,0.19492115080356598,0.16526521742343903,0.23053021728992462,0.2358221411705017
7972,bbbc021_cell_07972,ru_poisson,RU-Poisson,0.9622206091880798,0.9439893364906311,0.25450271368026733,0.22689925134181976,0.1954978108406067,0.13986587524414062
7977,bbbc021_cell_07977,ru_poisson,RU-Poisson,0.9750143885612488,0.9700603485107422,0.19813384115695953,0.16213242709636688,0.28639718890190125,0.2393627017736435
7992,bbbc021_cell_07992,ru_poisson,RU-Poisson,0.9859800338745117,0.9836336374282837,0.1704012006521225,0.14431755244731903,0.2539779841899872,0.20363906025886536
8002,bbbc021_cell_08002,ru_poisson,RU-Poisson,0.9876696467399597,0.9829463362693787,0.1710645854473114,0.14068029820919037,0.19382674992084503,0.21216335892677307
8003,bbbc021_cell_08003,ru_poisson,RU-Poisson,0.9802327156066895,0.9720897674560547,0.19966869056224823,0.17178840935230255,0.31873619556427,0.25178197026252747
8004,bbbc021_cell_08004,ru_poisson,RU-Poisson,0.9828441739082336,0.9784291386604309,0.18979793787002563,0.2032066434621811,0.2531568109989166,0.20103663206100464
8010,bbbc021_cell_08010,ru_poisson,RU-Poisson,0.9735457897186279,0.9589696526527405,0.28932642936706543,0.1279103010892868,0.1725482940673828,0.07056085020303726
8015,bbbc021_cell_08015,ru_poisson,RU-Poisson,0.9831733703613281,0.9732183814048767,0.2195180505514145,0.16426244378089905,0.20782950520515442,0.28952986001968384
8016,bbbc021_cell_08016,ru_poisson,RU-Poisson,0.9650344848632812,0.9577526450157166,0.22572356462478638,0.11758718639612198,0.19245260953903198,0.16467539966106415
8024,bbbc021_cell_08024,ru_poisson,RU-Poisson,0.9702243804931641,0.9558342099189758,0.25547102093696594,0.13563892245292664,0.20343467593193054,0.12406377494335175
8047,bbbc021_cell_08047,ru_poisson,RU-Poisson,0.9695852398872375,0.9626469016075134,0.20251181721687317,0.18767105042934418,0.2601739168167114,0.26032719016075134
8058,bbbc021_cell_08058,ru_poisson,RU-Poisson,0.9575813412666321,0.9443934559822083,0.3505242168903351,0.051564477384090424,0.0984300822019577,0.04262722656130791
8067,bbbc021_cell_08067,ru_poisson,RU-Poisson,0.9715381264686584,0.9619256854057312,0.25171127915382385,0.1068405732512474,0.14169685542583466,0.1905958503484726
8073,bbbc021_cell_08073,ru_poisson,RU-Poisson,0.96706622838974,0.941326379776001,0.22708061337471008,0.19619633257389069,0.3290751576423645,0.18203864991664886
8076,bbbc021_cell_08076,ru_poisson,RU-Poisson,0.9704208374023438,0.9603325724601746,0.23773956298828125,0.22637896239757538,0.25601422786712646,0.14616678655147552
8081,bbbc021_cell_08081,ru_poisson,RU-Poisson,0.9596421718597412,0.9434452652931213,0.2914063036441803,0.10428916662931442,0.16133801639080048,0.2123221606016159
8114,bbbc021_cell_08114,ru_poisson,RU-Poisson,0.9706980586051941,0.9547591209411621,0.22155062854290009,0.20552320778369904,0.26141634583473206,0.2539045810699463
8115,bbbc021_cell_08115,ru_poisson,RU-Poisson,0.975236713886261,0.9739317297935486,0.21836532652378082,0.10310480743646622,0.2583508789539337,0.2691486179828644
8120,bbbc021_cell_08120,ru_poisson,RU-Poisson,0.9762657284736633,0.96955806016922,0.22856944799423218,0.10083502531051636,0.2622474431991577,0.18990042805671692
8122,bbbc021_cell_08122,ru_poisson,RU-Poisson,0.9800078868865967,0.9781752228736877,0.19210021197795868,0.1913946568965912,0.30839303135871887,0.1705516278743744
8125,bbbc021_cell_08125,ru_poisson,RU-Poisson,0.9845817685127258,0.9796499609947205,0.1862981766462326,0.15577763319015503,0.22529952228069305,0.28230658173561096
8136,bbbc021_cell_08136,ru_poisson,RU-Poisson,0.9726930260658264,0.9628522992134094,0.18844272196292877,0.21002627909183502,0.30938106775283813,0.2825455069541931
8138,bbbc021_cell_08138,ru_poisson,RU-Poisson,0.9748930931091309,0.9601408243179321,0.25876879692077637,0.16404514014720917,0.11960716545581818,0.12396246194839478
8149,bbbc021_cell_08149,ru_poisson,RU-Poisson,0.9528174996376038,0.9467964172363281,0.28901100158691406,0.06846330314874649,0.1664997637271881,0.09284856915473938
8156,bbbc021_cell_08156,ru_poisson,RU-Poisson,0.9802449345588684,0.9782813787460327,0.1911352425813675,0.1506936103105545,0.2720765769481659,0.2520855665206909
8157,bbbc021_cell_08157,ru_poisson,RU-Poisson,0.989082396030426,0.9832772612571716,0.16815946996212006,0.2358355075120926,0.2762202024459839,0.2846127152442932
8162,bbbc021_cell_08162,ru_poisson,RU-Poisson,0.97511225938797,0.9672278761863708,0.212969571352005,0.14970484375953674,0.28027474880218506,0.2363368421792984
8167,bbbc021_cell_08167,ru_poisson,RU-Poisson,0.9827867150306702,0.9788936972618103,0.20696981251239777,0.14296916127204895,0.1929749846458435,0.13559861481189728
8169,bbbc021_cell_08169,ru_poisson,RU-Poisson,0.9731834530830383,0.9704059362411499,0.21365517377853394,0.11072500795125961,0.2313101440668106,0.19718311727046967
8170,bbbc021_cell_08170,ru_poisson,RU-Poisson,0.9805261492729187,0.975427508354187,0.20050907135009766,0.14125962555408478,0.21520774066448212,0.21309226751327515
8172,bbbc021_cell_08172,ru_poisson,RU-Poisson,0.9656339287757874,0.9497573375701904,0.22271773219108582,0.1587679237127304,0.1963871866464615,0.18059071898460388
8202,bbbc021_cell_08202,ru_poisson,RU-Poisson,0.9869006276130676,0.9822880029678345,0.18172265589237213,0.14788773655891418,0.20893780887126923,0.24754098057746887
8206,bbbc021_cell_08206,ru_poisson,RU-Poisson,0.9678840637207031,0.9501028060913086,0.231687992811203,0.19827495515346527,0.2685796618461609,0.19544772803783417
8217,bbbc021_cell_08217,ru_poisson,RU-Poisson,0.9743096828460693,0.9699243903160095,0.20431989431381226,0.11372032761573792,0.25229766964912415,0.19590339064598083
8218,bbbc021_cell_08218,ru_poisson,RU-Poisson,0.9825097918510437,0.9775853753089905,0.19651594758033752,0.1613750010728836,0.1771911233663559,0.18896114826202393
8222,bbbc021_cell_08222,ru_poisson,RU-Poisson,0.9832627177238464,0.9754642248153687,0.21881446242332458,0.10348332673311234,0.14170703291893005,0.136501744389534
8227,bbbc021_cell_08227,ru_poisson,RU-Poisson,0.976794421672821,0.9691476225852966,0.20730647444725037,0.13633021712303162,0.21028704941272736,0.19603441655635834
8249,bbbc021_cell_08249,ru_poisson,RU-Poisson,0.9719028472900391,0.9659534692764282,0.24374151229858398,0.07851347327232361,0.13435699045658112,0.13744769990444183
8251,bbbc021_cell_08251,ru_poisson,RU-Poisson,0.9772184491157532,0.969416618347168,0.21819403767585754,0.14953698217868805,0.26674342155456543,0.14353838562965393
8252,bbbc021_cell_08252,ru_poisson,RU-Poisson,0.9648211598396301,0.9588574171066284,0.23765918612480164,0.11747550964355469,0.1819240152835846,0.19583173096179962
8256,bbbc021_cell_08256,ru_poisson,RU-Poisson,0.968831479549408,0.94971764087677,0.28354400396347046,0.1645132303237915,0.19794544577598572,0.1332087218761444
8263,bbbc021_cell_08263,ru_poisson,RU-Poisson,0.9689655900001526,0.9541012644767761,0.28139206767082214,0.12338358908891678,0.16405880451202393,0.09376408904790878
5,bbbc021_cell_00005,joint,SA-Joint,0.9859667420387268,0.9841607213020325,0.15531980991363525,0.13298456370830536,0.15687695145606995,0.18330171704292297
12,bbbc021_cell_00012,joint,SA-Joint,0.9902430176734924,0.9880239367485046,0.13796500861644745,0.16975167393684387,0.21645474433898926,0.21473921835422516
24,bbbc021_cell_00024,joint,SA-Joint,0.990947961807251,0.9896547198295593,0.13461488485336304,0.1192726343870163,0.2332940250635147,0.2022334635257721
26,bbbc021_cell_00026,joint,SA-Joint,0.9899995923042297,0.9893031120300293,0.14198508858680725,0.12084260582923889,0.23733651638031006,0.20007182657718658
30,bbbc021_cell_00030,joint,SA-Joint,0.9865738749504089,0.9779220819473267,0.15670146048069,0.20533262193202972,0.28455474972724915,0.21288442611694336
35,bbbc021_cell_00035,joint,SA-Joint,0.9754611849784851,0.9626225233078003,0.22570371627807617,0.1741790622472763,0.11497196555137634,0.14545540511608124
39,bbbc021_cell_00039,joint,SA-Joint,0.9898176193237305,0.986609697341919,0.13345390558242798,0.17604345083236694,0.29933780431747437,0.27054882049560547
41,bbbc021_cell_00041,joint,SA-Joint,0.9630091786384583,0.9552273154258728,0.24131989479064941,0.08841490745544434,0.1377459615468979,0.10905101895332336
42,bbbc021_cell_00042,joint,SA-Joint,0.9963266849517822,0.9949210286140442,0.09220907092094421,0.2638483941555023,0.34080836176872253,0.391217440366745
44,bbbc021_cell_00044,joint,SA-Joint,0.9882914423942566,0.9843619465827942,0.16892962157726288,0.19637124240398407,0.20606228709220886,0.19658052921295166
48,bbbc021_cell_00048,joint,SA-Joint,0.9865301251411438,0.9814991354942322,0.18711408972740173,0.17935718595981598,0.11292437463998795,0.13895370066165924
65,bbbc021_cell_00065,joint,SA-Joint,0.9802867770195007,0.9716975688934326,0.20709441602230072,0.1779320389032364,0.10684025287628174,0.12096606940031052
69,bbbc021_cell_00069,joint,SA-Joint,0.9820554852485657,0.9695112705230713,0.1673545390367508,0.18132449686527252,0.340130478143692,0.23870880901813507
71,bbbc021_cell_00071,joint,SA-Joint,0.9914442896842957,0.9882707595825195,0.14282657206058502,0.25652605295181274,0.22049656510353088,0.21341873705387115
73,bbbc021_cell_00073,joint,SA-Joint,0.9833712577819824,0.9761013388633728,0.19241681694984436,0.1314273625612259,0.2009984403848648,0.14298801124095917
80,bbbc021_cell_00080,joint,SA-Joint,0.9864094853401184,0.9828264713287354,0.17804668843746185,0.10443702340126038,0.276011198759079,0.27233144640922546
83,bbbc021_cell_00083,joint,SA-Joint,0.9850983619689941,0.9789851903915405,0.16756916046142578,0.18070591986179352,0.16964782774448395,0.15860816836357117
99,bbbc021_cell_00099,joint,SA-Joint,0.9840049743652344,0.979062557220459,0.15209120512008667,0.1835900843143463,0.2957170605659485,0.2538391053676605
100,bbbc021_cell_00100,joint,SA-Joint,0.9818482995033264,0.9725531935691833,0.16505970060825348,0.16500575840473175,0.33518001437187195,0.23182666301727295
110,bbbc021_cell_00110,joint,SA-Joint,0.9887554049491882,0.9866706132888794,0.15474408864974976,0.1528923362493515,0.3030317723751068,0.3507651090621948
116,bbbc021_cell_00116,joint,SA-Joint,0.9877750277519226,0.9801807999610901,0.16711437702178955,0.2090470790863037,0.3033228814601898,0.17426282167434692
122,bbbc021_cell_00122,joint,SA-Joint,0.9917881488800049,0.9915980100631714,0.1231243684887886,0.09898174554109573,0.1417495310306549,0.17439277470111847
132,bbbc021_cell_00132,joint,SA-Joint,0.9898900985717773,0.9871429800987244,0.15592218935489655,0.1092662364244461,0.21619725227355957,0.23317527770996094
141,bbbc021_cell_00141,joint,SA-Joint,0.9915207028388977,0.9886724948883057,0.14117728173732758,0.16192735731601715,0.31681251525878906,0.18280565738677979
151,bbbc021_cell_00151,joint,SA-Joint,0.9861804842948914,0.9774357676506042,0.1648087054491043,0.19643475115299225,0.2625284492969513,0.18877263367176056
154,bbbc021_cell_00154,joint,SA-Joint,0.9885455965995789,0.9853392839431763,0.14713245630264282,0.2071814388036728,0.19726018607616425,0.22081825137138367
156,bbbc021_cell_00156,joint,SA-Joint,0.979705810546875,0.9753445982933044,0.1925942599773407,0.18743428587913513,0.2282409965991974,0.26781153678894043
157,bbbc021_cell_00157,joint,SA-Joint,0.9805824160575867,0.9765996336936951,0.1954493224620819,0.1638888269662857,0.15590809285640717,0.1607452929019928
159,bbbc021_cell_00159,joint,SA-Joint,0.979228675365448,0.9709670543670654,0.1870746910572052,0.13349725306034088,0.21229422092437744,0.1458156704902649
178,bbbc021_cell_00178,joint,SA-Joint,0.9844724535942078,0.980610728263855,0.16575053334236145,0.11944644898176193,0.15880542993545532,0.14722174406051636
197,bbbc021_cell_00197,joint,SA-Joint,0.9960989952087402,0.9946138262748718,0.10588108003139496,0.17663034796714783,0.2434099316596985,0.15646758675575256
199,bbbc021_cell_00199,joint,SA-Joint,0.9919446110725403,0.9893826246261597,0.14385506510734558,0.11955586075782776,0.1611367017030716,0.25496575236320496
211,bbbc021_cell_00211,joint,SA-Joint,0.9936733245849609,0.9922640323638916,0.10508282482624054,0.21619628369808197,0.2684502899646759,0.2419675588607788
212,bbbc021_cell_00212,joint,SA-Joint,0.9881029725074768,0.9781318306922913,0.16830921173095703,0.20396824181079865,0.3721790611743927,0.1639024168252945
214,bbbc021_cell_00214,joint,SA-Joint,0.9850829243659973,0.9821950197219849,0.1681748628616333,0.11487297713756561,0.18922756612300873,0.17356263101100922
221,bbbc021_cell_00221,joint,SA-Joint,0.9865124225616455,0.9817501902580261,0.18282672762870789,0.08909525722265244,0.23462647199630737,0.2441035807132721
232,bbbc021_cell_00232,joint,SA-Joint,0.9891257286071777,0.9850791692733765,0.1604839563369751,0.17502810060977936,0.18940897285938263,0.17883773148059845
233,bbbc021_cell_00233,joint,SA-Joint,0.9910526871681213,0.9888911247253418,0.14010846614837646,0.15520642697811127,0.17872430384159088,0.18046414852142334
240,bbbc021_cell_00240,joint,SA-Joint,0.9905648827552795,0.9883323907852173,0.1370990127325058,0.1851245015859604,0.35246336460113525,0.22899383306503296
242,bbbc021_cell_00242,joint,SA-Joint,0.9892403483390808,0.9839177131652832,0.15027102828025818,0.24475662410259247,0.44435596466064453,0.29713109135627747
243,bbbc021_cell_00243,joint,SA-Joint,0.9942681789398193,0.9924843311309814,0.12403340637683868,0.1930345743894577,0.26950106024742126,0.2928040623664856
244,bbbc021_cell_00244,joint,SA-Joint,0.9907267093658447,0.9880990386009216,0.14427289366722107,0.19800566136837006,0.24431627988815308,0.17815843224525452
260,bbbc021_cell_00260,joint,SA-Joint,0.981067419052124,0.9627355933189392,0.28606075048446655,0.09551180154085159,0.08554605394601822,0.01832614839076996
273,bbbc021_cell_00273,joint,SA-Joint,0.9911155700683594,0.98917156457901,0.12999488413333893,0.21378730237483978,0.31618762016296387,0.30055227875709534
275,bbbc021_cell_00275,joint,SA-Joint,0.9769864082336426,0.9714812636375427,0.18208670616149902,0.2246239185333252,0.18252097070217133,0.15039563179016113
276,bbbc021_cell_00276,joint,SA-Joint,0.9904399514198303,0.9874737858772278,0.14237065613269806,0.18463170528411865,0.29754671454429626,0.19221602380275726
283,bbbc021_cell_00283,joint,SA-Joint,0.9867591857910156,0.9769694805145264,0.15340308845043182,0.2162114530801773,0.30664220452308655,0.22075553238391876
297,bbbc021_cell_00297,joint,SA-Joint,0.9799532890319824,0.9750393629074097,0.20886705815792084,0.09835529327392578,0.181658074259758,0.22157497704029083
303,bbbc021_cell_00303,joint,SA-Joint,0.9941577315330505,0.9925991892814636,0.1173892393708229,0.2326298952102661,0.2833048105239868,0.24874283373355865
310,bbbc021_cell_00310,joint,SA-Joint,0.9897880554199219,0.9856870174407959,0.15427426993846893,0.1264600157737732,0.16153337061405182,0.1313416063785553
318,bbbc021_cell_00318,joint,SA-Joint,0.9844483733177185,0.9771817326545715,0.16041533648967743,0.17991958558559418,0.1949193924665451,0.20092740654945374
319,bbbc021_cell_00319,joint,SA-Joint,0.9952357411384583,0.9935795664787292,0.10806482285261154,0.2579117715358734,0.33366021513938904,0.3324442207813263
324,bbbc021_cell_00324,joint,SA-Joint,0.9915087819099426,0.989251971244812,0.14706723392009735,0.1389881819486618,0.254458487033844,0.15958555042743683
326,bbbc021_cell_00326,joint,SA-Joint,0.9963931441307068,0.9963183403015137,0.08491438627243042,0.18511010706424713,0.20545844733715057,0.23635467886924744
328,bbbc021_cell_00328,joint,SA-Joint,0.992844820022583,0.9918171763420105,0.14139749109745026,0.08789769560098648,0.21928901970386505,0.0806354433298111
330,bbbc021_cell_00330,joint,SA-Joint,0.9918307662010193,0.9912136793136597,0.11981529742479324,0.1314883530139923,0.2300204634666443,0.2533019185066223
333,bbbc021_cell_00333,joint,SA-Joint,0.9921534657478333,0.9912944436073303,0.13216599822044373,0.12666262686252594,0.2220536172389984,0.21555954217910767
340,bbbc021_cell_00340,joint,SA-Joint,0.9830694794654846,0.97102952003479,0.16932249069213867,0.17883527278900146,0.2652973234653473,0.19926728308200836
347,bbbc021_cell_00347,joint,SA-Joint,0.9913522601127625,0.9852663278579712,0.14943329989910126,0.23223301768302917,0.22204045951366425,0.35433080792427063
348,bbbc021_cell_00348,joint,SA-Joint,0.9912986159324646,0.9886259436607361,0.12984542548656464,0.21402738988399506,0.23480087518692017,0.19823749363422394
360,bbbc021_cell_00360,joint,SA-Joint,0.9907021522521973,0.9884438514709473,0.15399527549743652,0.1169307753443718,0.16907146573066711,0.1653587967157364
361,bbbc021_cell_00361,joint,SA-Joint,0.9878329634666443,0.9801968932151794,0.15736694633960724,0.21299520134925842,0.35213127732276917,0.2010485678911209
364,bbbc021_cell_00364,joint,SA-Joint,0.9854561686515808,0.9792495965957642,0.15779389441013336,0.1931549608707428,0.24158631265163422,0.19737720489501953
366,bbbc021_cell_00366,joint,SA-Joint,0.9833505749702454,0.9644827842712402,0.28018495440483093,0.18306422233581543,0.08172385394573212,0.18305739760398865
378,bbbc021_cell_00378,joint,SA-Joint,0.9877440929412842,0.9852069020271301,0.14803047478199005,0.13707591593265533,0.21984772384166718,0.1705242097377777
391,bbbc021_cell_00391,joint,SA-Joint,0.9933457374572754,0.9918782114982605,0.11476755142211914,0.205950066447258,0.2913745045661926,0.25095564126968384
394,bbbc021_cell_00394,joint,SA-Joint,0.9872574806213379,0.9829221963882446,0.163784459233284,0.1223333328962326,0.18003681302070618,0.18923281133174896
398,bbbc021_cell_00398,joint,SA-Joint,0.9875491261482239,0.9818025827407837,0.1474268138408661,0.2124694138765335,0.2507238984107971,0.21740418672561646
408,bbbc021_cell_00408,joint,SA-Joint,0.9903769493103027,0.9886584281921387,0.14641429483890533,0.14213581383228302,0.21599215269088745,0.21200691163539886
409,bbbc021_cell_00409,joint,SA-Joint,0.9893588423728943,0.9833464026451111,0.150400310754776,0.19554828107357025,0.36889412999153137,0.202243372797966
410,bbbc021_cell_00410,joint,SA-Joint,0.9834496378898621,0.9786092042922974,0.14269383251667023,0.19523483514785767,0.3513798117637634,0.2793140411376953
412,bbbc021_cell_00412,joint,SA-Joint,0.9833123683929443,0.9775626063346863,0.1909196525812149,0.13265734910964966,0.14171142876148224,0.10578151047229767
425,bbbc021_cell_00425,joint,SA-Joint,0.9836265444755554,0.9771658778190613,0.15095959603786469,0.1876181811094284,0.2240825742483139,0.25076016783714294
429,bbbc021_cell_00429,joint,SA-Joint,0.9920218586921692,0.9894488453865051,0.14050565659999847,0.1761167347431183,0.22284497320652008,0.2509389817714691
438,bbbc021_cell_00438,joint,SA-Joint,0.9875908493995667,0.9842415452003479,0.1546918749809265,0.1432199329137802,0.18758435547351837,0.17311476171016693
461,bbbc021_cell_00461,joint,SA-Joint,0.9863091111183167,0.9776701927185059,0.14502432942390442,0.1895483136177063,0.35794028639793396,0.28616800904273987
463,bbbc021_cell_00463,joint,SA-Joint,0.9846529364585876,0.9741213321685791,0.19777999818325043,0.18781597912311554,0.2849888205528259,0.14842356741428375
464,bbbc021_cell_00464,joint,SA-Joint,0.9859933257102966,0.9788853526115417,0.16848385334014893,0.1721123903989792,0.22158131003379822,0.15029726922512054
477,bbbc021_cell_00477,joint,SA-Joint,0.9860455393791199,0.9794089198112488,0.19017250835895538,0.11466578394174576,0.27477678656578064,0.33184418082237244
486,bbbc021_cell_00486,joint,SA-Joint,0.9916899800300598,0.9906207919120789,0.14329364895820618,0.09954604506492615,0.17767548561096191,0.1837175488471985
491,bbbc021_cell_00491,joint,SA-Joint,0.9784532189369202,0.9608578085899353,0.26507461071014404,0.15009818971157074,0.09220508486032486,0.11996666342020035
495,bbbc021_cell_00495,joint,SA-Joint,0.9791043400764465,0.9644315838813782,0.1846696138381958,0.18349908292293549,0.21909017860889435,0.19197532534599304
516,bbbc021_cell_00516,joint,SA-Joint,0.9889822006225586,0.9844057559967041,0.141826331615448,0.19499389827251434,0.2435588538646698,0.2087385356426239
521,bbbc021_cell_00521,joint,SA-Joint,0.9842562675476074,0.9775472283363342,0.16766268014907837,0.13334907591342926,0.23635320365428925,0.18052776157855988
531,bbbc021_cell_00531,joint,SA-Joint,0.9897732734680176,0.9867199659347534,0.15024228394031525,0.18768464028835297,0.22387583553791046,0.19863887131214142
533,bbbc021_cell_00533,joint,SA-Joint,0.9923984408378601,0.9914326071739197,0.1263185292482376,0.20726478099822998,0.35929277539253235,0.329341322183609
537,bbbc021_cell_00537,joint,SA-Joint,0.9897410273551941,0.9850552082061768,0.14759264886379242,0.1707516312599182,0.23641915619373322,0.1549857258796692
542,bbbc021_cell_00542,joint,SA-Joint,0.9809622764587402,0.9730396866798401,0.17812076210975647,0.1080024316906929,0.2538144588470459,0.16605734825134277
543,bbbc021_cell_00543,joint,SA-Joint,0.9882790446281433,0.9840714931488037,0.15396477282047272,0.13803958892822266,0.2239193618297577,0.16799408197402954
548,bbbc021_cell_00548,joint,SA-Joint,0.9951524138450623,0.9945976138114929,0.10249145328998566,0.20913472771644592,0.3024144768714905,0.292906254529953
554,bbbc021_cell_00554,joint,SA-Joint,0.9813137054443359,0.9761933088302612,0.19946244359016418,0.09857842326164246,0.18693022429943085,0.21963591873645782
565,bbbc021_cell_00565,joint,SA-Joint,0.9889881014823914,0.9851751923561096,0.18509185314178467,0.08934349566698074,0.25681039690971375,0.09818120300769806
570,bbbc021_cell_00570,joint,SA-Joint,0.991124153137207,0.9890002012252808,0.14143386483192444,0.12033750861883163,0.16515566408634186,0.12786778807640076
574,bbbc021_cell_00574,joint,SA-Joint,0.9797976613044739,0.9689378142356873,0.17445087432861328,0.17078830301761627,0.26214081048965454,0.22194252908229828
590,bbbc021_cell_00590,joint,SA-Joint,0.9917872548103333,0.9895671010017395,0.13533355295658112,0.17226411402225494,0.25265759229660034,0.1838826835155487
610,bbbc021_cell_00610,joint,SA-Joint,0.9882297515869141,0.9841852188110352,0.13130401074886322,0.1826871633529663,0.26466432213783264,0.23636458814144135
613,bbbc021_cell_00613,joint,SA-Joint,0.9918525218963623,0.9898791313171387,0.13777466118335724,0.1478123962879181,0.19477349519729614,0.17306526005268097
634,bbbc021_cell_00634,joint,SA-Joint,0.994367778301239,0.9937030076980591,0.11716948449611664,0.18405911326408386,0.26659882068634033,0.23828527331352234
637,bbbc021_cell_00637,joint,SA-Joint,0.9882994294166565,0.9836270809173584,0.18543903529644012,0.109064020216465,0.2069195806980133,0.10849674046039581
642,bbbc021_cell_00642,joint,SA-Joint,0.9875088334083557,0.9859731197357178,0.14720170199871063,0.11536618322134018,0.26647284626960754,0.23977915942668915
644,bbbc021_cell_00644,joint,SA-Joint,0.9794600605964661,0.9636019468307495,0.18394625186920166,0.15224851667881012,0.20210285484790802,0.1557656079530716
663,bbbc021_cell_00663,joint,SA-Joint,0.98704594373703,0.9786628484725952,0.19242870807647705,0.141428142786026,0.18949711322784424,0.15293340384960175
670,bbbc021_cell_00670,joint,SA-Joint,0.9863864779472351,0.9814932942390442,0.13936558365821838,0.21129246056079865,0.27460357546806335,0.304998517036438
676,bbbc021_cell_00676,joint,SA-Joint,0.9902850985527039,0.9894854426383972,0.14352819323539734,0.10169678181409836,0.22664564847946167,0.22378034889698029
680,bbbc021_cell_00680,joint,SA-Joint,0.9872758984565735,0.9859033226966858,0.14900298416614532,0.12715356051921844,0.17515502870082855,0.1606721431016922
686,bbbc021_cell_00686,joint,SA-Joint,0.9865078926086426,0.9847686886787415,0.15661297738552094,0.12536540627479553,0.21019697189331055,0.1866811066865921
695,bbbc021_cell_00695,joint,SA-Joint,0.9912009835243225,0.9877703785896301,0.14135926961898804,0.16581706702709198,0.24542054533958435,0.19336369633674622
707,bbbc021_cell_00707,joint,SA-Joint,0.9922187924385071,0.9910709261894226,0.1388171911239624,0.11296774446964264,0.2229224294424057,0.22966691851615906
711,bbbc021_cell_00711,joint,SA-Joint,0.993151843547821,0.9929348230361938,0.11946660280227661,0.17106418311595917,0.3182465434074402,0.21649262309074402
712,bbbc021_cell_00712,joint,SA-Joint,0.9835214018821716,0.9800492525100708,0.18501485884189606,0.10582343488931656,0.1581965833902359,0.26291173696517944
713,bbbc021_cell_00713,joint,SA-Joint,0.9895617365837097,0.9850096106529236,0.15436555445194244,0.2200496643781662,0.2697960138320923,0.19946600496768951
717,bbbc021_cell_00717,joint,SA-Joint,0.9786891937255859,0.9719825983047485,0.1956968456506729,0.08795733004808426,0.1470869481563568,0.1231609508395195
721,bbbc021_cell_00721,joint,SA-Joint,0.9798027873039246,0.9630818963050842,0.25617098808288574,0.16150610148906708,0.10661344975233078,0.12241840362548828
738,bbbc021_cell_00738,joint,SA-Joint,0.9870572090148926,0.9786447286605835,0.15433068573474884,0.1728321760892868,0.31747761368751526,0.2200266569852829
748,bbbc021_cell_00748,joint,SA-Joint,0.9944748282432556,0.992657482624054,0.1215255856513977,0.1274697333574295,0.1707380712032318,0.21815945208072662
752,bbbc021_cell_00752,joint,SA-Joint,0.9888174533843994,0.9847872853279114,0.13717137277126312,0.17131119966506958,0.2072996348142624,0.1884552389383316
760,bbbc021_cell_00760,joint,SA-Joint,0.9791473746299744,0.9766750931739807,0.1870736926794052,0.09261085093021393,0.17451025545597076,0.13430117070674896
763,bbbc021_cell_00763,joint,SA-Joint,0.9881181716918945,0.9830918312072754,0.1719827800989151,0.1309642493724823,0.178663969039917,0.10916498303413391
770,bbbc021_cell_00770,joint,SA-Joint,0.98626708984375,0.9818471670150757,0.15175418555736542,0.14698128402233124,0.22214999794960022,0.19590482115745544
776,bbbc021_cell_00776,joint,SA-Joint,0.9820775389671326,0.9736112952232361,0.15767019987106323,0.19973541796207428,0.23309162259101868,0.22974996268749237
778,bbbc021_cell_00778,joint,SA-Joint,0.989705502986908,0.9876828193664551,0.14162683486938477,0.15311157703399658,0.24495723843574524,0.1814134418964386
782,bbbc021_cell_00782,joint,SA-Joint,0.9863007664680481,0.98112553358078,0.15461839735507965,0.18250638246536255,0.21344466507434845,0.15959994494915009
787,bbbc021_cell_00787,joint,SA-Joint,0.9901947975158691,0.9861723780632019,0.13929080963134766,0.19959625601768494,0.27339428663253784,0.2315666377544403
793,bbbc021_cell_00793,joint,SA-Joint,0.985815703868866,0.983818531036377,0.16690024733543396,0.130405455827713,0.1672547459602356,0.16525620222091675
799,bbbc021_cell_00799,joint,SA-Joint,0.9840805530548096,0.9784446358680725,0.17174051702022552,0.15940198302268982,0.2083086371421814,0.16755841672420502
800,bbbc021_cell_00800,joint,SA-Joint,0.9864369034767151,0.9824026226997375,0.14517152309417725,0.1937219351530075,0.24465666711330414,0.27559924125671387
804,bbbc021_cell_00804,joint,SA-Joint,0.9841732978820801,0.9816281199455261,0.16202738881111145,0.12781140208244324,0.1792776733636856,0.21083183586597443
810,bbbc021_cell_00810,joint,SA-Joint,0.9787953495979309,0.9646512269973755,0.18569046258926392,0.14903411269187927,0.25742390751838684,0.14682921767234802
812,bbbc021_cell_00812,joint,SA-Joint,0.9906260967254639,0.9886451363563538,0.1465282291173935,0.19742920994758606,0.24153338372707367,0.18564048409461975
819,bbbc021_cell_00819,joint,SA-Joint,0.9945826530456543,0.9927897453308105,0.11400650441646576,0.17800162732601166,0.2521301507949829,0.2135876566171646
823,bbbc021_cell_00823,joint,SA-Joint,0.9889503121376038,0.9884499311447144,0.14644365012645721,0.12243396788835526,0.2025168091058731,0.184416264295578
827,bbbc021_cell_00827,joint,SA-Joint,0.9886854290962219,0.9840940237045288,0.14499123394489288,0.18307912349700928,0.25740912556648254,0.36230888962745667
831,bbbc021_cell_00831,joint,SA-Joint,0.99041348695755,0.9888325333595276,0.13694696128368378,0.1421583592891693,0.17704737186431885,0.18968255817890167
847,bbbc021_cell_00847,joint,SA-Joint,0.9888598322868347,0.9845346212387085,0.12754888832569122,0.207488551735878,0.3339531719684601,0.3813057243824005
849,bbbc021_cell_00849,joint,SA-Joint,0.9818055629730225,0.9708969593048096,0.21037793159484863,0.10431672632694244,0.15254467725753784,0.10645513981580734
856,bbbc021_cell_00856,joint,SA-Joint,0.9846444725990295,0.9788289070129395,0.17426647245883942,0.14033520221710205,0.2606009244918823,0.1683606207370758
865,bbbc021_cell_00865,joint,SA-Joint,0.9826054573059082,0.9770236015319824,0.17159651219844818,0.11409410089254379,0.21930457651615143,0.17657999694347382
871,bbbc021_cell_00871,joint,SA-Joint,0.9885942935943604,0.987131655216217,0.1546945571899414,0.08567895740270615,0.1570444405078888,0.1716405600309372
873,bbbc021_cell_00873,joint,SA-Joint,0.9841700196266174,0.9754076600074768,0.19067734479904175,0.15382418036460876,0.2231816202402115,0.14589489996433258
880,bbbc021_cell_00880,joint,SA-Joint,0.9880194067955017,0.9857832789421082,0.16211538016796112,0.08274619281291962,0.18015699088573456,0.15238536894321442
884,bbbc021_cell_00884,joint,SA-Joint,0.9884748458862305,0.9849545955657959,0.148118793964386,0.17679616808891296,0.3452306091785431,0.21891920268535614
887,bbbc021_cell_00887,joint,SA-Joint,0.9893595576286316,0.9841022491455078,0.13922634720802307,0.17037037014961243,0.22521419823169708,0.20420774817466736
893,bbbc021_cell_00893,joint,SA-Joint,0.9843793511390686,0.9746370911598206,0.1619410365819931,0.15390396118164062,0.290926069021225,0.2037723958492279
906,bbbc021_cell_00906,joint,SA-Joint,0.983931839466095,0.9746447801589966,0.18711312115192413,0.1748705506324768,0.2515629827976227,0.16700391471385956
909,bbbc021_cell_00909,joint,SA-Joint,0.9920687079429626,0.9881458282470703,0.13956499099731445,0.23200027644634247,0.29780489206314087,0.40406760573387146
910,bbbc021_cell_00910,joint,SA-Joint,0.9882504940032959,0.9839115738868713,0.1371861696243286,0.20033180713653564,0.23343993723392487,0.26884469389915466
913,bbbc021_cell_00913,joint,SA-Joint,0.989429771900177,0.983379602432251,0.14309322834014893,0.2134157121181488,0.25755131244659424,0.20874904096126556
916,bbbc021_cell_00916,joint,SA-Joint,0.9852703213691711,0.9811773300170898,0.1606796681880951,0.09106218069791794,0.19076497852802277,0.15643103420734406
927,bbbc021_cell_00927,joint,SA-Joint,0.9931918978691101,0.9903380870819092,0.13868682086467743,0.17270313203334808,0.2333618402481079,0.16818879544734955
930,bbbc021_cell_00930,joint,SA-Joint,0.988743007183075,0.9832708835601807,0.14992094039916992,0.19854280352592468,0.18308007717132568,0.17115172743797302
939,bbbc021_cell_00939,joint,SA-Joint,0.9944626688957214,0.993378758430481,0.11401680111885071,0.19191531836986542,0.2167261689901352,0.1913646161556244
956,bbbc021_cell_00956,joint,SA-Joint,0.9897749423980713,0.9865611791610718,0.13383382558822632,0.17910073697566986,0.24474148452281952,0.22569656372070312
963,bbbc021_cell_00963,joint,SA-Joint,0.9847245216369629,0.9797618389129639,0.14464440941810608,0.1830497831106186,0.2897358536720276,0.3286355435848236
966,bbbc021_cell_00966,joint,SA-Joint,0.9954953789710999,0.9951332211494446,0.10389703512191772,0.15329773724079132,0.22037838399410248,0.15740196406841278
969,bbbc021_cell_00969,joint,SA-Joint,0.9862475395202637,0.9746032953262329,0.15236739814281464,0.24874521791934967,0.38309144973754883,0.2845923900604248
970,bbbc021_cell_00970,joint,SA-Joint,0.9767196178436279,0.9730279445648193,0.19694194197654724,0.089800164103508,0.18305741250514984,0.14957380294799805
978,bbbc021_cell_00978,joint,SA-Joint,0.9804439544677734,0.9766159057617188,0.16647042334079742,0.11437911540269852,0.18221066892147064,0.1835804283618927
988,bbbc021_cell_00988,joint,SA-Joint,0.9857786297798157,0.9830774068832397,0.16992361843585968,0.12508884072303772,0.26913002133369446,0.20199090242385864
989,bbbc021_cell_00989,joint,SA-Joint,0.9902840256690979,0.9866442680358887,0.15505138039588928,0.14509230852127075,0.2134237438440323,0.13571102917194366
992,bbbc021_cell_00992,joint,SA-Joint,0.9795007109642029,0.9748329520225525,0.19372878968715668,0.1468978077173233,0.17266973853111267,0.13319122791290283
995,bbbc021_cell_00995,joint,SA-Joint,0.9885744452476501,0.9844607710838318,0.13374604284763336,0.17595010995864868,0.21129491925239563,0.24066239595413208
1004,bbbc021_cell_01004,joint,SA-Joint,0.9807271361351013,0.9771837592124939,0.19389672577381134,0.09100008010864258,0.1714935153722763,0.12927506864070892
1008,bbbc021_cell_01008,joint,SA-Joint,0.9857718348503113,0.9763358235359192,0.15307177603244781,0.19583937525749207,0.39261603355407715,0.2520688474178314
1011,bbbc021_cell_01011,joint,SA-Joint,0.9845247268676758,0.9768863320350647,0.14627493917942047,0.2940393388271332,0.34980612993240356,0.295757919549942
1013,bbbc021_cell_01013,joint,SA-Joint,0.991121232509613,0.9892621040344238,0.12628361582756042,0.16774000227451324,0.2303202748298645,0.22276288270950317
1018,bbbc021_cell_01018,joint,SA-Joint,0.9855382442474365,0.973731279373169,0.17189562320709229,0.15818971395492554,0.29263779520988464,0.18822169303894043
1022,bbbc021_cell_01022,joint,SA-Joint,0.9880574345588684,0.9832583665847778,0.18096889555454254,0.0947771966457367,0.1561974585056305,0.09293337911367416
1045,bbbc021_cell_01045,joint,SA-Joint,0.9854009747505188,0.980446457862854,0.15941515564918518,0.1698356717824936,0.15642966330051422,0.15212257206439972
1049,bbbc021_cell_01049,joint,SA-Joint,0.9882375597953796,0.9847171306610107,0.153825581073761,0.11216871440410614,0.16191856563091278,0.14606519043445587
1051,bbbc021_cell_01051,joint,SA-Joint,0.9844026565551758,0.9787506461143494,0.1542230248451233,0.14901895821094513,0.22363117337226868,0.2168281376361847
1061,bbbc021_cell_01061,joint,SA-Joint,0.9856259822845459,0.9816692471504211,0.1817581057548523,0.10432324558496475,0.2357189655303955,0.23300352692604065
1063,bbbc021_cell_01063,joint,SA-Joint,0.9872990250587463,0.9826014041900635,0.17614112794399261,0.13612347841262817,0.10226380825042725,0.10210859030485153
1068,bbbc021_cell_01068,joint,SA-Joint,0.9757083058357239,0.9656297564506531,0.25697261095046997,0.032922208309173584,0.09351795166730881,0.09346625208854675
1076,bbbc021_cell_01076,joint,SA-Joint,0.9906994700431824,0.9855034947395325,0.32277578115463257,0.12104563415050507,0.04144265502691269,0.10862955451011658
1079,bbbc021_cell_01079,joint,SA-Joint,0.9817292094230652,0.9737645387649536,0.17910102009773254,0.16723130643367767,0.191057488322258,0.16300050914287567
1084,bbbc021_cell_01084,joint,SA-Joint,0.9809081554412842,0.9707285165786743,0.20831847190856934,0.18798625469207764,0.1517074853181839,0.1612037718296051
1089,bbbc021_cell_01089,joint,SA-Joint,0.9863355755805969,0.9806559085845947,0.15946710109710693,0.2000170797109604,0.20975780487060547,0.22173109650611877
1090,bbbc021_cell_01090,joint,SA-Joint,0.9845073223114014,0.9785781502723694,0.19044116139411926,0.08145033568143845,0.12333721667528152,0.09697072952985764
1099,bbbc021_cell_01099,joint,SA-Joint,0.9855406880378723,0.9815971255302429,0.1373780518770218,0.20048899948596954,0.2806141674518585,0.30135539174079895
1114,bbbc021_cell_01114,joint,SA-Joint,0.9896121025085449,0.9865986108779907,0.15794050693511963,0.11762929707765579,0.1358766406774521,0.11396969854831696
1120,bbbc021_cell_01120,joint,SA-Joint,0.9826632142066956,0.9784517884254456,0.1589432656764984,0.13638728857040405,0.22644895315170288,0.20776644349098206
1121,bbbc021_cell_01121,joint,SA-Joint,0.9843859672546387,0.9759583473205566,0.20861774682998657,0.11207851022481918,0.34000274538993835,0.2514018714427948
1134,bbbc021_cell_01134,joint,SA-Joint,0.9843013882637024,0.9768437743186951,0.19329407811164856,0.14147262275218964,0.20792821049690247,0.14418096840381622
1177,bbbc021_cell_01177,joint,SA-Joint,0.989102840423584,0.9865996241569519,0.16063816845417023,0.08738823980093002,0.19359251856803894,0.09968706965446472
1178,bbbc021_cell_01178,joint,SA-Joint,0.9917193055152893,0.9879307746887207,0.14626574516296387,0.11736264824867249,0.24204620718955994,0.14866220951080322
1183,bbbc021_cell_01183,joint,SA-Joint,0.9928519129753113,0.9909680485725403,0.12062636017799377,0.20018143951892853,0.27549755573272705,0.20259404182434082
1193,bbbc021_cell_01193,joint,SA-Joint,0.9868248105049133,0.9783868193626404,0.14896702766418457,0.2219410091638565,0.25106674432754517,0.22734807431697845
1204,bbbc021_cell_01204,joint,SA-Joint,0.9834189414978027,0.9817994236946106,0.1634977012872696,0.11057285964488983,0.1372431069612503,0.14379891753196716
1208,bbbc021_cell_01208,joint,SA-Joint,0.9869053959846497,0.9838117957115173,0.16499121487140656,0.11881633847951889,0.15438051521778107,0.18600554764270782
1213,bbbc021_cell_01213,joint,SA-Joint,0.9789376258850098,0.969094455242157,0.21693836152553558,0.13865667581558228,0.1168690100312233,0.19506029784679413
1231,bbbc021_cell_01231,joint,SA-Joint,0.9877405166625977,0.9830721020698547,0.16915129125118256,0.13483507931232452,0.20817478001117706,0.14122174680233002
1232,bbbc021_cell_01232,joint,SA-Joint,0.9863248467445374,0.9820520281791687,0.1398623287677765,0.1730981469154358,0.29473403096199036,0.27121466398239136
1233,bbbc021_cell_01233,joint,SA-Joint,0.9850714802742004,0.9825167059898376,0.15438957512378693,0.1403772234916687,0.21324995160102844,0.2603134214878082
1238,bbbc021_cell_01238,joint,SA-Joint,0.9911049008369446,0.9874240756034851,0.14474712312221527,0.2050039917230606,0.2620548605918884,0.18416383862495422
1240,bbbc021_cell_01240,joint,SA-Joint,0.9864279627799988,0.9824507832527161,0.16649459302425385,0.11624687165021896,0.12453461438417435,0.1436471939086914
1243,bbbc021_cell_01243,joint,SA-Joint,0.9896567463874817,0.9889227747917175,0.14890453219413757,0.12168239057064056,0.18498669564723969,0.168685182929039
1260,bbbc021_cell_01260,joint,SA-Joint,0.9887469410896301,0.9848194718360901,0.1653609722852707,0.12429212778806686,0.14966294169425964,0.11230210959911346
1267,bbbc021_cell_01267,joint,SA-Joint,0.9839676022529602,0.9774625897407532,0.17192110419273376,0.16274230182170868,0.2377261519432068,0.15981972217559814
1268,bbbc021_cell_01268,joint,SA-Joint,0.9894680976867676,0.9871565103530884,0.14274962246418,0.15168598294258118,0.2519586682319641,0.2175488919019699
1274,bbbc021_cell_01274,joint,SA-Joint,0.980834424495697,0.9739841818809509,0.17471395432949066,0.1378857046365738,0.18662621080875397,0.16652357578277588
1281,bbbc021_cell_01281,joint,SA-Joint,0.9957923889160156,0.9956932663917542,0.09722702950239182,0.1689774990081787,0.26277968287467957,0.26467159390449524
1297,bbbc021_cell_01297,joint,SA-Joint,0.9943087697029114,0.9935585260391235,0.10841798782348633,0.14764928817749023,0.20551829040050507,0.1843089610338211
1307,bbbc021_cell_01307,joint,SA-Joint,0.9883444905281067,0.9857268929481506,0.14273583889007568,0.17265549302101135,0.19987139105796814,0.23031264543533325
1313,bbbc021_cell_01313,joint,SA-Joint,0.9937055110931396,0.9928849339485168,0.12255004048347473,0.1590864509344101,0.23598244786262512,0.15058276057243347
1330,bbbc021_cell_01330,joint,SA-Joint,0.993086040019989,0.9908671975135803,0.13942478597164154,0.12251444160938263,0.2768903970718384,0.3098963797092438
1334,bbbc021_cell_01334,joint,SA-Joint,0.9823131561279297,0.9721099734306335,0.20561012625694275,0.16578760743141174,0.21891772747039795,0.13334564864635468
1346,bbbc021_cell_01346,joint,SA-Joint,0.9916494488716125,0.989763081073761,0.1365891546010971,0.13518217206001282,0.1870010942220688,0.17797106504440308
1348,bbbc021_cell_01348,joint,SA-Joint,0.9747157692909241,0.9646191000938416,0.2116107940673828,0.1512257605791092,0.15943646430969238,0.15589526295661926
1355,bbbc021_cell_01355,joint,SA-Joint,0.9917259216308594,0.9901416301727295,0.13496612012386322,0.12646043300628662,0.22083473205566406,0.27430152893066406
1363,bbbc021_cell_01363,joint,SA-Joint,0.9916256070137024,0.9907807111740112,0.1317712366580963,0.08998623490333557,0.12638643383979797,0.1464947760105133
1366,bbbc021_cell_01366,joint,SA-Joint,0.9907495379447937,0.9855724573135376,0.15800593793392181,0.16436980664730072,0.2261902242898941,0.13468530774116516
1391,bbbc021_cell_01391,joint,SA-Joint,0.9821646809577942,0.9736076593399048,0.17180831730365753,0.18235662579536438,0.2398897111415863,0.2075936198234558
1400,bbbc021_cell_01400,joint,SA-Joint,0.9936823844909668,0.9928411245346069,0.11746292561292648,0.14676250517368317,0.24870650470256805,0.20048661530017853
1411,bbbc021_cell_01411,joint,SA-Joint,0.9836742877960205,0.9718808531761169,0.1805749088525772,0.16398321092128754,0.26184219121932983,0.16692277789115906
1413,bbbc021_cell_01413,joint,SA-Joint,0.98847895860672,0.9864991307258606,0.16620704531669617,0.09915459901094437,0.14745424687862396,0.1421324610710144
1422,bbbc021_cell_01422,joint,SA-Joint,0.9921918511390686,0.9891119599342346,0.14303599298000336,0.2244943380355835,0.20657891035079956,0.2501677870750427
1425,bbbc021_cell_01425,joint,SA-Joint,0.9902030825614929,0.987348198890686,0.13551150262355804,0.1813141256570816,0.3749821186065674,0.2916133999824524
1434,bbbc021_cell_01434,joint,SA-Joint,0.9899576306343079,0.9874977469444275,0.1555308848619461,0.11861136555671692,0.22756485641002655,0.15372273325920105
1441,bbbc021_cell_01441,joint,SA-Joint,0.9723979830741882,0.9492309093475342,0.28805187344551086,0.15280577540397644,0.07800326496362686,0.13570958375930786
1447,bbbc021_cell_01447,joint,SA-Joint,0.9950606822967529,0.9931026101112366,0.11328086256980896,0.1896088421344757,0.18004997074604034,0.17059831321239471
1458,bbbc021_cell_01458,joint,SA-Joint,0.9862707257270813,0.9804542064666748,0.15444621443748474,0.18250030279159546,0.2297751009464264,0.18182440102100372
1471,bbbc021_cell_01471,joint,SA-Joint,0.9898977875709534,0.9878682494163513,0.13172252476215363,0.1746566742658615,0.3641713261604309,0.2808873653411865
1481,bbbc021_cell_01481,joint,SA-Joint,0.9889510273933411,0.9866155385971069,0.14442890882492065,0.17724047601222992,0.1833631694316864,0.18661028146743774
1499,bbbc021_cell_01499,joint,SA-Joint,0.9899256825447083,0.9870712757110596,0.13674664497375488,0.19000844657421112,0.20915409922599792,0.23564903438091278
1506,bbbc021_cell_01506,joint,SA-Joint,0.9761828780174255,0.969627857208252,0.1865929514169693,0.11611493676900864,0.21051383018493652,0.2023492455482483
1511,bbbc021_cell_01511,joint,SA-Joint,0.9803192019462585,0.9687508344650269,0.17980928719043732,0.14710213243961334,0.2223985493183136,0.18661083281040192
1512,bbbc021_cell_01512,joint,SA-Joint,0.9855358004570007,0.977209746837616,0.20704583823680878,0.12391098588705063,0.1297437697649002,0.18304452300071716
1515,bbbc021_cell_01515,joint,SA-Joint,0.993283212184906,0.9930515289306641,0.11735524237155914,0.11350981146097183,0.17349468171596527,0.18184462189674377
1522,bbbc021_cell_01522,joint,SA-Joint,0.9878795742988586,0.9868820309638977,0.15102669596672058,0.1467626839876175,0.27672603726387024,0.23979094624519348
1525,bbbc021_cell_01525,joint,SA-Joint,0.9861595034599304,0.9819661974906921,0.15135039389133453,0.22301740944385529,0.2503741979598999,0.27291011810302734
1536,bbbc021_cell_01536,joint,SA-Joint,0.989436149597168,0.9815362095832825,0.16494494676589966,0.17079181969165802,0.262722909450531,0.16277070343494415
1541,bbbc021_cell_01541,joint,SA-Joint,0.9782917499542236,0.9694955348968506,0.18836379051208496,0.0924171507358551,0.22006885707378387,0.16947703063488007
1543,bbbc021_cell_01543,joint,SA-Joint,0.9862892031669617,0.9847004413604736,0.16322776675224304,0.12252391129732132,0.23962177336215973,0.24196934700012207
1546,bbbc021_cell_01546,joint,SA-Joint,0.9874587655067444,0.9851650595664978,0.16936281323432922,0.1313556283712387,0.1946907490491867,0.27061980962753296
1551,bbbc021_cell_01551,joint,SA-Joint,0.9858081936836243,0.9768529534339905,0.14687557518482208,0.2013946920633316,0.38280239701271057,0.2747945785522461
1553,bbbc021_cell_01553,joint,SA-Joint,0.9858065247535706,0.9821341037750244,0.14884503185749054,0.14767512679100037,0.25890985131263733,0.24986901879310608
1559,bbbc021_cell_01559,joint,SA-Joint,0.9819613099098206,0.9764807224273682,0.1617077887058258,0.1417972594499588,0.30440187454223633,0.26546117663383484
1562,bbbc021_cell_01562,joint,SA-Joint,0.9926681518554688,0.990328311920166,0.10621606558561325,0.23570655286312103,0.4001232981681824,0.36672165989875793
1563,bbbc021_cell_01563,joint,SA-Joint,0.9825749397277832,0.9824475049972534,0.17612501978874207,0.09532143920660019,0.22147947549819946,0.27394041419029236
1581,bbbc021_cell_01581,joint,SA-Joint,0.9864855408668518,0.9819402098655701,0.16558676958084106,0.14576958119869232,0.22000466287136078,0.1635480523109436
1613,bbbc021_cell_01613,joint,SA-Joint,0.989995002746582,0.9854317307472229,0.15363016724586487,0.1991002857685089,0.17720699310302734,0.17522692680358887
1619,bbbc021_cell_01619,joint,SA-Joint,0.9917373657226562,0.9891611933708191,0.14184212684631348,0.2172897905111313,0.25034087896347046,0.20307804644107819
1622,bbbc021_cell_01622,joint,SA-Joint,0.9842241406440735,0.981641411781311,0.16408595442771912,0.12838353216648102,0.21002794802188873,0.21278107166290283
1624,bbbc021_cell_01624,joint,SA-Joint,0.9916753768920898,0.9895281195640564,0.14318376779556274,0.1754741072654724,0.20885342359542847,0.2198372781276703
1634,bbbc021_cell_01634,joint,SA-Joint,0.991825520992279,0.9894365072250366,0.1502470225095749,0.13576669991016388,0.17920812964439392,0.1591670960187912
1644,bbbc021_cell_01644,joint,SA-Joint,0.9893633723258972,0.9847079515457153,0.17251858115196228,0.1145661473274231,0.0826725885272026,0.07142927497625351
1645,bbbc021_cell_01645,joint,SA-Joint,0.9892982840538025,0.9872474074363708,0.1486210823059082,0.11446904391050339,0.14494085311889648,0.19270439445972443
1663,bbbc021_cell_01663,joint,SA-Joint,0.9900709986686707,0.9845110774040222,0.15029528737068176,0.1914217174053192,0.259716272354126,0.18865646421909332
1673,bbbc021_cell_01673,joint,SA-Joint,0.9945375919342041,0.9932895302772522,0.11093603819608688,0.18839655816555023,0.3000028729438782,0.21773140132427216
1684,bbbc021_cell_01684,joint,SA-Joint,0.9860299229621887,0.9777442216873169,0.16738855838775635,0.1705426424741745,0.22023989260196686,0.1622621715068817
1685,bbbc021_cell_01685,joint,SA-Joint,0.9938490390777588,0.9933944344520569,0.12236379832029343,0.15009598433971405,0.21970583498477936,0.1769820749759674
1694,bbbc021_cell_01694,joint,SA-Joint,0.9862813949584961,0.9845182299613953,0.147904634475708,0.11978554725646973,0.1663666069507599,0.18071994185447693
1697,bbbc021_cell_01697,joint,SA-Joint,0.9932495951652527,0.9892566204071045,0.13907037675380707,0.20339711010456085,0.3076409101486206,0.20082996785640717
1698,bbbc021_cell_01698,joint,SA-Joint,0.9929327964782715,0.9910098910331726,0.13415148854255676,0.13236454129219055,0.18245463073253632,0.19171661138534546
1700,bbbc021_cell_01700,joint,SA-Joint,0.9891748428344727,0.9859453439712524,0.16439904272556305,0.12509459257125854,0.3399726152420044,0.27815839648246765
1715,bbbc021_cell_01715,joint,SA-Joint,0.9882100224494934,0.9813529253005981,0.16546235978603363,0.14490288496017456,0.24509769678115845,0.17287057638168335
1721,bbbc021_cell_01721,joint,SA-Joint,0.9952924251556396,0.9946174025535583,0.10577817261219025,0.15563714504241943,0.23538878560066223,0.25810790061950684
1724,bbbc021_cell_01724,joint,SA-Joint,0.9923669695854187,0.9906260371208191,0.13680273294448853,0.1373603194952011,0.2948271632194519,0.27728357911109924
1727,bbbc021_cell_01727,joint,SA-Joint,0.9920997619628906,0.9903950095176697,0.13270705938339233,0.14138488471508026,0.21783921122550964,0.1826314777135849
1729,bbbc021_cell_01729,joint,SA-Joint,0.9836301207542419,0.9776024222373962,0.1685606986284256,0.1762225329875946,0.17340552806854248,0.17791718244552612
1741,bbbc021_cell_01741,joint,SA-Joint,0.9813421368598938,0.9695255756378174,0.17137199640274048,0.1462482213973999,0.26400646567344666,0.20191125571727753
1760,bbbc021_cell_01760,joint,SA-Joint,0.9915685057640076,0.9898308515548706,0.13427533209323883,0.10424336791038513,0.1846940517425537,0.25119999051094055
1761,bbbc021_cell_01761,joint,SA-Joint,0.9859821796417236,0.9781302213668823,0.16731847822666168,0.1990746706724167,0.30497637391090393,0.21290531754493713
1763,bbbc021_cell_01763,joint,SA-Joint,0.982501745223999,0.9787262082099915,0.17927488684654236,0.12027639150619507,0.1394907534122467,0.1657876819372177
1765,bbbc021_cell_01765,joint,SA-Joint,0.9821643829345703,0.9698237180709839,0.22621257603168488,0.11224349588155746,0.133760005235672,0.24623003602027893
1773,bbbc021_cell_01773,joint,SA-Joint,0.991199791431427,0.9879047274589539,0.1476462483406067,0.19868655502796173,0.23035681247711182,0.17414844036102295
1782,bbbc021_cell_01782,joint,SA-Joint,0.9970121383666992,0.9958978891372681,0.09177316725254059,0.14865325391292572,0.27367115020751953,0.2798800468444824
1784,bbbc021_cell_01784,joint,SA-Joint,0.9861574769020081,0.9809731841087341,0.16710811853408813,0.13141155242919922,0.14474701881408691,0.12740746140480042
1791,bbbc021_cell_01791,joint,SA-Joint,0.9926355481147766,0.9893526434898376,0.1379903107881546,0.18337595462799072,0.3001096844673157,0.19870315492153168
1798,bbbc021_cell_01798,joint,SA-Joint,0.9865300059318542,0.9811061024665833,0.15767426788806915,0.17335708439350128,0.2024315446615219,0.17181432247161865
1804,bbbc021_cell_01804,joint,SA-Joint,0.9822890162467957,0.9686307311058044,0.17613326013088226,0.17572782933712006,0.33170899748802185,0.20903033018112183
1812,bbbc021_cell_01812,joint,SA-Joint,0.9899036884307861,0.9895471334457397,0.1398370862007141,0.11922071129083633,0.21368823945522308,0.16503337025642395
1814,bbbc021_cell_01814,joint,SA-Joint,0.9852249026298523,0.9798357486724854,0.16722799837589264,0.11479305475950241,0.18387576937675476,0.17967109382152557
1819,bbbc021_cell_01819,joint,SA-Joint,0.9875522255897522,0.9815191626548767,0.16608648002147675,0.17241357266902924,0.20200495421886444,0.1538962870836258
1824,bbbc021_cell_01824,joint,SA-Joint,0.988055408000946,0.9842290282249451,0.14931349456310272,0.1702081710100174,0.22988522052764893,0.22229686379432678
1831,bbbc021_cell_01831,joint,SA-Joint,0.9869385361671448,0.9835246205329895,0.16765639185905457,0.1585777848958969,0.17991971969604492,0.15240253508090973
1833,bbbc021_cell_01833,joint,SA-Joint,0.985614001750946,0.9795734882354736,0.15177702903747559,0.15907518565654755,0.24666953086853027,0.20276515185832977
1841,bbbc021_cell_01841,joint,SA-Joint,0.9811295866966248,0.971879243850708,0.1738494485616684,0.17695103585720062,0.19376571476459503,0.1966099888086319
1843,bbbc021_cell_01843,joint,SA-Joint,0.9806588292121887,0.9759130477905273,0.21444669365882874,0.06297386437654495,0.12454166263341904,0.17426316440105438
1868,bbbc021_cell_01868,joint,SA-Joint,0.9802355170249939,0.9713995456695557,0.1804492324590683,0.14524000883102417,0.17023317515850067,0.15177971124649048
1871,bbbc021_cell_01871,joint,SA-Joint,0.9874674677848816,0.9802667498588562,0.1807429939508438,0.1169874295592308,0.1878112554550171,0.1085953563451767
1881,bbbc021_cell_01881,joint,SA-Joint,0.9766080975532532,0.9720549583435059,0.20515140891075134,0.12387774884700775,0.12094009667634964,0.17237748205661774
1882,bbbc021_cell_01882,joint,SA-Joint,0.9938367009162903,0.9924048781394958,0.11548363417387009,0.1961609572172165,0.3108274042606354,0.2972332239151001
1888,bbbc021_cell_01888,joint,SA-Joint,0.9876685738563538,0.9784104824066162,0.20489655435085297,0.1412414163351059,0.08590858429670334,0.11819149553775787
1911,bbbc021_cell_01911,joint,SA-Joint,0.9745893478393555,0.9615439176559448,0.19939732551574707,0.15431241691112518,0.17514637112617493,0.14490307867527008
1919,bbbc021_cell_01919,joint,SA-Joint,0.9930537343025208,0.9925136566162109,0.11415911465883255,0.1341317892074585,0.18698738515377045,0.20219452679157257
1935,bbbc021_cell_01935,joint,SA-Joint,0.9838573336601257,0.9796516299247742,0.1888275146484375,0.10161662846803665,0.17209342122077942,0.2641211748123169
1942,bbbc021_cell_01942,joint,SA-Joint,0.9900200963020325,0.9859346151351929,0.1560768187046051,0.15272335708141327,0.2518254220485687,0.16199742257595062
1943,bbbc021_cell_01943,joint,SA-Joint,0.9881952404975891,0.9829400777816772,0.1701810508966446,0.1501651555299759,0.21020114421844482,0.14408650994300842
1963,bbbc021_cell_01963,joint,SA-Joint,0.9845116138458252,0.9772992134094238,0.16179774701595306,0.20124691724777222,0.2297307848930359,0.23720687627792358
1968,bbbc021_cell_01968,joint,SA-Joint,0.9861354231834412,0.9780585765838623,0.14968276023864746,0.21534457802772522,0.33090725541114807,0.2459578812122345
1985,bbbc021_cell_01985,joint,SA-Joint,0.9809995293617249,0.959652304649353,0.19386690855026245,0.2233968824148178,0.3422410190105438,0.16839686036109924
1999,bbbc021_cell_01999,joint,SA-Joint,0.9780750274658203,0.9630135893821716,0.19300037622451782,0.18825234472751617,0.2370653599500656,0.1992601603269577
2000,bbbc021_cell_02000,joint,SA-Joint,0.9730618596076965,0.9482146501541138,0.22213071584701538,0.14694340527057648,0.23924607038497925,0.12586182355880737
2002,bbbc021_cell_02002,joint,SA-Joint,0.9863408207893372,0.9825154542922974,0.1705339550971985,0.17480871081352234,0.1797264963388443,0.12732230126857758
2003,bbbc021_cell_02003,joint,SA-Joint,0.9902984499931335,0.9853711724281311,0.16338612139225006,0.15788079798221588,0.2091747224330902,0.11209485679864883
2015,bbbc021_cell_02015,joint,SA-Joint,0.9916661381721497,0.9901175498962402,0.13426044583320618,0.1984046846628189,0.25660887360572815,0.2273995727300644
2020,bbbc021_cell_02020,joint,SA-Joint,0.9878285527229309,0.981884777545929,0.1598988175392151,0.178508922457695,0.23819805681705475,0.1888847053050995
2021,bbbc021_cell_02021,joint,SA-Joint,0.9878742098808289,0.9816617965698242,0.18087778985500336,0.17383870482444763,0.1427072286605835,0.15381193161010742
2026,bbbc021_cell_02026,joint,SA-Joint,0.9840071797370911,0.9751448631286621,0.18840402364730835,0.10734043270349503,0.18837527930736542,0.1245761588215828
2028,bbbc021_cell_02028,joint,SA-Joint,0.9897873401641846,0.9882883429527283,0.14537137746810913,0.153749018907547,0.22447419166564941,0.16708897054195404
2034,bbbc021_cell_02034,joint,SA-Joint,0.9862462878227234,0.9835682511329651,0.15524353086948395,0.14910194277763367,0.20649726688861847,0.20656506717205048
2038,bbbc021_cell_02038,joint,SA-Joint,0.9889529347419739,0.9821881651878357,0.13601908087730408,0.31595107913017273,0.5561555624008179,0.3815101087093353
2060,bbbc021_cell_02060,joint,SA-Joint,0.9842894077301025,0.976253092288971,0.1839730143547058,0.13325127959251404,0.15979954600334167,0.12064675986766815
2075,bbbc021_cell_02075,joint,SA-Joint,0.9839422106742859,0.9761538505554199,0.16952984035015106,0.14204047620296478,0.270389586687088,0.20722876489162445
2078,bbbc021_cell_02078,joint,SA-Joint,0.9842711091041565,0.9796554446220398,0.16875073313713074,0.16062328219413757,0.20028701424598694,0.20812657475471497
2081,bbbc021_cell_02081,joint,SA-Joint,0.9955055117607117,0.9949666857719421,0.10468612611293793,0.19625572860240936,0.26176437735557556,0.16246889531612396
2095,bbbc021_cell_02095,joint,SA-Joint,0.9878728985786438,0.9821597933769226,0.14762680232524872,0.1730509102344513,0.25785601139068604,0.1827782392501831
2096,bbbc021_cell_02096,joint,SA-Joint,0.9906923770904541,0.9844916462898254,0.16218264400959015,0.18251675367355347,0.2350037395954132,0.1313660442829132
2102,bbbc021_cell_02102,joint,SA-Joint,0.9864428639411926,0.9756320118904114,0.16807043552398682,0.21541373431682587,0.35387322306632996,0.19921304285526276
2107,bbbc021_cell_02107,joint,SA-Joint,0.9879775047302246,0.9831761121749878,0.15375378727912903,0.17722193896770477,0.19456876814365387,0.17267204821109772
2109,bbbc021_cell_02109,joint,SA-Joint,0.9884500503540039,0.9807904362678528,0.1660543978214264,0.1823372095823288,0.22133643925189972,0.16212297976016998
2111,bbbc021_cell_02111,joint,SA-Joint,0.9844279289245605,0.9770060777664185,0.19640928506851196,0.08360536396503448,0.17530080676078796,0.11647085100412369
2112,bbbc021_cell_02112,joint,SA-Joint,0.9809646010398865,0.9654152989387512,0.18314355611801147,0.22167378664016724,0.29327505826950073,0.18017415702342987
2118,bbbc021_cell_02118,joint,SA-Joint,0.987102210521698,0.985116720199585,0.16497933864593506,0.10187022387981415,0.22849823534488678,0.18387307226657867
2122,bbbc021_cell_02122,joint,SA-Joint,0.9869547486305237,0.9804543852806091,0.14291386306285858,0.21026407182216644,0.2912193834781647,0.25669315457344055
2123,bbbc021_cell_02123,joint,SA-Joint,0.9914965629577637,0.9886958599090576,0.13592615723609924,0.2072666585445404,0.3064645528793335,0.2241840958595276
2128,bbbc021_cell_02128,joint,SA-Joint,0.9859603047370911,0.9776484966278076,0.15779535472393036,0.20202980935573578,0.23452234268188477,0.20258519053459167
2140,bbbc021_cell_02140,joint,SA-Joint,0.9914266467094421,0.9904240965843201,0.11684300750494003,0.25127366185188293,0.3114399313926697,0.3071995973587036
2148,bbbc021_cell_02148,joint,SA-Joint,0.9919872879981995,0.9899624586105347,0.13111841678619385,0.19618625938892365,0.2243315726518631,0.2067764401435852
2149,bbbc021_cell_02149,joint,SA-Joint,0.985971987247467,0.9772759079933167,0.16297093033790588,0.22181901335716248,0.2646411657333374,0.21557874977588654
2151,bbbc021_cell_02151,joint,SA-Joint,0.9839940071105957,0.9770621061325073,0.1831497699022293,0.11993434280157089,0.15895648300647736,0.10486490279436111
2152,bbbc021_cell_02152,joint,SA-Joint,0.9926526546478271,0.990989089012146,0.12963555753231049,0.20412768423557281,0.25286954641342163,0.21759246289730072
2166,bbbc021_cell_02166,joint,SA-Joint,0.9833230972290039,0.9740539789199829,0.17253538966178894,0.1382584273815155,0.3693615198135376,0.2452261745929718
2168,bbbc021_cell_02168,joint,SA-Joint,0.9887077808380127,0.9871836304664612,0.14208805561065674,0.12670950591564178,0.22986534237861633,0.22576592862606049
2176,bbbc021_cell_02176,joint,SA-Joint,0.9887685775756836,0.9846581220626831,0.17813356220722198,0.1129467785358429,0.32999882102012634,0.15938329696655273
2178,bbbc021_cell_02178,joint,SA-Joint,0.9857243895530701,0.9810028672218323,0.18289245665073395,0.0993870347738266,0.20516033470630646,0.10789833962917328
2183,bbbc021_cell_02183,joint,SA-Joint,0.9898831248283386,0.9842294454574585,0.16087943315505981,0.18846559524536133,0.3178476095199585,0.16396597027778625
2195,bbbc021_cell_02195,joint,SA-Joint,0.9832512736320496,0.9778582453727722,0.15871062874794006,0.204258993268013,0.23104843497276306,0.23413944244384766
2200,bbbc021_cell_02200,joint,SA-Joint,0.9770334362983704,0.9674089550971985,0.19959640502929688,0.1283043473958969,0.15677180886268616,0.13220009207725525
2204,bbbc021_cell_02204,joint,SA-Joint,0.9877063632011414,0.9831078052520752,0.15328866243362427,0.1982554942369461,0.2645079493522644,0.22303272783756256
2205,bbbc021_cell_02205,joint,SA-Joint,0.9857491850852966,0.9816105961799622,0.1605691760778427,0.1588393598794937,0.19214709103107452,0.1765766590833664
2206,bbbc021_cell_02206,joint,SA-Joint,0.9847586154937744,0.9803295135498047,0.16401329636573792,0.1837162971496582,0.19932354986667633,0.19725051522254944
2211,bbbc021_cell_02211,joint,SA-Joint,0.9893612861633301,0.9831210970878601,0.15575695037841797,0.15755201876163483,0.20681384205818176,0.14881734549999237
2218,bbbc021_cell_02218,joint,SA-Joint,0.9897863864898682,0.9849985837936401,0.17169277369976044,0.07915660738945007,0.17131975293159485,0.134815514087677
2221,bbbc021_cell_02221,joint,SA-Joint,0.9867000579833984,0.9818732738494873,0.18408061563968658,0.1487981677055359,0.16976182162761688,0.10244420170783997
2224,bbbc021_cell_02224,joint,SA-Joint,0.9789288640022278,0.9753506183624268,0.21579259634017944,0.06152370572090149,0.1724081188440323,0.15814898908138275
2227,bbbc021_cell_02227,joint,SA-Joint,0.9886722564697266,0.9856118559837341,0.16704250872135162,0.0994795560836792,0.15317216515541077,0.1992378830909729
2231,bbbc021_cell_02231,joint,SA-Joint,0.9801414608955383,0.9742826223373413,0.19226384162902832,0.10137223452329636,0.1666467785835266,0.27768000960350037
2236,bbbc021_cell_02236,joint,SA-Joint,0.9891230463981628,0.9867345094680786,0.1381731927394867,0.18784192204475403,0.32914677262306213,0.20072577893733978
2238,bbbc021_cell_02238,joint,SA-Joint,0.9808388352394104,0.9730916619300842,0.15487541258335114,0.24839532375335693,0.3268992602825165,0.2849730849266052
2242,bbbc021_cell_02242,joint,SA-Joint,0.9747963547706604,0.9651064276695251,0.1859101802110672,0.152263805270195,0.2791268229484558,0.19827130436897278
2246,bbbc021_cell_02246,joint,SA-Joint,0.98553866147995,0.9833711385726929,0.1602044701576233,0.11726203560829163,0.24913567304611206,0.23660697042942047
2269,bbbc021_cell_02269,joint,SA-Joint,0.9849697947502136,0.9802446961402893,0.1802157312631607,0.14492946863174438,0.19629915058612823,0.1423661857843399
2278,bbbc021_cell_02278,joint,SA-Joint,0.9909635186195374,0.9887893795967102,0.1365472674369812,0.19242209196090698,0.2781907021999359,0.2180505096912384
2279,bbbc021_cell_02279,joint,SA-Joint,0.9881156086921692,0.9861446619033813,0.14337769150733948,0.19245433807373047,0.26704663038253784,0.3151082992553711
2305,bbbc021_cell_02305,joint,SA-Joint,0.9867603182792664,0.9822610020637512,0.14891831576824188,0.21234527230262756,0.24465256929397583,0.24016664922237396
2315,bbbc021_cell_02315,joint,SA-Joint,0.9916162490844727,0.9890901446342468,0.1295253187417984,0.18365076184272766,0.32973581552505493,0.22563990950584412
2316,bbbc021_cell_02316,joint,SA-Joint,0.9750874042510986,0.9671001434326172,0.2000684291124344,0.1219741553068161,0.2398253232240677,0.18739698827266693
2331,bbbc021_cell_02331,joint,SA-Joint,0.9867896437644958,0.985945463180542,0.15694542229175568,0.11418651789426804,0.1962110847234726,0.1616038978099823
2332,bbbc021_cell_02332,joint,SA-Joint,0.9867162704467773,0.9818631410598755,0.19602397084236145,0.11915949732065201,0.1384630799293518,0.1499824970960617
2334,bbbc021_cell_02334,joint,SA-Joint,0.9894768595695496,0.9868584871292114,0.15019740164279938,0.18804225325584412,0.18653354048728943,0.16456401348114014
2336,bbbc021_cell_02336,joint,SA-Joint,0.9832620620727539,0.9776860475540161,0.16431166231632233,0.1886311173439026,0.231689915060997,0.32690802216529846
2342,bbbc021_cell_02342,joint,SA-Joint,0.988692581653595,0.9856110215187073,0.13351599872112274,0.20402096211910248,0.26610296964645386,0.2641419768333435
2344,bbbc021_cell_02344,joint,SA-Joint,0.9941913485527039,0.992242693901062,0.11312144994735718,0.21424219012260437,0.22988459467887878,0.20079410076141357
2345,bbbc021_cell_02345,joint,SA-Joint,0.9900081157684326,0.9864433407783508,0.15305635333061218,0.20900292694568634,0.255154550075531,0.16187766194343567
2350,bbbc021_cell_02350,joint,SA-Joint,0.9854617714881897,0.9807180166244507,0.1737925410270691,0.1919214278459549,0.19382904469966888,0.2766016125679016
2358,bbbc021_cell_02358,joint,SA-Joint,0.9877996444702148,0.9839439392089844,0.13307304680347443,0.2310531735420227,0.331790953874588,0.3487268090248108
2378,bbbc021_cell_02378,joint,SA-Joint,0.9965896010398865,0.9958711862564087,0.08716146647930145,0.2685864567756653,0.3838975727558136,0.3974761366844177
2388,bbbc021_cell_02388,joint,SA-Joint,0.9869074821472168,0.9764125943183899,0.20032869279384613,0.15425384044647217,0.21337690949440002,0.13439428806304932
2390,bbbc021_cell_02390,joint,SA-Joint,0.9864386916160583,0.9837726950645447,0.14790114760398865,0.1389445960521698,0.2629410922527313,0.4229263961315155
2396,bbbc021_cell_02396,joint,SA-Joint,0.9905361533164978,0.9884369969367981,0.1468123495578766,0.12549830973148346,0.1643620878458023,0.14611683785915375
2415,bbbc021_cell_02415,joint,SA-Joint,0.9777977466583252,0.9615507125854492,0.20673726499080658,0.09614765644073486,0.18346892297267914,0.13863179087638855
2417,bbbc021_cell_02417,joint,SA-Joint,0.9900813698768616,0.9890051484107971,0.13648155331611633,0.1329103410243988,0.21827919781208038,0.21652831137180328
2427,bbbc021_cell_02427,joint,SA-Joint,0.993305504322052,0.992109477519989,0.12659411132335663,0.21119974553585052,0.3033010959625244,0.3080448508262634
2428,bbbc021_cell_02428,joint,SA-Joint,0.9876639246940613,0.9864314794540405,0.15684765577316284,0.09537854790687561,0.15571728348731995,0.12807390093803406
2442,bbbc021_cell_02442,joint,SA-Joint,0.9900786876678467,0.9884116053581238,0.14832323789596558,0.13519789278507233,0.2516740560531616,0.23543089628219604
2448,bbbc021_cell_02448,joint,SA-Joint,0.9947972893714905,0.9936595559120178,0.11078877002000809,0.21181048452854156,0.334534615278244,0.3381645679473877
2459,bbbc021_cell_02459,joint,SA-Joint,0.9919044971466064,0.9912288784980774,0.1282222867012024,0.11269192397594452,0.22564168274402618,0.16916239261627197
2460,bbbc021_cell_02460,joint,SA-Joint,0.9911713004112244,0.9850430488586426,0.14956879615783691,0.19442090392112732,0.27071380615234375,0.4616558253765106
2482,bbbc021_cell_02482,joint,SA-Joint,0.9922418594360352,0.9899145364761353,0.1418946236371994,0.1345674842596054,0.2510552406311035,0.15624268352985382
2483,bbbc021_cell_02483,joint,SA-Joint,0.9949820041656494,0.9946198463439941,0.10519269108772278,0.15732701122760773,0.2063184380531311,0.15661247074604034
2501,bbbc021_cell_02501,joint,SA-Joint,0.9794779419898987,0.9652965664863586,0.18771196901798248,0.17899326980113983,0.26252350211143494,0.18691159784793854
2512,bbbc021_cell_02512,joint,SA-Joint,0.9904986023902893,0.9887095093727112,0.14055535197257996,0.13233301043510437,0.13055069744586945,0.12039149552583694
2514,bbbc021_cell_02514,joint,SA-Joint,0.9870229363441467,0.9846023321151733,0.1626628041267395,0.09647944569587708,0.2329099178314209,0.14225924015045166
2520,bbbc021_cell_02520,joint,SA-Joint,0.9842305183410645,0.9736775159835815,0.15556293725967407,0.2341347187757492,0.32737770676612854,0.2592371106147766
2536,bbbc021_cell_02536,joint,SA-Joint,0.9824355244636536,0.9727312326431274,0.1660759598016739,0.2121388018131256,0.2440786212682724,0.20775017142295837
2543,bbbc021_cell_02543,joint,SA-Joint,0.9876133799552917,0.9815338253974915,0.17478816211223602,0.10409395396709442,0.19162887334823608,0.18160870671272278
2554,bbbc021_cell_02554,joint,SA-Joint,0.9878928065299988,0.9826624393463135,0.1691005378961563,0.10144548863172531,0.2713868021965027,0.13433025777339935
2598,bbbc021_cell_02598,joint,SA-Joint,0.9885838031768799,0.9852811098098755,0.15231329202651978,0.12758950889110565,0.1975213587284088,0.28484615683555603
2602,bbbc021_cell_02602,joint,SA-Joint,0.9849762320518494,0.9776959419250488,0.1594027578830719,0.14855176210403442,0.3403438627719879,0.27433133125305176
2604,bbbc021_cell_02604,joint,SA-Joint,0.9798164963722229,0.9671041369438171,0.19905337691307068,0.16502898931503296,0.2068997025489807,0.13219454884529114
2609,bbbc021_cell_02609,joint,SA-Joint,0.9706675410270691,0.9457660913467407,0.25148725509643555,0.12200147658586502,0.2145776003599167,0.09786230325698853
2611,bbbc021_cell_02611,joint,SA-Joint,0.9836387634277344,0.9827254414558411,0.17086565494537354,0.11759979277849197,0.24234628677368164,0.2453758716583252
2616,bbbc021_cell_02616,joint,SA-Joint,0.9898121356964111,0.9885806441307068,0.13823238015174866,0.23416507244110107,0.3080451488494873,0.2589176595211029
2618,bbbc021_cell_02618,joint,SA-Joint,0.9838578104972839,0.9740090370178223,0.20094634592533112,0.11321856081485748,0.2482239007949829,0.118782177567482
2630,bbbc021_cell_02630,joint,SA-Joint,0.993137776851654,0.9920637011528015,0.11715070903301239,0.21132144331932068,0.32871514558792114,0.2731386721134186
2647,bbbc021_cell_02647,joint,SA-Joint,0.9794482588768005,0.9737154841423035,0.17191250622272491,0.19225388765335083,0.23590868711471558,0.1826453059911728
2652,bbbc021_cell_02652,joint,SA-Joint,0.9842446446418762,0.9779716730117798,0.1697075515985489,0.16862797737121582,0.2060987800359726,0.15176492929458618
2653,bbbc021_cell_02653,joint,SA-Joint,0.9871788024902344,0.9802209138870239,0.16171212494373322,0.2073313444852829,0.28623950481414795,0.21633993089199066
2660,bbbc021_cell_02660,joint,SA-Joint,0.9763514995574951,0.968134343624115,0.19294123351573944,0.14407072961330414,0.19921565055847168,0.16581901907920837
2673,bbbc021_cell_02673,joint,SA-Joint,0.9930232167243958,0.9909433126449585,0.13548584282398224,0.18485736846923828,0.21867263317108154,0.2829582095146179
2682,bbbc021_cell_02682,joint,SA-Joint,0.9920827746391296,0.9893359541893005,0.12484283000230789,0.21810606122016907,0.26737064123153687,0.26764681935310364
2687,bbbc021_cell_02687,joint,SA-Joint,0.9922165274620056,0.9916956424713135,0.1288936734199524,0.11412935703992844,0.15791592001914978,0.1356486827135086
2700,bbbc021_cell_02700,joint,SA-Joint,0.9880642890930176,0.9835204482078552,0.1580256223678589,0.183736652135849,0.2354944944381714,0.2032376378774643
2702,bbbc021_cell_02702,joint,SA-Joint,0.9871094822883606,0.9786697030067444,0.14679275453090668,0.261027991771698,0.5326314568519592,0.28205832839012146
2711,bbbc021_cell_02711,joint,SA-Joint,0.9877622127532959,0.979171097278595,0.14403238892555237,0.25098174810409546,0.3273884952068329,0.3494921922683716
2725,bbbc021_cell_02725,joint,SA-Joint,0.9846169948577881,0.9835794568061829,0.1532311588525772,0.15906251966953278,0.24715489149093628,0.24993474781513214
2726,bbbc021_cell_02726,joint,SA-Joint,0.9886603355407715,0.9857617020606995,0.16729749739170074,0.09680172055959702,0.22942513227462769,0.12968362867832184
2727,bbbc021_cell_02727,joint,SA-Joint,0.9890761375427246,0.9877200722694397,0.12697583436965942,0.28086185455322266,0.3552682399749756,0.3424413502216339
2732,bbbc021_cell_02732,joint,SA-Joint,0.9860345721244812,0.9812894463539124,0.1621445119380951,0.1326344907283783,0.18263094127178192,0.2654798924922943
2742,bbbc021_cell_02742,joint,SA-Joint,0.9882547855377197,0.9868646860122681,0.1311609297990799,0.17643940448760986,0.2977006137371063,0.3102567195892334
2744,bbbc021_cell_02744,joint,SA-Joint,0.9892331957817078,0.980970561504364,0.18656474351882935,0.13388313353061676,0.1820259988307953,0.0968637466430664
2745,bbbc021_cell_02745,joint,SA-Joint,0.9871390461921692,0.984411358833313,0.16131485998630524,0.12575124204158783,0.20517002046108246,0.13745057582855225
2751,bbbc021_cell_02751,joint,SA-Joint,0.9807808995246887,0.9725338220596313,0.16720619797706604,0.19424189627170563,0.1996234655380249,0.22611422836780548
2775,bbbc021_cell_02775,joint,SA-Joint,0.9848885536193848,0.9709758162498474,0.4671008586883545,0.10873132199048996,0.029271569103002548,0.11157602071762085
2782,bbbc021_cell_02782,joint,SA-Joint,0.992530107498169,0.991592288017273,0.11621095985174179,0.2635868787765503,0.39368078112602234,0.4622921645641327
2783,bbbc021_cell_02783,joint,SA-Joint,0.9857534766197205,0.9819361567497253,0.14891910552978516,0.19400109350681305,0.2578611671924591,0.2561153173446655
2787,bbbc021_cell_02787,joint,SA-Joint,0.9874503016471863,0.9844439625740051,0.15376697480678558,0.13136141002178192,0.16190452873706818,0.2242106795310974
2788,bbbc021_cell_02788,joint,SA-Joint,0.9908429980278015,0.9846201539039612,0.16894826292991638,0.1942840814590454,0.20597614347934723,0.275220662355423
2792,bbbc021_cell_02792,joint,SA-Joint,0.9883623123168945,0.9807056188583374,0.17446944117546082,0.19482213258743286,0.2924850881099701,0.14412914216518402
2810,bbbc021_cell_02810,joint,SA-Joint,0.9867804646492004,0.980668842792511,0.1604861170053482,0.14800503849983215,0.2668233811855316,0.1916998028755188
2813,bbbc021_cell_02813,joint,SA-Joint,0.9857559204101562,0.9804689288139343,0.1878896802663803,0.08775913715362549,0.21142064034938812,0.16054262220859528
2816,bbbc021_cell_02816,joint,SA-Joint,0.9853779673576355,0.9784712195396423,0.16789855062961578,0.18975424766540527,0.19497300684452057,0.15947353839874268
2817,bbbc021_cell_02817,joint,SA-Joint,0.9851474761962891,0.9791648983955383,0.18006642162799835,0.09842967242002487,0.22053281962871552,0.127476304769516
2819,bbbc021_cell_02819,joint,SA-Joint,0.9934918284416199,0.9923152327537537,0.12635549902915955,0.12088826298713684,0.16785570979118347,0.17896531522274017
2841,bbbc021_cell_02841,joint,SA-Joint,0.9807677268981934,0.9684585332870483,0.1678459644317627,0.1965923011302948,0.301013708114624,0.2000734806060791
2846,bbbc021_cell_02846,joint,SA-Joint,0.9906284213066101,0.9882991313934326,0.13619248569011688,0.19993692636489868,0.2937624454498291,0.32900896668434143
2851,bbbc021_cell_02851,joint,SA-Joint,0.987921953201294,0.9854112267494202,0.14626531302928925,0.14400459825992584,0.1802896410226822,0.1873357594013214
2855,bbbc021_cell_02855,joint,SA-Joint,0.9784331917762756,0.9714235663414001,0.2090955525636673,0.09912614524364471,0.31365254521369934,0.1479973942041397
2864,bbbc021_cell_02864,joint,SA-Joint,0.9905133247375488,0.9884842038154602,0.13018079102039337,0.24246631562709808,0.3419242203235626,0.30716997385025024
2875,bbbc021_cell_02875,joint,SA-Joint,0.9812313914299011,0.9788764119148254,0.17312686145305634,0.09607366472482681,0.16945478320121765,0.2018592804670334
2886,bbbc021_cell_02886,joint,SA-Joint,0.9852972030639648,0.9762963056564331,0.16981293261051178,0.19653716683387756,0.27722063660621643,0.21041879057884216
2897,bbbc021_cell_02897,joint,SA-Joint,0.9920085072517395,0.9896206259727478,0.13225463032722473,0.2893609404563904,0.2528020739555359,0.3142734467983246
2911,bbbc021_cell_02911,joint,SA-Joint,0.9855105876922607,0.9796761274337769,0.1872614473104477,0.20661506056785583,0.20427417755126953,0.22482818365097046
2915,bbbc021_cell_02915,joint,SA-Joint,0.9916274547576904,0.9896489977836609,0.1314016431570053,0.1821584403514862,0.2341775894165039,0.19696180522441864
2929,bbbc021_cell_02929,joint,SA-Joint,0.9892005324363708,0.9852681159973145,0.15706461668014526,0.16913080215454102,0.1890065222978592,0.18539737164974213
2938,bbbc021_cell_02938,joint,SA-Joint,0.9910499453544617,0.9847113490104675,0.1674497425556183,0.1854122430086136,0.20657826960086823,0.3077510893344879
2945,bbbc021_cell_02945,joint,SA-Joint,0.9794942736625671,0.9627276659011841,0.1945982277393341,0.17938563227653503,0.24783311784267426,0.17601311206817627
2959,bbbc021_cell_02959,joint,SA-Joint,0.9874221682548523,0.9777056574821472,0.1595076024532318,0.24601124227046967,0.3964371085166931,0.25774118304252625
2966,bbbc021_cell_02966,joint,SA-Joint,0.9882284998893738,0.9862881302833557,0.15148991346359253,0.13880176842212677,0.3198850452899933,0.19416570663452148
2971,bbbc021_cell_02971,joint,SA-Joint,0.9885866641998291,0.9826547503471375,0.1753995716571808,0.13859610259532928,0.15662166476249695,0.24838121235370636
2973,bbbc021_cell_02973,joint,SA-Joint,0.9896645545959473,0.9850399494171143,0.1413869708776474,0.1862759292125702,0.2111576497554779,0.19821389019489288
2975,bbbc021_cell_02975,joint,SA-Joint,0.982046365737915,0.9755885004997253,0.17416992783546448,0.12348825484514236,0.2003803551197052,0.1889149248600006
2976,bbbc021_cell_02976,joint,SA-Joint,0.9899726510047913,0.9878585934638977,0.1290988028049469,0.15333066880702972,0.24724912643432617,0.24138875305652618
2986,bbbc021_cell_02986,joint,SA-Joint,0.9896510243415833,0.9881083965301514,0.13773274421691895,0.14187203347682953,0.1782512217760086,0.1740681231021881
3010,bbbc021_cell_03010,joint,SA-Joint,0.9848882555961609,0.9793384075164795,0.1585579812526703,0.12706096470355988,0.2823358476161957,0.21209414303302765
3020,bbbc021_cell_03020,joint,SA-Joint,0.9859912395477295,0.9809328317642212,0.15299752354621887,0.20931261777877808,0.21986030042171478,0.26342329382896423
3027,bbbc021_cell_03027,joint,SA-Joint,0.9906906485557556,0.9871593117713928,0.14004331827163696,0.16861310601234436,0.22861246764659882,0.19146817922592163
3032,bbbc021_cell_03032,joint,SA-Joint,0.9829352498054504,0.9771265983581543,0.17319314181804657,0.13952891528606415,0.22477327287197113,0.18087390065193176
3039,bbbc021_cell_03039,joint,SA-Joint,0.9864104390144348,0.9807013273239136,0.1600065380334854,0.14363537728786469,0.31613075733184814,0.21113233268260956
3048,bbbc021_cell_03048,joint,SA-Joint,0.9887409806251526,0.9840482473373413,0.14988532662391663,0.21413035690784454,0.24806588888168335,0.19281649589538574
3049,bbbc021_cell_03049,joint,SA-Joint,0.9893205761909485,0.9847472906112671,0.15883216261863708,0.19713053107261658,0.2508266568183899,0.18056313693523407
3056,bbbc021_cell_03056,joint,SA-Joint,0.9846601486206055,0.9827395677566528,0.15537752211093903,0.12317582964897156,0.20903638005256653,0.24853438138961792
3062,bbbc021_cell_03062,joint,SA-Joint,0.9925904273986816,0.9915047287940979,0.12792515754699707,0.15103919804096222,0.23998689651489258,0.3083173334598541
3065,bbbc021_cell_03065,joint,SA-Joint,0.9841054081916809,0.9789285063743591,0.17279094457626343,0.13292226195335388,0.14544911682605743,0.1436872035264969
3068,bbbc021_cell_03068,joint,SA-Joint,0.9910376071929932,0.9880649447441101,0.1342441290616989,0.1917690932750702,0.2027580589056015,0.2538762390613556
3071,bbbc021_cell_03071,joint,SA-Joint,0.9795646071434021,0.969952404499054,0.20622588694095612,0.09792165458202362,0.28826209902763367,0.13277560472488403
3072,bbbc021_cell_03072,joint,SA-Joint,0.9902048707008362,0.9884564876556396,0.14912639558315277,0.0996871218085289,0.23090626299381256,0.18976567685604095
3073,bbbc021_cell_03073,joint,SA-Joint,0.9822285175323486,0.9687955379486084,0.19692614674568176,0.21227426826953888,0.24375192821025848,0.1562809944152832
3074,bbbc021_cell_03074,joint,SA-Joint,0.9836592078208923,0.9771563410758972,0.1911042183637619,0.1511761099100113,0.1823774129152298,0.11739018559455872
3085,bbbc021_cell_03085,joint,SA-Joint,0.9865431189537048,0.9852462410926819,0.15496474504470825,0.1335209757089615,0.1658228635787964,0.15874142944812775
3086,bbbc021_cell_03086,joint,SA-Joint,0.9867362976074219,0.9817254543304443,0.1322309523820877,0.22758154571056366,0.3681674897670746,0.34372952580451965
3089,bbbc021_cell_03089,joint,SA-Joint,0.9841062426567078,0.9778560400009155,0.1717831790447235,0.1562061905860901,0.1562233567237854,0.1490717977285385
3095,bbbc021_cell_03095,joint,SA-Joint,0.9823164939880371,0.9762381911277771,0.16467535495758057,0.1400873363018036,0.2531746029853821,0.2128882110118866
3105,bbbc021_cell_03105,joint,SA-Joint,0.9859418869018555,0.9775291681289673,0.1777564138174057,0.14004243910312653,0.2133329063653946,0.17884904146194458
3107,bbbc021_cell_03107,joint,SA-Joint,0.9883329272270203,0.9875505566596985,0.13810822367668152,0.1303420215845108,0.18039308488368988,0.18631848692893982
3111,bbbc021_cell_03111,joint,SA-Joint,0.9896017909049988,0.9847704172134399,0.1436663120985031,0.2592369616031647,0.2859819829463959,0.22454309463500977
3118,bbbc021_cell_03118,joint,SA-Joint,0.9874129891395569,0.9855766296386719,0.14567984640598297,0.1895928829908371,0.2531053423881531,0.3089958429336548
3126,bbbc021_cell_03126,joint,SA-Joint,0.9880054593086243,0.9802196621894836,0.15084491670131683,0.1907748430967331,0.2126249223947525,0.1872129589319229
3132,bbbc021_cell_03132,joint,SA-Joint,0.9859878420829773,0.9806888103485107,0.1522623598575592,0.1451335996389389,0.2139940857887268,0.20237672328948975
3134,bbbc021_cell_03134,joint,SA-Joint,0.9883666038513184,0.9850438237190247,0.15610425174236298,0.13161148130893707,0.21329133212566376,0.1859324723482132
3142,bbbc021_cell_03142,joint,SA-Joint,0.9954401850700378,0.9949408173561096,0.10059673339128494,0.1585969179868698,0.19210277497768402,0.16083793342113495
3149,bbbc021_cell_03149,joint,SA-Joint,0.9856104850769043,0.9842554926872253,0.16346949338912964,0.11777389794588089,0.19937743246555328,0.23059996962547302
3151,bbbc021_cell_03151,joint,SA-Joint,0.9902984499931335,0.9901172518730164,0.13263899087905884,0.15041501820087433,0.2477487176656723,0.25812485814094543
3152,bbbc021_cell_03152,joint,SA-Joint,0.9799136519432068,0.9765272736549377,0.17643298208713531,0.11500908434391022,0.1561698019504547,0.15348118543624878
3165,bbbc021_cell_03165,joint,SA-Joint,0.9907291531562805,0.9888623356819153,0.13607609272003174,0.20285606384277344,0.2543618381023407,0.18313269317150116
3167,bbbc021_cell_03167,joint,SA-Joint,0.9844088554382324,0.9732464551925659,0.1511063575744629,0.2461608499288559,0.34576258063316345,0.24241718649864197
3168,bbbc021_cell_03168,joint,SA-Joint,0.9874290823936462,0.9858202934265137,0.16111555695533752,0.10513609647750854,0.20185069739818573,0.1987801194190979
3178,bbbc021_cell_03178,joint,SA-Joint,0.9861336350440979,0.9817829132080078,0.1624617576599121,0.13492147624492645,0.22595779597759247,0.20561246573925018
3183,bbbc021_cell_03183,joint,SA-Joint,0.9849216938018799,0.9846447706222534,0.16793370246887207,0.1034887358546257,0.1832634061574936,0.1822560727596283
3185,bbbc021_cell_03185,joint,SA-Joint,0.9919766783714294,0.9907893538475037,0.13630548119544983,0.07667558640241623,0.1614304929971695,0.1058351993560791
3217,bbbc021_cell_03217,joint,SA-Joint,0.985238254070282,0.9787604808807373,0.1550123542547226,0.17644734680652618,0.20950493216514587,0.2110615074634552
3219,bbbc021_cell_03219,joint,SA-Joint,0.9785997867584229,0.967240035533905,0.18839186429977417,0.10811871290206909,0.22359095513820648,0.17564231157302856
3222,bbbc021_cell_03222,joint,SA-Joint,0.9805150628089905,0.971392035484314,0.19368907809257507,0.13056544959545135,0.39553096890449524,0.1795983910560608
3225,bbbc021_cell_03225,joint,SA-Joint,0.9915511012077332,0.9908907413482666,0.13492311537265778,0.17844465374946594,0.2726489305496216,0.2565232515335083
3236,bbbc021_cell_03236,joint,SA-Joint,0.9825048446655273,0.9775052070617676,0.1657213419675827,0.18155550956726074,0.20560836791992188,0.18733437359333038
3240,bbbc021_cell_03240,joint,SA-Joint,0.9871538281440735,0.985344648361206,0.16908735036849976,0.1134481355547905,0.17462413012981415,0.17193350195884705
3242,bbbc021_cell_03242,joint,SA-Joint,0.9910153746604919,0.9872501492500305,0.13961763679981232,0.18871472775936127,0.22335855662822723,0.1603402942419052
3243,bbbc021_cell_03243,joint,SA-Joint,0.9831538796424866,0.9776269793510437,0.15426084399223328,0.20354869961738586,0.2064809799194336,0.21677285432815552
3250,bbbc021_cell_03250,joint,SA-Joint,0.9894142746925354,0.9876475930213928,0.15288682281970978,0.10960444808006287,0.17163196206092834,0.12471245974302292
3253,bbbc021_cell_03253,joint,SA-Joint,0.9850857853889465,0.9841387867927551,0.16586413979530334,0.10797476768493652,0.21102453768253326,0.22974655032157898
3276,bbbc021_cell_03276,joint,SA-Joint,0.9908004403114319,0.9889073967933655,0.13507097959518433,0.18245430290699005,0.2842893600463867,0.19836914539337158
3280,bbbc021_cell_03280,joint,SA-Joint,0.9862921833992004,0.9780765771865845,0.15728405117988586,0.2016969472169876,0.2776760458946228,0.21161676943302155
3289,bbbc021_cell_03289,joint,SA-Joint,0.9861038327217102,0.9780926704406738,0.1959323287010193,0.1155189499258995,0.1634245067834854,0.1966521292924881
3297,bbbc021_cell_03297,joint,SA-Joint,0.9914016723632812,0.9896846413612366,0.14098629355430603,0.11396092176437378,0.17722414433956146,0.1605885624885559
3313,bbbc021_cell_03313,joint,SA-Joint,0.9727062582969666,0.9657498002052307,0.2061087042093277,0.11121398955583572,0.14002786576747894,0.14063972234725952
3317,bbbc021_cell_03317,joint,SA-Joint,0.9869318604469299,0.9766032695770264,0.15467041730880737,0.2510915994644165,0.38468486070632935,0.25294774770736694
3328,bbbc021_cell_03328,joint,SA-Joint,0.982388973236084,0.9757091403007507,0.1597287803888321,0.20269039273262024,0.20240406692028046,0.23848669230937958
3333,bbbc021_cell_03333,joint,SA-Joint,0.9929628968238831,0.9912026524543762,0.13471375405788422,0.13768765330314636,0.3233194053173065,0.17977756261825562
3341,bbbc021_cell_03341,joint,SA-Joint,0.9711801409721375,0.9607704281806946,0.20380224287509918,0.10873053967952728,0.16288158297538757,0.126439169049263
3342,bbbc021_cell_03342,joint,SA-Joint,0.9872998595237732,0.9862428307533264,0.15195059776306152,0.14220023155212402,0.21032381057739258,0.23244443535804749
3345,bbbc021_cell_03345,joint,SA-Joint,0.9869048595428467,0.9797506928443909,0.19148515164852142,0.11161474883556366,0.21998076140880585,0.3961796760559082
3363,bbbc021_cell_03363,joint,SA-Joint,0.9912166595458984,0.9861107468605042,0.12785451114177704,0.20599664747714996,0.26293930411338806,0.23484814167022705
3367,bbbc021_cell_03367,joint,SA-Joint,0.9928167462348938,0.9919339418411255,0.12194614112377167,0.13610084354877472,0.19323040544986725,0.16177652776241302
3381,bbbc021_cell_03381,joint,SA-Joint,0.9886953234672546,0.9856036305427551,0.16632361710071564,0.1373065859079361,0.3151707351207733,0.28924405574798584
3395,bbbc021_cell_03395,joint,SA-Joint,0.9820999503135681,0.9778239727020264,0.19266672432422638,0.16571035981178284,0.1950118988752365,0.1429089456796646
3397,bbbc021_cell_03397,joint,SA-Joint,0.9872665405273438,0.9854145646095276,0.1685168445110321,0.12217262387275696,0.19023655354976654,0.23391792178153992
3402,bbbc021_cell_03402,joint,SA-Joint,0.9786150455474854,0.9724466800689697,0.15922996401786804,0.16127000749111176,0.24000565707683563,0.23777945339679718
3403,bbbc021_cell_03403,joint,SA-Joint,0.9897593855857849,0.9806859493255615,0.20127134025096893,0.14975887537002563,0.20984774827957153,0.06547147035598755
3404,bbbc021_cell_03404,joint,SA-Joint,0.9896547794342041,0.9856103658676147,0.13104024529457092,0.21215233206748962,0.30307725071907043,0.2920450270175934
3427,bbbc021_cell_03427,joint,SA-Joint,0.9933651089668274,0.9925268888473511,0.11424064636230469,0.17255328595638275,0.2553096115589142,0.2616662383079529
3436,bbbc021_cell_03436,joint,SA-Joint,0.9806995391845703,0.9692147970199585,0.1797185242176056,0.12870709598064423,0.3465757966041565,0.18622048199176788
3443,bbbc021_cell_03443,joint,SA-Joint,0.9810652732849121,0.9601263999938965,0.19080787897109985,0.2384490668773651,0.3040764629840851,0.16556471586227417
3461,bbbc021_cell_03461,joint,SA-Joint,0.9875075221061707,0.9840232133865356,0.16630513966083527,0.10861817747354507,0.22169406712055206,0.15011215209960938
3462,bbbc021_cell_03462,joint,SA-Joint,0.9827396273612976,0.9764044284820557,0.1800929456949234,0.11743905395269394,0.15276069939136505,0.16004067659378052
3465,bbbc021_cell_03465,joint,SA-Joint,0.9855286478996277,0.9787366986274719,0.16811273992061615,0.16934998333454132,0.24012967944145203,0.17811425030231476
3487,bbbc021_cell_03487,joint,SA-Joint,0.9957542419433594,0.9946333169937134,0.10577501356601715,0.19408342242240906,0.3213709890842438,0.24795019626617432
3495,bbbc021_cell_03495,joint,SA-Joint,0.9926726222038269,0.990817129611969,0.1276729702949524,0.16548418998718262,0.22710807621479034,0.17934222519397736
3509,bbbc021_cell_03509,joint,SA-Joint,0.9926773905754089,0.9911900162696838,0.11861642450094223,0.2578585743904114,0.25646525621414185,0.3167567253112793
3510,bbbc021_cell_03510,joint,SA-Joint,0.9825825691223145,0.9759464263916016,0.16336475312709808,0.16513925790786743,0.16630879044532776,0.20718516409397125
3511,bbbc021_cell_03511,joint,SA-Joint,0.9788258671760559,0.9701119065284729,0.1664983630180359,0.15989141166210175,0.2567158043384552,0.22294320166110992
3512,bbbc021_cell_03512,joint,SA-Joint,0.9908607602119446,0.988125205039978,0.1318400651216507,0.20205168426036835,0.24489843845367432,0.21797871589660645
3516,bbbc021_cell_03516,joint,SA-Joint,0.9780721664428711,0.9732166528701782,0.17081622779369354,0.12575052678585052,0.2266802042722702,0.23657777905464172
3527,bbbc021_cell_03527,joint,SA-Joint,0.9874343872070312,0.9865294694900513,0.14416173100471497,0.15459471940994263,0.3014582097530365,0.2864324152469635
3543,bbbc021_cell_03543,joint,SA-Joint,0.9935500025749207,0.9932345747947693,0.1119113564491272,0.13305021822452545,0.25172847509384155,0.2648911774158478
3551,bbbc021_cell_03551,joint,SA-Joint,0.9896292686462402,0.9880214929580688,0.1541818231344223,0.07662133127450943,0.17145834863185883,0.13909964263439178
3554,bbbc021_cell_03554,joint,SA-Joint,0.9883652329444885,0.9840814471244812,0.16095879673957825,0.10503946244716644,0.30031439661979675,0.15098059177398682
3557,bbbc021_cell_03557,joint,SA-Joint,0.9931719303131104,0.9895300269126892,0.1475948840379715,0.14923809468746185,0.24553869664669037,0.11545908451080322
3559,bbbc021_cell_03559,joint,SA-Joint,0.9912241101264954,0.987403929233551,0.14469818770885468,0.20757606625556946,0.27011165022850037,0.17751918733119965
3561,bbbc021_cell_03561,joint,SA-Joint,0.9934698939323425,0.9917097091674805,0.12627959251403809,0.22096256911754608,0.2875747084617615,0.29634717106819153
3567,bbbc021_cell_03567,joint,SA-Joint,0.9902801513671875,0.990031361579895,0.13080233335494995,0.14225713908672333,0.2045271098613739,0.2594859302043915
3580,bbbc021_cell_03580,joint,SA-Joint,0.9938008189201355,0.9932746887207031,0.10562694817781448,0.25071072578430176,0.2934429943561554,0.29765263199806213
3592,bbbc021_cell_03592,joint,SA-Joint,0.9861469864845276,0.9724583029747009,0.24408753216266632,0.1269982010126114,0.07493741065263748,0.2068556398153305
3594,bbbc021_cell_03594,joint,SA-Joint,0.9881560802459717,0.9830873608589172,0.1553104668855667,0.16546079516410828,0.23392897844314575,0.17044833302497864
3597,bbbc021_cell_03597,joint,SA-Joint,0.9846451282501221,0.9790979623794556,0.2060975581407547,0.08060916513204575,0.07670092582702637,0.07969262450933456
3598,bbbc021_cell_03598,joint,SA-Joint,0.9682580828666687,0.9412835240364075,0.2913423180580139,0.13222676515579224,0.17246729135513306,0.08037623018026352
3610,bbbc021_cell_03610,joint,SA-Joint,0.9847402572631836,0.9772016406059265,0.15250328183174133,0.17233777046203613,0.28398367762565613,0.23481689393520355
3612,bbbc021_cell_03612,joint,SA-Joint,0.9831668734550476,0.9754703044891357,0.17283077538013458,0.1392710655927658,0.21405819058418274,0.17780426144599915
3625,bbbc021_cell_03625,joint,SA-Joint,0.9904802441596985,0.9901052117347717,0.1312064826488495,0.1849595010280609,0.3853514492511749,0.508029580116272
3634,bbbc021_cell_03634,joint,SA-Joint,0.9928098320960999,0.9872710108757019,0.17132900655269623,0.18201658129692078,0.12683625519275665,0.20663921535015106
3636,bbbc021_cell_03636,joint,SA-Joint,0.9878730773925781,0.9848647713661194,0.1548868864774704,0.13045524060726166,0.19187048077583313,0.26785174012184143
3644,bbbc021_cell_03644,joint,SA-Joint,0.9859448075294495,0.9846804141998291,0.15694741904735565,0.16858965158462524,0.2585311532020569,0.2675921320915222
3646,bbbc021_cell_03646,joint,SA-Joint,0.9923925399780273,0.9899526834487915,0.13639657199382782,0.14578406512737274,0.19369183480739594,0.13139985501766205
3647,bbbc021_cell_03647,joint,SA-Joint,0.9915125966072083,0.9909850358963013,0.1258426010608673,0.18285596370697021,0.319394588470459,0.2786344587802887
3668,bbbc021_cell_03668,joint,SA-Joint,0.9901288151741028,0.9833645224571228,0.1733766496181488,0.11881362646818161,0.34347984194755554,0.49581146240234375
3674,bbbc021_cell_03674,joint,SA-Joint,0.9841404557228088,0.9760956168174744,0.16217385232448578,0.1700659841299057,0.19638508558273315,0.1955115795135498
3676,bbbc021_cell_03676,joint,SA-Joint,0.9776954650878906,0.9647528529167175,0.2199375331401825,0.08097890019416809,0.1902613788843155,0.1001017615199089
3694,bbbc021_cell_03694,joint,SA-Joint,0.983109176158905,0.9734195470809937,0.20649391412734985,0.17148472368717194,0.1868162453174591,0.16799570620059967
3701,bbbc021_cell_03701,joint,SA-Joint,0.981137752532959,0.9771113991737366,0.16110005974769592,0.15565894544124603,0.21175920963287354,0.25821298360824585
3712,bbbc021_cell_03712,joint,SA-Joint,0.987163245677948,0.9826563596725464,0.14458811283111572,0.21696652472019196,0.25820183753967285,0.23612047731876373
3714,bbbc021_cell_03714,joint,SA-Joint,0.9908275604248047,0.9890750646591187,0.13463453948497772,0.20097823441028595,0.26021891832351685,0.30391454696655273
3719,bbbc021_cell_03719,joint,SA-Joint,0.9844825863838196,0.9761982560157776,0.18246085941791534,0.1451057493686676,0.25532233715057373,0.15676335990428925
3721,bbbc021_cell_03721,joint,SA-Joint,0.9787261486053467,0.9738578796386719,0.18464766442775726,0.1222311332821846,0.16166415810585022,0.15037323534488678
3723,bbbc021_cell_03723,joint,SA-Joint,0.9834334850311279,0.9774980545043945,0.1584721952676773,0.13411960005760193,0.2980542480945587,0.26834776997566223
3725,bbbc021_cell_03725,joint,SA-Joint,0.9939706921577454,0.9922729730606079,0.11997080594301224,0.21927502751350403,0.24646218121051788,0.20952153205871582
3728,bbbc021_cell_03728,joint,SA-Joint,0.9903859496116638,0.989948570728302,0.14709711074829102,0.10826046019792557,0.17339639365673065,0.10792902112007141
3730,bbbc021_cell_03730,joint,SA-Joint,0.9912469387054443,0.9905332922935486,0.1319308578968048,0.1750825196504593,0.245291069149971,0.21318863332271576
3739,bbbc021_cell_03739,joint,SA-Joint,0.9878376126289368,0.9846781492233276,0.15938279032707214,0.1500401645898819,0.14103448390960693,0.1295122355222702
3741,bbbc021_cell_03741,joint,SA-Joint,0.9885721206665039,0.9864720702171326,0.1455117166042328,0.1516881287097931,0.18001814186573029,0.18474197387695312
3745,bbbc021_cell_03745,joint,SA-Joint,0.9890596270561218,0.9864554405212402,0.15536880493164062,0.11422479897737503,0.19898086786270142,0.13596485555171967
3746,bbbc021_cell_03746,joint,SA-Joint,0.9912926554679871,0.9886699318885803,0.13755983114242554,0.19737905263900757,0.379364013671875,0.24600113928318024
3754,bbbc021_cell_03754,joint,SA-Joint,0.9851868748664856,0.9765870571136475,0.16726058721542358,0.12717889249324799,0.21670475602149963,0.1657876819372177
3758,bbbc021_cell_03758,joint,SA-Joint,0.9917046427726746,0.990290641784668,0.1383260190486908,0.12793242931365967,0.24197739362716675,0.24341002106666565
3759,bbbc021_cell_03759,joint,SA-Joint,0.9874204993247986,0.983443558216095,0.15248583257198334,0.11340715736150742,0.15440057218074799,0.15747113525867462
3779,bbbc021_cell_03779,joint,SA-Joint,0.9927117228507996,0.9883809685707092,0.1545989215373993,0.16354010999202728,0.22408126294612885,0.10927147418260574
3791,bbbc021_cell_03791,joint,SA-Joint,0.9921829104423523,0.989101231098175,0.1191568523645401,0.2018769383430481,0.32275235652923584,0.2867618501186371
3792,bbbc021_cell_03792,joint,SA-Joint,0.991036593914032,0.9903058409690857,0.13748382031917572,0.1367357224225998,0.2912137806415558,0.2969316840171814
3794,bbbc021_cell_03794,joint,SA-Joint,0.9900031089782715,0.9835876226425171,0.16850557923316956,0.17612141370773315,0.1483476758003235,0.219650998711586
3803,bbbc021_cell_03803,joint,SA-Joint,0.995104968547821,0.9942723512649536,0.10075925290584564,0.16205225884914398,0.2317948341369629,0.22113797068595886
3804,bbbc021_cell_03804,joint,SA-Joint,0.9878819584846497,0.9812007546424866,0.15494167804718018,0.20642369985580444,0.233995258808136,0.18401911854743958
3807,bbbc021_cell_03807,joint,SA-Joint,0.978508710861206,0.9765246510505676,0.18040136992931366,0.1039811298251152,0.1347283124923706,0.17564280331134796
3809,bbbc021_cell_03809,joint,SA-Joint,0.9915100932121277,0.986704409122467,0.13721980154514313,0.17389008402824402,0.2603498697280884,0.1924963742494583
3812,bbbc021_cell_03812,joint,SA-Joint,0.9847881197929382,0.9783345460891724,0.1532309204339981,0.18266791105270386,0.27717193961143494,0.2521614730358124
3813,bbbc021_cell_03813,joint,SA-Joint,0.9807291626930237,0.9759881496429443,0.20315411686897278,0.0951864942908287,0.18811629712581635,0.20892703533172607
3815,bbbc021_cell_03815,joint,SA-Joint,0.986438512802124,0.9847127199172974,0.15099841356277466,0.1029839888215065,0.18289853632450104,0.24798980355262756
3823,bbbc021_cell_03823,joint,SA-Joint,0.9819307923316956,0.9688782691955566,0.18759949505329132,0.20035283267498016,0.24836628139019012,0.16242724657058716
3824,bbbc021_cell_03824,joint,SA-Joint,0.9943211078643799,0.9928656220436096,0.12625615298748016,0.11567860841751099,0.1619589924812317,0.12921041250228882
3827,bbbc021_cell_03827,joint,SA-Joint,0.9892694354057312,0.9876225590705872,0.15312321484088898,0.12045683711767197,0.2334945648908615,0.28332677483558655
3830,bbbc021_cell_03830,joint,SA-Joint,0.9891117215156555,0.9810953140258789,0.19341586530208588,0.07978334277868271,0.2353438287973404,0.1896371990442276
3834,bbbc021_cell_03834,joint,SA-Joint,0.9838358759880066,0.9764305949211121,0.16196350753307343,0.21444717049598694,0.24265818297863007,0.2456064224243164
3838,bbbc021_cell_03838,joint,SA-Joint,0.988323986530304,0.982203483581543,0.15531285107135773,0.1697833091020584,0.2760769724845886,0.22028011083602905
3845,bbbc021_cell_03845,joint,SA-Joint,0.9782264232635498,0.9726076722145081,0.21704114973545074,0.0672178789973259,0.07587271183729172,0.10744580626487732
3846,bbbc021_cell_03846,joint,SA-Joint,0.9682472348213196,0.9171767234802246,0.5196536779403687,0.13812480866909027,0.05053339898586273,0.16945584118366241
3849,bbbc021_cell_03849,joint,SA-Joint,0.9824426770210266,0.9717369079589844,0.19244137406349182,0.19702623784542084,0.16457970440387726,0.14142483472824097
3850,bbbc021_cell_03850,joint,SA-Joint,0.9851701855659485,0.9777689576148987,0.1563120037317276,0.2159920632839203,0.19690129160881042,0.18789541721343994
3859,bbbc021_cell_03859,joint,SA-Joint,0.9888479709625244,0.9879986047744751,0.1391368955373764,0.13451379537582397,0.20080117881298065,0.21426691114902496
3883,bbbc021_cell_03883,joint,SA-Joint,0.9808431267738342,0.9688451886177063,0.19971643388271332,0.1574944108724594,0.18749302625656128,0.1449442356824875
3886,bbbc021_cell_03886,joint,SA-Joint,0.9799672961235046,0.9662894606590271,0.24775195121765137,0.07653321325778961,0.2645149230957031,0.27433913946151733
3887,bbbc021_cell_03887,joint,SA-Joint,0.9877203106880188,0.9819973707199097,0.1479172557592392,0.18908445537090302,0.20422811806201935,0.19044095277786255
3892,bbbc021_cell_03892,joint,SA-Joint,0.9941187500953674,0.9934987425804138,0.11143367737531662,0.2868075668811798,0.34647151827812195,0.34215256571769714
3894,bbbc021_cell_03894,joint,SA-Joint,0.9898428916931152,0.9841389656066895,0.12803533673286438,0.21811358630657196,0.3281293511390686,0.30730360746383667
3897,bbbc021_cell_03897,joint,SA-Joint,0.9786471724510193,0.968464732170105,0.20827144384384155,0.10986197739839554,0.10544292628765106,0.2173832207918167
3917,bbbc021_cell_03917,joint,SA-Joint,0.995019257068634,0.9932236671447754,0.10679931938648224,0.24925920367240906,0.30018720030784607,0.21103161573410034
3927,bbbc021_cell_03927,joint,SA-Joint,0.9874231219291687,0.9871347546577454,0.15109451115131378,0.1356547325849533,0.20230033993721008,0.19478727877140045
3928,bbbc021_cell_03928,joint,SA-Joint,0.9846034646034241,0.9752025008201599,0.1708574742078781,0.17821535468101501,0.2246563583612442,0.192690908908844
3933,bbbc021_cell_03933,joint,SA-Joint,0.9859071373939514,0.9829156994819641,0.14808395504951477,0.14279790222644806,0.25295180082321167,0.217642143368721
3937,bbbc021_cell_03937,joint,SA-Joint,0.9882702827453613,0.9851875305175781,0.16038107872009277,0.1387995481491089,0.1625133603811264,0.13374599814414978
3938,bbbc021_cell_03938,joint,SA-Joint,0.9865654110908508,0.9816299676895142,0.1646547168493271,0.16715146601200104,0.1678306758403778,0.1551646590232849
3951,bbbc021_cell_03951,joint,SA-Joint,0.9777770638465881,0.973684549331665,0.1729668378829956,0.16011878848075867,0.2425195425748825,0.2398063987493515
3969,bbbc021_cell_03969,joint,SA-Joint,0.9873018264770508,0.9821500182151794,0.14407208561897278,0.18158657848834991,0.23484565317630768,0.24187345802783966
3972,bbbc021_cell_03972,joint,SA-Joint,0.9895150661468506,0.9851471781730652,0.1490868777036667,0.2126876413822174,0.2926270663738251,0.23121505975723267
3978,bbbc021_cell_03978,joint,SA-Joint,0.988586962223053,0.9839334487915039,0.17766022682189941,0.08509349822998047,0.20586428046226501,0.18609747290611267
3982,bbbc021_cell_03982,joint,SA-Joint,0.9897254109382629,0.9843418002128601,0.1510421633720398,0.17224964499473572,0.2677508592605591,0.17439842224121094
4000,bbbc021_cell_04000,joint,SA-Joint,0.9838652014732361,0.9794415235519409,0.20100358128547668,0.11491893231868744,0.395371675491333,0.2256620079278946
4001,bbbc021_cell_04001,joint,SA-Joint,0.9880792498588562,0.9847613573074341,0.1440109759569168,0.1683071255683899,0.27520236372947693,0.23448358476161957
4006,bbbc021_cell_04006,joint,SA-Joint,0.9869811534881592,0.9832370281219482,0.16456367075443268,0.11836991459131241,0.1507325917482376,0.15591052174568176
4010,bbbc021_cell_04010,joint,SA-Joint,0.9876115918159485,0.9853953123092651,0.14931799471378326,0.1382358968257904,0.14551474153995514,0.198990136384964
4018,bbbc021_cell_04018,joint,SA-Joint,0.9905131459236145,0.9885028600692749,0.14781856536865234,0.12751486897468567,0.21344104409217834,0.12371321022510529
4020,bbbc021_cell_04020,joint,SA-Joint,0.9902138710021973,0.983788251876831,0.1677205115556717,0.19709676504135132,0.3358582556247711,0.1790982037782669
4023,bbbc021_cell_04023,joint,SA-Joint,0.9916855692863464,0.9882912635803223,0.14821776747703552,0.1467006802558899,0.22209754586219788,0.14464618265628815
4028,bbbc021_cell_04028,joint,SA-Joint,0.9901402592658997,0.9864010810852051,0.14066241681575775,0.1587756872177124,0.2433643341064453,0.1679168939590454
4035,bbbc021_cell_04035,joint,SA-Joint,0.9799060225486755,0.9762788414955139,0.16009265184402466,0.16053006052970886,0.22586007416248322,0.2450156807899475
4038,bbbc021_cell_04038,joint,SA-Joint,0.9953808188438416,0.9949784278869629,0.09381532669067383,0.2705889940261841,0.31429532170295715,0.343382865190506
4039,bbbc021_cell_04039,joint,SA-Joint,0.9847926497459412,0.9769929647445679,0.1733551323413849,0.1593359261751175,0.2571977376937866,0.17957599461078644
4047,bbbc021_cell_04047,joint,SA-Joint,0.9837665557861328,0.9788324236869812,0.17622260749340057,0.09699077904224396,0.1847798079252243,0.12290631234645844
4050,bbbc021_cell_04050,joint,SA-Joint,0.9904000759124756,0.9856179356575012,0.15529242157936096,0.19078399240970612,0.2605515420436859,0.184103861451149
4052,bbbc021_cell_04052,joint,SA-Joint,0.9941107630729675,0.9928040504455566,0.11179373413324356,0.19490332901477814,0.2684328556060791,0.2197946161031723
4055,bbbc021_cell_04055,joint,SA-Joint,0.9888033866882324,0.9845758676528931,0.14710655808448792,0.147508904337883,0.23787838220596313,0.18255756795406342
4069,bbbc021_cell_04069,joint,SA-Joint,0.972339391708374,0.9554243087768555,0.2917424142360687,0.060027044266462326,0.11589501798152924,0.04443081468343735
4073,bbbc021_cell_04073,joint,SA-Joint,0.9846854209899902,0.9765647649765015,0.18080681562423706,0.1511317789554596,0.18309006094932556,0.13574951887130737
4078,bbbc021_cell_04078,joint,SA-Joint,0.9902544617652893,0.9877682328224182,0.14125984907150269,0.2246297001838684,0.2129420042037964,0.20612701773643494
4079,bbbc021_cell_04079,joint,SA-Joint,0.9882132411003113,0.982371985912323,0.16037917137145996,0.22294026613235474,0.24072740972042084,0.3114381432533264
4080,bbbc021_cell_04080,joint,SA-Joint,0.9852588176727295,0.9815375208854675,0.18309098482131958,0.10671389847993851,0.23719482123851776,0.1751498430967331
4091,bbbc021_cell_04091,joint,SA-Joint,0.9896742701530457,0.9836938977241516,0.14302010834217072,0.21660448610782623,0.30457356572151184,0.23614677786827087
4096,bbbc021_cell_04096,joint,SA-Joint,0.9898063540458679,0.9859133958816528,0.14492620527744293,0.22231557965278625,0.30624309182167053,0.2512210011482239
4098,bbbc021_cell_04098,joint,SA-Joint,0.9858359694480896,0.9834298491477966,0.15658444166183472,0.13579899072647095,0.1670582890510559,0.18259203433990479
4121,bbbc021_cell_04121,joint,SA-Joint,0.9849628806114197,0.9805775284767151,0.15156233310699463,0.1567765176296234,0.20691074430942535,0.22371667623519897
4134,bbbc021_cell_04134,joint,SA-Joint,0.9834657311439514,0.9703542590141296,0.17868493497371674,0.18426357209682465,0.26487356424331665,0.1671680212020874
4135,bbbc021_cell_04135,joint,SA-Joint,0.9870523810386658,0.9865232110023499,0.1515454649925232,0.1083260253071785,0.1733935922384262,0.22386908531188965
4137,bbbc021_cell_04137,joint,SA-Joint,0.9909210801124573,0.9877142310142517,0.13704513013362885,0.15194860100746155,0.20656085014343262,0.18330422043800354
4145,bbbc021_cell_04145,joint,SA-Joint,0.9922565817832947,0.9907777905464172,0.14010894298553467,0.17525459825992584,0.2204466462135315,0.20623181760311127
4149,bbbc021_cell_04149,joint,SA-Joint,0.9870513081550598,0.9835242629051208,0.16706018149852753,0.09739161282777786,0.106842041015625,0.20832087099552155
4153,bbbc021_cell_04153,joint,SA-Joint,0.987926185131073,0.9793580770492554,0.1383592039346695,0.2283661812543869,0.32602211833000183,0.3131391406059265
4181,bbbc021_cell_04181,joint,SA-Joint,0.9830121994018555,0.9768266677856445,0.1602807641029358,0.15338748693466187,0.2860942482948303,0.21768929064273834
4188,bbbc021_cell_04188,joint,SA-Joint,0.9772036671638489,0.9587446451187134,0.19637960195541382,0.13685213029384613,0.3443950116634369,0.2286251187324524
4196,bbbc021_cell_04196,joint,SA-Joint,0.979350745677948,0.9765297770500183,0.1726362407207489,0.15118825435638428,0.21078552305698395,0.22418488562107086
4204,bbbc021_cell_04204,joint,SA-Joint,0.9866070747375488,0.978908121585846,0.15763463079929352,0.2123921811580658,0.3230031132698059,0.27262935042381287
4209,bbbc021_cell_04209,joint,SA-Joint,0.9778456091880798,0.9661487936973572,0.1764591634273529,0.13968682289123535,0.19069655239582062,0.16586589813232422
4211,bbbc021_cell_04211,joint,SA-Joint,0.9853582978248596,0.9795389175415039,0.16406862437725067,0.16191814839839935,0.19877789914608002,0.1652214527130127
4212,bbbc021_cell_04212,joint,SA-Joint,0.9829686284065247,0.9774134755134583,0.16174539923667908,0.14945103228092194,0.19980601966381073,0.19813355803489685
4218,bbbc021_cell_04218,joint,SA-Joint,0.9837237000465393,0.9664545059204102,0.17633305490016937,0.26613691449165344,0.40389761328697205,0.1879274994134903
4228,bbbc021_cell_04228,joint,SA-Joint,0.9856817126274109,0.9818335175514221,0.17498579621315002,0.1442280411720276,0.23785600066184998,0.13818097114562988
4229,bbbc021_cell_04229,joint,SA-Joint,0.9828565120697021,0.9773421287536621,0.19883158802986145,0.08208112418651581,0.16879777610301971,0.18451867997646332
4250,bbbc021_cell_04250,joint,SA-Joint,0.9790249466896057,0.9699471592903137,0.19327907264232635,0.11666985601186752,0.17654329538345337,0.14729610085487366
4254,bbbc021_cell_04254,joint,SA-Joint,0.9903409481048584,0.9864569306373596,0.1535700559616089,0.19655399024486542,0.17538456618785858,0.12043984234333038
4261,bbbc021_cell_04261,joint,SA-Joint,0.9908161759376526,0.9837946891784668,0.178484708070755,0.17611323297023773,0.13398949801921844,0.2424350529909134
4264,bbbc021_cell_04264,joint,SA-Joint,0.9855227470397949,0.9786590337753296,0.1939978301525116,0.09761224687099457,0.24518078565597534,0.2569431662559509
4265,bbbc021_cell_04265,joint,SA-Joint,0.9892666339874268,0.9877628087997437,0.15291160345077515,0.10712835192680359,0.24952055513858795,0.21255993843078613
4284,bbbc021_cell_04284,joint,SA-Joint,0.9899008274078369,0.9864810109138489,0.1600836217403412,0.11287790536880493,0.23192670941352844,0.2447696030139923
4294,bbbc021_cell_04294,joint,SA-Joint,0.9858506321907043,0.9812591671943665,0.16680949926376343,0.11752575635910034,0.1716332882642746,0.13753750920295715
4296,bbbc021_cell_04296,joint,SA-Joint,0.9850249290466309,0.9818692207336426,0.17994819581508636,0.09443476796150208,0.157569020986557,0.23555301129817963
4306,bbbc021_cell_04306,joint,SA-Joint,0.9876187443733215,0.9857921004295349,0.16023050248622894,0.09438496828079224,0.17373988032341003,0.30941081047058105
4321,bbbc021_cell_04321,joint,SA-Joint,0.9915130734443665,0.9869791865348816,0.14994114637374878,0.20193636417388916,0.29369857907295227,0.18488654494285583
4327,bbbc021_cell_04327,joint,SA-Joint,0.9809096455574036,0.9661931395530701,0.22333109378814697,0.132520854473114,0.19859707355499268,0.11156557500362396
4331,bbbc021_cell_04331,joint,SA-Joint,0.9849978089332581,0.9754454493522644,0.1954374760389328,0.1378447562456131,0.19113852083683014,0.12380094081163406
4334,bbbc021_cell_04334,joint,SA-Joint,0.9895340800285339,0.9868809580802917,0.13265453279018402,0.21260449290275574,0.30896803736686707,0.2883942723274231
4339,bbbc021_cell_04339,joint,SA-Joint,0.9931354522705078,0.9915686249732971,0.11985558271408081,0.19638115167617798,0.2174379527568817,0.18321527540683746
4340,bbbc021_cell_04340,joint,SA-Joint,0.984886109828949,0.9756449460983276,0.17512089014053345,0.1941467970609665,0.24100437760353088,0.1884867399930954
4344,bbbc021_cell_04344,joint,SA-Joint,0.9872689247131348,0.9846803545951843,0.1447666436433792,0.23342476785182953,0.28471827507019043,0.2496080845594406
4349,bbbc021_cell_04349,joint,SA-Joint,0.9808569550514221,0.9686872959136963,0.17280732095241547,0.14232511818408966,0.23893940448760986,0.21340586245059967
4361,bbbc021_cell_04361,joint,SA-Joint,0.9812073707580566,0.96876460313797,0.22834527492523193,0.1236119344830513,0.0870060920715332,0.16285045444965363
4370,bbbc021_cell_04370,joint,SA-Joint,0.9905624389648438,0.9894958138465881,0.1394396424293518,0.14604641497135162,0.2683585584163666,0.16887733340263367
4371,bbbc021_cell_04371,joint,SA-Joint,0.9926503300666809,0.990129292011261,0.13889454305171967,0.12286048382520676,0.2069428265094757,0.21488942205905914
4376,bbbc021_cell_04376,joint,SA-Joint,0.9820654988288879,0.9698539972305298,0.23755156993865967,0.10484270006418228,0.225258931517601,0.07743940502405167
4390,bbbc021_cell_04390,joint,SA-Joint,0.9883222579956055,0.9873418211936951,0.14898106455802917,0.16462990641593933,0.22972434759140015,0.23543915152549744
4403,bbbc021_cell_04403,joint,SA-Joint,0.9907898902893066,0.989057183265686,0.1459018886089325,0.17498941719532013,0.22517475485801697,0.2183389812707901
4408,bbbc021_cell_04408,joint,SA-Joint,0.9903087615966797,0.9838618040084839,0.16326789557933807,0.182695671916008,0.2167617380619049,0.14099401235580444
4412,bbbc021_cell_04412,joint,SA-Joint,0.9904549717903137,0.9838823676109314,0.17280785739421844,0.14378394186496735,0.15424096584320068,0.24568195641040802
4419,bbbc021_cell_04419,joint,SA-Joint,0.9930822253227234,0.9927804470062256,0.11471852660179138,0.1745292842388153,0.2509954571723938,0.2315695434808731
4433,bbbc021_cell_04433,joint,SA-Joint,0.9808232188224792,0.9753122925758362,0.1823914349079132,0.09828405827283859,0.22873349487781525,0.20331339538097382
4437,bbbc021_cell_04437,joint,SA-Joint,0.990730345249176,0.9898134469985962,0.13754867017269135,0.13213638961315155,0.2714424729347229,0.17657329142093658
4446,bbbc021_cell_04446,joint,SA-Joint,0.9895228743553162,0.9853352904319763,0.13332410156726837,0.20759062469005585,0.24584321677684784,0.2637043595314026
4450,bbbc021_cell_04450,joint,SA-Joint,0.9828779101371765,0.9679156541824341,0.20440492033958435,0.16726551949977875,0.19559809565544128,0.11387479305267334
4460,bbbc021_cell_04460,joint,SA-Joint,0.9866994023323059,0.9853571057319641,0.16389404237270355,0.08749640733003616,0.13363264501094818,0.12404989451169968
4464,bbbc021_cell_04464,joint,SA-Joint,0.9856147766113281,0.9810006618499756,0.18386055529117584,0.12064939737319946,0.32883602380752563,0.20750541985034943
4466,bbbc021_cell_04466,joint,SA-Joint,0.9856405258178711,0.9802631735801697,0.18627263605594635,0.12163379788398743,0.16817311942577362,0.10129061341285706
4474,bbbc021_cell_04474,joint,SA-Joint,0.979443371295929,0.9667643308639526,0.19713135063648224,0.1751227229833603,0.2945409119129181,0.15019448101520538
4491,bbbc021_cell_04491,joint,SA-Joint,0.9906927943229675,0.985912561416626,0.13614659011363983,0.18895502388477325,0.22244064509868622,0.19195979833602905
4499,bbbc021_cell_04499,joint,SA-Joint,0.9841738343238831,0.9796247482299805,0.1787872612476349,0.11536019295454025,0.19114531576633453,0.126581072807312
4527,bbbc021_cell_04527,joint,SA-Joint,0.9917894005775452,0.9882805347442627,0.14723758399486542,0.19348961114883423,0.23602837324142456,0.2842159569263458
4535,bbbc021_cell_04535,joint,SA-Joint,0.9833407402038574,0.9763693809509277,0.15485283732414246,0.18367557227611542,0.26674365997314453,0.24799369275569916
4542,bbbc021_cell_04542,joint,SA-Joint,0.9910955429077148,0.9890124201774597,0.12949985265731812,0.20796677470207214,0.3978332281112671,0.30003881454467773
4544,bbbc021_cell_04544,joint,SA-Joint,0.9943068623542786,0.992372989654541,0.12387576699256897,0.22578881680965424,0.2908306419849396,0.3018552362918854
4547,bbbc021_cell_04547,joint,SA-Joint,0.9909458756446838,0.9882693886756897,0.1613304764032364,0.1280672550201416,0.16810044646263123,0.0807873010635376
4554,bbbc021_cell_04554,joint,SA-Joint,0.9848198294639587,0.9817565679550171,0.17707940936088562,0.0983024463057518,0.15012754499912262,0.23410195112228394
4555,bbbc021_cell_04555,joint,SA-Joint,0.9788176417350769,0.9703689813613892,0.22513845562934875,0.1592443585395813,0.07798196375370026,0.07300117611885071
4561,bbbc021_cell_04561,joint,SA-Joint,0.9919976592063904,0.9913958311080933,0.13189801573753357,0.14610633254051208,0.22415019571781158,0.18987740576267242
4566,bbbc021_cell_04566,joint,SA-Joint,0.990334689617157,0.9867178201675415,0.14968891441822052,0.11518920212984085,0.17886468768119812,0.14214220643043518
4568,bbbc021_cell_04568,joint,SA-Joint,0.9813699722290039,0.9693850874900818,0.1860123574733734,0.15641167759895325,0.20631320774555206,0.16017252206802368
4586,bbbc021_cell_04586,joint,SA-Joint,0.982697069644928,0.9767470359802246,0.18962591886520386,0.12268359959125519,0.23352742195129395,0.1482045203447342
4589,bbbc021_cell_04589,joint,SA-Joint,0.989937961101532,0.9881957769393921,0.13722996413707733,0.23173750936985016,0.34359756112098694,0.3569793403148651
4590,bbbc021_cell_04590,joint,SA-Joint,0.9898393154144287,0.9886866211891174,0.14200067520141602,0.15397123992443085,0.24338674545288086,0.31620731949806213
4597,bbbc021_cell_04597,joint,SA-Joint,0.986541211605072,0.9793614149093628,0.16014504432678223,0.19818295538425446,0.3455975353717804,0.21140645444393158
4602,bbbc021_cell_04602,joint,SA-Joint,0.981218159198761,0.9776376485824585,0.17145878076553345,0.11361578851938248,0.17409852147102356,0.169038325548172
4613,bbbc021_cell_04613,joint,SA-Joint,0.9802328944206238,0.9744011163711548,0.17260171473026276,0.14205212891101837,0.25163179636001587,0.24201489984989166
4614,bbbc021_cell_04614,joint,SA-Joint,0.9908055663108826,0.987917423248291,0.15014612674713135,0.12061822414398193,0.21732068061828613,0.13457438349723816
4619,bbbc021_cell_04619,joint,SA-Joint,0.9924959540367126,0.9913199543952942,0.11896246671676636,0.15260696411132812,0.25579696893692017,0.22610126435756683
4627,bbbc021_cell_04627,joint,SA-Joint,0.9882705807685852,0.9845075607299805,0.14412754774093628,0.18716323375701904,0.20486611127853394,0.191184863448143
4629,bbbc021_cell_04629,joint,SA-Joint,0.9881208539009094,0.985482931137085,0.1414773017168045,0.22128930687904358,0.23490142822265625,0.2784225642681122
4633,bbbc021_cell_04633,joint,SA-Joint,0.9915643334388733,0.9872437119483948,0.15516632795333862,0.21006064116954803,0.2715196907520294,0.1377231627702713
4635,bbbc021_cell_04635,joint,SA-Joint,0.9874524474143982,0.9823917150497437,0.16808611154556274,0.16409865021705627,0.1907559484243393,0.20461751520633698
4650,bbbc021_cell_04650,joint,SA-Joint,0.9838076233863831,0.9779741764068604,0.15790528059005737,0.13454033434391022,0.1477721482515335,0.1755274385213852
4656,bbbc021_cell_04656,joint,SA-Joint,0.9841775298118591,0.9800791144371033,0.19742955267429352,0.08898001909255981,0.113954097032547,0.09776724874973297
4677,bbbc021_cell_04677,joint,SA-Joint,0.9937570691108704,0.9929661154747009,0.11772076040506363,0.1398785412311554,0.2610490024089813,0.22479937970638275
4682,bbbc021_cell_04682,joint,SA-Joint,0.993492066860199,0.992835521697998,0.12056680768728256,0.2159663885831833,0.3289607763290405,0.30319514870643616
4685,bbbc021_cell_04685,joint,SA-Joint,0.9956280589103699,0.9948971271514893,0.09646640717983246,0.2733764946460724,0.34856241941452026,0.3351729214191437
4691,bbbc021_cell_04691,joint,SA-Joint,0.9826281666755676,0.9757816195487976,0.17176629602909088,0.16194485127925873,0.2365865409374237,0.3230312466621399
4703,bbbc021_cell_04703,joint,SA-Joint,0.9872730374336243,0.9868545532226562,0.14832806587219238,0.09999600797891617,0.1716712862253189,0.2045847773551941
4712,bbbc021_cell_04712,joint,SA-Joint,0.9948650002479553,0.9936055541038513,0.11028294265270233,0.23388752341270447,0.3062901794910431,0.33219361305236816
4716,bbbc021_cell_04716,joint,SA-Joint,0.9956085681915283,0.9937845468521118,0.1091843917965889,0.15649858117103577,0.23144268989562988,0.24240046739578247
4725,bbbc021_cell_04725,joint,SA-Joint,0.9880459308624268,0.9864287972450256,0.16073036193847656,0.09963490068912506,0.24485129117965698,0.16479352116584778
4727,bbbc021_cell_04727,joint,SA-Joint,0.9820134043693542,0.9706112146377563,0.16562519967556,0.21173813939094543,0.2690294086933136,0.2258959412574768
4734,bbbc021_cell_04734,joint,SA-Joint,0.9840059876441956,0.9812751412391663,0.15426000952720642,0.14036713540554047,0.1938181221485138,0.20873776078224182
4750,bbbc021_cell_04750,joint,SA-Joint,0.9889853596687317,0.986535906791687,0.1558060646057129,0.08749441057443619,0.1390286535024643,0.167949840426445
4751,bbbc021_cell_04751,joint,SA-Joint,0.9913093447685242,0.988935649394989,0.14052018523216248,0.2624237537384033,0.2475164830684662,0.19868381321430206
4752,bbbc021_cell_04752,joint,SA-Joint,0.9846205711364746,0.9798203110694885,0.15582384169101715,0.13208357989788055,0.27647864818573,0.25906217098236084
4753,bbbc021_cell_04753,joint,SA-Joint,0.9923449158668518,0.9908744692802429,0.1353956013917923,0.1375483274459839,0.32909706234931946,0.16948771476745605
4760,bbbc021_cell_04760,joint,SA-Joint,0.9837130904197693,0.9796561598777771,0.17779727280139923,0.1274082064628601,0.1371333748102188,0.1557217389345169
4761,bbbc021_cell_04761,joint,SA-Joint,0.9861709475517273,0.9791341423988342,0.14578743278980255,0.18441219627857208,0.26786962151527405,0.260575532913208
4770,bbbc021_cell_04770,joint,SA-Joint,0.9922483563423157,0.9893078804016113,0.13387659192085266,0.19851911067962646,0.2484288215637207,0.30376356840133667
4774,bbbc021_cell_04774,joint,SA-Joint,0.9915597438812256,0.9914016127586365,0.12981107831001282,0.13476380705833435,0.22118911147117615,0.19444991648197174
4777,bbbc021_cell_04777,joint,SA-Joint,0.9816064834594727,0.9751795530319214,0.17303763329982758,0.17199651896953583,0.1997711956501007,0.23197855055332184
4791,bbbc021_cell_04791,joint,SA-Joint,0.9858275055885315,0.9805299639701843,0.18708738684654236,0.12024133652448654,0.1714126020669937,0.11357904970645905
4793,bbbc021_cell_04793,joint,SA-Joint,0.991424560546875,0.9891601800918579,0.148162379860878,0.13496294617652893,0.2904354929924011,0.14287960529327393
4796,bbbc021_cell_04796,joint,SA-Joint,0.9898373484611511,0.9830242991447449,0.16392678022384644,0.2019510120153427,0.32309621572494507,0.17238321900367737
4801,bbbc021_cell_04801,joint,SA-Joint,0.9857023358345032,0.9782463312149048,0.16832566261291504,0.1638355702161789,0.20294752717018127,0.15978527069091797
4809,bbbc021_cell_04809,joint,SA-Joint,0.9897271990776062,0.9840763211250305,0.15202295780181885,0.17410628497600555,0.197100430727005,0.1685790866613388
4811,bbbc021_cell_04811,joint,SA-Joint,0.9818425178527832,0.9690163135528564,0.230091854929924,0.14416782557964325,0.18591280281543732,0.08613016456365585
4813,bbbc021_cell_04813,joint,SA-Joint,0.9923169016838074,0.9914637804031372,0.13164456188678741,0.1395915150642395,0.23651601374149323,0.2500254809856415
4821,bbbc021_cell_04821,joint,SA-Joint,0.9876687526702881,0.9818528294563293,0.16118548810482025,0.1463729590177536,0.21021877229213715,0.1557987630367279
4828,bbbc021_cell_04828,joint,SA-Joint,0.9938056468963623,0.9932612776756287,0.11291267722845078,0.2168325036764145,0.390726238489151,0.32563939690589905
4839,bbbc021_cell_04839,joint,SA-Joint,0.9932473301887512,0.9922573566436768,0.11955516040325165,0.13970081508159637,0.22162066400051117,0.18513906002044678
4842,bbbc021_cell_04842,joint,SA-Joint,0.9787746071815491,0.9641402363777161,0.1747864931821823,0.20515352487564087,0.33074742555618286,0.20171134173870087
4851,bbbc021_cell_04851,joint,SA-Joint,0.9925799369812012,0.9912881851196289,0.12786801159381866,0.1914917230606079,0.2827218472957611,0.19431006908416748
4854,bbbc021_cell_04854,joint,SA-Joint,0.9898467063903809,0.9835809469223022,0.1621759533882141,0.22749803960323334,0.2625614106655121,0.21395111083984375
4859,bbbc021_cell_04859,joint,SA-Joint,0.9925756454467773,0.9886571764945984,0.14110447466373444,0.20673450827598572,0.20539459586143494,0.3339759409427643
4862,bbbc021_cell_04862,joint,SA-Joint,0.9870564341545105,0.977330207824707,0.18075963854789734,0.20083676278591156,0.304922491312027,0.163494274020195
4866,bbbc021_cell_04866,joint,SA-Joint,0.9828782677650452,0.9733592867851257,0.19955676794052124,0.1604672223329544,0.2007206678390503,0.12474050372838974
4881,bbbc021_cell_04881,joint,SA-Joint,0.9843379855155945,0.980967104434967,0.16270895302295685,0.1551702618598938,0.16633549332618713,0.27189162373542786
4901,bbbc021_cell_04901,joint,SA-Joint,0.986626148223877,0.9780558347702026,0.1651540845632553,0.18534334003925323,0.2208227515220642,0.19105775654315948
4905,bbbc021_cell_04905,joint,SA-Joint,0.9834932684898376,0.9794246554374695,0.16518087685108185,0.1766730695962906,0.17763680219650269,0.16856130957603455
4907,bbbc021_cell_04907,joint,SA-Joint,0.9844774603843689,0.9788286685943604,0.18679414689540863,0.11643121391534805,0.22187910974025726,0.3297680616378784
4911,bbbc021_cell_04911,joint,SA-Joint,0.9851939082145691,0.9775740504264832,0.18107737600803375,0.16068483889102936,0.1272786259651184,0.2067742794752121
4923,bbbc021_cell_04923,joint,SA-Joint,0.9870932698249817,0.9802586436271667,0.16469307243824005,0.216691255569458,0.2600877583026886,0.17931267619132996
4926,bbbc021_cell_04926,joint,SA-Joint,0.9894489645957947,0.9831830859184265,0.16265428066253662,0.19094523787498474,0.29914382100105286,0.1729113906621933
4936,bbbc021_cell_04936,joint,SA-Joint,0.9870261549949646,0.9806366562843323,0.15645718574523926,0.16059961915016174,0.20892693102359772,0.17435772716999054
4937,bbbc021_cell_04937,joint,SA-Joint,0.992647647857666,0.9912356734275818,0.135111004114151,0.20199118554592133,0.32329824566841125,0.24637727439403534
4939,bbbc021_cell_04939,joint,SA-Joint,0.9781152606010437,0.9698114991188049,0.19529344141483307,0.09274103492498398,0.1820506900548935,0.1416546255350113
4943,bbbc021_cell_04943,joint,SA-Joint,0.9797756671905518,0.9706166982650757,0.17126744985580444,0.19066303968429565,0.20178499817848206,0.18331283330917358
4973,bbbc021_cell_04973,joint,SA-Joint,0.9906539916992188,0.987466037273407,0.1511252373456955,0.10509421676397324,0.13352055847644806,0.189626082777977
4975,bbbc021_cell_04975,joint,SA-Joint,0.9948049187660217,0.9942590594291687,0.10733189433813095,0.1700938493013382,0.24686022102832794,0.17790327966213226
4980,bbbc021_cell_04980,joint,SA-Joint,0.9839442372322083,0.9773910045623779,0.16755402088165283,0.10907696932554245,0.222869411110878,0.1754613220691681
4987,bbbc021_cell_04987,joint,SA-Joint,0.9752547144889832,0.968896210193634,0.19886329770088196,0.13744504749774933,0.18240724503993988,0.17453625798225403
4995,bbbc021_cell_04995,joint,SA-Joint,0.9814813137054443,0.9669305682182312,0.21143852174282074,0.1888262778520584,0.20935840904712677,0.12752100825309753
4997,bbbc021_cell_04997,joint,SA-Joint,0.9890547394752502,0.9844866394996643,0.13102993369102478,0.1914692223072052,0.35746926069259644,0.27131566405296326
5010,bbbc021_cell_05010,joint,SA-Joint,0.9857447743415833,0.9765583872795105,0.14410582184791565,0.21740999817848206,0.3821370005607605,0.2927015423774719
5013,bbbc021_cell_05013,joint,SA-Joint,0.9895301461219788,0.9870989918708801,0.1502401977777481,0.13604964315891266,0.16136138141155243,0.15294986963272095
5017,bbbc021_cell_05017,joint,SA-Joint,0.9961865544319153,0.9955798983573914,0.09192576259374619,0.1824112832546234,0.14655670523643494,0.15509222447872162
5025,bbbc021_cell_05025,joint,SA-Joint,0.9792850017547607,0.964533805847168,0.21475715935230255,0.13672788441181183,0.19403281807899475,0.12744635343551636
5028,bbbc021_cell_05028,joint,SA-Joint,0.985388457775116,0.9810198545455933,0.15159136056900024,0.18296445906162262,0.33567723631858826,0.2853122353553772
5039,bbbc021_cell_05039,joint,SA-Joint,0.9843801856040955,0.9805779457092285,0.18320755660533905,0.12934720516204834,0.13418222963809967,0.1496797800064087
5041,bbbc021_cell_05041,joint,SA-Joint,0.9915662407875061,0.9886471629142761,0.1368289589881897,0.17941349744796753,0.24337537586688995,0.19608044624328613
5053,bbbc021_cell_05053,joint,SA-Joint,0.9919571876525879,0.9867583513259888,0.15011967718601227,0.20576268434524536,0.2895227074623108,0.1772625744342804
5058,bbbc021_cell_05058,joint,SA-Joint,0.9932624697685242,0.9904061555862427,0.1357336789369583,0.15563391149044037,0.35949984192848206,0.3279408812522888
5064,bbbc021_cell_05064,joint,SA-Joint,0.9916766285896301,0.9907280206680298,0.13606755435466766,0.11296650767326355,0.2051009237766266,0.16628699004650116
5069,bbbc021_cell_05069,joint,SA-Joint,0.9899323582649231,0.9855694770812988,0.1414281129837036,0.18322151899337769,0.23190924525260925,0.1931968778371811
5073,bbbc021_cell_05073,joint,SA-Joint,0.9892908930778503,0.9842341542243958,0.15052500367164612,0.1633176952600479,0.2501170337200165,0.17423458397388458
5084,bbbc021_cell_05084,joint,SA-Joint,0.9791125655174255,0.9709808230400085,0.1776735931634903,0.1256318986415863,0.23168623447418213,0.17008662223815918
5096,bbbc021_cell_05096,joint,SA-Joint,0.9909887313842773,0.9877833724021912,0.14099659025669098,0.1536034345626831,0.21619893610477448,0.33706438541412354
5099,bbbc021_cell_05099,joint,SA-Joint,0.9874983429908752,0.9797030091285706,0.16693229973316193,0.19805185496807098,0.21835720539093018,0.14716246724128723
5101,bbbc021_cell_05101,joint,SA-Joint,0.9862286448478699,0.9791848659515381,0.15804597735404968,0.16016419231891632,0.2505653500556946,0.22315698862075806
5103,bbbc021_cell_05103,joint,SA-Joint,0.9871434569358826,0.9850854277610779,0.15570567548274994,0.126545712351799,0.15429575741291046,0.16716979444026947
5105,bbbc021_cell_05105,joint,SA-Joint,0.9798581004142761,0.9715187549591064,0.18554724752902985,0.1152593344449997,0.24909628927707672,0.19255785644054413
5106,bbbc021_cell_05106,joint,SA-Joint,0.9886131286621094,0.9836218357086182,0.1550552099943161,0.16344228386878967,0.23172380030155182,0.2285502851009369
5120,bbbc021_cell_05120,joint,SA-Joint,0.9826295375823975,0.9657847285270691,0.2621762752532959,0.053914230316877365,0.21133911609649658,0.22427870333194733
5125,bbbc021_cell_05125,joint,SA-Joint,0.9786210060119629,0.9676207304000854,0.17131942510604858,0.1834574043750763,0.26727303862571716,0.21425357460975647
5139,bbbc021_cell_05139,joint,SA-Joint,0.9893086552619934,0.9847118854522705,0.16091284155845642,0.12863612174987793,0.15730367600917816,0.1288011223077774
5151,bbbc021_cell_05151,joint,SA-Joint,0.9828130602836609,0.9729846715927124,0.17987389862537384,0.18046249449253082,0.24008089303970337,0.15458029508590698
5154,bbbc021_cell_05154,joint,SA-Joint,0.9848825335502625,0.972238302230835,0.15578360855579376,0.23842620849609375,0.3179473876953125,0.21526169776916504
5160,bbbc021_cell_05160,joint,SA-Joint,0.9861868023872375,0.9829012155532837,0.17273353040218353,0.10033027082681656,0.1622198224067688,0.1162465438246727
5162,bbbc021_cell_05162,joint,SA-Joint,0.9884195923805237,0.9836137890815735,0.17697979509830475,0.08185373991727829,0.2493884116411209,0.2039748579263687
5182,bbbc021_cell_05182,joint,SA-Joint,0.9805609583854675,0.9778921008110046,0.16472826898097992,0.15988211333751678,0.24497510492801666,0.2780129909515381
5183,bbbc021_cell_05183,joint,SA-Joint,0.9912607073783875,0.9871184825897217,0.13901473581790924,0.16162554919719696,0.16392910480499268,0.1557084321975708
5190,bbbc021_cell_05190,joint,SA-Joint,0.9923741221427917,0.9908652305603027,0.12162299454212189,0.20684759318828583,0.2711603045463562,0.24623586237430573
5199,bbbc021_cell_05199,joint,SA-Joint,0.9887745976448059,0.9878882765769958,0.1562095433473587,0.12749634683132172,0.35044559836387634,0.37421050667762756
5216,bbbc021_cell_05216,joint,SA-Joint,0.9886694550514221,0.98214191198349,0.13796311616897583,0.21274149417877197,0.393395334482193,0.32112202048301697
5220,bbbc021_cell_05220,joint,SA-Joint,0.9865710139274597,0.9855805039405823,0.15525572001934052,0.13861359655857086,0.21726810932159424,0.20700983703136444
5221,bbbc021_cell_05221,joint,SA-Joint,0.9929720759391785,0.988941490650177,0.13733939826488495,0.19388994574546814,0.3053130805492401,0.22850441932678223
5227,bbbc021_cell_05227,joint,SA-Joint,0.9960501194000244,0.99515700340271,0.09879864752292633,0.24084480106830597,0.3763577938079834,0.3822271525859833
5234,bbbc021_cell_05234,joint,SA-Joint,0.9886119961738586,0.9859411120414734,0.16399343311786652,0.09222029894590378,0.131280779838562,0.0963631272315979
5235,bbbc021_cell_05235,joint,SA-Joint,0.989741861820221,0.9858636856079102,0.13948802649974823,0.20554250478744507,0.3446063697338104,0.24380016326904297
5250,bbbc021_cell_05250,joint,SA-Joint,0.9881798624992371,0.9810225367546082,0.17359693348407745,0.18691667914390564,0.3430193364620209,0.16982264816761017
5254,bbbc021_cell_05254,joint,SA-Joint,0.9954509735107422,0.9949567914009094,0.0983486995100975,0.1616273820400238,0.2547007203102112,0.31859099864959717
5259,bbbc021_cell_05259,joint,SA-Joint,0.9887568950653076,0.9818834066390991,0.19805185496807098,0.08884965628385544,0.20535190403461456,0.07998600602149963
5263,bbbc021_cell_05263,joint,SA-Joint,0.9923221468925476,0.9907576441764832,0.130560040473938,0.1602378636598587,0.24178093671798706,0.185676708817482
5265,bbbc021_cell_05265,joint,SA-Joint,0.9246371388435364,0.8365651369094849,0.6542302966117859,0.21859464049339294,0.039755649864673615,0.09455469995737076
5268,bbbc021_cell_05268,joint,SA-Joint,0.9932553172111511,0.9919896721839905,0.12739254534244537,0.1995674967765808,0.236207976937294,0.20966441929340363
5275,bbbc021_cell_05275,joint,SA-Joint,0.9927600026130676,0.9910087585449219,0.13971836864948273,0.09412074834108353,0.16185417771339417,0.1546092927455902
5281,bbbc021_cell_05281,joint,SA-Joint,0.9836552739143372,0.9701695442199707,0.18221166729927063,0.20085212588310242,0.37254074215888977,0.174563929438591
5290,bbbc021_cell_05290,joint,SA-Joint,0.9898884296417236,0.9877431988716125,0.14808638393878937,0.18816642463207245,0.24454183876514435,0.2349184900522232
5293,bbbc021_cell_05293,joint,SA-Joint,0.9832687973976135,0.9756686091423035,0.17841410636901855,0.13440614938735962,0.22394441068172455,0.17662747204303741
5302,bbbc021_cell_05302,joint,SA-Joint,0.9734006524085999,0.9561705589294434,0.208034485578537,0.14823926985263824,0.1924380362033844,0.1357038915157318
5313,bbbc021_cell_05313,joint,SA-Joint,0.9896780848503113,0.9858345985412598,0.15219372510910034,0.17592673003673553,0.23479534685611725,0.17730456590652466
5336,bbbc021_cell_05336,joint,SA-Joint,0.9856086373329163,0.9773755669593811,0.17362134158611298,0.1898149698972702,0.30523815751075745,0.18605634570121765
5337,bbbc021_cell_05337,joint,SA-Joint,0.9909873008728027,0.9885517358779907,0.14067964255809784,0.1498439610004425,0.24931316077709198,0.1589682251214981
5347,bbbc021_cell_05347,joint,SA-Joint,0.9766985774040222,0.9759751558303833,0.20395968854427338,0.05526220425963402,0.09757792949676514,0.1132938489317894
5357,bbbc021_cell_05357,joint,SA-Joint,0.9911648631095886,0.989682674407959,0.13874058425426483,0.1598333865404129,0.18923009932041168,0.19418291747570038
5360,bbbc021_cell_05360,joint,SA-Joint,0.963170051574707,0.9448434710502625,0.28184518218040466,0.08374417573213577,0.1705770194530487,0.08923744410276413
5362,bbbc021_cell_05362,joint,SA-Joint,0.9938276410102844,0.9906877875328064,0.13283683359622955,0.13140207529067993,0.286252498626709,0.31040287017822266
5370,bbbc021_cell_05370,joint,SA-Joint,0.9739840030670166,0.967342734336853,0.24595174193382263,0.14789703488349915,0.12312965840101242,0.12932993471622467
5372,bbbc021_cell_05372,joint,SA-Joint,0.9811599254608154,0.9737066030502319,0.17435133457183838,0.12621401250362396,0.25723013281822205,0.21516211330890656
5378,bbbc021_cell_05378,joint,SA-Joint,0.979865550994873,0.9745025634765625,0.16746361553668976,0.15749816596508026,0.2534843683242798,0.2677294909954071
5383,bbbc021_cell_05383,joint,SA-Joint,0.982058048248291,0.9698578119277954,0.22395917773246765,0.11246730387210846,0.1574144810438156,0.08856995403766632
5400,bbbc021_cell_05400,joint,SA-Joint,0.9819296002388,0.9804826974868774,0.1679769605398178,0.1661158800125122,0.28463980555534363,0.305507093667984
5408,bbbc021_cell_05408,joint,SA-Joint,0.9909784197807312,0.9857469797134399,0.16309022903442383,0.1926221251487732,0.1947370320558548,0.24856871366500854
5413,bbbc021_cell_05413,joint,SA-Joint,0.99287348985672,0.9912005662918091,0.12081816792488098,0.1799689382314682,0.27245408296585083,0.2524161636829376
5415,bbbc021_cell_05415,joint,SA-Joint,0.9867350459098816,0.9827577471733093,0.15122434496879578,0.15039466321468353,0.23765519261360168,0.18689852952957153
5417,bbbc021_cell_05417,joint,SA-Joint,0.9889872074127197,0.9822352528572083,0.185983344912529,0.18190960586071014,0.21977093815803528,0.21792639791965485
5425,bbbc021_cell_05425,joint,SA-Joint,0.981825590133667,0.9777408242225647,0.15205959975719452,0.13137967884540558,0.18333187699317932,0.22646677494049072
5435,bbbc021_cell_05435,joint,SA-Joint,0.9867486357688904,0.979763925075531,0.1965084969997406,0.1337755173444748,0.14187300205230713,0.15888716280460358
5437,bbbc021_cell_05437,joint,SA-Joint,0.9808511734008789,0.9669615626335144,0.18178774416446686,0.1683836579322815,0.30611011385917664,0.20546574890613556
5443,bbbc021_cell_05443,joint,SA-Joint,0.9838525652885437,0.9808298349380493,0.18392103910446167,0.13927292823791504,0.20554202795028687,0.125895157456398
5450,bbbc021_cell_05450,joint,SA-Joint,0.9834603667259216,0.9769191145896912,0.1705043613910675,0.11320114135742188,0.18880169093608856,0.18069465458393097
5452,bbbc021_cell_05452,joint,SA-Joint,0.9865813255310059,0.9764592051506042,0.21013091504573822,0.18635542690753937,0.16630762815475464,0.19915935397148132
5456,bbbc021_cell_05456,joint,SA-Joint,0.9886563420295715,0.983665406703949,0.16698074340820312,0.18366864323616028,0.2187407910823822,0.1369800567626953
5459,bbbc021_cell_05459,joint,SA-Joint,0.9901537299156189,0.9851388931274414,0.16283491253852844,0.1848175972700119,0.24387118220329285,0.13739942014217377
5479,bbbc021_cell_05479,joint,SA-Joint,0.9737045764923096,0.9562366604804993,0.24059909582138062,0.09192835539579391,0.1923729032278061,0.09082909673452377
5485,bbbc021_cell_05485,joint,SA-Joint,0.9862579703330994,0.9821259379386902,0.1649503856897354,0.1741188019514084,0.2284974455833435,0.23469004034996033
5493,bbbc021_cell_05493,joint,SA-Joint,0.9865760803222656,0.9788780212402344,0.19760975241661072,0.09595907479524612,0.13901421427726746,0.08824117481708527
5496,bbbc021_cell_05496,joint,SA-Joint,0.9909246563911438,0.9899851679801941,0.13840316236019135,0.1298065185546875,0.20192579925060272,0.17287974059581757
5497,bbbc021_cell_05497,joint,SA-Joint,0.9824212193489075,0.9745485782623291,0.15485361218452454,0.2100907564163208,0.24671269953250885,0.26026350259780884
5519,bbbc021_cell_05519,joint,SA-Joint,0.9931194186210632,0.9923689961433411,0.12445790320634842,0.21829037368297577,0.3538203239440918,0.32588669657707214
5521,bbbc021_cell_05521,joint,SA-Joint,0.9850202202796936,0.9805803894996643,0.18772821128368378,0.12415903061628342,0.16650398075580597,0.17937375605106354
5522,bbbc021_cell_05522,joint,SA-Joint,0.9878323674201965,0.9822969436645508,0.1645708531141281,0.17518499493598938,0.25712794065475464,0.18885082006454468
5532,bbbc021_cell_05532,joint,SA-Joint,0.9824355244636536,0.9781475067138672,0.15564283728599548,0.17472554743289948,0.20897406339645386,0.2440522164106369
5544,bbbc021_cell_05544,joint,SA-Joint,0.9918582439422607,0.9905330538749695,0.13425906002521515,0.13271565735340118,0.26645687222480774,0.2553705871105194
5545,bbbc021_cell_05545,joint,SA-Joint,0.9895246624946594,0.9852032661437988,0.16487440466880798,0.13177695870399475,0.25477638840675354,0.37321215867996216
5551,bbbc021_cell_05551,joint,SA-Joint,0.9829769730567932,0.9807122349739075,0.1862088441848755,0.10168875753879547,0.2409161776304245,0.22611501812934875
5555,bbbc021_cell_05555,joint,SA-Joint,0.9794518947601318,0.9627293944358826,0.1881195306777954,0.1597016155719757,0.18094502389431,0.15352778136730194
5556,bbbc021_cell_05556,joint,SA-Joint,0.9963919520378113,0.9960944652557373,0.0852462500333786,0.21879009902477264,0.23331496119499207,0.24180643260478973
5557,bbbc021_cell_05557,joint,SA-Joint,0.9889891743659973,0.9841269850730896,0.17236827313899994,0.096120186150074,0.20276932418346405,0.20910172164440155
5560,bbbc021_cell_05560,joint,SA-Joint,0.9839076995849609,0.975846529006958,0.19039537012577057,0.15482275187969208,0.18697522580623627,0.29939132928848267
5569,bbbc021_cell_05569,joint,SA-Joint,0.9879002571105957,0.9860712289810181,0.14559495449066162,0.1479112207889557,0.20351195335388184,0.1950150728225708
5572,bbbc021_cell_05572,joint,SA-Joint,0.9818544387817383,0.9779421091079712,0.15619497001171112,0.17585648596286774,0.3341584801673889,0.26210078597068787
5573,bbbc021_cell_05573,joint,SA-Joint,0.9811109900474548,0.9748156666755676,0.19797085225582123,0.09814294427633286,0.19978706538677216,0.13771088421344757
5578,bbbc021_cell_05578,joint,SA-Joint,0.9874093532562256,0.980494499206543,0.15845933556556702,0.1990591287612915,0.30458739399909973,0.19039034843444824
5584,bbbc021_cell_05584,joint,SA-Joint,0.9909088611602783,0.9865580797195435,0.16229528188705444,0.13405543565750122,0.2038319706916809,0.1038353219628334
5585,bbbc021_cell_05585,joint,SA-Joint,0.9835116267204285,0.9751832485198975,0.17480099201202393,0.1528540700674057,0.21986939013004303,0.16506844758987427
5587,bbbc021_cell_05587,joint,SA-Joint,0.9863147735595703,0.9799774885177612,0.14273282885551453,0.20219630002975464,0.2601006329059601,0.2442932277917862
5589,bbbc021_cell_05589,joint,SA-Joint,0.9925268292427063,0.9901077151298523,0.1271338164806366,0.11097201704978943,0.1534470170736313,0.27893996238708496
5596,bbbc021_cell_05596,joint,SA-Joint,0.9817460179328918,0.9704692363739014,0.2040891945362091,0.11433257907629013,0.2136506289243698,0.10743309557437897
5603,bbbc021_cell_05603,joint,SA-Joint,0.9915646910667419,0.9905154705047607,0.14448408782482147,0.10615655779838562,0.1699451208114624,0.09578164666891098
5608,bbbc021_cell_05608,joint,SA-Joint,0.984669029712677,0.9697144031524658,0.2683853507041931,0.11732032150030136,0.05427055060863495,0.11390717327594757
5610,bbbc021_cell_05610,joint,SA-Joint,0.9822521209716797,0.9782310724258423,0.14614641666412354,0.19451221823692322,0.25690728425979614,0.2653735280036926
5615,bbbc021_cell_05615,joint,SA-Joint,0.9951319098472595,0.9922640323638916,0.11195649206638336,0.2220771312713623,0.2259024828672409,0.3411499261856079
5618,bbbc021_cell_05618,joint,SA-Joint,0.9864415526390076,0.9819169044494629,0.1597881019115448,0.20527416467666626,0.17999090254306793,0.1880381852388382
5623,bbbc021_cell_05623,joint,SA-Joint,0.9941886067390442,0.9906094074249268,0.1432277113199234,0.09157423675060272,0.24535414576530457,0.2534463703632355
5633,bbbc021_cell_05633,joint,SA-Joint,0.99095219373703,0.9874534010887146,0.1384812444448471,0.16904610395431519,0.33605071902275085,0.20588156580924988
5646,bbbc021_cell_05646,joint,SA-Joint,0.9887983798980713,0.9861052632331848,0.1483762115240097,0.10038546472787857,0.14480510354042053,0.2168935239315033
5648,bbbc021_cell_05648,joint,SA-Joint,0.9877778887748718,0.9847102165222168,0.15245530009269714,0.13533945381641388,0.17187730967998505,0.14585189521312714
5657,bbbc021_cell_05657,joint,SA-Joint,0.9866552948951721,0.983363687992096,0.14150965213775635,0.172108456492424,0.2665101885795593,0.2777557373046875
5662,bbbc021_cell_05662,joint,SA-Joint,0.9902912974357605,0.9891519546508789,0.1383361667394638,0.11049771308898926,0.21018248796463013,0.16854627430438995
5667,bbbc021_cell_05667,joint,SA-Joint,0.9855032563209534,0.9804747700691223,0.1515110582113266,0.20124737918376923,0.27182501554489136,0.24489299952983856
5674,bbbc021_cell_05674,joint,SA-Joint,0.9868797659873962,0.9837793707847595,0.15106035768985748,0.1397261768579483,0.2567491829395294,0.19618995487689972
5677,bbbc021_cell_05677,joint,SA-Joint,0.9805817604064941,0.974249005317688,0.17000769078731537,0.1162676066160202,0.23766839504241943,0.2166571170091629
5697,bbbc021_cell_05697,joint,SA-Joint,0.9762213826179504,0.9643394947052002,0.1916264295578003,0.156483456492424,0.18292051553726196,0.16724719107151031
5712,bbbc021_cell_05712,joint,SA-Joint,0.9912219047546387,0.9888049960136414,0.13522739708423615,0.12456822395324707,0.1692698895931244,0.2672305107116699
5715,bbbc021_cell_05715,joint,SA-Joint,0.9851357936859131,0.9798948168754578,0.18887123465538025,0.1209687665104866,0.17654374241828918,0.20856384932994843
5728,bbbc021_cell_05728,joint,SA-Joint,0.9914193153381348,0.9887744188308716,0.14454172551631927,0.16777370870113373,0.24511374533176422,0.1865531951189041
5737,bbbc021_cell_05737,joint,SA-Joint,0.9866755604743958,0.9827988147735596,0.14665496349334717,0.1634596288204193,0.2767651081085205,0.22646841406822205
5742,bbbc021_cell_05742,joint,SA-Joint,0.9875587821006775,0.9836745858192444,0.14852337539196014,0.1818135529756546,0.18170364201068878,0.19908872246742249
5744,bbbc021_cell_05744,joint,SA-Joint,0.9918619990348816,0.9916202425956726,0.1296112835407257,0.12109582126140594,0.21502505242824554,0.19315114617347717
5758,bbbc021_cell_05758,joint,SA-Joint,0.9879751205444336,0.9836015701293945,0.15176406502723694,0.1802700310945511,0.19171498715877533,0.23576416075229645
5763,bbbc021_cell_05763,joint,SA-Joint,0.9877439141273499,0.9816585183143616,0.18475478887557983,0.16153472661972046,0.13251592218875885,0.10644012689590454
5770,bbbc021_cell_05770,joint,SA-Joint,0.9754912257194519,0.9645484089851379,0.25285232067108154,0.10757958143949509,0.06573743373155594,0.08180484920740128
5774,bbbc021_cell_05774,joint,SA-Joint,0.9586885571479797,0.8909069895744324,0.47317034006118774,0.1616588979959488,0.08187134563922882,0.2222108542919159
5785,bbbc021_cell_05785,joint,SA-Joint,0.9831328392028809,0.976669192314148,0.1754116714000702,0.1310233771800995,0.15986201167106628,0.1412142664194107
5793,bbbc021_cell_05793,joint,SA-Joint,0.9860436320304871,0.9837242960929871,0.1608179658651352,0.10493861883878708,0.14737099409103394,0.20563827455043793
5802,bbbc021_cell_05802,joint,SA-Joint,0.989280641078949,0.9866600632667542,0.15650725364685059,0.1598864048719406,0.26657453179359436,0.1556011587381363
5803,bbbc021_cell_05803,joint,SA-Joint,0.9842507839202881,0.9822380542755127,0.16956165432929993,0.17298267781734467,0.382931649684906,0.3880373239517212
5804,bbbc021_cell_05804,joint,SA-Joint,0.9869264960289001,0.9817013740539551,0.17156365513801575,0.09681963920593262,0.2257070392370224,0.1413431018590927
5810,bbbc021_cell_05810,joint,SA-Joint,0.9866287708282471,0.9822556376457214,0.1366630643606186,0.20317323505878448,0.34912827610969543,0.37384986877441406
5813,bbbc021_cell_05813,joint,SA-Joint,0.9923985004425049,0.9903474450111389,0.11619222164154053,0.2825668752193451,0.4031907618045807,0.41488873958587646
5819,bbbc021_cell_05819,joint,SA-Joint,0.9946177005767822,0.9923949837684631,0.11887103319168091,0.16391025483608246,0.18859413266181946,0.23925405740737915
5831,bbbc021_cell_05831,joint,SA-Joint,0.9882619380950928,0.9846856594085693,0.14689871668815613,0.15282584726810455,0.25951892137527466,0.2348441332578659
5838,bbbc021_cell_05838,joint,SA-Joint,0.9860265851020813,0.9821922183036804,0.17793875932693481,0.11691132187843323,0.15946616232395172,0.18815229833126068
5848,bbbc021_cell_05848,joint,SA-Joint,0.9865438938140869,0.978001058101654,0.1496669203042984,0.2300146222114563,0.2955144941806793,0.28114935755729675
5850,bbbc021_cell_05850,joint,SA-Joint,0.9765610694885254,0.9658425450325012,0.20296771824359894,0.11856864392757416,0.19398459792137146,0.12370224297046661
5851,bbbc021_cell_05851,joint,SA-Joint,0.9859138131141663,0.9789897203445435,0.14517879486083984,0.2533664405345917,0.5020760893821716,0.3433949947357178
5860,bbbc021_cell_05860,joint,SA-Joint,0.9905173182487488,0.9886860251426697,0.14153973758220673,0.13100667297840118,0.18113456666469574,0.16330963373184204
5877,bbbc021_cell_05877,joint,SA-Joint,0.9789003729820251,0.9677410125732422,0.23636481165885925,0.0897592157125473,0.09889943152666092,0.19924218952655792
5878,bbbc021_cell_05878,joint,SA-Joint,0.9864216446876526,0.9800555109977722,0.20039334893226624,0.11761610954999924,0.18715828657150269,0.083027683198452
5880,bbbc021_cell_05880,joint,SA-Joint,0.9864923357963562,0.97780841588974,0.18671342730522156,0.14510132372379303,0.16652344167232513,0.12435971945524216
5884,bbbc021_cell_05884,joint,SA-Joint,0.9916808605194092,0.9903138279914856,0.13353410363197327,0.11523102223873138,0.21863104403018951,0.16989491879940033
5890,bbbc021_cell_05890,joint,SA-Joint,0.9898037314414978,0.9876570701599121,0.1629531979560852,0.11930914968252182,0.31004586815834045,0.18303824961185455
5892,bbbc021_cell_05892,joint,SA-Joint,0.9818691611289978,0.9685958623886108,0.24197497963905334,0.11086113750934601,0.1319114863872528,0.0791231319308281
5895,bbbc021_cell_05895,joint,SA-Joint,0.9849893450737,0.9782564640045166,0.15044665336608887,0.1713450402021408,0.22326874732971191,0.25789767503738403
5899,bbbc021_cell_05899,joint,SA-Joint,0.9899473786354065,0.9877535104751587,0.15693283081054688,0.13442350924015045,0.15435443818569183,0.1310776174068451
5903,bbbc021_cell_05903,joint,SA-Joint,0.9910247325897217,0.9874786734580994,0.12999404966831207,0.21608863770961761,0.326070100069046,0.25610730051994324
5904,bbbc021_cell_05904,joint,SA-Joint,0.9849418997764587,0.976557195186615,0.17945529520511627,0.19098703563213348,0.19004657864570618,0.15202878415584564
5906,bbbc021_cell_05906,joint,SA-Joint,0.9876788258552551,0.9807842373847961,0.17614269256591797,0.1640513390302658,0.22011901438236237,0.13822589814662933
5916,bbbc021_cell_05916,joint,SA-Joint,0.9796521067619324,0.974079966545105,0.19254207611083984,0.14122329652309418,0.16091065108776093,0.23005139827728271
5919,bbbc021_cell_05919,joint,SA-Joint,0.9794595241546631,0.9686741828918457,0.18828193843364716,0.15283752977848053,0.18345573544502258,0.13749532401561737
5939,bbbc021_cell_05939,joint,SA-Joint,0.9836828112602234,0.9800907373428345,0.1751777082681656,0.19405557215213776,0.20351234078407288,0.18699298799037933
5941,bbbc021_cell_05941,joint,SA-Joint,0.9832352995872498,0.9766331315040588,0.18247056007385254,0.20972320437431335,0.24723199009895325,0.33078256249427795
5961,bbbc021_cell_05961,joint,SA-Joint,0.9886177182197571,0.9831460118293762,0.181934654712677,0.11697520315647125,0.14107945561408997,0.15595753490924835
5966,bbbc021_cell_05966,joint,SA-Joint,0.9915352463722229,0.9888617396354675,0.12838754057884216,0.21854481101036072,0.24631524085998535,0.22695179283618927
5967,bbbc021_cell_05967,joint,SA-Joint,0.9811491966247559,0.9653549790382385,0.1840488463640213,0.16017237305641174,0.29222819209098816,0.19500504434108734
5968,bbbc021_cell_05968,joint,SA-Joint,0.9925947785377502,0.9911494851112366,0.12295565754175186,0.20177657902240753,0.33016717433929443,0.24947865307331085
5969,bbbc021_cell_05969,joint,SA-Joint,0.9830188751220703,0.9810251593589783,0.16011673212051392,0.1146056279540062,0.1947428286075592,0.20453296601772308
5976,bbbc021_cell_05976,joint,SA-Joint,0.9843788146972656,0.9825127720832825,0.17536552250385284,0.17071183025836945,0.2024984359741211,0.21069006621837616
5980,bbbc021_cell_05980,joint,SA-Joint,0.9906837344169617,0.989990770816803,0.138285830616951,0.12484456598758698,0.244676411151886,0.22824741899967194
5994,bbbc021_cell_05994,joint,SA-Joint,0.9933609366416931,0.9915851950645447,0.12743325531482697,0.17896203696727753,0.18063701689243317,0.17678822576999664
6006,bbbc021_cell_06006,joint,SA-Joint,0.9884632229804993,0.9834387302398682,0.16291843354701996,0.18691939115524292,0.21415819227695465,0.14621084928512573
6013,bbbc021_cell_06013,joint,SA-Joint,0.988743007183075,0.9867172837257385,0.13767169415950775,0.18226784467697144,0.20316186547279358,0.22885461151599884
6018,bbbc021_cell_06018,joint,SA-Joint,0.9857074618339539,0.980570912361145,0.15784063935279846,0.2086201161146164,0.25228017568588257,0.20075875520706177
6020,bbbc021_cell_06020,joint,SA-Joint,0.9890273213386536,0.9866029620170593,0.14777372777462006,0.10865497589111328,0.20737224817276,0.17655426263809204
6021,bbbc021_cell_06021,joint,SA-Joint,0.985062301158905,0.9781268835067749,0.14676718413829803,0.15429075062274933,0.22762660682201385,0.20385968685150146
6022,bbbc021_cell_06022,joint,SA-Joint,0.9815771579742432,0.9676105976104736,0.17102839052677155,0.252113938331604,0.24689528346061707,0.2056569755077362
6025,bbbc021_cell_06025,joint,SA-Joint,0.9807088971138,0.9702562689781189,0.18054109811782837,0.17020836472511292,0.17179478704929352,0.15616965293884277
6027,bbbc021_cell_06027,joint,SA-Joint,0.9918904900550842,0.9893237352371216,0.14779795706272125,0.11904288083314896,0.26308950781822205,0.20404621958732605
6042,bbbc021_cell_06042,joint,SA-Joint,0.9961028099060059,0.9960129857063293,0.09397100657224655,0.14442908763885498,0.2373761534690857,0.18888132274150848
6047,bbbc021_cell_06047,joint,SA-Joint,0.9830828309059143,0.9698169827461243,0.18910521268844604,0.18034806847572327,0.28145548701286316,0.18406784534454346
6048,bbbc021_cell_06048,joint,SA-Joint,0.9931809902191162,0.991653561592102,0.12380075454711914,0.14404898881912231,0.18477748334407806,0.19526894390583038
6060,bbbc021_cell_06060,joint,SA-Joint,0.9934088587760925,0.9889801144599915,0.14273056387901306,0.18860609829425812,0.23138251900672913,0.3060598075389862
6063,bbbc021_cell_06063,joint,SA-Joint,0.9894067645072937,0.9877162575721741,0.1335689127445221,0.16685305535793304,0.24318991601467133,0.3201760947704315
6067,bbbc021_cell_06067,joint,SA-Joint,0.9915841221809387,0.9902849197387695,0.134763702750206,0.12369159609079361,0.2483270913362503,0.161132350564003
6071,bbbc021_cell_06071,joint,SA-Joint,0.9921180605888367,0.9913864135742188,0.1324695348739624,0.215413436293602,0.31459370255470276,0.3094307482242584
6075,bbbc021_cell_06075,joint,SA-Joint,0.9922055602073669,0.9904389381408691,0.13719294965267181,0.15814265608787537,0.19892369210720062,0.18503180146217346
6083,bbbc021_cell_06083,joint,SA-Joint,0.9893931746482849,0.9855799078941345,0.13289204239845276,0.22989287972450256,0.3225994408130646,0.3161223530769348
6085,bbbc021_cell_06085,joint,SA-Joint,0.9855509400367737,0.9799548983573914,0.15517506003379822,0.16794663667678833,0.23860329389572144,0.18687942624092102
6089,bbbc021_cell_06089,joint,SA-Joint,0.9881035685539246,0.9845064878463745,0.16441728174686432,0.10552234947681427,0.17229606211185455,0.2596587538719177
6091,bbbc021_cell_06091,joint,SA-Joint,0.9913141131401062,0.989234209060669,0.11886975914239883,0.23793384432792664,0.381727397441864,0.39771199226379395
6110,bbbc021_cell_06110,joint,SA-Joint,0.9829223155975342,0.9707474112510681,0.23098242282867432,0.14005312323570251,0.13787485659122467,0.2858755588531494
6117,bbbc021_cell_06117,joint,SA-Joint,0.9835161566734314,0.9770716428756714,0.20703929662704468,0.079407699406147,0.19642780721187592,0.1573798805475235
6129,bbbc021_cell_06129,joint,SA-Joint,0.9870827794075012,0.9829961061477661,0.14166733622550964,0.15679305791854858,0.25215408205986023,0.25807690620422363
6135,bbbc021_cell_06135,joint,SA-Joint,0.9905368685722351,0.9874475598335266,0.13976740837097168,0.2091483622789383,0.2681675851345062,0.31951093673706055
6137,bbbc021_cell_06137,joint,SA-Joint,0.9912474155426025,0.9883284568786621,0.14677006006240845,0.14597009122371674,0.22316239774227142,0.24434101581573486
6139,bbbc021_cell_06139,joint,SA-Joint,0.98769611120224,0.9823353886604309,0.14453451335430145,0.1996021717786789,0.24027447402477264,0.20903722941875458
6147,bbbc021_cell_06147,joint,SA-Joint,0.9900808334350586,0.9869518876075745,0.14027556777000427,0.20976734161376953,0.26654526591300964,0.2330305576324463
6156,bbbc021_cell_06156,joint,SA-Joint,0.9897236227989197,0.983271062374115,0.17702986299991608,0.10857957601547241,0.24128450453281403,0.3230035901069641
6157,bbbc021_cell_06157,joint,SA-Joint,0.9944170117378235,0.9921659827232361,0.12185204029083252,0.143926203250885,0.16745442152023315,0.2361138015985489
6158,bbbc021_cell_06158,joint,SA-Joint,0.9814866185188293,0.9737083315849304,0.15427279472351074,0.18791909515857697,0.3403488099575043,0.2855095863342285
6162,bbbc021_cell_06162,joint,SA-Joint,0.9874464869499207,0.981479287147522,0.16940827667713165,0.12151128053665161,0.18274711072444916,0.13102903962135315
6171,bbbc021_cell_06171,joint,SA-Joint,0.9902107119560242,0.9861932992935181,0.16101068258285522,0.15939466655254364,0.17106957733631134,0.21263039112091064
6177,bbbc021_cell_06177,joint,SA-Joint,0.9933710694313049,0.9927191138267517,0.12131264060735703,0.13194265961647034,0.24021068215370178,0.18845190107822418
6181,bbbc021_cell_06181,joint,SA-Joint,0.986764669418335,0.981282114982605,0.17882557213306427,0.14463600516319275,0.11961337178945541,0.12535519897937775
6182,bbbc021_cell_06182,joint,SA-Joint,0.9898870587348938,0.9890249967575073,0.1402452439069748,0.1615522801876068,0.2741817235946655,0.22270753979682922
6184,bbbc021_cell_06184,joint,SA-Joint,0.9847720265388489,0.98226398229599,0.1702125519514084,0.19535687565803528,0.27496257424354553,0.15838003158569336
6189,bbbc021_cell_06189,joint,SA-Joint,0.9873479008674622,0.9824863076210022,0.1398012638092041,0.23999376595020294,0.28877970576286316,0.26429158449172974
6199,bbbc021_cell_06199,joint,SA-Joint,0.9878129959106445,0.976690411567688,0.20822440087795258,0.12156715989112854,0.22515735030174255,0.0932542085647583
6204,bbbc021_cell_06204,joint,SA-Joint,0.9940935969352722,0.9937740564346313,0.1136966273188591,0.19770585000514984,0.3021508753299713,0.27708736062049866
6208,bbbc021_cell_06208,joint,SA-Joint,0.9861114621162415,0.9809032082557678,0.16964226961135864,0.13165917992591858,0.2733997702598572,0.15844765305519104
6209,bbbc021_cell_06209,joint,SA-Joint,0.9866888523101807,0.983181893825531,0.15542851388454437,0.12343407422304153,0.17416095733642578,0.1584317535161972
6217,bbbc021_cell_06217,joint,SA-Joint,0.9810898900032043,0.9672461748123169,0.16993239521980286,0.18949444591999054,0.3671065866947174,0.21526594460010529
6218,bbbc021_cell_06218,joint,SA-Joint,0.9838078618049622,0.9730913043022156,0.17597857117652893,0.20060837268829346,0.3065939247608185,0.21020159125328064
6222,bbbc021_cell_06222,joint,SA-Joint,0.9739015698432922,0.96457839012146,0.1807062178850174,0.16899479925632477,0.1685364842414856,0.1772184818983078
6226,bbbc021_cell_06226,joint,SA-Joint,0.9863596558570862,0.9836024641990662,0.16196604073047638,0.10030169039964676,0.16751372814178467,0.22686535120010376
6233,bbbc021_cell_06233,joint,SA-Joint,0.9871479868888855,0.9858676791191101,0.1598125696182251,0.09759163856506348,0.17703667283058167,0.19262583553791046
6241,bbbc021_cell_06241,joint,SA-Joint,0.9954159259796143,0.9947566986083984,0.10232508182525635,0.1861419379711151,0.20541317760944366,0.20761555433273315
6243,bbbc021_cell_06243,joint,SA-Joint,0.9919724464416504,0.9898239970207214,0.13295066356658936,0.2002285122871399,0.27834945917129517,0.3370804786682129
6264,bbbc021_cell_06264,joint,SA-Joint,0.9766399264335632,0.9626257419586182,0.2232697308063507,0.12533412873744965,0.14195777475833893,0.10754717886447906
6265,bbbc021_cell_06265,joint,SA-Joint,0.9915857911109924,0.9893375039100647,0.14421531558036804,0.19061411917209625,0.2528102397918701,0.21924489736557007
6275,bbbc021_cell_06275,joint,SA-Joint,0.9887120127677917,0.9828182458877563,0.13513848185539246,0.20884057879447937,0.29930418729782104,0.2835966646671295
6277,bbbc021_cell_06277,joint,SA-Joint,0.98698490858078,0.9848089218139648,0.16750197112560272,0.11628643423318863,0.26873207092285156,0.24016842246055603
6287,bbbc021_cell_06287,joint,SA-Joint,0.9885898232460022,0.9821405410766602,0.15838654339313507,0.1827561855316162,0.2899755537509918,0.17546726763248444
6292,bbbc021_cell_06292,joint,SA-Joint,0.9934900403022766,0.9915124177932739,0.1311497837305069,0.16694232821464539,0.15580932796001434,0.11993992328643799
6301,bbbc021_cell_06301,joint,SA-Joint,0.9852082133293152,0.9783928394317627,0.1703706979751587,0.19722849130630493,0.16609416902065277,0.14398692548274994
6309,bbbc021_cell_06309,joint,SA-Joint,0.9890109896659851,0.9863537549972534,0.14293710887432098,0.13196764886379242,0.15342144668102264,0.16360117495059967
6318,bbbc021_cell_06318,joint,SA-Joint,0.9905447363853455,0.9816951155662537,0.1912638247013092,0.12882056832313538,0.17484283447265625,0.07048683613538742
6325,bbbc021_cell_06325,joint,SA-Joint,0.9908693432807922,0.987594485282898,0.15086700022220612,0.14190223813056946,0.2256605476140976,0.154129296541214
6335,bbbc021_cell_06335,joint,SA-Joint,0.9887897372245789,0.9864959716796875,0.15839798748493195,0.16689352691173553,0.2799341678619385,0.1453009396791458
6339,bbbc021_cell_06339,joint,SA-Joint,0.9942441582679749,0.9929102063179016,0.11982323229312897,0.16523641347885132,0.23192168772220612,0.2062598615884781
6353,bbbc021_cell_06353,joint,SA-Joint,0.9899623990058899,0.9882704019546509,0.14394141733646393,0.10189653187990189,0.23128335177898407,0.1492728590965271
6362,bbbc021_cell_06362,joint,SA-Joint,0.9867799282073975,0.9837896227836609,0.1729496568441391,0.09151598811149597,0.15475618839263916,0.184561088681221
6364,bbbc021_cell_06364,joint,SA-Joint,0.9927175045013428,0.9907655119895935,0.13697120547294617,0.19427157938480377,0.3244531452655792,0.4359351098537445
6366,bbbc021_cell_06366,joint,SA-Joint,0.9903257489204407,0.9895758032798767,0.1384553462266922,0.1224125474691391,0.21880090236663818,0.18597917258739471
6368,bbbc021_cell_06368,joint,SA-Joint,0.9903395771980286,0.9861759543418884,0.16403935849666595,0.10497060418128967,0.2476215362548828,0.2653960883617401
6386,bbbc021_cell_06386,joint,SA-Joint,0.9872472286224365,0.9798052310943604,0.16772663593292236,0.17308618128299713,0.23519465327262878,0.15499237179756165
6402,bbbc021_cell_06402,joint,SA-Joint,0.9882755279541016,0.9767956137657166,0.1981101632118225,0.2608082592487335,0.168863445520401,0.33373332023620605
6403,bbbc021_cell_06403,joint,SA-Joint,0.9881921410560608,0.98691326379776,0.14344143867492676,0.13020677864551544,0.22362856566905975,0.31199049949645996
6410,bbbc021_cell_06410,joint,SA-Joint,0.9811161160469055,0.9710036516189575,0.1718047708272934,0.16533596813678741,0.24519018828868866,0.2118515521287918
6416,bbbc021_cell_06416,joint,SA-Joint,0.9854538440704346,0.9783426523208618,0.1927572339773178,0.14066629111766815,0.10210597515106201,0.14257405698299408
6421,bbbc021_cell_06421,joint,SA-Joint,0.9944141507148743,0.9931090474128723,0.11435101926326752,0.15470652282238007,0.24694369733333588,0.1510312259197235
6422,bbbc021_cell_06422,joint,SA-Joint,0.9831483364105225,0.9811033606529236,0.16559883952140808,0.11472112685441971,0.1559026837348938,0.1702192723751068
6423,bbbc021_cell_06423,joint,SA-Joint,0.9831293225288391,0.9784533977508545,0.15441231429576874,0.15383948385715485,0.20960292220115662,0.21872185170650482
6427,bbbc021_cell_06427,joint,SA-Joint,0.9867036938667297,0.9784523844718933,0.19031032919883728,0.16568505764007568,0.176067054271698,0.11573614925146103
6428,bbbc021_cell_06428,joint,SA-Joint,0.9886150360107422,0.9821872711181641,0.1540195792913437,0.23214657604694366,0.3040832281112671,0.19870473444461823
6432,bbbc021_cell_06432,joint,SA-Joint,0.9855930209159851,0.9794288277626038,0.18076080083847046,0.11322483420372009,0.17042021453380585,0.15107938647270203
6446,bbbc021_cell_06446,joint,SA-Joint,0.9792006611824036,0.974837601184845,0.20889829099178314,0.10040315985679626,0.14289610087871552,0.20827271044254303
6457,bbbc021_cell_06457,joint,SA-Joint,0.9931907653808594,0.9929535984992981,0.11976047605276108,0.1268712729215622,0.21670891344547272,0.22673115134239197
6471,bbbc021_cell_06471,joint,SA-Joint,0.9908224940299988,0.9868650436401367,0.14303575456142426,0.13188578188419342,0.22798274457454681,0.19904564321041107
6484,bbbc021_cell_06484,joint,SA-Joint,0.9909705519676208,0.9868932366371155,0.14316119253635406,0.17671576142311096,0.29279473423957825,0.19262303411960602
6496,bbbc021_cell_06496,joint,SA-Joint,0.9780964851379395,0.9689632058143616,0.18694540858268738,0.09542562812566757,0.1935470551252365,0.16034209728240967
6498,bbbc021_cell_06498,joint,SA-Joint,0.9846387505531311,0.9813576340675354,0.16574981808662415,0.12374527752399445,0.18222177028656006,0.2503947913646698
6503,bbbc021_cell_06503,joint,SA-Joint,0.9903795123100281,0.9887376427650452,0.1448715329170227,0.11909466981887817,0.1470668613910675,0.12658259272575378
6509,bbbc021_cell_06509,joint,SA-Joint,0.990959644317627,0.9885919690132141,0.15142768621444702,0.12926313281059265,0.3113897144794464,0.17239715158939362
6513,bbbc021_cell_06513,joint,SA-Joint,0.97966068983078,0.9680635333061218,0.19479629397392273,0.1368018239736557,0.24368803203105927,0.14905455708503723
6522,bbbc021_cell_06522,joint,SA-Joint,0.9878867268562317,0.9809250235557556,0.15420082211494446,0.2457176297903061,0.40253281593322754,0.24649788439273834
6539,bbbc021_cell_06539,joint,SA-Joint,0.9912276268005371,0.9866496920585632,0.15925443172454834,0.12824711203575134,0.25807949900627136,0.14210696518421173
6545,bbbc021_cell_06545,joint,SA-Joint,0.9901221394538879,0.9875335097312927,0.15748824179172516,0.16363643109798431,0.20536640286445618,0.19089090824127197
6547,bbbc021_cell_06547,joint,SA-Joint,0.9926559329032898,0.9899914264678955,0.13278937339782715,0.1658397614955902,0.210706427693367,0.21135394275188446
6552,bbbc021_cell_06552,joint,SA-Joint,0.9826261401176453,0.9779005646705627,0.20521193742752075,0.05221891403198242,0.16721324622631073,0.1546313762664795
6559,bbbc021_cell_06559,joint,SA-Joint,0.9758443832397461,0.9672255516052246,0.22895847260951996,0.10526619106531143,0.12169646471738815,0.15574292838573456
6564,bbbc021_cell_06564,joint,SA-Joint,0.9881172776222229,0.9873794913291931,0.1449231654405594,0.11885102093219757,0.2111566960811615,0.18896383047103882
6566,bbbc021_cell_06566,joint,SA-Joint,0.9873436093330383,0.9829068779945374,0.17329241335391998,0.14802269637584686,0.233399897813797,0.13925868272781372
6570,bbbc021_cell_06570,joint,SA-Joint,0.9941326975822449,0.9917645454406738,0.12186397612094879,0.21740129590034485,0.27559587359428406,0.2420695722103119
6584,bbbc021_cell_06584,joint,SA-Joint,0.9875971674919128,0.9850539565086365,0.16405345499515533,0.1189008578658104,0.13172303140163422,0.12934133410453796
6588,bbbc021_cell_06588,joint,SA-Joint,0.9909591674804688,0.9893037676811218,0.14201945066452026,0.23969139158725739,0.39782950282096863,0.28874966502189636
6594,bbbc021_cell_06594,joint,SA-Joint,0.9889976978302002,0.9834497570991516,0.12993907928466797,0.3050030767917633,0.45102331042289734,0.33334341645240784
6612,bbbc021_cell_06612,joint,SA-Joint,0.9929544925689697,0.9898839592933655,0.12739446759223938,0.15485407412052155,0.2397472858428955,0.19035235047340393
6628,bbbc021_cell_06628,joint,SA-Joint,0.9921732544898987,0.9889565110206604,0.12290309369564056,0.2617051601409912,0.34968775510787964,0.24715310335159302
6637,bbbc021_cell_06637,joint,SA-Joint,0.9821310043334961,0.9768351316452026,0.18121357262134552,0.11693285405635834,0.26653939485549927,0.20202839374542236
6642,bbbc021_cell_06642,joint,SA-Joint,0.9866786599159241,0.9827427268028259,0.17518559098243713,0.10154207795858383,0.17166106402873993,0.29080823063850403
6647,bbbc021_cell_06647,joint,SA-Joint,0.9885940551757812,0.9839838147163391,0.1700037270784378,0.13944052159786224,0.15758898854255676,0.09842678904533386
6648,bbbc021_cell_06648,joint,SA-Joint,0.9856074452400208,0.9812844395637512,0.16109608113765717,0.1325400471687317,0.20303727686405182,0.16071899235248566
6649,bbbc021_cell_06649,joint,SA-Joint,0.9890003204345703,0.9838969111442566,0.16926482319831848,0.13741061091423035,0.2840125858783722,0.14883941411972046
6653,bbbc021_cell_06653,joint,SA-Joint,0.9909555315971375,0.9891774654388428,0.13151045143604279,0.18238171935081482,0.2822086215019226,0.2755016088485718
6656,bbbc021_cell_06656,joint,SA-Joint,0.987284243106842,0.98362135887146,0.14840035140514374,0.14800943434238434,0.2423616498708725,0.20243221521377563
6660,bbbc021_cell_06660,joint,SA-Joint,0.9838733673095703,0.9830112457275391,0.17006482183933258,0.10992206633090973,0.1688428819179535,0.16525165736675262
6672,bbbc021_cell_06672,joint,SA-Joint,0.9870737195014954,0.9821286797523499,0.14697936177253723,0.18233509361743927,0.27031734585762024,0.2162180244922638
6676,bbbc021_cell_06676,joint,SA-Joint,0.9899075627326965,0.9868097901344299,0.14311617612838745,0.17783918976783752,0.19098755717277527,0.17074255645275116
6682,bbbc021_cell_06682,joint,SA-Joint,0.9893717765808105,0.9848645329475403,0.14172621071338654,0.20191578567028046,0.18458989262580872,0.22978346049785614
6683,bbbc021_cell_06683,joint,SA-Joint,0.9885914921760559,0.983123242855072,0.1654486209154129,0.19169113039970398,0.2134164273738861,0.14364835619926453
6691,bbbc021_cell_06691,joint,SA-Joint,0.9845715165138245,0.982550323009491,0.17063049972057343,0.0947292149066925,0.128850057721138,0.12070394307374954
6695,bbbc021_cell_06695,joint,SA-Joint,0.968527615070343,0.9536618590354919,0.21199925243854523,0.1260351538658142,0.1622314602136612,0.12986956536769867
6700,bbbc021_cell_06700,joint,SA-Joint,0.98362797498703,0.9741572737693787,0.1505393087863922,0.21133176982402802,0.33328622579574585,0.29756706953048706
6705,bbbc021_cell_06705,joint,SA-Joint,0.9829136729240417,0.9767953157424927,0.15458624064922333,0.1640237420797348,0.24606190621852875,0.28015902638435364
6706,bbbc021_cell_06706,joint,SA-Joint,0.99201899766922,0.9896764159202576,0.14409448206424713,0.12471052259206772,0.16962406039237976,0.14338257908821106
6711,bbbc021_cell_06711,joint,SA-Joint,0.9899056553840637,0.9848899245262146,0.1685974895954132,0.1149856373667717,0.2392032891511917,0.2476973980665207
6732,bbbc021_cell_06732,joint,SA-Joint,0.9922134876251221,0.9915713667869568,0.1283031851053238,0.14084278047084808,0.275248259305954,0.24828319251537323
6742,bbbc021_cell_06742,joint,SA-Joint,0.9836576581001282,0.9743115901947021,0.16394424438476562,0.20765531063079834,0.31683024764060974,0.2083176076412201
6744,bbbc021_cell_06744,joint,SA-Joint,0.965661346912384,0.9272725582122803,5.267203330993652,0.11429062485694885,0.002880789339542389,0.04299112409353256
6747,bbbc021_cell_06747,joint,SA-Joint,0.9846649765968323,0.9799914956092834,0.15329128503799438,0.12584300339221954,0.2377137839794159,0.2066042125225067
6757,bbbc021_cell_06757,joint,SA-Joint,0.9888589382171631,0.9822283387184143,0.170329749584198,0.18402157723903656,0.23845309019088745,0.1291608214378357
6769,bbbc021_cell_06769,joint,SA-Joint,0.991804301738739,0.9916349053382874,0.13187627494335175,0.15267550945281982,0.23060362040996552,0.17684391140937805
6786,bbbc021_cell_06786,joint,SA-Joint,0.9864729046821594,0.9784342050552368,0.15967878699302673,0.19556088745594025,0.20086903870105743,0.18379665911197662
6787,bbbc021_cell_06787,joint,SA-Joint,0.9889382719993591,0.9835419058799744,0.15560421347618103,0.1771366149187088,0.22235728800296783,0.18089865148067474
6800,bbbc021_cell_06800,joint,SA-Joint,0.9898116588592529,0.9859471917152405,0.1336565762758255,0.1644182950258255,0.18987415730953217,0.2073141634464264
6808,bbbc021_cell_06808,joint,SA-Joint,0.9864972233772278,0.9782746434211731,0.17768317461013794,0.12225021421909332,0.23584619164466858,0.14030338823795319
6826,bbbc021_cell_06826,joint,SA-Joint,0.9877546429634094,0.9869659543037415,0.15231852233409882,0.1198069304227829,0.2564985156059265,0.23441796004772186
6831,bbbc021_cell_06831,joint,SA-Joint,0.9915525317192078,0.9886955618858337,0.14314183592796326,0.140306293964386,0.17400558292865753,0.23462101817131042
6833,bbbc021_cell_06833,joint,SA-Joint,0.9867704510688782,0.9840918183326721,0.15983708202838898,0.11279366165399551,0.1577136218547821,0.1707002818584442
6835,bbbc021_cell_06835,joint,SA-Joint,0.9856327176094055,0.9731905460357666,0.15913181006908417,0.21453040838241577,0.36020463705062866,0.22418686747550964
6837,bbbc021_cell_06837,joint,SA-Joint,0.8019135594367981,0.5037322044372559,7.194884300231934,0.12467311322689056,0.0008204859332181513,0.001940968562848866
6845,bbbc021_cell_06845,joint,SA-Joint,0.9819080233573914,0.9739784598350525,0.19802887737751007,0.09528126567602158,0.22886908054351807,0.13154269754886627
6848,bbbc021_cell_06848,joint,SA-Joint,0.9894285798072815,0.9846810698509216,0.15917551517486572,0.20671863853931427,0.2865159213542938,0.262129008769989
6855,bbbc021_cell_06855,joint,SA-Joint,0.982581615447998,0.977563738822937,0.15391144156455994,0.16174697875976562,0.24776142835617065,0.24548260867595673
6860,bbbc021_cell_06860,joint,SA-Joint,0.9836844801902771,0.9776332974433899,0.15790246427059174,0.13700127601623535,0.22424055635929108,0.2052796185016632
6865,bbbc021_cell_06865,joint,SA-Joint,0.9883012771606445,0.9844971895217896,0.12949280440807343,0.23081061244010925,0.3638269305229187,0.3367893397808075
6872,bbbc021_cell_06872,joint,SA-Joint,0.9880313873291016,0.9836581945419312,0.1462368667125702,0.20825794339179993,0.21206755936145782,0.22081021964550018
6880,bbbc021_cell_06880,joint,SA-Joint,0.9800655245780945,0.9730530977249146,0.17719630897045135,0.15541024506092072,0.1405683308839798,0.15941984951496124
6887,bbbc021_cell_06887,joint,SA-Joint,0.9856705665588379,0.978204071521759,0.16131067276000977,0.16284607350826263,0.20620004832744598,0.17185468971729279
6889,bbbc021_cell_06889,joint,SA-Joint,0.9855456948280334,0.9797978401184082,0.15422295033931732,0.17004285752773285,0.18318676948547363,0.21954627335071564
6894,bbbc021_cell_06894,joint,SA-Joint,0.9895699620246887,0.9841874837875366,0.15025343000888824,0.21102960407733917,0.259735643863678,0.213395357131958
6904,bbbc021_cell_06904,joint,SA-Joint,0.9921848177909851,0.9908681511878967,0.13687734305858612,0.14504602551460266,0.28641727566719055,0.16077633202075958
6913,bbbc021_cell_06913,joint,SA-Joint,0.986083984375,0.9793792963027954,0.17655803263187408,0.16679596900939941,0.16286700963974,0.13034364581108093
6928,bbbc021_cell_06928,joint,SA-Joint,0.9956927299499512,0.9941956996917725,0.10430474579334259,0.17354555428028107,0.17779117822647095,0.15399287641048431
6936,bbbc021_cell_06936,joint,SA-Joint,0.9905819892883301,0.9889097213745117,0.1423056274652481,0.10137507319450378,0.1630023866891861,0.13958798348903656
6963,bbbc021_cell_06963,joint,SA-Joint,0.982456386089325,0.970081627368927,0.18787497282028198,0.1727050393819809,0.2957122027873993,0.17037558555603027
6971,bbbc021_cell_06971,joint,SA-Joint,0.9733111262321472,0.9706273674964905,0.23688183724880219,0.04434474557638168,0.08385538309812546,0.06332749873399734
6992,bbbc021_cell_06992,joint,SA-Joint,0.9860332012176514,0.9782208800315857,0.1909974217414856,0.16069969534873962,0.32097673416137695,0.202956885099411
7011,bbbc021_cell_07011,joint,SA-Joint,0.9807703495025635,0.9664004445075989,0.2003953754901886,0.1606581062078476,0.26501011848449707,0.17105057835578918
7013,bbbc021_cell_07013,joint,SA-Joint,0.9861384034156799,0.983453631401062,0.16275832056999207,0.11269327998161316,0.14072830975055695,0.1693105846643448
7018,bbbc021_cell_07018,joint,SA-Joint,0.982265293598175,0.9712647199630737,0.16213858127593994,0.17815014719963074,0.2637270390987396,0.23809951543807983
7023,bbbc021_cell_07023,joint,SA-Joint,0.9879217147827148,0.9848768711090088,0.14589504897594452,0.17971961200237274,0.281662255525589,0.20673909783363342
7035,bbbc021_cell_07035,joint,SA-Joint,0.9749307632446289,0.9598928689956665,0.18828719854354858,0.15979406237602234,0.3279759883880615,0.1648034304380417
7038,bbbc021_cell_07038,joint,SA-Joint,0.9893319010734558,0.987748384475708,0.1306256353855133,0.22101712226867676,0.3254944980144501,0.26332250237464905
7041,bbbc021_cell_07041,joint,SA-Joint,0.9866581559181213,0.9805915355682373,0.17833293974399567,0.16875320672988892,0.24905869364738464,0.15286216139793396
7042,bbbc021_cell_07042,joint,SA-Joint,0.9922025799751282,0.9891859292984009,0.13828963041305542,0.15784302353858948,0.22396890819072723,0.16375358402729034
7047,bbbc021_cell_07047,joint,SA-Joint,0.9933680891990662,0.9924164414405823,0.11573664844036102,0.22108983993530273,0.28363698720932007,0.20921947062015533
7057,bbbc021_cell_07057,joint,SA-Joint,0.9899336695671082,0.9889141321182251,0.14386168122291565,0.13067331910133362,0.21015620231628418,0.1479083150625229
7068,bbbc021_cell_07068,joint,SA-Joint,0.9935604929924011,0.9928916692733765,0.10977932810783386,0.21467991173267365,0.370227575302124,0.30842140316963196
7088,bbbc021_cell_07088,joint,SA-Joint,0.9849264025688171,0.9712156057357788,0.17277944087982178,0.2662082612514496,0.4207588732242584,0.2201431840658188
7092,bbbc021_cell_07092,joint,SA-Joint,0.9902949333190918,0.9866726994514465,0.13534705340862274,0.20991632342338562,0.25863876938819885,0.23516952991485596
7100,bbbc021_cell_07100,joint,SA-Joint,0.988384485244751,0.9812662601470947,0.13747058808803558,0.17643114924430847,0.27580538392066956,0.2321329265832901
7114,bbbc021_cell_07114,joint,SA-Joint,0.9770901799201965,0.958844780921936,0.21766264736652374,0.16808399558067322,0.26765012741088867,0.11640778928995132
7119,bbbc021_cell_07119,joint,SA-Joint,0.9891892075538635,0.9809219241142273,0.14557209610939026,0.18616099655628204,0.3309606909751892,0.24098575115203857
7126,bbbc021_cell_07126,joint,SA-Joint,0.9852840304374695,0.9810441136360168,0.14569933712482452,0.17386272549629211,0.2636663615703583,0.2395930141210556
7131,bbbc021_cell_07131,joint,SA-Joint,0.9905388355255127,0.9877207279205322,0.15945053100585938,0.11661054939031601,0.1532905548810959,0.14582456648349762
7140,bbbc021_cell_07140,joint,SA-Joint,0.9853289723396301,0.9812484979629517,0.1532810777425766,0.140708789229393,0.2484220266342163,0.2236696034669876
7142,bbbc021_cell_07142,joint,SA-Joint,0.9867909550666809,0.9847731590270996,0.15947531163692474,0.11603410542011261,0.17500430345535278,0.1766834557056427
7143,bbbc021_cell_07143,joint,SA-Joint,0.9877743124961853,0.9767118096351624,0.2078382670879364,0.1374775916337967,0.15895190834999084,0.26259687542915344
7153,bbbc021_cell_07153,joint,SA-Joint,0.9847877621650696,0.9756227731704712,0.19568568468093872,0.13333174586296082,0.22604192793369293,0.1251351237297058
7154,bbbc021_cell_07154,joint,SA-Joint,0.9756169319152832,0.947676420211792,0.2935650050640106,0.1470515877008438,0.22471360862255096,0.08699685335159302
7169,bbbc021_cell_07169,joint,SA-Joint,0.9886593222618103,0.9845881462097168,0.1728329360485077,0.11004292219877243,0.1405854970216751,0.16479119658470154
7171,bbbc021_cell_07171,joint,SA-Joint,0.9905398488044739,0.9844544529914856,0.18234941363334656,0.079922616481781,0.23921026289463043,0.21668903529644012
7172,bbbc021_cell_07172,joint,SA-Joint,0.9899225234985352,0.9873467683792114,0.1364825963973999,0.20501305162906647,0.3012414276599884,0.26290756464004517
7178,bbbc021_cell_07178,joint,SA-Joint,0.9910237789154053,0.9895709156990051,0.13728265464305878,0.15788231790065765,0.2759075462818146,0.31274309754371643
7184,bbbc021_cell_07184,joint,SA-Joint,0.9827643036842346,0.974064826965332,0.16918998956680298,0.16652275621891022,0.30603426694869995,0.19847731292247772
7202,bbbc021_cell_07202,joint,SA-Joint,0.9858159422874451,0.9786971211433411,0.17076358199119568,0.18718798458576202,0.2225436121225357,0.1735968291759491
7206,bbbc021_cell_07206,joint,SA-Joint,0.9768639206886292,0.9700403213500977,0.1729317605495453,0.1608508974313736,0.22618365287780762,0.19192758202552795
7220,bbbc021_cell_07220,joint,SA-Joint,0.9860392212867737,0.9806424379348755,0.17856024205684662,0.14468646049499512,0.20100967586040497,0.24383680522441864
7226,bbbc021_cell_07226,joint,SA-Joint,0.9852501749992371,0.9799672365188599,0.15208636224269867,0.19609370827674866,0.24644485116004944,0.22673065960407257
7229,bbbc021_cell_07229,joint,SA-Joint,0.985959529876709,0.9819314479827881,0.1903349608182907,0.06387889385223389,0.19824224710464478,0.12584473192691803
7231,bbbc021_cell_07231,joint,SA-Joint,0.989583432674408,0.987066924571991,0.13164091110229492,0.14156626164913177,0.2549702823162079,0.25178566575050354
7237,bbbc021_cell_07237,joint,SA-Joint,0.9853730201721191,0.9839674234390259,0.1558809131383896,0.10570850968360901,0.20796096324920654,0.19060586392879486
7244,bbbc021_cell_07244,joint,SA-Joint,0.9898684620857239,0.9885240197181702,0.14991192519664764,0.10978632420301437,0.24289807677268982,0.13845866918563843
7256,bbbc021_cell_07256,joint,SA-Joint,0.9878255724906921,0.983553946018219,0.16382956504821777,0.18148009479045868,0.17019036412239075,0.17122434079647064
7259,bbbc021_cell_07259,joint,SA-Joint,0.9850349426269531,0.9770843982696533,0.16547177731990814,0.12559765577316284,0.29116782546043396,0.1726100593805313
7269,bbbc021_cell_07269,joint,SA-Joint,0.9910780787467957,0.9883872866630554,0.14092305302619934,0.16432352364063263,0.1832345873117447,0.1895345002412796
7272,bbbc021_cell_07272,joint,SA-Joint,0.9892513751983643,0.9857190847396851,0.15665264427661896,0.18742522597312927,0.2301311492919922,0.17504629492759705
7274,bbbc021_cell_07274,joint,SA-Joint,0.9878620505332947,0.9861209988594055,0.1418994516134262,0.12627919018268585,0.22091186046600342,0.19175666570663452
7276,bbbc021_cell_07276,joint,SA-Joint,0.99544358253479,0.994461178779602,0.10611280053853989,0.14078998565673828,0.18343254923820496,0.17178188264369965
7287,bbbc021_cell_07287,joint,SA-Joint,0.9861806035041809,0.980714738368988,0.17655150592327118,0.11456135660409927,0.14219963550567627,0.11309268325567245
7288,bbbc021_cell_07288,joint,SA-Joint,0.9813873171806335,0.9749875664710999,0.19590814411640167,0.2196887880563736,0.1566922962665558,0.17659932374954224
7290,bbbc021_cell_07290,joint,SA-Joint,0.9874345660209656,0.9830193519592285,0.16838161647319794,0.13114774227142334,0.25463178753852844,0.1522829383611679
7293,bbbc021_cell_07293,joint,SA-Joint,0.981018602848053,0.9739571213722229,0.18482890725135803,0.08624917268753052,0.19327262043952942,0.1371934860944748
7295,bbbc021_cell_07295,joint,SA-Joint,0.9915772080421448,0.9898881316184998,0.13468027114868164,0.11067338287830353,0.2243834137916565,0.15181070566177368
7299,bbbc021_cell_07299,joint,SA-Joint,0.9839134812355042,0.9760880470275879,0.20181050896644592,0.08433477580547333,0.078971266746521,0.16652268171310425
7301,bbbc021_cell_07301,joint,SA-Joint,0.9852442145347595,0.9736647605895996,0.17856888473033905,0.22052229940891266,0.19963844120502472,0.14829589426517487
7313,bbbc021_cell_07313,joint,SA-Joint,0.9863269925117493,0.9834298491477966,0.1551741659641266,0.10646545886993408,0.11681406199932098,0.16253294050693512
7321,bbbc021_cell_07321,joint,SA-Joint,0.9851616024971008,0.9814921021461487,0.18128450214862823,0.11015719920396805,0.22201699018478394,0.24008332192897797
7327,bbbc021_cell_07327,joint,SA-Joint,0.9829998016357422,0.9710854291915894,0.1674344390630722,0.221250981092453,0.487112820148468,0.23913800716400146
7328,bbbc021_cell_07328,joint,SA-Joint,0.9847702980041504,0.981458306312561,0.16561096906661987,0.10567701607942581,0.1435958296060562,0.13275191187858582
7331,bbbc021_cell_07331,joint,SA-Joint,0.99457186460495,0.9937365651130676,0.1143413856625557,0.16116686165332794,0.24319960176944733,0.16730143129825592
7340,bbbc021_cell_07340,joint,SA-Joint,0.9843955636024475,0.9735961556434631,0.1865633726119995,0.17671728134155273,0.21253663301467896,0.12822887301445007
7346,bbbc021_cell_07346,joint,SA-Joint,0.9868895411491394,0.9772175550460815,0.1710975170135498,0.18843433260917664,0.20535461604595184,0.14108018577098846
7350,bbbc021_cell_07350,joint,SA-Joint,0.9898583292961121,0.9870567917823792,0.14480409026145935,0.17574231326580048,0.22224090993404388,0.18302150070667267
7373,bbbc021_cell_07373,joint,SA-Joint,0.9882457852363586,0.9833979606628418,0.18089617788791656,0.12335464358329773,0.3787178695201874,0.25457289814949036
7376,bbbc021_cell_07376,joint,SA-Joint,0.9896888136863708,0.9865737557411194,0.12843868136405945,0.15432356297969818,0.2396722137928009,0.2244725078344345
7383,bbbc021_cell_07383,joint,SA-Joint,0.9893869757652283,0.9886765480041504,0.1416979283094406,0.16017328202724457,0.22020737826824188,0.2665196359157562
7404,bbbc021_cell_07404,joint,SA-Joint,0.987299919128418,0.984887957572937,0.1516815423965454,0.14140242338180542,0.2434191256761551,0.2045876830816269
7412,bbbc021_cell_07412,joint,SA-Joint,0.9860199093818665,0.9838165044784546,0.1719128042459488,0.07786958664655685,0.1433659791946411,0.12757904827594757
7413,bbbc021_cell_07413,joint,SA-Joint,0.9842243790626526,0.9743216633796692,0.18107059597969055,0.11659019440412521,0.2805672287940979,0.15786103904247284
7421,bbbc021_cell_07421,joint,SA-Joint,0.9897759556770325,0.9871526956558228,0.15082022547721863,0.1253962218761444,0.1325111985206604,0.1339658945798874
7422,bbbc021_cell_07422,joint,SA-Joint,0.9813433289527893,0.9760076999664307,0.15951302647590637,0.17759470641613007,0.25299617648124695,0.2842293977737427
7426,bbbc021_cell_07426,joint,SA-Joint,0.9828476905822754,0.9782294631004333,0.18238918483257294,0.14986440539360046,0.2097528874874115,0.16143596172332764
7427,bbbc021_cell_07427,joint,SA-Joint,0.9934697151184082,0.9932098388671875,0.11672595888376236,0.16211043298244476,0.1794823706150055,0.13098719716072083
7429,bbbc021_cell_07429,joint,SA-Joint,0.9897887110710144,0.9877002239227295,0.15048176050186157,0.1153455451130867,0.22509603202342987,0.14245179295539856
7432,bbbc021_cell_07432,joint,SA-Joint,0.9943576455116272,0.993366003036499,0.11275521665811539,0.19388218224048615,0.2774445712566376,0.3035426139831543
7454,bbbc021_cell_07454,joint,SA-Joint,0.9809868931770325,0.9744541049003601,0.1711403876543045,0.15162979066371918,0.29125669598579407,0.24183888733386993
7459,bbbc021_cell_07459,joint,SA-Joint,0.9872943758964539,0.9832385778427124,0.17483046650886536,0.08331838995218277,0.14234331250190735,0.09806451201438904
7463,bbbc021_cell_07463,joint,SA-Joint,0.9874851107597351,0.9802091121673584,0.17988255620002747,0.18518337607383728,0.21198974549770355,0.12544922530651093
7464,bbbc021_cell_07464,joint,SA-Joint,0.988568127155304,0.9814668893814087,0.17061308026313782,0.1760295182466507,0.29802405834198,0.14879530668258667
7476,bbbc021_cell_07476,joint,SA-Joint,0.9940307140350342,0.9929065108299255,0.11580409854650497,0.19637508690357208,0.2721889615058899,0.22238817811012268
7477,bbbc021_cell_07477,joint,SA-Joint,0.9796967506408691,0.9726200699806213,0.20067858695983887,0.18754911422729492,0.14121071994304657,0.15013767778873444
7498,bbbc021_cell_07498,joint,SA-Joint,0.983968198299408,0.9762389063835144,0.14496462047100067,0.1912832409143448,0.3069734275341034,0.2822347581386566
7509,bbbc021_cell_07509,joint,SA-Joint,0.9920143485069275,0.9900293946266174,0.14420604705810547,0.1506376564502716,0.20902279019355774,0.1954265683889389
7511,bbbc021_cell_07511,joint,SA-Joint,0.9878074526786804,0.9856030941009521,0.14606760442256927,0.19379232823848724,0.25017350912094116,0.3334577977657318
7517,bbbc021_cell_07517,joint,SA-Joint,0.9960843920707703,0.9953256249427795,0.09310305118560791,0.1874605417251587,0.20291200280189514,0.18091711401939392
7526,bbbc021_cell_07526,joint,SA-Joint,0.9952871203422546,0.9939607381820679,0.11061439663171768,0.23270052671432495,0.3386763632297516,0.2339192032814026
7528,bbbc021_cell_07528,joint,SA-Joint,0.9898493885993958,0.9856683611869812,0.14908215403556824,0.17643508315086365,0.3253519535064697,0.19144997000694275
7529,bbbc021_cell_07529,joint,SA-Joint,0.9912598729133606,0.9894866943359375,0.13248173892498016,0.12316073477268219,0.2647216022014618,0.20099349319934845
7545,bbbc021_cell_07545,joint,SA-Joint,0.9907112717628479,0.9887796640396118,0.14532819390296936,0.11681091785430908,0.23803099989891052,0.2210567146539688
7546,bbbc021_cell_07546,joint,SA-Joint,0.9881369471549988,0.984028697013855,0.16197235882282257,0.165996253490448,0.21553680300712585,0.20280641317367554
7548,bbbc021_cell_07548,joint,SA-Joint,0.9858723282814026,0.9845196008682251,0.14910447597503662,0.1507328599691391,0.20368008315563202,0.22019967436790466
7555,bbbc021_cell_07555,joint,SA-Joint,0.9865425229072571,0.9802142381668091,0.15162482857704163,0.1899237185716629,0.218674436211586,0.2232765555381775
7563,bbbc021_cell_07563,joint,SA-Joint,0.990900456905365,0.9864417314529419,0.14526674151420593,0.22531874477863312,0.3300323486328125,0.200919046998024
7570,bbbc021_cell_07570,joint,SA-Joint,0.9856624603271484,0.9823375940322876,0.1705867350101471,0.12140219658613205,0.16990943253040314,0.14427265524864197
7572,bbbc021_cell_07572,joint,SA-Joint,0.9869223237037659,0.9862436652183533,0.15581123530864716,0.12255360186100006,0.16554172337055206,0.21742326021194458
7576,bbbc021_cell_07576,joint,SA-Joint,0.9890827536582947,0.9854753613471985,0.14797168970108032,0.16177687048912048,0.2215607911348343,0.19161783158779144
7577,bbbc021_cell_07577,joint,SA-Joint,0.98653644323349,0.981059730052948,0.1794414520263672,0.11522121727466583,0.14377741515636444,0.11350518465042114
7595,bbbc021_cell_07595,joint,SA-Joint,0.9814360737800598,0.9799783229827881,0.17544153332710266,0.15883523225784302,0.2562631070613861,0.40373411774635315
7606,bbbc021_cell_07606,joint,SA-Joint,0.9943537712097168,0.9939758777618408,0.10941562801599503,0.1893969625234604,0.2711641192436218,0.3597352206707001
7608,bbbc021_cell_07608,joint,SA-Joint,0.9933657050132751,0.9915735125541687,0.1260511428117752,0.17000330984592438,0.3126900792121887,0.22329673171043396
7619,bbbc021_cell_07619,joint,SA-Joint,0.9902617335319519,0.9882469177246094,0.1369117945432663,0.16486939787864685,0.25229209661483765,0.2581125497817993
7620,bbbc021_cell_07620,joint,SA-Joint,0.9870374202728271,0.9783620238304138,0.14677229523658752,0.2421393245458603,0.3411567211151123,0.23900577425956726
7624,bbbc021_cell_07624,joint,SA-Joint,0.9880866408348083,0.979530394077301,0.15573546290397644,0.20513875782489777,0.2657223343849182,0.21027907729148865
7627,bbbc021_cell_07627,joint,SA-Joint,0.9831149578094482,0.9699625968933105,0.19520945847034454,0.19633373618125916,0.3324708640575409,0.17848379909992218
7629,bbbc021_cell_07629,joint,SA-Joint,0.9789214134216309,0.9694728255271912,0.20920401811599731,0.12406423687934875,0.11834907531738281,0.14961040019989014
7630,bbbc021_cell_07630,joint,SA-Joint,0.986629068851471,0.9826791882514954,0.15933270752429962,0.19133871793746948,0.21074306964874268,0.19235603511333466
7632,bbbc021_cell_07632,joint,SA-Joint,0.9848839640617371,0.9754518866539001,0.17475128173828125,0.173179030418396,0.1852116584777832,0.15341036021709442
7645,bbbc021_cell_07645,joint,SA-Joint,0.9884371161460876,0.984004020690918,0.16294825077056885,0.14682447910308838,0.29124340415000916,0.18716196715831757
7656,bbbc021_cell_07656,joint,SA-Joint,0.9883348941802979,0.9851490259170532,0.16200034320354462,0.11505254358053207,0.293925940990448,0.1535370945930481
7671,bbbc021_cell_07671,joint,SA-Joint,0.9929008483886719,0.9915791749954224,0.13286074995994568,0.15235699713230133,0.228071928024292,0.24071496725082397
7676,bbbc021_cell_07676,joint,SA-Joint,0.9926004409790039,0.9897621870040894,0.1371404081583023,0.18296155333518982,0.27210381627082825,0.18310050666332245
7688,bbbc021_cell_07688,joint,SA-Joint,0.988210916519165,0.9837716221809387,0.15340682864189148,0.13934066891670227,0.21457421779632568,0.17123866081237793
7691,bbbc021_cell_07691,joint,SA-Joint,0.9846227169036865,0.9728139042854309,0.16840055584907532,0.20200827717781067,0.2618487477302551,0.20617622137069702
7692,bbbc021_cell_07692,joint,SA-Joint,0.9913005828857422,0.9902040362358093,0.12433032691478729,0.16850915551185608,0.2724026143550873,0.30081093311309814
7709,bbbc021_cell_07709,joint,SA-Joint,0.988857090473175,0.9867401719093323,0.13311749696731567,0.16970102488994598,0.2334446907043457,0.2420283406972885
7710,bbbc021_cell_07710,joint,SA-Joint,0.9902768135070801,0.9880170226097107,0.14169837534427643,0.14471973478794098,0.1840340495109558,0.2055700421333313
7719,bbbc021_cell_07719,joint,SA-Joint,0.9915840029716492,0.9903212189674377,0.12957991659641266,0.16506215929985046,0.23594699800014496,0.23978067934513092
7738,bbbc021_cell_07738,joint,SA-Joint,0.9905118942260742,0.988226592540741,0.13090302050113678,0.1875588744878769,0.27444174885749817,0.2502773106098175
7740,bbbc021_cell_07740,joint,SA-Joint,0.9870901703834534,0.981364905834198,0.15444737672805786,0.20027922093868256,0.19753864407539368,0.17176099121570587
7741,bbbc021_cell_07741,joint,SA-Joint,0.9795010685920715,0.9619781970977783,0.18920372426509857,0.1716129332780838,0.3570019602775574,0.18109044432640076
7742,bbbc021_cell_07742,joint,SA-Joint,0.9910730719566345,0.9868617057800293,0.12453767657279968,0.22622248530387878,0.3703990578651428,0.2916354537010193
7759,bbbc021_cell_07759,joint,SA-Joint,0.9907061457633972,0.9853686094284058,0.12957842648029327,0.2099570482969284,0.44310370087623596,0.3374594748020172
7764,bbbc021_cell_07764,joint,SA-Joint,0.9883267283439636,0.9820696711540222,0.15155979990959167,0.16182145476341248,0.20741069316864014,0.16911882162094116
7768,bbbc021_cell_07768,joint,SA-Joint,0.9910407662391663,0.9871800541877747,0.15141211450099945,0.15842528641223907,0.17580166459083557,0.1401696354150772
7772,bbbc021_cell_07772,joint,SA-Joint,0.9918877482414246,0.9898857474327087,0.13232359290122986,0.14623267948627472,0.29602593183517456,0.21289974451065063
7774,bbbc021_cell_07774,joint,SA-Joint,0.9853890538215637,0.9793458580970764,0.17515218257904053,0.12486498802900314,0.17749060690402985,0.1897575557231903
7775,bbbc021_cell_07775,joint,SA-Joint,0.9865798950195312,0.9792985320091248,0.17139245569705963,0.17425909638404846,0.17888636887073517,0.18899263441562653
7776,bbbc021_cell_07776,joint,SA-Joint,0.9912216663360596,0.9881981015205383,0.14632458984851837,0.1570741981267929,0.2585517168045044,0.14955252408981323
7779,bbbc021_cell_07779,joint,SA-Joint,0.9784381985664368,0.9688988924026489,0.1781233251094818,0.1636497527360916,0.18856096267700195,0.16955576837062836
7791,bbbc021_cell_07791,joint,SA-Joint,0.994547426700592,0.9925788640975952,0.1239553689956665,0.12682399153709412,0.25500592589378357,0.23620815575122833
7808,bbbc021_cell_07808,joint,SA-Joint,0.9890937805175781,0.9838244915008545,0.16246022284030914,0.1398228108882904,0.25843989849090576,0.1401640623807907
7813,bbbc021_cell_07813,joint,SA-Joint,0.9927416443824768,0.9911795854568481,0.12260758131742477,0.13156026601791382,0.19419607520103455,0.16274134814739227
7822,bbbc021_cell_07822,joint,SA-Joint,0.9900762438774109,0.9879739880561829,0.1527351289987564,0.20892158150672913,0.20619070529937744,0.15250250697135925
7825,bbbc021_cell_07825,joint,SA-Joint,0.9875572323799133,0.9836079478263855,0.16212745010852814,0.14139580726623535,0.21871760487556458,0.1421789526939392
7829,bbbc021_cell_07829,joint,SA-Joint,0.9900703430175781,0.9886962175369263,0.13221381604671478,0.13700304925441742,0.1953887641429901,0.2489742487668991
7835,bbbc021_cell_07835,joint,SA-Joint,0.9860849380493164,0.9789270758628845,0.17987437546253204,0.17411862313747406,0.14356887340545654,0.2466728538274765
7845,bbbc021_cell_07845,joint,SA-Joint,0.986905574798584,0.9774876236915588,0.21123898029327393,0.15001998841762543,0.27276310324668884,0.11302902549505234
7861,bbbc021_cell_07861,joint,SA-Joint,0.9925501346588135,0.9889835715293884,0.15099406242370605,0.09328348189592361,0.19560404121875763,0.14613929390907288
7863,bbbc021_cell_07863,joint,SA-Joint,0.9895785450935364,0.9878432154655457,0.13788767158985138,0.18345436453819275,0.24868448078632355,0.22671262919902802
7869,bbbc021_cell_07869,joint,SA-Joint,0.9820458889007568,0.9800594449043274,0.16135616600513458,0.22421477735042572,0.22841522097587585,0.2954816222190857
7874,bbbc021_cell_07874,joint,SA-Joint,0.9959762692451477,0.9956979751586914,0.09450151771306992,0.15807054936885834,0.24001480638980865,0.1545914262533188
7891,bbbc021_cell_07891,joint,SA-Joint,0.9800060391426086,0.9693186283111572,0.19362081587314606,0.1334693878889084,0.16106952726840973,0.13200241327285767
7902,bbbc021_cell_07902,joint,SA-Joint,0.9811398983001709,0.968163251876831,0.17701198160648346,0.2161073088645935,0.27945613861083984,0.19082887470722198
7916,bbbc021_cell_07916,joint,SA-Joint,0.9857860207557678,0.982951819896698,0.1752781867980957,0.10750358551740646,0.22100500762462616,0.20554694533348083
7934,bbbc021_cell_07934,joint,SA-Joint,0.9934396743774414,0.9924406409263611,0.11394552141427994,0.16986946761608124,0.30033358931541443,0.23262159526348114
7940,bbbc021_cell_07940,joint,SA-Joint,0.9944787621498108,0.9933154582977295,0.11434067040681839,0.14610408246517181,0.2500004768371582,0.19453459978103638
7944,bbbc021_cell_07944,joint,SA-Joint,0.9844570159912109,0.9755128622055054,0.16977770626544952,0.1519736498594284,0.2129865437746048,0.15987975895404816
7960,bbbc021_cell_07960,joint,SA-Joint,0.9927577972412109,0.9916303753852844,0.1247253566980362,0.19871309399604797,0.27949875593185425,0.19625888764858246
7966,bbbc021_cell_07966,joint,SA-Joint,0.9828786849975586,0.9806309342384338,0.18348564207553864,0.09323810040950775,0.19029949605464935,0.1935068517923355
7967,bbbc021_cell_07967,joint,SA-Joint,0.9785153269767761,0.9596010446548462,0.20915868878364563,0.1421508938074112,0.176754891872406,0.11757686734199524
7970,bbbc021_cell_07970,joint,SA-Joint,0.9927496910095215,0.9899824261665344,0.13342821598052979,0.20861661434173584,0.2797259986400604,0.3962442874908447
7971,bbbc021_cell_07971,joint,SA-Joint,0.9896652102470398,0.987331748008728,0.14492857456207275,0.16526521742343903,0.23053021728992462,0.2358221411705017
7972,bbbc021_cell_07972,joint,SA-Joint,0.9761443734169006,0.9615926742553711,0.199326753616333,0.22689925134181976,0.1954978108406067,0.13986587524414062
7977,bbbc021_cell_07977,joint,SA-Joint,0.9855057597160339,0.9829828143119812,0.148744598031044,0.16213242709636688,0.28639718890190125,0.2393627017736435
7992,bbbc021_cell_07992,joint,SA-Joint,0.9923645853996277,0.990094780921936,0.13172787427902222,0.14431755244731903,0.2539779841899872,0.20363906025886536
8002,bbbc021_cell_08002,joint,SA-Joint,0.9940635561943054,0.9935131669044495,0.10581926256418228,0.14068029820919037,0.19382674992084503,0.21216335892677307
8003,bbbc021_cell_08003,joint,SA-Joint,0.989025354385376,0.9838553071022034,0.14963306486606598,0.17178840935230255,0.31873619556427,0.25178197026252747
8004,bbbc021_cell_08004,joint,SA-Joint,0.9919367432594299,0.9902305603027344,0.1322486847639084,0.2032066434621811,0.2531568109989166,0.20103663206100464
8010,bbbc021_cell_08010,joint,SA-Joint,0.9870636463165283,0.9791516065597534,0.20523762702941895,0.1279103010892868,0.1725482940673828,0.07056085020303726
8015,bbbc021_cell_08015,joint,SA-Joint,0.9909029006958008,0.9855622053146362,0.16234420239925385,0.16426244378089905,0.20782950520515442,0.28952986001968384
8016,bbbc021_cell_08016,joint,SA-Joint,0.9796341061592102,0.9731090068817139,0.17974914610385895,0.11758718639612198,0.19245260953903198,0.16467539966106415
8024,bbbc021_cell_08024,joint,SA-Joint,0.9835267663002014,0.9751685261726379,0.19213974475860596,0.13563892245292664,0.20343467593193054,0.12406377494335175
8047,bbbc021_cell_08047,joint,SA-Joint,0.9840176105499268,0.9775713086128235,0.14190644025802612,0.18767105042934418,0.2601739168167114,0.26032719016075134
8058,bbbc021_cell_08058,joint,SA-Joint,0.9800726771354675,0.9735322594642639,0.2327062338590622,0.051564477384090424,0.0984300822019577,0.04262722656130791
8067,bbbc021_cell_08067,joint,SA-Joint,0.9848793148994446,0.9807162284851074,0.18254482746124268,0.1068405732512474,0.14169685542583466,0.1905958503484726
8073,bbbc021_cell_08073,joint,SA-Joint,0.9808412194252014,0.9638887047767639,0.18378065526485443,0.19619633257389069,0.3290751576423645,0.18203864991664886
8076,bbbc021_cell_08076,joint,SA-Joint,0.9835176467895508,0.9744346737861633,0.1920785754919052,0.22637896239757538,0.25601422786712646,0.14616678655147552
8081,bbbc021_cell_08081,joint,SA-Joint,0.9789090156555176,0.9735841155052185,0.19550742208957672,0.10428916662931442,0.16133801639080048,0.2123221606016159
8114,bbbc021_cell_08114,joint,SA-Joint,0.9832975268363953,0.9773684144020081,0.1597832292318344,0.20552320778369904,0.26141634583473206,0.2539045810699463
8115,bbbc021_cell_08115,joint,SA-Joint,0.9854475855827332,0.9841779470443726,0.1707906872034073,0.10310480743646622,0.2583508789539337,0.2691486179828644
8120,bbbc021_cell_08120,joint,SA-Joint,0.9880449771881104,0.9858399033546448,0.16866232454776764,0.10083502531051636,0.2622474431991577,0.18990042805671692
8122,bbbc021_cell_08122,joint,SA-Joint,0.988978385925293,0.987128734588623,0.15168975293636322,0.1913946568965912,0.30839303135871887,0.1705516278743744
8125,bbbc021_cell_08125,joint,SA-Joint,0.9907962679862976,0.9892906546592712,0.14270827174186707,0.15577763319015503,0.22529952228069305,0.28230658173561096
8136,bbbc021_cell_08136,joint,SA-Joint,0.9852331280708313,0.9779924154281616,0.14024518430233002,0.21002627909183502,0.30938106775283813,0.2825455069541931
8138,bbbc021_cell_08138,joint,SA-Joint,0.9879218935966492,0.983492910861969,0.1669849157333374,0.16404514014720917,0.11960716545581818,0.12396246194839478
8149,bbbc021_cell_08149,joint,SA-Joint,0.9733572006225586,0.9674684405326843,0.22668223083019257,0.06846330314874649,0.1664997637271881,0.09284856915473938
8156,bbbc021_cell_08156,joint,SA-Joint,0.9898173213005066,0.9893361330032349,0.1388590931892395,0.1506936103105545,0.2720765769481659,0.2520855665206909
8157,bbbc021_cell_08157,joint,SA-Joint,0.9940669536590576,0.9919493794441223,0.11794811487197876,0.2358355075120926,0.2762202024459839,0.2846127152442932
8162,bbbc021_cell_08162,joint,SA-Joint,0.9876885414123535,0.9846769571304321,0.1462337225675583,0.14970484375953674,0.28027474880218506,0.2363368421792984
8167,bbbc021_cell_08167,joint,SA-Joint,0.9923037886619568,0.9904527068138123,0.1382232904434204,0.14296916127204895,0.1929749846458435,0.13559861481189728
8169,bbbc021_cell_08169,joint,SA-Joint,0.9849595427513123,0.9811890125274658,0.1657223254442215,0.11072500795125961,0.2313101440668106,0.19718311727046967
8170,bbbc021_cell_08170,joint,SA-Joint,0.9893701672554016,0.9870999455451965,0.14871452748775482,0.14125962555408478,0.21520774066448212,0.21309226751327515
8172,bbbc021_cell_08172,joint,SA-Joint,0.9792577624320984,0.9679716229438782,0.1744677871465683,0.1587679237127304,0.1963871866464615,0.18059071898460388
8202,bbbc021_cell_08202,joint,SA-Joint,0.992907702922821,0.9904034733772278,0.13517555594444275,0.14788773655891418,0.20893780887126923,0.24754098057746887
8206,bbbc021_cell_08206,joint,SA-Joint,0.9816697239875793,0.96949303150177,0.1808752715587616,0.19827495515346527,0.2685796618461609,0.19544772803783417
8217,bbbc021_cell_08217,joint,SA-Joint,0.9855465888977051,0.9819498658180237,0.15993981063365936,0.11372032761573792,0.25229766964912415,0.19590339064598083
8218,bbbc021_cell_08218,joint,SA-Joint,0.9912926554679871,0.9895347356796265,0.1318831890821457,0.1613750010728836,0.1771911233663559,0.18896114826202393
8222,bbbc021_cell_08222,joint,SA-Joint,0.9905779361724854,0.9898078441619873,0.14365242421627045,0.10348332673311234,0.14170703291893005,0.136501744389534
8227,bbbc021_cell_08227,joint,SA-Joint,0.987830400466919,0.982125461101532,0.15657304227352142,0.13633021712303162,0.21028704941272736,0.19603441655635834
8249,bbbc021_cell_08249,joint,SA-Joint,0.9836778044700623,0.9812850952148438,0.17899706959724426,0.07851347327232361,0.13435699045658112,0.13744769990444183
8251,bbbc021_cell_08251,joint,SA-Joint,0.9869969487190247,0.9801509380340576,0.18037709593772888,0.14953698217868805,0.26674342155456543,0.14353838562965393
8252,bbbc021_cell_08252,joint,SA-Joint,0.9804293513298035,0.9802517294883728,0.1803930252790451,0.11747550964355469,0.1819240152835846,0.19583173096179962
8256,bbbc021_cell_08256,joint,SA-Joint,0.9840757846832275,0.9726009368896484,0.20784252882003784,0.1645132303237915,0.19794544577598572,0.1332087218761444
8263,bbbc021_cell_08263,joint,SA-Joint,0.9849364161491394,0.9768437743186951,0.19864776730537415,0.12338358908891678,0.16405880451202393,0.09376408904790878
